task,outer_fold,sample_id,pc1,pc2,y_true,correction_accepted
steels,0,mb-steels-003,-6.803821966354529,-2.172243723917948,1736.3,False
steels,0,mb-steels-005,-19.38299618272821,-11.983231311964685,2249.6,False
steels,0,mb-steels-020,1.8890784716939792,-7.425567147638342,1185.1,False
steels,0,mb-steels-026,3.161209129147743,-0.4559935052242535,1322.1,False
steels,0,mb-steels-027,-7.583923611079413,-0.9909362344181087,1870.6,False
steels,0,mb-steels-032,-0.44832441387641925,4.393406659259296,1405.6,False
steels,0,mb-steels-035,3.3431194275744294,1.935675730780245,1352.2,False
steels,0,mb-steels-041,2.895465956518505,2.074770594551515,1515.8,False
steels,0,mb-steels-045,3.2989126820885226,0.6113970246481598,1311.4,False
steels,0,mb-steels-046,3.869672162025617,-0.051968325132672244,1245.4,False
steels,0,mb-steels-064,3.4628972157421734,-1.8852546013055371,1164.4,False
steels,0,mb-steels-066,2.786586401122636,1.0013157162308233,1250.8,False
steels,0,mb-steels-068,3.055689167247063,2.182494132345549,1241.0,False
steels,0,mb-steels-071,1.0538313398192374,3.978495357151493,1646.7,False
steels,0,mb-steels-072,3.6418721524104116,2.38098892716311,1258.6,False
steels,0,mb-steels-076,2.9324566276214266,2.1490504490881137,1218.4,False
steels,0,mb-steels-077,2.3960845068814254,2.887039951929625,1383.7,False
steels,0,mb-steels-089,4.100910838965928,0.43767664811078205,1486.2,False
steels,0,mb-steels-093,3.021449949287416,2.815474154669909,1280.7,False
steels,0,mb-steels-096,2.7565267393907384,-6.433940089411649,1205.8,False
steels,0,mb-steels-104,1.9333434488412753,3.1540994340104507,1348.9,False
steels,0,mb-steels-106,4.22748920747181,-1.278990206733263,1287.3,False
steels,0,mb-steels-108,-11.813592866484317,-3.4603223621049475,2356.4,False
steels,0,mb-steels-111,1.575472163038307,1.2991684542832223,1144.8,False
steels,0,mb-steels-120,3.6098223140182712,1.6391598310312827,1580.1,False
steels,0,mb-steels-122,1.991916594076421,3.7980370624816833,1302.8,False
steels,0,mb-steels-128,3.854285175294395,-1.1142428270077904,1123.1,False
steels,0,mb-steels-133,1.5603813626469512,-5.127521108863584,1109.3,False
steels,0,mb-steels-138,-8.010818603463683,0.03891857027066427,1746.6,False
steels,0,mb-steels-141,-7.930606432602406,1.4325727885141244,1795.5,False
steels,0,mb-steels-146,0.9586477312251089,2.5998082774028797,1362.9,False
steels,0,mb-steels-161,3.7865873543587685,1.0605857027513266,1123.1,False
steels,0,mb-steels-174,-0.14331380512339054,4.748866318095369,1564.0,False
steels,0,mb-steels-175,2.916310833861655,-6.153313139149986,1130.4,False
steels,0,mb-steels-177,2.1274960802691765,-5.66916814053797,1028.7,False
steels,0,mb-steels-179,3.09341211029791,-1.1760557890980163,1801.8,False
steels,0,mb-steels-181,2.046002981084994,2.703219370130663,1350.3,False
steels,0,mb-steels-182,3.75307545903658,-0.42307352458340025,1308.0,False
steels,0,mb-steels-196,3.6487504137037856,0.019812668119722997,1312.0,False
steels,0,mb-steels-209,-7.7914629205159365,1.6378612279642017,1661.2,False
steels,0,mb-steels-210,2.781835606016175,-3.104868291410083,1474.4,False
steels,0,mb-steels-225,3.7587952986452384,-2.327691124410642,1175.4,False
steels,0,mb-steels-232,3.5817621579334524,-3.803641945326161,1188.6,False
steels,0,mb-steels-234,4.177012577742412,-2.8473887465369487,1150.6,False
steels,0,mb-steels-242,1.4422609856144104,3.821212197659125,1555.8,False
steels,0,mb-steels-244,-6.425630815021106,2.5943509818900345,1730.2,False
steels,0,mb-steels-252,2.7420584417574823,-1.8818374816969219,1730.2,False
steels,0,mb-steels-254,-8.24368173321415,6.197221625004545,1798.3,False
steels,0,mb-steels-257,-12.126286611035681,-0.662365031722587,1730.2,False
steels,0,mb-steels-266,4.178312409115271,-2.3424872792991427,1169.2,False
steels,0,mb-steels-267,2.9457870253888516,-4.617845005133503,1036.9,False
steels,0,mb-steels-269,-6.150031271924614,1.8150039951225678,1737.2,False
steels,0,mb-steels-272,2.0990069653208128,-6.634664453128939,1471.1,False
steels,0,mb-steels-273,4.158427751873431,1.719310299332393,1272.6,False
steels,0,mb-steels-275,-6.339412407335206,3.8952633346555396,1874.6,False
steels,0,mb-steels-281,4.449307384799955,0.9985788741632011,1243.6,False
steels,0,mb-steels-283,4.42940712837795,-1.6236376019982262,1216.8,False
steels,0,mb-steels-290,1.4019961441663042,2.807527476200249,1451.7,False
steels,0,mb-steels-294,-6.164106276400275,5.213029485175698,1681.2,False
steels,0,mb-steels-300,-7.720177203165022,5.885203513269493,1805.2,False
steels,0,mb-steels-303,-11.010410027146339,0.7510796309272102,1792.2,False
steels,0,mb-steels-309,3.2043511749264915,-5.172261268776455,1019.0,False
steels,0,mb-steels-310,-0.010479900970209618,4.142833802147455,1860.3,False
expt_gap,4,mb-expt-gap-0039,2.791502520349243,0.34012612035118006,1.47,True
expt_gap,4,mb-expt-gap-0042,-1.7642507123991211,-0.38903264679101973,0.0,True
expt_gap,4,mb-expt-gap-0058,1.7801184076615344,1.4475654749918734,1.9,True
expt_gap,4,mb-expt-gap-0060,1.6145302909633494,-0.3818167707339446,1.8,True
expt_gap,4,mb-expt-gap-0072,2.9279611848479887,-0.3695521781128702,2.4,True
expt_gap,4,mb-expt-gap-0074,-1.7642507123991211,-0.38903264679101973,0.0,True
expt_gap,4,mb-expt-gap-0091,-1.7642507123991211,-0.38903264679101973,0.0,True
expt_gap,4,mb-expt-gap-0101,0.1885146764073806,0.6066543087231657,0.0,True
expt_gap,4,mb-expt-gap-0119,-0.708807496271591,2.6504353103898928,1.15,True
expt_gap,4,mb-expt-gap-0125,0.7130993058795169,1.3594080431506148,0.23,True
expt_gap,4,mb-expt-gap-0135,-1.4063461328134423,2.74898295012048,1.76,True
expt_gap,4,mb-expt-gap-0146,-1.7642507123991211,-0.38903264679101973,0.0,True
expt_gap,4,mb-expt-gap-0184,-1.7642507123991211,-0.38903264679101973,0.0,False
expt_gap,4,mb-expt-gap-0198,2.5267491602066583,-1.8864811679539575,2.29,True
expt_gap,4,mb-expt-gap-0214,2.551417384995132,-2.0078564628078377,2.24,True
expt_gap,4,mb-expt-gap-0217,3.691631730087845,-1.231440168928471,2.47,True
expt_gap,4,mb-expt-gap-0241,5.870308214856335,-0.35923462740289086,4.17,True
expt_gap,4,mb-expt-gap-0263,1.9496074012655145,-0.33044523812103427,2.43,True
expt_gap,4,mb-expt-gap-0295,2.5559766836303277,-0.11454138010585871,3.37,True
expt_gap,4,mb-expt-gap-0325,1.3181245508570274,-1.1714833849387067,1.39,True
expt_gap,4,mb-expt-gap-0333,2.1967754721636235,-0.83310644099618,1.99,True
expt_gap,4,mb-expt-gap-0335,1.1438719531356474,-0.7250752519057411,1.52,True
expt_gap,4,mb-expt-gap-0345,-1.7642507123991211,-0.38903264679101973,0.0,True
expt_gap,4,mb-expt-gap-0353,8.604126002305675,-0.6731412169945586,6.89,True
expt_gap,4,mb-expt-gap-0359,-0.031941203043358436,-0.2573924059153155,0.48,True
expt_gap,4,mb-expt-gap-0377,6.597051091075654,-0.5572976067188473,3.97,True
expt_gap,4,mb-expt-gap-0397,-1.7642507123991211,-0.38903264679101973,0.0,True
expt_gap,4,mb-expt-gap-0399,4.816986023268876,-0.34479687254560987,3.88,False
expt_gap,4,mb-expt-gap-0400,-1.7642507123991211,-0.38903264679101973,0.0,True
expt_gap,4,mb-expt-gap-0401,-1.1195976316292853,-0.3516821073405395,1.3,True
expt_gap,4,mb-expt-gap-0416,3.1327504035734224,0.15979409642277764,2.13,True
expt_gap,4,mb-expt-gap-0440,-1.7642507123991211,-0.38903264679101973,0.0,False
expt_gap,4,mb-expt-gap-0470,-0.7886597222899123,0.18280806524277513,0.35,True
expt_gap,4,mb-expt-gap-0482,-1.3294568421131467,2.2959220254446002,0.25,False
expt_gap,4,mb-expt-gap-0484,-1.3615603029226466,3.0151468309346634,0.15,True
expt_gap,4,mb-expt-gap-0494,4.92792172376458,-0.3276166025766436,2.76,True
expt_gap,4,mb-expt-gap-0500,3.3402423069395293,-0.09069908436457116,2.66,True
expt_gap,4,mb-expt-gap-0526,3.6898149999002285,-0.533667478555777,3.08,True
expt_gap,4,mb-expt-gap-0531,2.792464168619498,-0.014593006787445139,2.7,True
expt_gap,4,mb-expt-gap-0536,-1.7642507123991211,-0.38903264679101973,0.0,False
expt_gap,4,mb-expt-gap-0542,3.7446466970995544,-0.5766850917292526,3.34,True
expt_gap,4,mb-expt-gap-0568,-1.7642507123991211,-0.38903264679101973,0.0,True
expt_gap,4,mb-expt-gap-0580,6.253477977943035,-0.30650919336258187,0.0,True
expt_gap,4,mb-expt-gap-0583,3.8341370352432897,-0.5686951066773456,2.6,True
expt_gap,4,mb-expt-gap-0604,-1.7642507123991211,-0.38903264679101973,0.0,False
expt_gap,4,mb-expt-gap-0613,-1.7642507123991211,-0.38903264679101973,0.0,True
expt_gap,4,mb-expt-gap-0646,-1.5403451245137936,1.1508804327401096,0.06,False
expt_gap,4,mb-expt-gap-0649,0.4156182819991896,3.906863833814706,0.8,False
expt_gap,4,mb-expt-gap-0692,0.8968319887100504,0.5491591917142958,1.29,True
expt_gap,4,mb-expt-gap-0693,1.1142534332703011,-0.38683656290450186,0.85,True
expt_gap,4,mb-expt-gap-0705,0.7867493975411903,1.9193886577923513,1.2,True
expt_gap,4,mb-expt-gap-0713,7.23021293147802,0.24209397584155004,4.3,False
expt_gap,4,mb-expt-gap-0720,-1.7642507123991211,-0.38903264679101973,0.0,False
expt_gap,4,mb-expt-gap-0791,-1.7642507123991211,-0.38903264679101973,0.0,False
expt_gap,4,mb-expt-gap-0798,-1.7642507123991211,-0.38903264679101973,0.0,False
expt_gap,4,mb-expt-gap-0801,-1.7642507123991211,-0.38903264679101973,0.0,True
expt_gap,4,mb-expt-gap-0822,-1.084477010420348,-0.42166972162352095,3.2,True
expt_gap,4,mb-expt-gap-0827,-1.7642507123991211,-0.38903264679101973,0.0,False
expt_gap,4,mb-expt-gap-0832,-1.4703747718723499,-0.3778074367710662,0.0,True
expt_gap,4,mb-expt-gap-0846,-1.7642507123991211,-0.38903264679101973,0.0,True
expt_gap,4,mb-expt-gap-0859,-1.7642507123991211,-0.38903264679101973,0.4,True
expt_gap,4,mb-expt-gap-0873,-1.7642507123991211,-0.38903264679101973,0.0,False
expt_gap,4,mb-expt-gap-0879,-1.7642507123991211,-0.38903264679101973,0.0,False
expt_gap,4,mb-expt-gap-0882,3.9314837675398966,-0.3367388624582859,1.8,True
expt_gap,4,mb-expt-gap-0891,-1.7642507123991211,-0.38903264679101973,0.0,False
expt_gap,4,mb-expt-gap-0933,-1.7642507123991211,-0.38903264679101973,0.0,True
expt_gap,4,mb-expt-gap-0943,6.328136850732127,-0.10844070564633805,6.53,True
expt_gap,4,mb-expt-gap-0970,-1.7642507123991211,-0.38903264679101973,0.0,True
expt_gap,4,mb-expt-gap-1001,1.3805940085063917,0.31171113532110245,2.4,True
expt_gap,4,mb-expt-gap-1003,1.1724565498372104,0.8142928870105135,1.7,True
expt_gap,4,mb-expt-gap-1010,15.199318067714682,-0.48530353412111044,10.0,True
expt_gap,4,mb-expt-gap-1014,1.7245014094419355,-0.020015451695268506,1.97,True
expt_gap,4,mb-expt-gap-1020,8.367094308583162,-0.3877370473628388,4.77,True
expt_gap,4,mb-expt-gap-1025,1.8044429200834067,-0.7825847488844732,0.0,True
expt_gap,4,mb-expt-gap-1041,1.821339644274217,1.737305944283529,1.79,True
expt_gap,4,mb-expt-gap-1092,-0.9990541687000198,0.7532839660552131,0.0,True
expt_gap,4,mb-expt-gap-1103,-1.6680575987213182,-0.4017314074057676,1.65,True
expt_gap,4,mb-expt-gap-1104,-0.3185470668934643,1.111945403288442,0.0,True
expt_gap,4,mb-expt-gap-1105,-1.7642507123991211,-0.38903264679101973,0.0,True
expt_gap,4,mb-expt-gap-1108,-1.7642507123991211,-0.38903264679101973,0.0,False
expt_gap,4,mb-expt-gap-1127,0.6287325086510955,0.2310303718784238,1.07,True
expt_gap,4,mb-expt-gap-1145,-1.7642507123991211,-0.38903264679101973,0.0,False
expt_gap,4,mb-expt-gap-1150,-1.7642507123991211,-0.38903264679101973,0.0,False
expt_gap,4,mb-expt-gap-1168,-1.7642507123991211,-0.38903264679101973,0.0,False
expt_gap,4,mb-expt-gap-1185,-1.7642507123991211,-0.38903264679101973,0.0,False
expt_gap,4,mb-expt-gap-1190,-0.3771033315697439,0.254840283486908,1.0,True
expt_gap,4,mb-expt-gap-1193,-1.7642507123991211,-0.38903264679101973,0.0,False
expt_gap,4,mb-expt-gap-1210,-1.7642507123991211,-0.38903264679101973,0.0,False
expt_gap,4,mb-expt-gap-1223,2.7013615773598927,-0.44443170230403717,0.0,True
expt_gap,4,mb-expt-gap-1229,-1.7642507123991211,-0.38903264679101973,0.0,True
expt_gap,4,mb-expt-gap-1230,-1.7642507123991211,-0.38903264679101973,0.0,False
expt_gap,4,mb-expt-gap-1241,-1.7642507123991211,-0.38903264679101973,0.0,False
expt_gap,4,mb-expt-gap-1270,-0.4505877606615362,0.4404364600714368,1.02,False
expt_gap,4,mb-expt-gap-1296,1.65104675315641,0.4685016959223347,2.14,True
expt_gap,4,mb-expt-gap-1298,-1.7642507123991211,-0.38903264679101973,0.0,True
expt_gap,4,mb-expt-gap-1301,2.2562081125647877,0.2393485386819817,2.3,True
expt_gap,4,mb-expt-gap-1313,-0.988388321727397,-0.244777597506731,1.2,True
expt_gap,4,mb-expt-gap-1362,-1.7642507123991211,-0.38903264679101973,3.52,True
expt_gap,4,mb-expt-gap-1374,-1.7642507123991211,-0.38903264679101973,0.0,False
expt_gap,4,mb-expt-gap-1387,-1.7642507123991211,-0.38903264679101973,0.0,True
expt_gap,4,mb-expt-gap-1400,-0.7271217719130199,0.8704527036940973,0.69,False
expt_gap,4,mb-expt-gap-1428,1.8437854713718467,0.7032880130048186,1.86,True
expt_gap,4,mb-expt-gap-1461,2.141737965783577,0.31055920636351053,1.83,True
expt_gap,4,mb-expt-gap-1467,0.3449994243868063,0.8485659777547575,1.09,True
expt_gap,4,mb-expt-gap-1495,-1.7642507123991211,-0.38903264679101973,0.0,True
expt_gap,4,mb-expt-gap-1498,-0.6703320103344725,-0.46572801940387804,1.62,True
expt_gap,4,mb-expt-gap-1500,-1.0194362974775537,0.09536166987263446,0.52,False
expt_gap,4,mb-expt-gap-1528,4.45004648230451,-0.271764226493075,3.48,True
expt_gap,4,mb-expt-gap-1561,-1.2052550714303685,2.362794944593187,0.34,False
expt_gap,4,mb-expt-gap-1648,-1.7642507123991211,-0.38903264679101973,0.0,False
expt_gap,4,mb-expt-gap-1650,-1.7642507123991211,-0.38903264679101973,0.0,True
expt_gap,4,mb-expt-gap-1651,-1.7642507123991211,-0.38903264679101973,0.0,False
expt_gap,4,mb-expt-gap-1652,-1.7642507123991211,-0.38903264679101973,0.0,False
expt_gap,4,mb-expt-gap-1694,-1.7642507123991211,-0.38903264679101973,0.0,False
expt_gap,4,mb-expt-gap-1742,-1.7642507123991211,-0.38903264679101973,0.0,False
expt_gap,4,mb-expt-gap-1760,2.0465724678536987,1.581013969639572,2.05,True
expt_gap,4,mb-expt-gap-1823,7.0569197695042325,-0.32508137614147725,2.97,True
expt_gap,4,mb-expt-gap-1826,-1.7642507123991211,-0.38903264679101973,0.0,False
expt_gap,4,mb-expt-gap-1827,0.012667109162408988,-0.07625844071214934,0.0,True
expt_gap,4,mb-expt-gap-1834,0.3410750243913245,0.9836769247516312,1.1,True
expt_gap,4,mb-expt-gap-1844,-1.2243953825421021,0.2843167988229383,0.93,True
expt_gap,4,mb-expt-gap-1851,0.4193679825710126,1.3491256067504833,1.5,True
expt_gap,4,mb-expt-gap-1857,-1.7642507123991211,-0.38903264679101973,0.0,False
expt_gap,4,mb-expt-gap-1859,1.6831538335171181,0.2397367577026168,1.8,True
expt_gap,4,mb-expt-gap-1862,1.2190924800995249,-0.07799379428566154,0.0,True
expt_gap,4,mb-expt-gap-1899,1.4958649929082435,0.4420173603047268,1.72,True
expt_gap,4,mb-expt-gap-1911,1.341080465573779,-0.7815747177470642,1.68,True
expt_gap,4,mb-expt-gap-1915,-1.7642507123991211,-0.38903264679101973,0.0,False
expt_gap,4,mb-expt-gap-1937,3.457812844633676,-2.213285736770366,2.17,True
expt_gap,4,mb-expt-gap-1945,1.4165380466360586,-0.24775106494594776,2.1,True
expt_gap,4,mb-expt-gap-1958,3.630300323292686,-2.013854821357288,2.49,True
expt_gap,4,mb-expt-gap-1965,-1.7642507123991211,-0.38903264679101973,0.0,False
expt_gap,4,mb-expt-gap-2003,2.051816552650275,0.6012496372365594,2.16,True
expt_gap,4,mb-expt-gap-2014,-0.10420363047969321,-0.1275782770282059,0.0,True
expt_gap,4,mb-expt-gap-2032,-1.7642507123991211,-0.38903264679101973,0.0,False
expt_gap,4,mb-expt-gap-2070,1.5721014579029782,0.22685415148436225,0.0,True
expt_gap,4,mb-expt-gap-2111,-1.7642507123991211,-0.38903264679101973,0.0,True
expt_gap,4,mb-expt-gap-2138,2.1769810213750946,-1.4644151307219193,2.27,True
expt_gap,4,mb-expt-gap-2154,-1.7642507123991211,-0.38903264679101973,0.0,False
expt_gap,4,mb-expt-gap-2155,4.312450578351944,1.0920082277743715,4.1,True
expt_gap,4,mb-expt-gap-2162,-1.7642507123991211,-0.38903264679101973,0.0,False
expt_gap,4,mb-expt-gap-2175,-1.7642507123991211,-0.38903264679101973,0.0,False
expt_gap,4,mb-expt-gap-2178,3.10139706960318,-1.4105076492253659,2.73,False
expt_gap,4,mb-expt-gap-2183,-0.9494824634131598,0.2588521394622764,0.54,True
expt_gap,4,mb-expt-gap-2191,-1.7642507123991211,-0.38903264679101973,0.0,True
expt_gap,4,mb-expt-gap-2223,4.138196849548711,-1.5405060350113118,3.26,False
expt_gap,4,mb-expt-gap-2235,2.4792827489370635,-1.702200728628616,1.42,False
expt_gap,4,mb-expt-gap-2282,-1.7642507123991211,-0.38903264679101973,0.0,True
expt_gap,4,mb-expt-gap-2296,-1.7642507123991211,-0.38903264679101973,0.0,True
expt_gap,4,mb-expt-gap-2306,-1.7642507123991211,-0.38903264679101973,0.0,True
expt_gap,4,mb-expt-gap-2323,-1.7642507123991211,-0.38903264679101973,0.0,True
expt_gap,4,mb-expt-gap-2325,-1.7642507123991211,-0.38903264679101973,0.0,True
expt_gap,4,mb-expt-gap-2361,-1.7642507123991211,-0.38903264679101973,0.0,True
expt_gap,4,mb-expt-gap-2399,-1.7085024253839725,-0.3934079136263158,0.0,True
expt_gap,4,mb-expt-gap-2406,-1.7642507123991211,-0.38903264679101973,0.0,False
expt_gap,4,mb-expt-gap-2407,2.961343920506854,3.5173705172347787,0.0,True
expt_gap,4,mb-expt-gap-2409,-1.7642507123991211,-0.38903264679101973,0.0,True
expt_gap,4,mb-expt-gap-2411,0.02633989910089748,-0.4314028254479142,2.0,True
expt_gap,4,mb-expt-gap-2413,-1.7642507123991211,-0.38903264679101973,0.0,False
expt_gap,4,mb-expt-gap-2414,-0.08727348435151853,0.8448210743885444,0.0,True
expt_gap,4,mb-expt-gap-2426,-1.7642507123991211,-0.38903264679101973,0.0,True
expt_gap,4,mb-expt-gap-2430,-1.7642507123991211,-0.38903264679101973,0.0,True
expt_gap,4,mb-expt-gap-2463,1.8676322600283606,0.5571391040964546,1.46,True
expt_gap,4,mb-expt-gap-2496,-0.7581353071455846,1.4555012832766578,0.13,True
expt_gap,4,mb-expt-gap-2508,-1.7642507123991211,-0.38903264679101973,0.0,False
expt_gap,4,mb-expt-gap-2515,-1.7642507123991211,-0.38903264679101973,0.0,False
expt_gap,4,mb-expt-gap-2539,-1.7642507123991211,-0.38903264679101973,0.0,True
expt_gap,4,mb-expt-gap-2554,-1.7642507123991211,-0.38903264679101973,0.0,False
expt_gap,4,mb-expt-gap-2556,-1.7642507123991211,-0.38903264679101973,0.0,False
expt_gap,4,mb-expt-gap-2581,-1.7642507123991211,-0.38903264679101973,0.0,False
expt_gap,4,mb-expt-gap-2604,-1.7642507123991211,-0.38903264679101973,0.0,True
expt_gap,4,mb-expt-gap-2615,-0.8408103638579052,-0.3914666358649012,0.0,True
expt_gap,4,mb-expt-gap-2623,-0.2855565295011099,1.4524697575760634,0.0,True
expt_gap,4,mb-expt-gap-2625,-1.7642507123991211,-0.38903264679101973,0.0,True
expt_gap,4,mb-expt-gap-2643,-1.5968821036440148,2.499673892716751,0.0,True
expt_gap,4,mb-expt-gap-2663,-1.0899713160859936,-0.337035105757784,2.65,True
expt_gap,4,mb-expt-gap-2664,-1.7642507123991211,-0.38903264679101973,0.0,True
expt_gap,4,mb-expt-gap-2685,-0.31991787446415915,0.3321541892749169,0.0,True
expt_gap,4,mb-expt-gap-2700,-1.7642507123991211,-0.38903264679101973,0.0,True
expt_gap,4,mb-expt-gap-2706,-1.7642507123991211,-0.38903264679101973,0.0,False
expt_gap,4,mb-expt-gap-2714,-1.7642507123991211,-0.38903264679101973,0.0,False
expt_gap,4,mb-expt-gap-2727,-1.6135680584600274,-0.38327700570723994,0.6,True
expt_gap,4,mb-expt-gap-2731,-0.7950569614501051,1.490688078133853,2.0,False
expt_gap,4,mb-expt-gap-2747,0.9377999358169935,0.17026020042467074,0.0,True
expt_gap,4,mb-expt-gap-2754,0.5853352491493745,0.1539771905584809,2.0,True
expt_gap,4,mb-expt-gap-2762,3.483207785699871,-1.9143911362333037,3.17,True
expt_gap,4,mb-expt-gap-2780,5.448919593487355,-0.23514278727485555,3.51,True
expt_gap,4,mb-expt-gap-2787,8.100451156939053,-0.18769789529773245,4.9,True
expt_gap,4,mb-expt-gap-2798,5.4749494282096745,-0.4208252580358986,3.2,True
expt_gap,4,mb-expt-gap-2808,-1.7642507123991211,-0.38903264679101973,0.5,True
expt_gap,4,mb-expt-gap-2880,-1.63773363545793,-0.1719079858376434,1.47,True
expt_gap,4,mb-expt-gap-2919,-1.7642507123991211,-0.38903264679101973,0.0,False
expt_gap,4,mb-expt-gap-2921,0.3137029046821738,1.2460364962937613,1.5,True
expt_gap,4,mb-expt-gap-2934,0.862069768692614,-0.35004300304716524,1.7,True
expt_gap,4,mb-expt-gap-2948,2.0353682142051834,-1.7561432972558786,1.57,True
expt_gap,4,mb-expt-gap-2954,-1.7642507123991211,-0.38903264679101973,0.0,False
expt_gap,4,mb-expt-gap-2973,-1.7642507123991211,-0.38903264679101973,0.0,False
expt_gap,4,mb-expt-gap-2996,-1.7642507123991211,-0.38903264679101973,0.0,True
expt_gap,4,mb-expt-gap-3020,0.314859554121697,-0.4355292881900281,0.0,True
expt_gap,4,mb-expt-gap-3021,-1.3524688372856122,-0.38554542701317635,0.0,True
expt_gap,4,mb-expt-gap-3029,-0.7306929337368266,-0.181179317286922,1.13,True
expt_gap,4,mb-expt-gap-3036,-0.46966391041049016,-0.4906350995912949,6.8,True
expt_gap,4,mb-expt-gap-3047,-1.211456608556597,1.91623365079922,0.33,False
expt_gap,4,mb-expt-gap-3078,-1.7642507123991211,-0.38903264679101973,0.0,True
expt_gap,4,mb-expt-gap-3084,-1.7642507123991211,-0.38903264679101973,0.0,True
expt_gap,4,mb-expt-gap-3085,-1.7642507123991211,-0.38903264679101973,0.0,True
expt_gap,4,mb-expt-gap-3095,-1.7642507123991211,-0.38903264679101973,0.0,True
expt_gap,4,mb-expt-gap-3097,1.85326481441065,-1.420870513164533,1.8,True
expt_gap,4,mb-expt-gap-3156,0.47743007120589387,0.8401245210832178,0.95,True
expt_gap,4,mb-expt-gap-3164,-1.7642507123991211,-0.38903264679101973,0.0,False
expt_gap,4,mb-expt-gap-3165,-1.7294166566582374,-0.3917665117576783,0.0,False
expt_gap,4,mb-expt-gap-3184,-1.7642507123991211,-0.38903264679101973,0.0,True
expt_gap,4,mb-expt-gap-3194,1.8918455587709462,-0.33656313326348813,4.5,True
expt_gap,4,mb-expt-gap-3203,2.911965433592359,-0.9670306503220121,2.6,True
expt_gap,4,mb-expt-gap-3234,0.3556921754354639,-0.3041262043770915,1.3,True
expt_gap,4,mb-expt-gap-3240,10.598809590840792,-0.009463448202889762,7.6,True
expt_gap,4,mb-expt-gap-3249,1.6748559966797691,0.9769418820248212,2.19,True
expt_gap,4,mb-expt-gap-3257,1.0985174535130968,0.2546546211859328,1.44,True
expt_gap,4,mb-expt-gap-3292,6.129422154239553,-0.1992015082280474,3.88,True
expt_gap,4,mb-expt-gap-3303,1.1034233102239215,0.6638715069133377,1.76,True
expt_gap,4,mb-expt-gap-3309,-1.7642507123991211,-0.38903264679101973,0.0,True
expt_gap,4,mb-expt-gap-3314,-1.7642507123991211,-0.38903264679101973,0.0,False
expt_gap,4,mb-expt-gap-3334,0.6193894477518751,1.810467018207963,1.0,True
expt_gap,4,mb-expt-gap-3343,4.531091979168854,-0.21974420994894894,1.95,True
expt_gap,4,mb-expt-gap-3346,4.3240383344591375,-0.24350911977450584,2.72,True
expt_gap,4,mb-expt-gap-3350,0.5288520175401824,0.20383264325059014,2.0,True
expt_gap,4,mb-expt-gap-3360,-1.429892390676387,1.0695089774388318,0.05,False
expt_gap,4,mb-expt-gap-3383,-1.7642507123991211,-0.38903264679101973,0.0,True
expt_gap,4,mb-expt-gap-3393,-1.3873684179182963,7.397632867389142,0.0,True
expt_gap,4,mb-expt-gap-3397,5.847356551084507,0.18767629383985657,3.8,True
expt_gap,4,mb-expt-gap-3399,-1.7642507123991211,-0.38903264679101973,0.0,False
expt_gap,4,mb-expt-gap-3406,-1.7642507123991211,-0.38903264679101973,0.0,False
expt_gap,4,mb-expt-gap-3408,-1.7642507123991211,-0.38903264679101973,0.0,True
expt_gap,4,mb-expt-gap-3412,-1.7642507123991211,-0.38903264679101973,0.24,True
expt_gap,4,mb-expt-gap-3415,-1.7642507123991211,-0.38903264679101973,0.11,True
expt_gap,4,mb-expt-gap-3420,-1.7642507123991211,-0.38903264679101973,0.0,False
expt_gap,4,mb-expt-gap-3437,0.07718622162206365,1.3728272588819017,0.67,True
expt_gap,4,mb-expt-gap-3456,0.7688623901582587,8.321416653719233,1.09,True
expt_gap,4,mb-expt-gap-3481,-1.7642507123991211,-0.38903264679101973,0.0,True
expt_gap,4,mb-expt-gap-3483,-1.2802750654146535,1.8798106271271657,0.23,False
expt_gap,4,mb-expt-gap-3495,-1.7642507123991211,-0.38903264679101973,0.0,False
expt_gap,4,mb-expt-gap-3511,-1.7642507123991211,-0.38903264679101973,0.0,False
expt_gap,4,mb-expt-gap-3519,-1.7642507123991211,-0.38903264679101973,0.0,True
expt_gap,4,mb-expt-gap-3521,-0.3796115933981376,0.44116426416380533,0.51,True
expt_gap,4,mb-expt-gap-3573,-1.7642507123991211,-0.38903264679101973,0.0,False
expt_gap,4,mb-expt-gap-3575,-1.7642507123991211,-0.38903264679101973,0.0,False
expt_gap,4,mb-expt-gap-3590,-1.6756480397008022,0.578736501116805,0.13,False
expt_gap,4,mb-expt-gap-3596,-1.6632146637243994,0.5037002036511548,0.04,False
expt_gap,4,mb-expt-gap-3601,-1.5745610145718663,0.8617399334370273,0.08,False
expt_gap,4,mb-expt-gap-3609,1.4679429589018413,0.04402926198579297,1.32,True
expt_gap,4,mb-expt-gap-3652,-1.7642507123991211,-0.38903264679101973,0.0,True
expt_gap,4,mb-expt-gap-3657,-0.644873378827528,-0.366858641277694,0.0,True
expt_gap,4,mb-expt-gap-3665,4.008148705124936,0.14000383915372283,2.47,True
expt_gap,4,mb-expt-gap-3668,-1.7642507123991211,-0.38903264679101973,0.0,True
expt_gap,4,mb-expt-gap-3701,0.5129902783174944,-0.3043090024980315,2.45,True
expt_gap,4,mb-expt-gap-3712,-1.3709285458089748,-0.3461581868742915,0.0,True
expt_gap,4,mb-expt-gap-3731,-1.248067074362546,-1.3258504073244606,0.0,True
expt_gap,4,mb-expt-gap-3736,-1.7642507123991211,-0.38903264679101973,0.0,False
expt_gap,4,mb-expt-gap-3737,-1.7642507123991211,-0.38903264679101973,0.0,False
expt_gap,4,mb-expt-gap-3747,-1.7642507123991211,-0.38903264679101973,0.0,True
expt_gap,4,mb-expt-gap-3751,-0.7469469295813447,0.4307976005896587,0.0,True
expt_gap,4,mb-expt-gap-3773,-1.7642507123991211,-0.38903264679101973,2.3,True
expt_gap,4,mb-expt-gap-3783,-1.7642507123991211,-0.38903264679101973,0.0,False
expt_gap,4,mb-expt-gap-3789,-1.7642507123991211,-0.38903264679101973,0.0,True
expt_gap,4,mb-expt-gap-3814,-1.7642507123991211,-0.38903264679101973,0.0,False
expt_gap,4,mb-expt-gap-3840,-0.2637749883791471,0.4904035215209925,0.0,True
expt_gap,4,mb-expt-gap-3850,1.4287770551048535,1.540142254406276,1.0,True
expt_gap,4,mb-expt-gap-3882,2.3570070134569843,0.4360208707855394,0.0,True
expt_gap,4,mb-expt-gap-3885,-1.7642507123991211,-0.38903264679101973,0.0,False
expt_gap,4,mb-expt-gap-3899,-1.7642507123991211,-0.38903264679101973,0.0,True
expt_gap,4,mb-expt-gap-3907,-1.7642507123991211,-0.38903264679101973,0.0,False
expt_gap,4,mb-expt-gap-3923,-1.7642507123991211,-0.38903264679101973,0.0,False
expt_gap,4,mb-expt-gap-3925,-1.7642507123991211,-0.38903264679101973,0.0,False
expt_gap,4,mb-expt-gap-3968,-1.7566678865412155,-0.25815649978467525,0.0,True
expt_gap,4,mb-expt-gap-3979,-1.7642507123991211,-0.38903264679101973,0.42,False
expt_gap,4,mb-expt-gap-3988,2.103060532217523,3.2958784348164176,1.55,True
expt_gap,4,mb-expt-gap-3993,-0.9522259128659795,-0.35140251131827205,0.56,True
expt_gap,4,mb-expt-gap-3995,-1.7642507123991211,-0.38903264679101973,0.0,True
expt_gap,4,mb-expt-gap-4015,0.34973476140412624,-0.44565530614923177,0.0,True
expt_gap,4,mb-expt-gap-4028,-1.7642507123991211,-0.38903264679101973,0.0,False
expt_gap,4,mb-expt-gap-4036,-0.26285664378851237,1.9064454647906817,0.72,True
expt_gap,4,mb-expt-gap-4040,-1.3788628968004566,0.19268794250909446,0.12,False
expt_gap,4,mb-expt-gap-4072,-0.7360614776768069,2.292314276449877,0.82,False
expt_gap,4,mb-expt-gap-4074,-1.7642507123991211,-0.38903264679101973,0.0,True
expt_gap,4,mb-expt-gap-4082,-1.4800141059710532,2.149026744629718,0.14,False
expt_gap,4,mb-expt-gap-4086,-1.7642507123991211,-0.38903264679101973,0.0,False
expt_gap,4,mb-expt-gap-4094,-1.7642507123991211,-0.38903264679101973,0.0,True
expt_gap,4,mb-expt-gap-4104,-1.7642507123991211,-0.38903264679101973,0.0,False
expt_gap,4,mb-expt-gap-4105,-0.3113568842027587,0.16722275860937472,1.22,False
expt_gap,4,mb-expt-gap-4140,-1.7642507123991211,-0.38903264679101973,0.0,True
expt_gap,4,mb-expt-gap-4143,-1.7642507123991211,-0.38903264679101973,0.0,True
expt_gap,4,mb-expt-gap-4162,-1.205544834659893,-0.387704898960342,0.0,True
expt_gap,4,mb-expt-gap-4182,3.64630277286028,0.47617778212422845,2.6,True
expt_gap,4,mb-expt-gap-4197,3.5624452203367474,0.033909850635790495,2.48,True
expt_gap,4,mb-expt-gap-4210,3.4930884137140086,0.3153131335562292,2.5,True
expt_gap,4,mb-expt-gap-4218,-1.7642507123991211,-0.38903264679101973,0.0,False
expt_gap,4,mb-expt-gap-4246,-1.7642507123991211,-0.38903264679101973,0.0,True
expt_gap,4,mb-expt-gap-4249,-1.5200759590595292,0.5573442626926477,0.0,True
expt_gap,4,mb-expt-gap-4260,-1.7642507123991211,-0.38903264679101973,0.0,False
expt_gap,4,mb-expt-gap-4263,-1.341946528182492,0.11028751552639299,0.72,False
expt_gap,4,mb-expt-gap-4271,-1.7642507123991211,-0.38903264679101973,0.0,False
expt_gap,4,mb-expt-gap-4274,-1.7642507123991211,-0.38903264679101973,0.0,True
expt_gap,4,mb-expt-gap-4294,2.44579140956641,-1.2254155151422652,2.06,True
expt_gap,4,mb-expt-gap-4297,-1.7642507123991211,-0.38903264679101973,0.0,True
expt_gap,4,mb-expt-gap-4309,-1.7642507123991211,-0.38903264679101973,0.0,False
expt_gap,4,mb-expt-gap-4318,-1.7642507123991211,-0.38903264679101973,0.0,False
expt_gap,4,mb-expt-gap-4322,4.831175177919224,-0.16017605347444347,3.82,True
expt_gap,4,mb-expt-gap-4325,-1.7642507123991211,-0.38903264679101973,0.0,False
expt_gap,4,mb-expt-gap-4338,0.34005749138057856,1.097896131775987,2.2,True
expt_gap,4,mb-expt-gap-4340,-1.7642507123991211,-0.38903264679101973,0.0,True
expt_gap,4,mb-expt-gap-4354,0.9194575959563498,0.08181580218190569,1.31,True
expt_gap,4,mb-expt-gap-4384,-1.7642507123991211,-0.38903264679101973,0.0,False
expt_gap,4,mb-expt-gap-4403,-1.7642507123991211,-0.38903264679101973,0.0,False
expt_gap,4,mb-expt-gap-4437,0.9526068639134739,2.074761616751451,1.39,True
expt_gap,4,mb-expt-gap-4487,6.2745289673488935,-0.23896226246902677,2.6,True
expt_gap,4,mb-expt-gap-4497,5.139665516697457,0.1815347909665133,2.71,False
expt_gap,4,mb-expt-gap-4507,0.9581397269505032,2.9724162802460077,1.44,True
expt_gap,4,mb-expt-gap-4510,-1.7642507123991211,-0.38903264679101973,0.0,True
expt_gap,4,mb-expt-gap-4517,-0.4697489448306196,1.0758519558810449,0.0,True
expt_gap,4,mb-expt-gap-4519,0.7394318340656099,-0.35280875367663467,2.12,True
expt_gap,4,mb-expt-gap-4524,-1.7642507123991211,-0.38903264679101973,0.0,True
expt_gap,4,mb-expt-gap-4553,-1.7642507123991211,-0.38903264679101973,0.0,False
expt_gap,4,mb-expt-gap-4570,-1.7642507123991211,-0.38903264679101973,0.6,True
expt_gap,4,mb-expt-gap-4586,-1.7642507123991211,-0.38903264679101973,0.0,False
glass,2,mb-glass-0002,7.123785527882903,5.312687449215035,1.0,False
glass,2,mb-glass-0024,-14.821825300279714,14.664138680745147,0.0,False
glass,2,mb-glass-0036,-1.52151203257411,4.374622406813527,0.0,False
glass,2,mb-glass-0046,-22.27188423873877,8.266161046650225,0.0,False
glass,2,mb-glass-0086,-25.901930016057516,-4.868355601023652,0.0,False
glass,2,mb-glass-0092,-22.725039077766965,-5.425825891974283,0.0,False
glass,2,mb-glass-0108,-11.446716556090381,-2.201009967852211,0.0,False
glass,2,mb-glass-0119,-21.73854383782077,-8.187249870029213,0.0,False
glass,2,mb-glass-0122,-21.921690760649927,-7.896625109002999,0.0,False
glass,2,mb-glass-0123,-20.7440196981948,-6.11486399183665,0.0,False
glass,2,mb-glass-0124,-19.232325400129085,-6.114553973767647,0.0,False
glass,2,mb-glass-0132,19.802648727081998,0.25113693802650155,1.0,False
glass,2,mb-glass-0152,-9.40689600769666,12.269737529076847,0.0,False
glass,2,mb-glass-0188,-16.767395946572933,-3.2917489690006234,1.0,False
glass,2,mb-glass-0204,-18.690010169751538,-5.624436535744557,0.0,False
glass,2,mb-glass-0221,-20.01105544490561,-6.836725689479983,0.0,False
glass,2,mb-glass-0265,-14.640364484734597,14.191543000219054,0.0,False
glass,2,mb-glass-0266,-18.155518714556447,12.785894581538372,0.0,False
glass,2,mb-glass-0273,-7.1106668027354285,15.255624284411107,0.0,False
glass,2,mb-glass-0283,-12.815131546451102,1.9722274976353715,0.0,False
glass,2,mb-glass-0284,18.061006896857002,1.6195310226503943,1.0,False
glass,2,mb-glass-0290,-8.175204414714468,1.8044555575578973,0.0,False
glass,2,mb-glass-0328,-2.393856509691861,6.5867259587826865,1.0,False
glass,2,mb-glass-0355,-26.12806857857086,-2.3947815184290597,0.0,False
glass,2,mb-glass-0393,-15.659360556303758,-4.770590185691045,0.0,False
glass,2,mb-glass-0396,-18.56092508912313,-5.130499034062572,0.0,False
glass,2,mb-glass-0402,-16.38494950196866,-5.195539666171977,0.0,False
glass,2,mb-glass-0408,-16.03180913530548,-4.725128559638359,0.0,False
glass,2,mb-glass-0447,21.386413170040385,-3.998329191488972,1.0,False
glass,2,mb-glass-0448,-8.935473709725354,-4.080215645367123,0.0,False
glass,2,mb-glass-0479,13.848728816246192,-11.247069969501574,1.0,False
glass,2,mb-glass-0480,-13.766110680885431,0.7984912524034574,0.0,False
glass,2,mb-glass-0543,-13.115869639206293,2.709605604316368,0.0,False
glass,2,mb-glass-0550,-13.33179183153216,-5.36872127929944,0.0,False
glass,2,mb-glass-0571,-10.851939785526858,17.517819473904055,0.0,False
glass,2,mb-glass-0576,1.0929091936812845,11.581941035443384,0.0,False
glass,2,mb-glass-0588,-4.891440948878641,14.126780263838375,1.0,False
glass,2,mb-glass-0593,-5.224714689637309,11.882551096757306,0.0,False
glass,2,mb-glass-0654,-19.78069955419938,-8.782065364974713,0.0,False
glass,2,mb-glass-0660,-14.41217641671893,-0.015231546890357606,0.0,False
glass,2,mb-glass-0710,1.6316371168067327,5.539618713863158,1.0,False
glass,2,mb-glass-0726,1.431501473448877,5.743686362856901,0.0,False
glass,2,mb-glass-0750,-0.38581211507956237,7.04224220336434,0.0,False
glass,2,mb-glass-0758,12.608179031323324,5.645665013657226,1.0,False
glass,2,mb-glass-0772,-7.009269387106056,-4.102118773983047,0.0,False
glass,2,mb-glass-0787,-3.0557919740513535,-2.5453793239194704,1.0,False
glass,2,mb-glass-0792,-15.101491283743682,17.021695106149924,0.0,False
glass,2,mb-glass-0806,-11.39171176860492,17.762082991435815,1.0,False
glass,2,mb-glass-0811,-1.8487313886280525,5.365504848863563,0.0,False
glass,2,mb-glass-0840,8.663455763597232,0.33241904656094745,1.0,False
glass,2,mb-glass-0862,-10.539575312084285,-10.507856496303903,0.0,False
glass,2,mb-glass-0869,19.883076639694956,-0.5769747360912864,1.0,False
glass,2,mb-glass-0872,-20.308737683887735,-17.009017281369466,0.0,False
glass,2,mb-glass-0894,-9.99124882903733,-10.258089846506804,0.0,False
glass,2,mb-glass-0904,-1.7942777903286793,1.133916323547693,1.0,False
glass,2,mb-glass-0918,-3.6075198936925235,-3.8619371260016324,1.0,False
glass,2,mb-glass-0953,-8.41275177126974,-8.677569687115511,1.0,False
glass,2,mb-glass-0974,-12.74274004014938,11.765066373454449,0.0,False
glass,2,mb-glass-1051,2.473275000897377,0.4885152534013569,0.0,False
glass,2,mb-glass-1057,-0.05629071366603647,3.364053826491675,0.0,False
glass,2,mb-glass-1086,2.7186093059608516,3.6428442961641814,0.0,False
glass,2,mb-glass-1109,4.148371059061835,4.44683140212126,1.0,False
glass,2,mb-glass-1143,16.790427750118486,-13.43822643038944,1.0,False
glass,2,mb-glass-1191,11.419752795912277,2.784388142617774,1.0,False
glass,2,mb-glass-1202,11.178188835710538,6.891505288090274,1.0,False
glass,2,mb-glass-1203,9.444190130929737,7.884412792889502,1.0,False
glass,2,mb-glass-1232,-14.753207961906828,-12.153669099089553,0.0,False
glass,2,mb-glass-1243,16.960367521045175,4.919232841329529,1.0,False
glass,2,mb-glass-1250,-13.483481591597853,-12.376786812584664,0.0,False
glass,2,mb-glass-1264,-13.932745111413897,-12.5546763796505,0.0,False
glass,2,mb-glass-1271,-15.474469786852774,-12.328998993371512,0.0,False
glass,2,mb-glass-1297,1.8897655992847955,7.1791191057175485,0.0,False
glass,2,mb-glass-1317,8.674199970986813,-10.537259785219861,1.0,False
glass,2,mb-glass-1320,5.171307818231687,-9.31306517970084,1.0,False
glass,2,mb-glass-1370,-5.811561899367858,-1.3106349372779016,0.0,False
glass,2,mb-glass-1390,-2.146650414057214,-0.5070345911662923,1.0,False
glass,2,mb-glass-1444,-22.122839293612216,-1.7954316193285527,0.0,False
glass,2,mb-glass-1453,-8.384002588763918,-5.523956053418751,0.0,False
glass,2,mb-glass-1460,-17.91441964149928,-10.209088118135831,0.0,False
glass,2,mb-glass-1488,23.761514151784823,-0.28352167878271833,1.0,False
glass,2,mb-glass-1505,-12.441130878662396,-10.481227982139284,0.0,False
glass,2,mb-glass-1528,22.584342278210265,0.8899772444996125,1.0,False
glass,2,mb-glass-1529,-16.957790445222948,-10.16880921876499,0.0,False
glass,2,mb-glass-1579,-12.319521525106978,-6.659464669990783,0.0,False
glass,2,mb-glass-1588,-23.19300073578829,-9.329243204604943,0.0,False
glass,2,mb-glass-1594,10.182344186607517,8.06260362270827,0.0,False
glass,2,mb-glass-1604,-18.246032746262273,-6.721571126506112,0.0,False
glass,2,mb-glass-1628,-17.282886682924754,-12.254262852972031,0.0,False
glass,2,mb-glass-1644,9.155590858222768,8.062488964812612,1.0,False
glass,2,mb-glass-1645,9.573104080800483,7.501406982911012,1.0,False
glass,2,mb-glass-1646,11.50313547566287,7.533147546977273,1.0,False
glass,2,mb-glass-1650,-9.820749781681844,-5.925607628849994,0.0,False
glass,2,mb-glass-1656,-9.06006304981237,-7.2772707496357665,0.0,False
glass,2,mb-glass-1668,-20.39943771082672,-11.37289034616996,0.0,False
glass,2,mb-glass-1677,-9.439465724394132,-7.568809948874582,0.0,False
glass,2,mb-glass-1697,-13.531638630230832,-12.034507434974971,0.0,False
glass,2,mb-glass-1717,-18.10957943862462,-9.583883334577884,0.0,False
glass,2,mb-glass-1725,-16.871874631298798,-6.399256267918386,0.0,False
glass,2,mb-glass-1727,22.570655162683664,1.7971316532200092,1.0,False
glass,2,mb-glass-1736,18.484473739892348,4.9485938896805575,1.0,False
glass,2,mb-glass-1757,16.17826363011252,6.083749451137463,1.0,False
glass,2,mb-glass-1758,8.294097584788204,9.755925807802129,1.0,False
glass,2,mb-glass-1817,12.542344437657437,10.211886136729385,0.0,False
glass,2,mb-glass-1837,11.879079829698307,8.055050093655469,1.0,False
glass,2,mb-glass-1866,-3.3242540854013125,3.459148360261882,0.0,False
glass,2,mb-glass-1937,12.308969774567279,7.582252864680257,1.0,False
glass,2,mb-glass-1982,8.900587934906191,7.605506453581331,1.0,False
glass,2,mb-glass-1984,-3.279952770069495,1.3444629528508643,0.0,False
glass,2,mb-glass-2028,-15.687178071368175,-8.113334017585913,0.0,False
glass,2,mb-glass-2067,6.573644311184401,3.0505263727522154,0.0,False
glass,2,mb-glass-2087,-19.201678578753068,-12.021807451284413,0.0,False
glass,2,mb-glass-2099,-19.29232259689132,-12.43049475598978,0.0,False
glass,2,mb-glass-2125,9.792975701759024,7.78231613304258,1.0,False
glass,2,mb-glass-2137,12.35356284490762,7.335667616960367,1.0,False
glass,2,mb-glass-2161,3.395797133576161,12.23034347943132,1.0,False
glass,2,mb-glass-2178,9.372497341450666,-11.92533473124777,1.0,False
glass,2,mb-glass-2225,-6.109588325330407,-5.5159542272038635,1.0,False
glass,2,mb-glass-2244,21.783405294237507,-12.970375175918644,1.0,False
glass,2,mb-glass-2249,22.865846688197834,-13.530007966126023,1.0,False
glass,2,mb-glass-2316,21.81390444098073,-11.791971269393414,1.0,False
glass,2,mb-glass-2370,21.406445577045226,-11.334084162635863,1.0,False
glass,2,mb-glass-2383,19.05024731939204,3.6814654317160387,1.0,False
glass,2,mb-glass-2388,10.79747334841253,6.820036609884196,1.0,False
glass,2,mb-glass-2395,4.304773847282394,6.019181994220362,1.0,False
glass,2,mb-glass-2402,15.157795463808247,-4.466053685440184,1.0,False
glass,2,mb-glass-2449,8.454695619900825,3.0994155042258575,1.0,False
glass,2,mb-glass-2452,-0.5758276380093968,11.508396980938803,1.0,False
glass,2,mb-glass-2454,11.15107466187362,2.802262251315096,1.0,False
glass,2,mb-glass-2457,12.966467778075488,2.2506829524084724,1.0,False
glass,2,mb-glass-2464,5.61722837667438,4.674497324063664,1.0,False
glass,2,mb-glass-2529,-1.4117305800008528,7.173414770730715,0.0,False
glass,2,mb-glass-2547,17.460480516316494,-3.301146382188736,1.0,False
glass,2,mb-glass-2548,14.086545367049649,-3.325391076120465,1.0,False
glass,2,mb-glass-2619,15.517208255059153,6.665015154353699,1.0,False
glass,2,mb-glass-2622,-8.333340891762473,15.36866438319361,1.0,False
glass,2,mb-glass-2626,4.200199128536461,6.085619511435587,1.0,False
glass,2,mb-glass-2656,1.3386297343587539,8.056752161550877,1.0,False
glass,2,mb-glass-2662,20.49309092025668,-1.8821310911300437,1.0,False
glass,2,mb-glass-2670,8.552100905597067,3.929826596194985,1.0,False
glass,2,mb-glass-2679,8.972545936142772,6.9203483873594145,1.0,False
glass,2,mb-glass-2682,20.195789141942342,-2.026670306967655,1.0,False
glass,2,mb-glass-2695,5.880014179704014,-11.287462050342853,0.0,False
glass,2,mb-glass-2717,-4.168573110079259,4.312471419918622,0.0,False
glass,2,mb-glass-2723,-13.31299933096023,0.3472120404099097,0.0,False
glass,2,mb-glass-2724,-15.270272129731715,-2.646481673616665,0.0,False
glass,2,mb-glass-2734,-6.241179099318606,-3.919402518838359,1.0,False
glass,2,mb-glass-2739,0.5208676369049472,5.111387046978374,0.0,False
glass,2,mb-glass-2745,24.002421247500674,-2.9934519747330905,1.0,False
glass,2,mb-glass-2758,12.381188235896623,6.282289351081491,1.0,False
glass,2,mb-glass-2765,-17.76029495877598,2.7615224882275338,0.0,False
glass,2,mb-glass-2770,-3.4594330329849803,11.387843687042787,1.0,False
glass,2,mb-glass-2779,-12.13998756582561,4.310398100046424,0.0,False
glass,2,mb-glass-2795,-9.266438260369855,-2.2150372921168926,0.0,False
glass,2,mb-glass-2804,-6.966530885916054,14.152416407555936,0.0,False
glass,2,mb-glass-2820,-17.19120655785225,11.31829757614924,0.0,False
glass,2,mb-glass-2827,-21.737454248312662,3.695074240791111,0.0,False
glass,2,mb-glass-2835,2.5128044117673416,8.483309169632273,1.0,False
glass,2,mb-glass-2838,-10.964465345403939,17.228485661975913,0.0,False
glass,2,mb-glass-2847,-1.9755212963693762,1.0011012027266726,0.0,False
glass,2,mb-glass-2855,4.379741225613923,6.686775077894011,1.0,False
glass,2,mb-glass-2859,-3.318222736343024,10.260145031105512,1.0,False
glass,2,mb-glass-2871,20.325224117141456,1.8024375643345452,0.0,False
glass,2,mb-glass-2873,5.886855082357577,6.433461154533908,1.0,False
glass,2,mb-glass-2878,-14.917744982419224,-5.057196166615956,0.0,False
glass,2,mb-glass-2881,-15.147823773813826,-5.263814664014223,0.0,False
glass,2,mb-glass-2933,18.388955879865744,4.473659629542221,1.0,False
glass,2,mb-glass-2937,-17.959700402514134,3.6153567924630376,0.0,False
glass,2,mb-glass-2938,-18.952004651516148,2.645678422978696,0.0,False
glass,2,mb-glass-2955,-18.260320317797927,-4.325802723416571,0.0,False
glass,2,mb-glass-2961,19.118130143110854,3.8689744224977076,1.0,False
glass,2,mb-glass-2988,3.639582385811142,7.296852515576177,1.0,False
glass,2,mb-glass-3006,18.8014103833196,4.1540244393322565,1.0,False
glass,2,mb-glass-3031,-5.205934106328336,7.877532517971007,1.0,False
glass,2,mb-glass-3038,-19.55405092311759,-3.609747699798737,0.0,False
glass,2,mb-glass-3041,-18.834676744993622,-4.344619601192892,0.0,False
glass,2,mb-glass-3071,-14.826387890615438,-0.7537160264655698,0.0,False
glass,2,mb-glass-3075,-11.85899011918031,-0.9227131368595447,0.0,False
glass,2,mb-glass-3076,2.656280859248366,11.317756860070897,1.0,False
glass,2,mb-glass-3081,19.074869912422233,3.9233150650822415,1.0,False
glass,2,mb-glass-3099,-14.439731225684229,-11.074534571847572,0.0,False
glass,2,mb-glass-3130,23.08504866908963,0.4376613319145278,1.0,False
glass,2,mb-glass-3187,-9.06384254180138,-8.849024062754282,0.0,False
glass,2,mb-glass-3197,14.563920556753933,-12.925506429053677,1.0,False
glass,2,mb-glass-3204,22.459044981662508,-7.525898488518699,1.0,False
glass,2,mb-glass-3208,18.769722508337207,3.172293075760882,1.0,False
glass,2,mb-glass-3233,15.307527492719306,-2.290818575643998,1.0,False
glass,2,mb-glass-3257,9.824091202975863,4.8833781861294545,0.0,False
glass,2,mb-glass-3307,2.283305384664899,0.03417274090486082,1.0,False
glass,2,mb-glass-3336,2.253494503292699,-5.128462423550378,1.0,False
glass,2,mb-glass-3363,3.5814775421748677,2.7295221127689873,0.0,False
glass,2,mb-glass-3389,-16.227131406420973,-3.880099503328908,0.0,False
glass,2,mb-glass-3392,-17.305494619953308,-0.11098846154275986,0.0,False
glass,2,mb-glass-3403,24.826071310589537,-1.7826720083626484,1.0,False
glass,2,mb-glass-3413,1.4461153543025957,-2.3161680379931866,0.0,False
glass,2,mb-glass-3424,-7.9056483158445205,-5.608379308733485,1.0,False
glass,2,mb-glass-3476,-7.396506861523671,-3.4672015510894365,1.0,False
glass,2,mb-glass-3486,-17.691826366770307,-5.006942770728099,0.0,False
glass,2,mb-glass-3529,-22.045238302698206,-9.028276869739246,0.0,False
glass,2,mb-glass-3530,15.00631346929667,3.6348664518784215,1.0,False
glass,2,mb-glass-3543,23.503016620709268,-2.974800885591246,1.0,False
glass,2,mb-glass-3552,-12.34641482057209,-6.824186044460063,0.0,False
glass,2,mb-glass-3559,22.69739141627347,-2.2040567953048327,0.0,False
glass,2,mb-glass-3564,-9.967551242461868,-5.914378091147304,0.0,False
glass,2,mb-glass-3604,-15.566188494839617,-11.701716245429521,0.0,False
glass,2,mb-glass-3607,-5.058054184478307,10.698850304406053,1.0,False
glass,2,mb-glass-3610,-11.539866390080354,-8.648426518113613,0.0,False
glass,2,mb-glass-3621,-6.391299615781546,-3.720224912918924,0.0,False
glass,2,mb-glass-3638,2.7165809783839,-1.7687819359488992,0.0,False
glass,2,mb-glass-3704,-10.01199426877943,-6.763942019841529,0.0,False
glass,2,mb-glass-3716,-15.518020389639142,-12.099026466247293,0.0,False
glass,2,mb-glass-3786,-6.372852265048142,4.347350169519341,0.0,False
glass,2,mb-glass-3804,-0.11318471632343591,5.6231499394487,1.0,False
glass,2,mb-glass-3808,11.632311001734124,-11.128019466528992,1.0,False
glass,2,mb-glass-3847,11.271609029881128,-11.624306734496317,1.0,False
glass,2,mb-glass-3856,11.291884033491204,-11.600483012259003,1.0,False
glass,2,mb-glass-3866,-2.242623638669925,6.901237121702502,0.0,False
glass,2,mb-glass-3870,11.55377156734798,-11.339502906082451,1.0,False
glass,2,mb-glass-3873,-1.5388327028638684,3.175154455005742,0.0,False
glass,2,mb-glass-3887,-5.303098523806675,-0.2720202447800265,0.0,False
glass,2,mb-glass-3897,-8.652144496178503,-3.6393059996824224,0.0,False
glass,2,mb-glass-3903,-4.518717210225193,5.826088895395637,0.0,False
glass,2,mb-glass-3915,1.1028742194431846,3.334001485146792,1.0,False
glass,2,mb-glass-3969,-0.5808912677516563,5.892789892724222,1.0,False
glass,2,mb-glass-4004,15.595308088289183,4.269784179547643,1.0,False
glass,2,mb-glass-4005,-4.683824617045532,15.913722165605341,0.0,False
glass,2,mb-glass-4011,14.162181041708658,5.345834919103389,1.0,False
glass,2,mb-glass-4018,15.73829583732219,3.2842873135634805,0.0,False
glass,2,mb-glass-4087,20.37446649850063,-13.463273850609877,1.0,False
glass,2,mb-glass-4108,-7.0240258931826585,8.926073533848596,0.0,False
glass,2,mb-glass-4111,-24.378550847437253,-3.638087223615394,0.0,False
glass,2,mb-glass-4117,-4.786455896505725,13.500777153476832,0.0,False
glass,2,mb-glass-4132,7.110221457260107,7.179243466031416,1.0,False
glass,2,mb-glass-4137,4.439664464282286,5.036773290240411,1.0,False
glass,2,mb-glass-4169,5.304465638552555,5.76813460129768,1.0,False
glass,2,mb-glass-4177,1.0977445307630453,5.989632489810849,1.0,False
glass,2,mb-glass-4178,-24.824417095639113,2.2019408536073057,0.0,False
glass,2,mb-glass-4185,17.935831228786135,-2.8628309060212556,1.0,False
glass,2,mb-glass-4255,0.6770087854846127,9.880016849472183,0.0,False
glass,2,mb-glass-4258,-3.1061827634118737,7.008744647857911,0.0,False
glass,2,mb-glass-4261,-6.469474726631175,12.176844339275553,0.0,False
glass,2,mb-glass-4279,-7.093486475888005,9.437119002985556,0.0,False
glass,2,mb-glass-4313,-4.251509797632553,7.38809623510919,0.0,False
glass,2,mb-glass-4322,-8.892333422033015,9.21078940608267,0.0,False
glass,2,mb-glass-4328,-18.22238486736914,5.950142683394645,0.0,False
glass,2,mb-glass-4341,2.2152987496853243,8.51568732864233,0.0,False
glass,2,mb-glass-4345,-1.1424978017584502,10.9052246213209,0.0,False
glass,2,mb-glass-4348,-1.2422971203146904,3.461513648624986,0.0,False
glass,2,mb-glass-4352,17.487973489535907,-3.0980586221318687,1.0,False
glass,2,mb-glass-4365,23.494364315574778,-7.35948430229614,1.0,False
glass,2,mb-glass-4366,-12.136162624908861,-5.427524621428502,0.0,False
glass,2,mb-glass-4369,20.10357694032773,2.490146296420693,1.0,False
glass,2,mb-glass-4383,9.795672058952917,0.9402082577729682,1.0,False
glass,2,mb-glass-4385,2.620349739770475,8.47967323323169,1.0,False
glass,2,mb-glass-4421,-6.325793788127423,13.794381235302241,0.0,False
glass,2,mb-glass-4428,-17.69234865860198,14.310271107611868,0.0,False
glass,2,mb-glass-4446,1.90537774082025,5.9456931900797185,1.0,False
glass,2,mb-glass-4447,-9.844742203388021,-8.621370126906346,0.0,False
glass,2,mb-glass-4477,11.828898974699843,0.22051771739647763,0.0,False
glass,2,mb-glass-4498,-1.3502890183150733,9.61188483919798,0.0,False
glass,2,mb-glass-4513,-4.181941841058694,12.373867428723285,0.0,False
glass,2,mb-glass-4516,-24.639152288703222,-5.123869350984087,0.0,False
glass,2,mb-glass-4563,-10.517097251479074,-8.594375820616786,0.0,False
glass,2,mb-glass-4566,14.70925439514366,5.765132163650529,1.0,False
glass,2,mb-glass-4592,-9.352080517731116,-4.313203908459289,0.0,False
glass,2,mb-glass-4600,12.094067298043015,5.644082658028654,1.0,False
glass,2,mb-glass-4607,-6.0666954818748335,-3.476795567884665,0.0,False
glass,2,mb-glass-4662,-9.841765283906222,18.10894720886215,0.0,False
glass,2,mb-glass-4675,-6.8268776081823725,-3.829855883283199,1.0,False
glass,2,mb-glass-4685,-6.956172303921802,-3.4382527273639205,0.0,False
glass,2,mb-glass-4719,-12.738393431761317,-6.571067968903973,0.0,False
glass,2,mb-glass-4728,24.75704086447371,-1.8449666050726046,0.0,False
glass,2,mb-glass-4730,17.842900955015345,-1.020313046720089,1.0,False
glass,2,mb-glass-4733,-8.948567148033574,-4.383862347830839,0.0,False
glass,2,mb-glass-4741,21.313093343880514,-5.794283587536837,1.0,False
glass,2,mb-glass-4774,25.196127216474434,-10.05712481813359,1.0,False
glass,2,mb-glass-4806,15.102203381184971,-12.275861070798332,1.0,False
glass,2,mb-glass-4830,15.738945514676438,-12.334657461259896,1.0,False
glass,2,mb-glass-4843,23.03841573697931,-4.937191674942281,1.0,False
glass,2,mb-glass-4867,11.154515986535035,11.098593078760478,1.0,False
glass,2,mb-glass-4926,-15.500074527771584,-9.297599183971874,0.0,False
glass,2,mb-glass-4930,9.063256028427164,-7.34878349796482,0.0,False
glass,2,mb-glass-4980,-17.629082930736782,-4.159490628571673,0.0,False
glass,2,mb-glass-5017,-2.886466533250608,13.43569605201653,1.0,False
glass,2,mb-glass-5070,17.30569309509895,3.842894623169505,1.0,False
glass,2,mb-glass-5088,24.248956719853815,-9.247803886040973,1.0,False
glass,2,mb-glass-5117,-11.768134864928953,15.882071338862689,0.0,False
glass,2,mb-glass-5166,21.621128065273844,-3.0579909744873115,0.0,False
glass,2,mb-glass-5181,14.162653608734932,3.998257252085705,1.0,False
glass,2,mb-glass-5193,21.48161630315912,-12.53380937310521,1.0,False
glass,2,mb-glass-5219,-13.540609744533826,18.118211735614903,0.0,False
glass,2,mb-glass-5221,-13.242093054952424,-8.94036690107572,0.0,False
glass,2,mb-glass-5232,3.876864348421146,-7.863732769511934,1.0,False
glass,2,mb-glass-5244,14.619926133056817,4.92035008702392,1.0,False
glass,2,mb-glass-5260,13.800189679670865,-11.898041797380356,1.0,False
glass,2,mb-glass-5287,22.7283359316255,-12.263058089419573,1.0,False
glass,2,mb-glass-5296,24.96874269001874,-11.902530806580602,1.0,False
glass,2,mb-glass-5307,3.7726033896339604,8.800667322118233,1.0,False
glass,2,mb-glass-5309,0.2390621505075962,7.825348409746679,0.0,False
glass,2,mb-glass-5324,7.804093650610798,-9.653765574331523,1.0,False
glass,2,mb-glass-5353,14.951293440166477,5.276993811135904,1.0,False
glass,2,mb-glass-5369,22.86909480111734,-13.414939379100344,1.0,False
glass,2,mb-glass-5386,21.214427904089703,-13.642575780910294,1.0,False
glass,2,mb-glass-5432,-2.2282572042142172,5.534899666057978,1.0,False
glass,2,mb-glass-5446,-5.9412123395058805,14.922878916174417,0.0,False
glass,2,mb-glass-5485,16.314164259175342,-13.339063597283321,1.0,False
glass,2,mb-glass-5496,24.202961464464885,-10.409543549556997,1.0,False
glass,2,mb-glass-5538,13.056170961096841,-11.776452133291349,1.0,False
glass,2,mb-glass-5557,19.47874575042084,-12.91584530682969,1.0,False
glass,2,mb-glass-5582,-18.437369587004493,-12.325784384114785,0.0,False
glass,2,mb-glass-5651,13.77182572094908,5.772945403963873,1.0,False
glass,2,mb-glass-5660,4.315327545638704,-8.732071292887339,1.0,False
glass,2,mb-glass-5663,3.5365296813699043,-8.07134046929698,1.0,False
glass,2,mb-glass-5680,19.545906673490098,-12.804610750291001,1.0,False
expt_is_metal,3,mb-expt-is-metal-0017,-5.332074586764186,-0.9335496588368436,0.0,True
expt_is_metal,3,mb-expt-is-metal-0019,-4.378326176782126,-2.1813079001218694,0.0,True
expt_is_metal,3,mb-expt-is-metal-0032,-2.374767611145357,-4.086419785004443,1.0,True
expt_is_metal,3,mb-expt-is-metal-0048,-3.8604028933142662,-1.9742798392016123,0.0,True
expt_is_metal,3,mb-expt-is-metal-0079,-4.493522963498473,-2.1408819061815425,0.0,True
expt_is_metal,3,mb-expt-is-metal-0122,5.58909075552317,-2.330995400787587,1.0,True
expt_is_metal,3,mb-expt-is-metal-0125,-2.633461127679705,-3.9004591432925966,0.0,True
expt_is_metal,3,mb-expt-is-metal-0178,-7.381701955244628,1.806451954108121,0.0,True
expt_is_metal,3,mb-expt-is-metal-0188,-1.7927935488983813,-3.640602486023911,1.0,True
expt_is_metal,3,mb-expt-is-metal-0191,-8.371815359948956,2.418635133597998,0.0,True
expt_is_metal,3,mb-expt-is-metal-0247,-7.637842086458028,1.9090369045913425,0.0,True
expt_is_metal,3,mb-expt-is-metal-0249,-6.844080906219013,0.7478239384936706,0.0,True
expt_is_metal,3,mb-expt-is-metal-0257,3.3376770716257216,-3.7322230438713055,1.0,True
expt_is_metal,3,mb-expt-is-metal-0291,-12.173576847557378,7.249446384679076,0.0,True
expt_is_metal,3,mb-expt-is-metal-0307,-9.171110383839794,3.55357138663957,0.0,True
expt_is_metal,3,mb-expt-is-metal-0328,5.110801815284712,-2.3267669995155043,1.0,True
expt_is_metal,3,mb-expt-is-metal-0351,5.644866374459385,-1.669626123384146,1.0,True
expt_is_metal,3,mb-expt-is-metal-0358,1.6495621992194986,-3.206957166590027,1.0,True
expt_is_metal,3,mb-expt-is-metal-0392,4.572434323175367,-3.0924531475047647,1.0,True
expt_is_metal,3,mb-expt-is-metal-0396,-9.590012615526962,4.16646051646947,0.0,True
expt_is_metal,3,mb-expt-is-metal-0434,-2.0472020973043485,-3.7130108188399085,0.0,True
expt_is_metal,3,mb-expt-is-metal-0441,-7.318133150272989,1.354332511851149,0.0,True
expt_is_metal,3,mb-expt-is-metal-0455,-7.322178344111298,1.2579323410514203,0.0,True
expt_is_metal,3,mb-expt-is-metal-0476,-1.6608522980096543,-3.996084049107305,1.0,True
expt_is_metal,3,mb-expt-is-metal-0497,-3.8184347772546934,-2.7538383712133254,0.0,True
expt_is_metal,3,mb-expt-is-metal-0501,-0.2494759826354151,-1.8112116530728517,1.0,True
expt_is_metal,3,mb-expt-is-metal-0510,-8.944888280099654,3.1428730931577595,0.0,True
expt_is_metal,3,mb-expt-is-metal-0523,-5.326934776879887,-0.7211573362962234,0.0,True
expt_is_metal,3,mb-expt-is-metal-0534,1.2142944569612217,-4.848112292959144,1.0,True
expt_is_metal,3,mb-expt-is-metal-0544,-1.381362534995342,-3.360434843101605,0.0,True
expt_is_metal,3,mb-expt-is-metal-0547,-10.69748929501602,5.531893461308522,0.0,True
expt_is_metal,3,mb-expt-is-metal-0559,-6.474243741711567,1.9599992228441738,0.0,True
expt_is_metal,3,mb-expt-is-metal-0564,3.719172653717993,-3.17878448091541,1.0,True
expt_is_metal,3,mb-expt-is-metal-0591,4.856904545520811,-3.0105578304590694,1.0,True
expt_is_metal,3,mb-expt-is-metal-0603,-2.8543351128653507,-3.034355690203215,0.0,True
expt_is_metal,3,mb-expt-is-metal-0668,2.8935796854831755,-4.234020528209466,1.0,True
expt_is_metal,3,mb-expt-is-metal-0671,4.117127841580943,-2.9454565967758732,1.0,True
expt_is_metal,3,mb-expt-is-metal-0698,-6.8314950237140994,0.5650601016078477,0.0,True
expt_is_metal,3,mb-expt-is-metal-0701,-10.179037204310402,4.829369921075196,0.0,True
expt_is_metal,3,mb-expt-is-metal-0709,-9.809662392706846,4.3328540243006035,0.0,True
expt_is_metal,3,mb-expt-is-metal-0710,-7.064933235270673,0.7760648585232286,0.0,True
expt_is_metal,3,mb-expt-is-metal-0716,-8.134334300309273,2.2757630615237425,0.0,True
expt_is_metal,3,mb-expt-is-metal-0717,-7.494661555016426,1.4394954167494882,0.0,True
expt_is_metal,3,mb-expt-is-metal-0734,-2.0585091940685554,-3.9280499668186253,0.0,True
expt_is_metal,3,mb-expt-is-metal-0749,-4.715008859132148,-1.421155620201926,0.0,True
expt_is_metal,3,mb-expt-is-metal-0765,-4.636046672560914,-1.7846623242350397,0.0,True
expt_is_metal,3,mb-expt-is-metal-0801,7.12126827535124,-0.47254016323669745,1.0,True
expt_is_metal,3,mb-expt-is-metal-0814,11.07413447722196,2.537578505035674,1.0,True
expt_is_metal,3,mb-expt-is-metal-0830,18.577799868024737,9.4651488766733,1.0,True
expt_is_metal,3,mb-expt-is-metal-0845,-3.805066960313465,-2.113276563618633,0.0,True
expt_is_metal,3,mb-expt-is-metal-0890,3.1339885724246543,-3.9063359705738634,1.0,True
expt_is_metal,3,mb-expt-is-metal-0894,8.302005706313842,0.6024542400037507,1.0,True
expt_is_metal,3,mb-expt-is-metal-0911,-2.8454441052488444,-3.6606665021965266,1.0,True
expt_is_metal,3,mb-expt-is-metal-0912,11.78493617807728,3.6349357223546788,1.0,True
expt_is_metal,3,mb-expt-is-metal-0918,3.2399484025707728,-3.4461089247264898,1.0,True
expt_is_metal,3,mb-expt-is-metal-0923,0.7623140591155814,-4.7317254476364035,1.0,True
expt_is_metal,3,mb-expt-is-metal-0928,-3.0808384559263278,-3.4284972553739275,0.0,True
expt_is_metal,3,mb-expt-is-metal-0932,-0.350431516856223,-4.557207739808444,0.0,True
expt_is_metal,3,mb-expt-is-metal-0960,6.433279071773092,-0.7535818337058262,1.0,True
expt_is_metal,3,mb-expt-is-metal-0968,3.8277308440854587,-3.5596196846918966,1.0,True
expt_is_metal,3,mb-expt-is-metal-0991,5.34938245736642,-2.492187431245971,1.0,True
expt_is_metal,3,mb-expt-is-metal-1002,-9.950455592663836,4.3707927917437726,0.0,True
expt_is_metal,3,mb-expt-is-metal-1007,-1.2177018928966985,-3.455379986366451,1.0,True
expt_is_metal,3,mb-expt-is-metal-1051,-13.306502875429604,8.37471074218885,0.0,True
expt_is_metal,3,mb-expt-is-metal-1060,0.5661625618415007,-4.084641572506537,1.0,True
expt_is_metal,3,mb-expt-is-metal-1061,-9.593913069851613,4.04847356496357,0.0,True
expt_is_metal,3,mb-expt-is-metal-1068,-9.721509561060143,4.8315473131882225,0.0,True
expt_is_metal,3,mb-expt-is-metal-1069,-16.46776345255019,12.922331480892185,0.0,True
expt_is_metal,3,mb-expt-is-metal-1072,-14.120348604920801,9.771888559110012,0.0,True
expt_is_metal,3,mb-expt-is-metal-1081,-13.465176119069666,9.357871854433675,0.0,True
expt_is_metal,3,mb-expt-is-metal-1092,-11.731878966191227,6.509597350779327,0.0,True
expt_is_metal,3,mb-expt-is-metal-1093,-12.847339620134608,8.059316371317163,0.0,True
expt_is_metal,3,mb-expt-is-metal-1100,-10.01587799733268,5.08427365060109,0.0,True
expt_is_metal,3,mb-expt-is-metal-1106,-7.209504651438363,1.403267440628727,1.0,True
expt_is_metal,3,mb-expt-is-metal-1130,-8.43324774396128,2.7520568474626823,0.0,True
expt_is_metal,3,mb-expt-is-metal-1169,-10.20657982514211,4.9012616171122865,0.0,True
expt_is_metal,3,mb-expt-is-metal-1173,-7.2448593575451445,1.2684402247456867,0.0,True
expt_is_metal,3,mb-expt-is-metal-1181,-2.1189144425571698,-4.518961722410272,0.0,True
expt_is_metal,3,mb-expt-is-metal-1204,1.230742585178269,-5.552346936129856,1.0,True
expt_is_metal,3,mb-expt-is-metal-1217,-4.609413703966362,-1.853900378817643,0.0,True
expt_is_metal,3,mb-expt-is-metal-1229,-2.3953713831768337,-3.4766140660297453,0.0,True
expt_is_metal,3,mb-expt-is-metal-1241,-5.667838253016996,-0.32594605635065393,0.0,True
expt_is_metal,3,mb-expt-is-metal-1243,12.505324160336624,4.1300507441352465,1.0,True
expt_is_metal,3,mb-expt-is-metal-1272,-10.119715421530945,4.879235083243851,0.0,True
expt_is_metal,3,mb-expt-is-metal-1296,6.664690082701679,-1.4240789486415857,1.0,True
expt_is_metal,3,mb-expt-is-metal-1317,9.069266739164467,0.6969435735926025,1.0,True
expt_is_metal,3,mb-expt-is-metal-1350,14.751467342100709,6.391960742895552,1.0,True
expt_is_metal,3,mb-expt-is-metal-1366,17.325053765062858,8.501309222160337,1.0,True
expt_is_metal,3,mb-expt-is-metal-1394,3.401312254860038,-3.712218687355876,1.0,True
expt_is_metal,3,mb-expt-is-metal-1395,4.389966672180937,-3.2736104271146265,1.0,True
expt_is_metal,3,mb-expt-is-metal-1413,-1.981693303603762,-4.366940338690095,0.0,True
expt_is_metal,3,mb-expt-is-metal-1468,0.7664439442422797,-4.979264527809637,1.0,True
expt_is_metal,3,mb-expt-is-metal-1474,6.714217241630305,-2.2388096206378743,1.0,True
expt_is_metal,3,mb-expt-is-metal-1479,-0.37146793532991534,-4.297425612512858,1.0,True
expt_is_metal,3,mb-expt-is-metal-1486,-4.083891267710794,-2.5973761450488735,0.0,True
expt_is_metal,3,mb-expt-is-metal-1503,-8.405213465468686,2.7904178161798194,0.0,True
expt_is_metal,3,mb-expt-is-metal-1528,-5.800238705109998,-0.3635342982742462,0.0,True
expt_is_metal,3,mb-expt-is-metal-1530,-5.994318017557209,-0.13634937592352114,0.0,True
expt_is_metal,3,mb-expt-is-metal-1559,-7.876675113448477,1.8586304461341392,0.0,True
expt_is_metal,3,mb-expt-is-metal-1592,-6.79637710728631,1.1574205699683282,0.0,True
expt_is_metal,3,mb-expt-is-metal-1597,-7.734703979629489,1.2807857729117418,0.0,True
expt_is_metal,3,mb-expt-is-metal-1612,-9.54873178207271,3.393604807478125,0.0,True
expt_is_metal,3,mb-expt-is-metal-1618,7.632143097202213,-0.430271871362017,1.0,True
expt_is_metal,3,mb-expt-is-metal-1630,-8.691540494573522,2.878722551164782,0.0,True
expt_is_metal,3,mb-expt-is-metal-1638,10.46217485768338,2.748437019080922,1.0,True
expt_is_metal,3,mb-expt-is-metal-1640,10.737789897981584,2.398914620398493,1.0,True
expt_is_metal,3,mb-expt-is-metal-1645,0.5894270724592728,-4.646086012869948,1.0,True
expt_is_metal,3,mb-expt-is-metal-1646,-3.817249930985212,-2.3632743788185264,1.0,True
expt_is_metal,3,mb-expt-is-metal-1683,-11.786538396804806,6.643983455625331,0.0,True
expt_is_metal,3,mb-expt-is-metal-1697,-5.133153393315926,-1.3076911009623808,0.0,True
expt_is_metal,3,mb-expt-is-metal-1698,-5.1676180858942145,-1.2602110563230473,0.0,True
expt_is_metal,3,mb-expt-is-metal-1730,4.2260910650886805,-3.2749024219915364,1.0,True
expt_is_metal,3,mb-expt-is-metal-1777,0.402335671575474,-5.3831303213500075,0.0,True
expt_is_metal,3,mb-expt-is-metal-1788,8.049375783820379,-0.04047679717234086,1.0,True
expt_is_metal,3,mb-expt-is-metal-1794,7.5944890366527495,-0.595501970224173,1.0,True
expt_is_metal,3,mb-expt-is-metal-1795,-8.046278507741336,2.0716793796778594,0.0,True
expt_is_metal,3,mb-expt-is-metal-1827,7.984831261190967,0.4762921187821175,1.0,True
expt_is_metal,3,mb-expt-is-metal-1884,-8.01091046184933,2.1394142291660363,0.0,True
expt_is_metal,3,mb-expt-is-metal-1896,-9.367970631908552,3.5880090061671783,0.0,True
expt_is_metal,3,mb-expt-is-metal-1900,-6.3736141974802285,-0.09017656305550835,0.0,True
expt_is_metal,3,mb-expt-is-metal-1963,-4.916022138339805,-1.62225919038995,0.0,True
expt_is_metal,3,mb-expt-is-metal-1989,-3.0020096228410895,-3.489443863776004,0.0,True
expt_is_metal,3,mb-expt-is-metal-1998,-7.964407452588317,2.2654136843809694,0.0,True
expt_is_metal,3,mb-expt-is-metal-2021,-3.0608130112436576,-3.4125993360002416,0.0,True
expt_is_metal,3,mb-expt-is-metal-2063,-9.09700267958595,3.951336171702496,0.0,True
expt_is_metal,3,mb-expt-is-metal-2067,-6.750659988249222,0.8988147670748768,0.0,True
expt_is_metal,3,mb-expt-is-metal-2123,-2.9762742594510745,-3.178464766822006,0.0,True
expt_is_metal,3,mb-expt-is-metal-2124,-8.829218100699416,3.7229145528778873,0.0,True
expt_is_metal,3,mb-expt-is-metal-2127,-6.440103179521772,0.7699629125847304,0.0,True
expt_is_metal,3,mb-expt-is-metal-2132,-4.220602965109826,-1.59498403936306,0.0,True
expt_is_metal,3,mb-expt-is-metal-2134,-9.579562965353537,4.068589769810908,0.0,True
expt_is_metal,3,mb-expt-is-metal-2139,-3.795037614068552,-2.2306795641903094,0.0,True
expt_is_metal,3,mb-expt-is-metal-2152,-5.404201423746291,-0.847096467288136,0.0,True
expt_is_metal,3,mb-expt-is-metal-2172,-7.620958031686757,1.8134447336317119,0.0,True
expt_is_metal,3,mb-expt-is-metal-2173,4.630732183313805,-3.1665464975823663,1.0,True
expt_is_metal,3,mb-expt-is-metal-2175,-5.3704725383489995,-1.0082314779886838,0.0,True
expt_is_metal,3,mb-expt-is-metal-2182,-9.86604085978963,4.493476536342961,0.0,True
expt_is_metal,3,mb-expt-is-metal-2196,-1.7416787187937488,-4.026803268339815,0.0,True
expt_is_metal,3,mb-expt-is-metal-2197,11.916035944773386,3.7663456221327145,1.0,True
expt_is_metal,3,mb-expt-is-metal-2199,-2.865628413338993,-3.1535411798014956,0.0,True
expt_is_metal,3,mb-expt-is-metal-2203,-6.077824466250397,0.06142711959863893,0.0,True
expt_is_metal,3,mb-expt-is-metal-2216,-5.83755218827234,-0.2862017658434881,0.0,True
expt_is_metal,3,mb-expt-is-metal-2217,-9.73449807421869,4.784414851314119,0.0,True
expt_is_metal,3,mb-expt-is-metal-2222,-8.462029723325134,3.108110541240011,0.0,True
expt_is_metal,3,mb-expt-is-metal-2241,-3.7233795288258436,-1.975650789829773,1.0,True
expt_is_metal,3,mb-expt-is-metal-2258,2.7968264725325223,-3.878821229025045,1.0,True
expt_is_metal,3,mb-expt-is-metal-2291,-3.605927347815363,-2.1460463384907955,0.0,True
expt_is_metal,3,mb-expt-is-metal-2299,-5.938819056723133,0.24322351658591454,0.0,True
expt_is_metal,3,mb-expt-is-metal-2325,-3.8115527976112986,-2.304274320432499,0.0,True
expt_is_metal,3,mb-expt-is-metal-2350,8.234180760716134,0.03514091121938939,1.0,True
expt_is_metal,3,mb-expt-is-metal-2359,-0.986106444537371,-5.1046507107232815,1.0,True
expt_is_metal,3,mb-expt-is-metal-2374,-0.22886202660853447,-5.10101142219011,0.0,True
expt_is_metal,3,mb-expt-is-metal-2379,-4.076067233313285,-1.9951343091683025,0.0,True
expt_is_metal,3,mb-expt-is-metal-2385,1.3456134104296071,-4.8488902166262,1.0,True
expt_is_metal,3,mb-expt-is-metal-2400,5.740473285174084,-2.3325310026851587,1.0,True
expt_is_metal,3,mb-expt-is-metal-2424,0.9659292966787039,-4.065245785946367,1.0,True
expt_is_metal,3,mb-expt-is-metal-2433,3.3622052548201817,-4.001436298524689,1.0,True
expt_is_metal,3,mb-expt-is-metal-2434,0.8834003880660688,-4.5734550970792105,1.0,True
expt_is_metal,3,mb-expt-is-metal-2460,-6.999129378034478,0.8642896737955444,0.0,True
expt_is_metal,3,mb-expt-is-metal-2469,1.5657823618987428,-4.223598927040693,1.0,True
expt_is_metal,3,mb-expt-is-metal-2484,1.5464689179947544,-4.858104124440502,1.0,True
expt_is_metal,3,mb-expt-is-metal-2527,10.279248097123743,0.8869852890701093,1.0,True
expt_is_metal,3,mb-expt-is-metal-2560,7.454030562138175,-1.4452226881396728,1.0,True
expt_is_metal,3,mb-expt-is-metal-2585,-5.302301022633266,-1.2178476652273864,0.0,True
expt_is_metal,3,mb-expt-is-metal-2587,-2.542674829528572,-2.5890629577172843,0.0,True
expt_is_metal,3,mb-expt-is-metal-2589,-2.1366379107571265,-3.756377309997832,0.0,True
expt_is_metal,3,mb-expt-is-metal-2603,-11.45176154843126,7.003001943982867,0.0,True
expt_is_metal,3,mb-expt-is-metal-2622,-6.236726637047841,0.11122386295861203,0.0,True
expt_is_metal,3,mb-expt-is-metal-2638,-10.07704655359038,5.244785307901395,0.0,True
expt_is_metal,3,mb-expt-is-metal-2648,20.15052271790614,10.471085519105129,1.0,True
expt_is_metal,3,mb-expt-is-metal-2679,-4.355739060875859,-2.068148102852409,0.0,True
expt_is_metal,3,mb-expt-is-metal-2680,11.92013828648481,3.285402787794917,1.0,True
expt_is_metal,3,mb-expt-is-metal-2683,6.585337971592895,-0.8178384896301742,1.0,True
expt_is_metal,3,mb-expt-is-metal-2698,7.8585389661209355,-0.09720985941138124,1.0,True
expt_is_metal,3,mb-expt-is-metal-2708,-0.16508435192473586,-4.9655615435583,0.0,True
expt_is_metal,3,mb-expt-is-metal-2717,12.513416710785302,3.918290880372718,1.0,True
expt_is_metal,3,mb-expt-is-metal-2724,9.854038495754724,1.2676116560630157,1.0,True
expt_is_metal,3,mb-expt-is-metal-2743,6.20741175905317,-1.2989596516783761,1.0,True
expt_is_metal,3,mb-expt-is-metal-2768,14.357230394220004,5.087895828723203,1.0,True
expt_is_metal,3,mb-expt-is-metal-2781,5.934312786618161,-1.7752888239365379,0.0,True
expt_is_metal,3,mb-expt-is-metal-2793,5.728401793787753,-2.0420447837142137,1.0,True
expt_is_metal,3,mb-expt-is-metal-2812,9.516967871879043,1.4193382681093023,1.0,True
expt_is_metal,3,mb-expt-is-metal-2842,8.332633340924446,0.8032839932357227,1.0,True
expt_is_metal,3,mb-expt-is-metal-2844,4.193362593234806,-3.3194207590684925,1.0,True
expt_is_metal,3,mb-expt-is-metal-2850,6.244708340762292,-1.9663550703788952,1.0,True
expt_is_metal,3,mb-expt-is-metal-2863,5.774565722788007,-2.6481160230210685,1.0,True
expt_is_metal,3,mb-expt-is-metal-2874,4.439354438153569,-3.4050106731810583,1.0,True
expt_is_metal,3,mb-expt-is-metal-2882,2.1219735785795537,-4.355028678506457,1.0,True
expt_is_metal,3,mb-expt-is-metal-2929,-6.5315935716616425,-0.23196498514650968,1.0,True
expt_is_metal,3,mb-expt-is-metal-2949,-6.341778173683363,0.08205669648444411,0.0,True
expt_is_metal,3,mb-expt-is-metal-2955,-9.35269564832945,3.755648779431095,0.0,True
expt_is_metal,3,mb-expt-is-metal-2977,2.5230458353283907,-3.8422591521833867,1.0,True
expt_is_metal,3,mb-expt-is-metal-2985,8.1643340770549,0.3492405409270816,1.0,True
expt_is_metal,3,mb-expt-is-metal-3011,2.9661383209874237,-3.5863758166249804,1.0,True
expt_is_metal,3,mb-expt-is-metal-3022,8.249892280219333,0.6543059516368307,1.0,True
expt_is_metal,3,mb-expt-is-metal-3040,-7.706556833226168,2.1527523648588267,0.0,True
expt_is_metal,3,mb-expt-is-metal-3043,-5.216210743360825,-1.262337531338785,0.0,True
expt_is_metal,3,mb-expt-is-metal-3049,-0.5926671066859391,-5.128789661941946,0.0,True
expt_is_metal,3,mb-expt-is-metal-3052,-4.202150558439622,-1.6570729536285445,0.0,True
expt_is_metal,3,mb-expt-is-metal-3055,8.309821883131315,-0.7560368376537229,1.0,True
expt_is_metal,3,mb-expt-is-metal-3057,-9.071069877464971,3.5306572820111497,0.0,True
expt_is_metal,3,mb-expt-is-metal-3110,17.42950436904118,8.487658490598687,1.0,True
expt_is_metal,3,mb-expt-is-metal-3132,8.530979187987631,0.5123119834909169,1.0,True
expt_is_metal,3,mb-expt-is-metal-3134,-2.813989861908511,-3.6518266803524813,0.0,True
expt_is_metal,3,mb-expt-is-metal-3136,3.2975692677576456,-4.012628631169922,1.0,True
expt_is_metal,3,mb-expt-is-metal-3139,-3.9401420308416797,-2.602038725936016,0.0,True
expt_is_metal,3,mb-expt-is-metal-3143,10.818420711181544,2.496527424178967,1.0,True
expt_is_metal,3,mb-expt-is-metal-3167,13.400185790886495,5.022461327617896,1.0,True
expt_is_metal,3,mb-expt-is-metal-3179,10.543560372227956,2.8470318923543547,1.0,True
expt_is_metal,3,mb-expt-is-metal-3182,13.292339986016808,5.003903069796802,1.0,True
expt_is_metal,3,mb-expt-is-metal-3200,-4.981576407236057,-1.4469868300556792,0.0,True
expt_is_metal,3,mb-expt-is-metal-3201,5.591074415469553,-1.881405384318045,1.0,True
expt_is_metal,3,mb-expt-is-metal-3210,9.422244921514034,1.463626553692808,1.0,True
expt_is_metal,3,mb-expt-is-metal-3214,7.0417082448118755,-0.8855306981671635,1.0,True
expt_is_metal,3,mb-expt-is-metal-3235,-5.081646699349087,-1.4583411400971082,0.0,True
expt_is_metal,3,mb-expt-is-metal-3246,-4.001997201894606,-2.503501742922135,0.0,True
expt_is_metal,3,mb-expt-is-metal-3331,9.71724304527132,1.482500868449852,1.0,True
expt_is_metal,3,mb-expt-is-metal-3339,17.0184342404084,8.470014769069381,1.0,True
expt_is_metal,3,mb-expt-is-metal-3358,11.151266818441501,2.798360571766615,1.0,True
expt_is_metal,3,mb-expt-is-metal-3364,6.850628642436724,-0.758421572625147,1.0,True
expt_is_metal,3,mb-expt-is-metal-3389,-6.122966157500298,0.5389514824410795,0.0,True
expt_is_metal,3,mb-expt-is-metal-3417,-6.99801955856509,1.0231607790794504,0.0,True
expt_is_metal,3,mb-expt-is-metal-3432,-7.444127103958365,1.4790735169065095,0.0,True
expt_is_metal,3,mb-expt-is-metal-3486,-6.299293170179568,0.18094203506863968,0.0,True
expt_is_metal,3,mb-expt-is-metal-3487,6.019517564158868,-2.338140019050232,1.0,True
expt_is_metal,3,mb-expt-is-metal-3505,-8.82896025175499,3.027791023347649,0.0,True
expt_is_metal,3,mb-expt-is-metal-3521,-10.010706416801732,5.048205657049124,0.0,True
expt_is_metal,3,mb-expt-is-metal-3527,1.041320184839021,-4.238467377358247,1.0,True
expt_is_metal,3,mb-expt-is-metal-3530,5.455426980229511,-2.4119138567289498,1.0,True
expt_is_metal,3,mb-expt-is-metal-3558,1.2372906053522283,-4.81411123474508,1.0,True
expt_is_metal,3,mb-expt-is-metal-3559,-2.9719651341361186,-3.3562446735665463,0.0,True
expt_is_metal,3,mb-expt-is-metal-3597,-5.349880517518613,-1.0903878501347242,0.0,True
expt_is_metal,3,mb-expt-is-metal-3616,4.807629267163932,-2.7809449150018066,1.0,True
expt_is_metal,3,mb-expt-is-metal-3654,3.1245362274978925,-3.294750167660319,1.0,True
expt_is_metal,3,mb-expt-is-metal-3657,-2.535574580236889,-3.1999560681406454,1.0,True
expt_is_metal,3,mb-expt-is-metal-3659,11.591707965037388,3.0503527718101147,1.0,True
expt_is_metal,3,mb-expt-is-metal-3663,3.036246808601357,-4.227611095054585,1.0,True
expt_is_metal,3,mb-expt-is-metal-3683,-9.158634687750931,4.502519792745323,0.0,True
expt_is_metal,3,mb-expt-is-metal-3697,-14.382911800495457,11.363528519009243,0.0,True
expt_is_metal,3,mb-expt-is-metal-3722,1.3840713363673243,-4.335434742611621,1.0,True
expt_is_metal,3,mb-expt-is-metal-3725,5.624187239309347,-2.089884502462962,1.0,True
expt_is_metal,3,mb-expt-is-metal-3736,6.993007084950854,-0.575029003875937,1.0,True
expt_is_metal,3,mb-expt-is-metal-3763,-3.6869694912581084,-2.24751062603014,0.0,True
expt_is_metal,3,mb-expt-is-metal-3778,-5.930419850035212,-0.4537350267359879,0.0,True
expt_is_metal,3,mb-expt-is-metal-3783,-10.289433779953063,5.510307940064283,0.0,True
expt_is_metal,3,mb-expt-is-metal-3786,-0.8412787770208456,-3.593108972100488,1.0,True
expt_is_metal,3,mb-expt-is-metal-3798,16.221102477448362,7.590933163977995,1.0,True
expt_is_metal,3,mb-expt-is-metal-3843,-7.884712054172077,2.113133937875283,0.0,True
expt_is_metal,3,mb-expt-is-metal-3861,-2.5167636056973715,-4.091414775748266,0.0,True
expt_is_metal,3,mb-expt-is-metal-3863,-4.420575572969939,-2.18028133625294,0.0,True
expt_is_metal,3,mb-expt-is-metal-3865,-3.718407122317221,-2.3734597820760537,0.0,True
expt_is_metal,3,mb-expt-is-metal-3866,1.1963065368276908,-4.655296916041972,1.0,True
expt_is_metal,3,mb-expt-is-metal-3883,14.908079589690017,5.841649671144822,1.0,True
expt_is_metal,3,mb-expt-is-metal-3897,-2.8809970878924207,-3.8329444175844865,0.0,True
expt_is_metal,3,mb-expt-is-metal-3908,5.732677151628699,-2.710218519924426,1.0,True
expt_is_metal,3,mb-expt-is-metal-3910,6.374794442276826,-2.1118975398527744,1.0,True
expt_is_metal,3,mb-expt-is-metal-3936,-0.6895914664592656,-5.143244966194115,0.0,True
expt_is_metal,3,mb-expt-is-metal-3948,6.9455956994702746,-1.5447213381826752,1.0,True
expt_is_metal,3,mb-expt-is-metal-3959,0.4417223043787546,-4.7018793374479975,0.0,True
expt_is_metal,3,mb-expt-is-metal-3962,8.181052381462408,0.05449984794550475,1.0,True
expt_is_metal,3,mb-expt-is-metal-3966,0.49832808106832643,-5.0045954479253965,1.0,True
expt_is_metal,3,mb-expt-is-metal-3983,-7.578956204943576,1.7372541745204955,0.0,True
expt_is_metal,3,mb-expt-is-metal-4012,-1.9123500374159328,-3.666584628085437,1.0,True
expt_is_metal,3,mb-expt-is-metal-4013,7.1477889845692335,-0.6540689725294779,1.0,True
expt_is_metal,3,mb-expt-is-metal-4017,3.9831588237223734,-3.4621488718532296,1.0,True
expt_is_metal,3,mb-expt-is-metal-4020,12.011879889468087,3.6487501148216324,1.0,True
expt_is_metal,3,mb-expt-is-metal-4023,8.78736851509919,0.699413930245711,1.0,True
expt_is_metal,3,mb-expt-is-metal-4024,12.246592916762607,4.013485959386147,1.0,True
expt_is_metal,3,mb-expt-is-metal-4035,-6.534131248387765,0.34793823256065914,0.0,True
expt_is_metal,3,mb-expt-is-metal-4039,22.72725918165222,13.463042001373529,1.0,True
expt_is_metal,3,mb-expt-is-metal-4043,23.692348290753202,14.142011957612594,1.0,True
expt_is_metal,3,mb-expt-is-metal-4074,10.559373085832672,2.4412240542042327,1.0,True
expt_is_metal,3,mb-expt-is-metal-4081,13.361024978959021,4.8041486642973625,1.0,True
expt_is_metal,3,mb-expt-is-metal-4085,15.781209736854828,7.32002527139788,1.0,True
expt_is_metal,3,mb-expt-is-metal-4089,3.8519879910509927,-2.456203797597826,1.0,True
expt_is_metal,3,mb-expt-is-metal-4094,5.013543274111769,-2.3894820099291536,1.0,True
expt_is_metal,3,mb-expt-is-metal-4104,-1.4537307892203182,-4.309799155873274,1.0,True
expt_is_metal,3,mb-expt-is-metal-4105,9.207633020742197,1.2757159528188184,1.0,True
expt_is_metal,3,mb-expt-is-metal-4145,-8.292452720300345,2.5525115497331194,0.0,True
expt_is_metal,3,mb-expt-is-metal-4171,8.52792856511347,0.9344946336010196,1.0,True
expt_is_metal,3,mb-expt-is-metal-4175,-2.215060135338575,-3.398028504414707,1.0,True
expt_is_metal,3,mb-expt-is-metal-4187,5.2894725743123825,-3.015231972197935,1.0,True
expt_is_metal,3,mb-expt-is-metal-4260,-6.5385439055902435,0.460365450313324,0.0,True
expt_is_metal,3,mb-expt-is-metal-4295,16.547314100836218,7.782890138987789,1.0,True
expt_is_metal,3,mb-expt-is-metal-4303,1.0955568735759582,-3.54466912603153,1.0,True
expt_is_metal,3,mb-expt-is-metal-4312,-4.660332552934981,-1.5259259059382806,0.0,True
expt_is_metal,3,mb-expt-is-metal-4324,-4.867278288580145,-1.4702249439272752,0.0,True
expt_is_metal,3,mb-expt-is-metal-4331,-6.3813327972783425,0.4742880947697027,0.0,True
expt_is_metal,3,mb-expt-is-metal-4332,-5.033238259282737,-1.2614567907109968,0.0,True
expt_is_metal,3,mb-expt-is-metal-4339,-4.138648497345905,-1.7897554185825955,0.0,True
expt_is_metal,3,mb-expt-is-metal-4420,7.6928265571489165,-0.32117535441675876,1.0,True
expt_is_metal,3,mb-expt-is-metal-4423,10.662667744155236,1.4620598476455555,1.0,True
expt_is_metal,3,mb-expt-is-metal-4426,2.2297163210162454,-4.593005576198153,1.0,True
expt_is_metal,3,mb-expt-is-metal-4446,11.57556357459089,2.756686080655703,1.0,True
expt_is_metal,3,mb-expt-is-metal-4450,9.09155470258555,0.596984652556897,1.0,True
expt_is_metal,3,mb-expt-is-metal-4463,-5.568035976855722,1.254746736357412,0.0,True
expt_is_metal,3,mb-expt-is-metal-4552,6.987408303094964,-0.9195943126603086,1.0,True
expt_is_metal,3,mb-expt-is-metal-4553,3.1791166252841117,-3.492244499637127,1.0,True
expt_is_metal,3,mb-expt-is-metal-4559,-19.267659638132244,16.458596268914334,0.0,True
expt_is_metal,3,mb-expt-is-metal-4573,3.116771823220264,-3.597731819295036,1.0,True
expt_is_metal,3,mb-expt-is-metal-4585,1.5610970269729565,-4.995775325626606,1.0,True
expt_is_metal,3,mb-expt-is-metal-4625,4.035851732105208,-3.2099557464605883,1.0,True
expt_is_metal,3,mb-expt-is-metal-4643,5.04324800172635,-2.6477873538508354,1.0,True
expt_is_metal,3,mb-expt-is-metal-4655,1.1856359889251231,-3.398009283490272,0.0,True
expt_is_metal,3,mb-expt-is-metal-4665,0.00771727123041482,-4.937071826233259,1.0,True
expt_is_metal,3,mb-expt-is-metal-4670,7.602523658202595,0.1734027266796396,1.0,True
expt_is_metal,3,mb-expt-is-metal-4677,8.090449180254321,0.6385058154171418,1.0,True
expt_is_metal,3,mb-expt-is-metal-4695,17.020796640165564,8.784293199902347,1.0,True
expt_is_metal,3,mb-expt-is-metal-4734,-9.098007081935716,3.197138624013565,0.0,True
expt_is_metal,3,mb-expt-is-metal-4738,-7.906429256742256,1.810465465085597,0.0,True
expt_is_metal,3,mb-expt-is-metal-4750,-6.952674048653276,0.6982885905019115,0.0,True
expt_is_metal,3,mb-expt-is-metal-4753,-10.799116808893073,4.801356237775368,0.0,True
expt_is_metal,3,mb-expt-is-metal-4759,-7.566954211841941,1.3943238628460566,0.0,True
expt_is_metal,3,mb-expt-is-metal-4774,-7.119920004235666,1.1520832395497091,0.0,True
expt_is_metal,3,mb-expt-is-metal-4796,-4.809442494583678,-1.718091832997334,0.0,True
expt_is_metal,3,mb-expt-is-metal-4802,5.916556776723307,-1.943598356813408,1.0,True
expt_is_metal,3,mb-expt-is-metal-4816,-4.207000788476445,-2.2790143302555426,0.0,True
expt_is_metal,3,mb-expt-is-metal-4817,-5.04888716935232,-1.5029756565477905,0.0,True
expt_is_metal,3,mb-expt-is-metal-4833,-3.156435406192282,-3.1662288782947,0.0,True
expt_is_metal,3,mb-expt-is-metal-4858,18.999456674361433,10.28385694131219,1.0,True
expt_is_metal,3,mb-expt-is-metal-4871,3.452918355186209,-3.5058372483177114,1.0,True
expt_is_metal,3,mb-expt-is-metal-4875,0.9695907756946845,-2.211636010554217,0.0,True
expt_is_metal,3,mb-expt-is-metal-4891,7.2619270068182855,-0.9887703570016109,1.0,True
expt_is_metal,3,mb-expt-is-metal-4896,10.775403445660292,2.9879535814772256,1.0,True
expt_is_metal,3,mb-expt-is-metal-4909,-1.5307971505843887,-4.810778499473436,0.0,True
jdft2d,0,mb-jdft2d-012,-4.365690900089141,-0.7534056071772876,57.381499999999974,False
jdft2d,0,mb-jdft2d-014,-1.9365880086053706,-4.401193597134947,88.70622750000001,False
jdft2d,0,mb-jdft2d-027,-6.754086696898226,1.08728501558488,70.60972727272753,False
jdft2d,0,mb-jdft2d-031,-12.712285476540721,14.584522953978757,25.958624999999902,False
jdft2d,0,mb-jdft2d-032,-0.18304262359491608,-4.398677501825992,49.874333333333354,False
jdft2d,0,mb-jdft2d-040,-0.5913221182000883,-2.575273167462716,110.77446153846138,False
jdft2d,0,mb-jdft2d-050,-3.4696960105556816,-4.522927984026883,85.46425000000025,False
jdft2d,0,mb-jdft2d-052,-7.823944311395443,-0.6019038331618586,72.20308333333358,False
jdft2d,0,mb-jdft2d-063,-3.4186035371272663,-3.643568245638654,78.65685000000022,False
jdft2d,0,mb-jdft2d-067,-3.320058919135239,-1.6339731263406103,72.30686000000031,False
jdft2d,0,mb-jdft2d-069,-9.700453586213369,2.995263972346142,52.27920000000008,False
jdft2d,0,mb-jdft2d-075,-12.57948821925037,16.572456789208303,37.42599999999996,False
jdft2d,0,mb-jdft2d-076,-10.972953846001333,8.198452656411849,40.42100000000026,False
jdft2d,0,mb-jdft2d-077,-6.434357887681304,-1.7269965194023336,57.605099999999965,False
jdft2d,0,mb-jdft2d-082,-9.509756895380871,3.1694274906573634,57.524499999999975,False
jdft2d,0,mb-jdft2d-094,-7.4318827811804224,0.7270923693294207,75.79157833333333,False
jdft2d,0,mb-jdft2d-098,19.06546683001943,5.387607796348466,245.36814285714303,False
jdft2d,0,mb-jdft2d-106,-2.6758536952490184,-0.75816879451802,71.7171999999997,False
jdft2d,0,mb-jdft2d-108,-2.057460573693253,-3.148770721993506,67.29823333333363,False
jdft2d,0,mb-jdft2d-109,-3.037973709496697,-3.1260887586280153,87.45933333333333,False
jdft2d,0,mb-jdft2d-112,3.608014739486043,-5.468908893973908,96.57843333333327,False
jdft2d,0,mb-jdft2d-113,15.234599142376494,0.10973065141852884,181.19376749999998,False
jdft2d,0,mb-jdft2d-124,-6.51837644309525,-2.393673142083116,65.11159999999938,False
jdft2d,0,mb-jdft2d-132,2.719640891893047,-0.8149129646309982,177.25290000000004,False
jdft2d,0,mb-jdft2d-134,-5.8441027205832885,-1.0014995460106804,65.97091249999998,False
jdft2d,0,mb-jdft2d-141,2.110841523340838,-4.703367578478638,88.91933333333313,False
jdft2d,0,mb-jdft2d-148,-5.092828204904897,-2.9846473691212565,75.37180000000009,False
jdft2d,0,mb-jdft2d-151,12.31183601737217,-2.8734570308017116,145.06616666666704,False
jdft2d,0,mb-jdft2d-155,4.157130715691795,-3.633430235672384,81.40550000000069,False
jdft2d,0,mb-jdft2d-160,2.6309246784737628,-4.161533268284134,91.88233333333429,False
jdft2d,0,mb-jdft2d-161,6.402283802647857,-3.294871966018188,100.42208333333357,False
jdft2d,0,mb-jdft2d-162,-0.42834212043475156,-2.17997615572566,79.63433333333381,False
jdft2d,0,mb-jdft2d-165,-8.833722799212072,1.5732845985314106,58.41826250000004,False
jdft2d,0,mb-jdft2d-168,-5.288586557262628,-2.388968103781003,50.56683333333378,False
jdft2d,0,mb-jdft2d-169,-0.054687556642246025,-4.577195673182043,85.56324999999987,False
jdft2d,0,mb-jdft2d-171,3.510766833027417,-4.90724036419642,95.44433333333302,False
jdft2d,0,mb-jdft2d-176,2.6651648484385224,-4.375137126094346,89.71833333333291,False
jdft2d,0,mb-jdft2d-179,3.3294619045700684,-4.56411104465231,98.26599999999974,False
jdft2d,0,mb-jdft2d-191,5.069412098394051,-3.999919163033243,124.3515833333333,False
jdft2d,0,mb-jdft2d-194,19.94905289995229,1.002990013140744,217.4879166666668,False
jdft2d,0,mb-jdft2d-204,-7.64188349768293,-1.304684603762917,67.41090000000005,False
jdft2d,0,mb-jdft2d-217,1.102673002978492,-3.9519812937959955,94.55812500000027,False
jdft2d,0,mb-jdft2d-220,-3.540314485132615,-3.77770629952389,61.32083333333327,False
jdft2d,0,mb-jdft2d-222,28.772955419585077,9.088160919217975,337.876975,False
jdft2d,0,mb-jdft2d-231,-6.496853778285669,-2.1503923208857563,68.52220000000031,False
jdft2d,0,mb-jdft2d-236,2.198474741018217,-4.372735494475519,93.97707142857126,False
jdft2d,0,mb-jdft2d-244,-8.678075266534396,9.691612236305524,75.92923333333346,False
jdft2d,0,mb-jdft2d-245,-13.1542592165193,12.734873570621893,44.69833333333284,False
jdft2d,0,mb-jdft2d-250,6.004952007081005,-4.3685064694448785,108.49149999999952,False
jdft2d,0,mb-jdft2d-256,-0.7921540133439294,-0.8509077867847049,76.99066666666621,False
jdft2d,0,mb-jdft2d-257,-6.45080142209359,-3.6328764595613627,72.04162500000022,False
jdft2d,0,mb-jdft2d-259,-0.09507094604378698,-5.856465122530977,84.25661666666662,False
jdft2d,0,mb-jdft2d-267,6.554740731271221,-4.249947998947361,122.45621428571462,False
jdft2d,0,mb-jdft2d-269,-0.7764304556673889,-1.983914354834881,54.97749999999968,False
jdft2d,0,mb-jdft2d-272,-2.441833678801304,-5.04030008661469,115.67568750000001,False
jdft2d,0,mb-jdft2d-273,2.6833832501229358,-5.344357065081472,94.75181818181832,False
jdft2d,0,mb-jdft2d-275,0.8836922583858593,-5.9602630169699795,95.51380555555555,False
jdft2d,0,mb-jdft2d-278,2.7961861239329044,-4.488707182937455,81.66932500000001,False
jdft2d,0,mb-jdft2d-287,0.9319960352331087,-4.0904842583429994,88.21197222222233,False
jdft2d,0,mb-jdft2d-288,4.253481410164308,-4.07915293328755,131.39466666666655,False
jdft2d,0,mb-jdft2d-295,5.861652916728362,-5.279884872461677,178.34704166666683,False
jdft2d,0,mb-jdft2d-301,20.521630631083426,1.222274281709907,144.3219,False
jdft2d,0,mb-jdft2d-303,-5.249811262447401,2.3628335832321548,70.35500000000106,False
jdft2d,0,mb-jdft2d-309,1.386791514944878,-4.375937205813007,130.8497499999999,False
jdft2d,0,mb-jdft2d-310,-9.21133742480715,3.803870002619437,51.92439999999987,False
jdft2d,0,mb-jdft2d-316,50.191628987245586,25.588071551683814,626.81875,False
jdft2d,0,mb-jdft2d-320,-7.813724418000874,-1.0023440969322945,66.6280833333337,False
jdft2d,0,mb-jdft2d-328,-0.7785881719089464,-1.9804758733140821,107.71333333333376,False
jdft2d,0,mb-jdft2d-334,-0.3954753624961234,1.23697258832848,199.7194999999996,False
jdft2d,0,mb-jdft2d-340,2.5227755251372543,-4.6140158689349855,83.68149999999997,False
jdft2d,0,mb-jdft2d-341,19.357900309602105,0.413599076086292,138.2427500000001,False
jdft2d,0,mb-jdft2d-345,-4.7722483764202135,2.6271037995456608,69.04037500000015,False
jdft2d,0,mb-jdft2d-352,1.0851496747936338,-4.933349065648313,86.83066666666583,False
jdft2d,0,mb-jdft2d-355,-10.295796534620257,3.0010294672434834,55.48950000000019,False
jdft2d,0,mb-jdft2d-356,16.284852465392753,3.79318222472615,8.219500000000046,False
jdft2d,0,mb-jdft2d-357,3.36470887771501,-4.313456535752036,96.62900000000008,False
jdft2d,0,mb-jdft2d-364,12.725909826351604,-0.1886569566258496,124.7999666666667,False
jdft2d,0,mb-jdft2d-367,11.899528731386816,-0.2381310270252565,94.14066666666665,False
jdft2d,0,mb-jdft2d-370,-6.574885551245094,-2.7802082344295003,69.31274999999992,False
jdft2d,0,mb-jdft2d-373,-7.180290042394428,4.5964126352980195,57.285714285714384,False
jdft2d,0,mb-jdft2d-374,7.089182151860288,-3.7841855279968923,221.35380000000015,False
jdft2d,0,mb-jdft2d-376,-11.226500342647205,7.133719929869319,39.039999999999964,False
jdft2d,0,mb-jdft2d-382,-6.618153684388118,-3.543876217458197,73.84700000000022,False
jdft2d,0,mb-jdft2d-385,-1.764967568706448,-5.779560488100603,90.03875000000016,False
jdft2d,0,mb-jdft2d-392,-5.198269382629072,-4.250367162717046,71.89406249999996,False
jdft2d,0,mb-jdft2d-395,17.404063913349095,1.6645393451162054,110.65419999999997,False
jdft2d,0,mb-jdft2d-398,15.003664766360949,-1.9405393677789242,223.31262500000014,False
jdft2d,0,mb-jdft2d-399,-2.7096654919377356,-4.20471679104671,86.92111111111123,False
jdft2d,0,mb-jdft2d-402,3.6368788650574064,-3.860972176750786,66.55694999999983,False
jdft2d,0,mb-jdft2d-403,15.771671203038384,-1.0851915710389264,255.47814999999986,False
jdft2d,0,mb-jdft2d-407,-3.778683529164177,-6.081794372838719,82.42210000000006,False
jdft2d,0,mb-jdft2d-419,-7.479947398752699,3.4704346124532086,62.06466666666621,False
jdft2d,0,mb-jdft2d-420,-2.2909182935849137,1.5422524701425504,139.05244444444432,False
jdft2d,0,mb-jdft2d-422,12.327918300988085,0.19678398410709697,100.08483333333307,False
jdft2d,0,mb-jdft2d-427,-8.612401132552144,7.149367972268028,61.175999999999675,False
jdft2d,0,mb-jdft2d-428,25.895931864164485,10.578909083664765,216.90200000000016,False
jdft2d,0,mb-jdft2d-431,-7.902689540456225,2.1738981627246163,52.16733333333323,False
jdft2d,0,mb-jdft2d-438,14.815749692137711,0.311362321834751,118.68168333333328,False
jdft2d,0,mb-jdft2d-441,-6.629909360271139,1.0092471722512388,56.424166666666494,False
jdft2d,0,mb-jdft2d-448,-6.882549112103524,-2.195938340473823,71.72643333333362,False
jdft2d,0,mb-jdft2d-449,-9.510829782674202,5.118358749079533,82.79700000000022,False
jdft2d,0,mb-jdft2d-452,-9.734913137805401,4.596201856066421,40.03583333333349,False
jdft2d,0,mb-jdft2d-456,-7.987567018274027,6.9732872281166705,55.68366666666691,False
jdft2d,0,mb-jdft2d-457,-10.50318778615536,6.175997776113871,57.392166666666796,False
jdft2d,0,mb-jdft2d-465,12.109977489649049,-0.6493641474661436,101.4872,False
jdft2d,0,mb-jdft2d-492,-7.758930519756532,1.5536611140973293,124.49233333333298,False
jdft2d,0,mb-jdft2d-498,-10.152468790120906,0.1983585742921084,55.293999999999954,False
jdft2d,0,mb-jdft2d-500,-8.032465116023484,3.9607369711470843,51.42549999999879,False
jdft2d,0,mb-jdft2d-507,19.284029739934944,1.4444462795322925,62.388999999999584,False
jdft2d,0,mb-jdft2d-510,22.272223596837723,2.156092682455862,248.56331500000002,False
jdft2d,0,mb-jdft2d-512,3.667123423654248,-4.481319800346812,173.32328333333348,False
jdft2d,0,mb-jdft2d-518,-12.79981283503529,15.082434115643604,29.345277777777845,False
jdft2d,0,mb-jdft2d-522,1.1901797709633235,-2.2509905535196455,100.06896428571422,False
jdft2d,0,mb-jdft2d-527,-13.307655593316978,10.176813513170547,55.33700000000019,False
jdft2d,0,mb-jdft2d-543,8.72780448820529,-2.8425220432321807,96.13792857142877,False
jdft2d,0,mb-jdft2d-545,-2.8035442990604187,-2.7965131063698805,88.29246428571436,False
jdft2d,0,mb-jdft2d-553,-7.655094012313521,-1.3356566224950492,0.026500000000151402,False
jdft2d,0,mb-jdft2d-554,-11.75963822259793,6.13603463805977,44.67241666666677,False
jdft2d,0,mb-jdft2d-556,-9.50755593325013,4.799048145770591,43.9449999999999,False
jdft2d,0,mb-jdft2d-565,-10.621104743638746,4.527388738414346,18.3027499999997,False
jdft2d,0,mb-jdft2d-566,-6.329686306933578,-2.2811633321049007,74.05980000000012,False
jdft2d,0,mb-jdft2d-568,0.22539201087184815,-2.7010395468242563,59.729500000000435,False
jdft2d,0,mb-jdft2d-570,-1.290262156523835,-4.217521076636046,78.64068181818196,False
jdft2d,0,mb-jdft2d-586,-5.78764314041978,-2.025279940387275,81.51914444444441,False
jdft2d,0,mb-jdft2d-590,-5.67291782534176,-3.6999232426602964,36.44924999999999,False
jdft2d,0,mb-jdft2d-604,-13.1541617732295,12.60951317700316,41.64333333333303,False
jdft2d,0,mb-jdft2d-618,-3.4799883325182392,-2.266534359091012,38.10918749999992,False
jdft2d,0,mb-jdft2d-631,-1.2513903778588553,-3.2083891018652255,76.49268750000005,False
dielectric,4,mb-dielectric-0020,0.45317330781301035,-0.3020403304381445,2.5537053471377607,False
dielectric,4,mb-dielectric-0034,-1.870738349882964,0.2534543070087032,1.8898024588123843,False
dielectric,4,mb-dielectric-0056,8.850964712960637,-2.3233509841077753,4.852215988597375,False
dielectric,4,mb-dielectric-0058,-2.1202044600152234,0.3080059274423994,1.8015767168418597,False
dielectric,4,mb-dielectric-0060,1.4367506154107041,-0.5447025886132436,2.758195303696484,False
dielectric,4,mb-dielectric-0063,3.4892400523305653,-1.0679776136102705,3.1325708292059513,False
dielectric,4,mb-dielectric-0091,4.38535732905999,-1.1894752439688563,4.026095378900008,False
dielectric,4,mb-dielectric-0097,0.5829737555940383,-0.24330244097563022,2.454645120311013,False
dielectric,4,mb-dielectric-0100,0.06946459960812443,-0.21635197258122996,2.3709354693875584,True
dielectric,4,mb-dielectric-0101,-2.7554341745912434,0.44450118922721377,1.6240468999795952,False
dielectric,4,mb-dielectric-0104,-0.32970603942866433,-0.15239849296863187,2.271348718272904,False
dielectric,4,mb-dielectric-0137,0.11107076752560786,-0.2728015397131374,2.5115599402230737,False
dielectric,4,mb-dielectric-0153,-3.15458004399629,0.5412501073845483,1.4748881313509725,False
dielectric,4,mb-dielectric-0154,-0.3965596435379063,-0.12727607169159752,2.270900995933846,False
dielectric,4,mb-dielectric-0196,0.14791211831230436,-0.2466123417564232,2.4576931595841387,False
dielectric,4,mb-dielectric-0201,1.4728888271337366,-0.5479356281549095,2.781247561796684,False
dielectric,4,mb-dielectric-0211,-2.4730495618860306,0.3807597576645903,1.7136056528073587,False
dielectric,4,mb-dielectric-0306,-1.9481730318786257,0.2581925694989453,1.869856678999754,False
dielectric,4,mb-dielectric-0322,-0.9186461866042704,0.035707054786962594,2.202091203076447,False
dielectric,4,mb-dielectric-0327,-0.41833301410520796,-0.10135751482857039,2.3125022522511554,False
dielectric,4,mb-dielectric-0333,1.1830773333714568,-0.5186104231855473,2.6651184463984583,False
dielectric,4,mb-dielectric-0341,2.3840131003120373,-0.8302267078139064,2.852917045177911,False
dielectric,4,mb-dielectric-0363,-2.261800139655294,0.2576468695400617,1.7300095231892412,False
dielectric,4,mb-dielectric-0394,2.9558918333483635,-0.8854494423794025,3.2736348808829208,False
dielectric,4,mb-dielectric-0399,3.280700842900491,-0.9905520811595382,3.236760726405336,False
dielectric,4,mb-dielectric-0400,-3.028038214582803,0.5129862561388467,1.5703709752794084,False
dielectric,4,mb-dielectric-0411,-1.334234899882657,0.12412963692118789,2.032404159281974,False
dielectric,4,mb-dielectric-0431,-2.281248470858023,0.3519760806142751,1.800725779604805,False
dielectric,4,mb-dielectric-0442,-0.25482641975463444,-0.17822255010158847,2.3507873149223855,False
dielectric,4,mb-dielectric-0456,1.8146126651773762,-0.15398898670339095,8.322433898806286,True
dielectric,4,mb-dielectric-0468,-2.0538817067191233,0.2880058612701208,1.7818750423827892,False
dielectric,4,mb-dielectric-0481,-1.3761005861005344,0.12464193734152385,2.0124451959411633,False
dielectric,4,mb-dielectric-0495,0.446396109409537,-0.330075446694347,2.548506229146792,False
dielectric,4,mb-dielectric-0513,-2.7449006049394242,0.454773463424332,1.6560536424484178,False
dielectric,4,mb-dielectric-0528,-2.47367369013237,0.38506279747311806,1.7308339993579203,False
dielectric,4,mb-dielectric-0539,2.1001664459260674,-0.6068880960223103,2.800877362541969,False
dielectric,4,mb-dielectric-0542,-2.3087072103938375,0.34668709185717644,1.7643505887436313,False
dielectric,4,mb-dielectric-0559,-2.595767458195907,0.4195028962397747,1.6972034841664292,False
dielectric,4,mb-dielectric-0626,-0.4017256380628775,-0.10196210119126381,2.3170745923829665,False
dielectric,4,mb-dielectric-0643,-1.0324619499072412,0.045784174154951486,2.090681866441345,False
dielectric,4,mb-dielectric-0646,-3.5103300804759234,0.6300196834260112,1.4292189008919054,False
dielectric,4,mb-dielectric-0647,-1.6938386212468222,0.3432029594695666,2.0031853800052226,False
dielectric,4,mb-dielectric-0659,0.891123158656962,-0.3736378036695589,2.6576186709157508,False
dielectric,4,mb-dielectric-0670,2.4675583791355606,0.5177253330925254,2.8642106533330756,True
dielectric,4,mb-dielectric-0684,-1.9227108661477066,0.23682737216632677,1.8626207343418038,False
dielectric,4,mb-dielectric-0690,2.7080501262661847,-0.6999360047567842,3.3130046785358043,False
dielectric,4,mb-dielectric-0693,-1.3783569052122568,0.11641102620837497,2.0121631809241114,False
dielectric,4,mb-dielectric-0696,-1.2490690971163547,0.08693422787227739,2.070657142068659,False
dielectric,4,mb-dielectric-0700,3.9569351794666807,-1.3354118058641806,3.514626106240422,False
dielectric,4,mb-dielectric-0701,2.9231765376137524,-1.0306390707834452,3.259093278812375,False
dielectric,4,mb-dielectric-0705,-1.6525304856853393,0.20069345134643218,1.9445047355732168,False
dielectric,4,mb-dielectric-0708,0.08293327730925612,-0.20434320700677056,2.5031388961328798,False
dielectric,4,mb-dielectric-0718,0.4845472077650174,-0.3079122612216132,2.538092656569759,False
dielectric,4,mb-dielectric-0798,-2.725690644102696,0.4710264504184204,1.648181118688113,False
dielectric,4,mb-dielectric-0804,-1.7590092211108208,0.20763963994107437,1.8697029175780842,False
dielectric,4,mb-dielectric-0816,-2.69539075851032,0.4372474648332945,1.6422428768810862,False
dielectric,4,mb-dielectric-0851,-2.0206567610165136,0.2906374307564987,1.818178942421968,False
dielectric,4,mb-dielectric-0859,-1.3011154904023154,0.09993520186073802,2.0569959487887512,False
dielectric,4,mb-dielectric-0873,-3.4045572289281476,0.6011139070638574,1.47347175066236,False
dielectric,4,mb-dielectric-0881,-2.0743683765564866,0.2925541982299826,1.8426869873457439,True
dielectric,4,mb-dielectric-0882,-0.5494141373637904,-0.0571493690336636,2.29217487698183,False
dielectric,4,mb-dielectric-0896,2.6045850605710923,-0.9274274762531465,3.0769890044219093,False
dielectric,4,mb-dielectric-0918,-1.7287533233639545,0.257317084980819,1.9716058219143542,False
dielectric,4,mb-dielectric-0933,-2.0898551534010488,0.2555468261560755,1.7917728650696771,False
dielectric,4,mb-dielectric-0938,1.5289991852781748,-0.5643812401384226,2.882288327006858,False
dielectric,4,mb-dielectric-0946,-1.3414952347603581,0.14279479586041463,2.010650972529378,False
dielectric,4,mb-dielectric-0947,0.6772520353853099,-0.43372024855723057,2.564470380669922,False
dielectric,4,mb-dielectric-0969,-2.7759630935639694,0.45541311841573723,1.8491408815988033,False
dielectric,4,mb-dielectric-0971,2.945695569531027,-0.16912644514599523,2.71209175115199,True
dielectric,4,mb-dielectric-1002,-1.2837347104967265,0.10155178149841461,2.029869043395006,False
dielectric,4,mb-dielectric-1014,0.13733819407805728,-0.2958008022887988,2.261489184880912,True
dielectric,4,mb-dielectric-1023,-1.1194331687776033,0.08176353331014403,2.247837350759881,False
dielectric,4,mb-dielectric-1058,-4.197041158803908,1.0667294556935734,1.4029730337156638,False
dielectric,4,mb-dielectric-1104,-3.768281073582606,0.7542999490684948,1.3670726632723826,False
dielectric,4,mb-dielectric-1105,-3.542401466907776,0.6600954159025505,1.4124446891825535,False
dielectric,4,mb-dielectric-1125,-2.0070975386737833,0.2180509328962232,1.8703325907442234,False
dielectric,4,mb-dielectric-1127,-2.48101970967255,0.38189221056978306,1.702366783823823,False
dielectric,4,mb-dielectric-1137,-2.4228641764656618,0.3762416756087384,1.7397317800933187,False
dielectric,4,mb-dielectric-1149,-2.4759469057616745,0.377509871678624,1.7524414398204657,False
dielectric,4,mb-dielectric-1150,6.1463614108927365,-1.7100560878031674,4.176761105609625,False
dielectric,4,mb-dielectric-1185,5.985143096420476,-1.6504323010468047,4.110912753472964,False
dielectric,4,mb-dielectric-1190,-0.8426866632473745,0.06173293786191895,2.1354795714312043,False
dielectric,4,mb-dielectric-1210,-3.5037692438162926,0.6399192431188998,1.5127701962514553,False
dielectric,4,mb-dielectric-1218,-3.3093146127242337,0.5813740647945019,1.4815532390029094,False
dielectric,4,mb-dielectric-1264,-0.06787765905491218,-0.17426220486977217,2.316053899775795,False
dielectric,4,mb-dielectric-1270,-2.8479449728118693,0.485277105743058,1.5631165450257807,False
dielectric,4,mb-dielectric-1296,-1.8636673582591703,0.2665088858442271,1.8274754900317178,False
dielectric,4,mb-dielectric-1308,-2.5638065243593244,0.46172453236638544,1.557654647218054,False
dielectric,4,mb-dielectric-1354,11.105813869398862,-2.643597234857565,6.536015529357317,False
dielectric,4,mb-dielectric-1383,1.972552269434769,-0.667696468829414,2.9553537295333476,False
dielectric,4,mb-dielectric-1391,5.065325097649813,-1.4576291351000985,3.9301399466158076,False
dielectric,4,mb-dielectric-1400,6.671177340449369,-1.9020382719834164,1.0000000000000016,False
dielectric,4,mb-dielectric-1437,14.33383502313073,-3.4700554134648134,5.444967095094944,True
dielectric,4,mb-dielectric-1439,38.67006506547421,-7.470648980999372,1.0,True
dielectric,4,mb-dielectric-1562,-1.0877825629908238,0.04394351370362109,2.1109744195513125,False
dielectric,4,mb-dielectric-1570,-1.1094288040335643,0.1918837298210895,2.0549939172659366,False
dielectric,4,mb-dielectric-1639,2.248706901684436,-0.5895754178454709,2.8633229530273616,True
dielectric,4,mb-dielectric-1649,0.9167455108933519,-0.3730246287981223,2.6875973160675155,False
dielectric,4,mb-dielectric-1667,-2.4969179840282623,0.3974292207071603,1.6992752376626206,False
dielectric,4,mb-dielectric-1669,-2.666783236376387,0.4251675970358679,1.662063195145829,False
dielectric,4,mb-dielectric-1683,-2.3238836672660015,0.3643120948220011,1.7493558814603722,False
dielectric,4,mb-dielectric-1687,13.50220970408351,-3.0149857807391576,6.347627115702377,False
dielectric,4,mb-dielectric-1695,-3.3275817297969494,0.582462171313444,1.4645236995920095,False
dielectric,4,mb-dielectric-1700,-1.4878922347580992,0.15572972557926115,1.9833143136342932,False
dielectric,4,mb-dielectric-1707,-3.2260013499162237,0.5593689191407826,1.5142806873231924,False
dielectric,4,mb-dielectric-1721,-2.8741602873766747,0.48350804651326823,1.6146900631390535,False
dielectric,4,mb-dielectric-1760,-3.0856813033255888,0.5307299044322803,1.560350922068494,False
dielectric,4,mb-dielectric-1778,-3.871460966584211,0.8309726460009614,1.3355908804720116,False
dielectric,4,mb-dielectric-1805,0.9934414215930957,-0.4553111114563503,2.6926501815126294,False
dielectric,4,mb-dielectric-1823,8.185222736154934,-2.052835817054316,4.5930006531678185,False
dielectric,4,mb-dielectric-1827,-2.898373086341645,0.4885483826746326,1.6350730870514623,False
dielectric,4,mb-dielectric-1834,0.002928722849515012,-0.2088887965914948,2.3826490859265603,False
dielectric,4,mb-dielectric-1837,-2.058091009206379,0.2892440740891453,1.8216138449188402,False
dielectric,4,mb-dielectric-1857,-1.0633125364062173,0.05253593756797872,2.1055046900921406,False
dielectric,4,mb-dielectric-1897,-1.3807183496998767,0.1258564961752825,2.028983325050586,False
dielectric,4,mb-dielectric-1970,-2.6584522876453787,0.4307637575315386,1.5028350985165784,False
dielectric,4,mb-dielectric-2006,-3.1120355596238225,0.5399871855977311,1.5550667724141836,False
dielectric,4,mb-dielectric-2033,-3.033830370584792,0.5191166621166305,1.571936491507635,False
dielectric,4,mb-dielectric-2070,2.430947800740208,-0.7493352493886251,3.085034359614168,False
dielectric,4,mb-dielectric-2117,-0.29107571900499885,-0.13741918388674856,2.3796627912374477,False
dielectric,4,mb-dielectric-2130,1.436181672147498,-0.4864647158871459,3.204140033530118,False
dielectric,4,mb-dielectric-2140,-2.3430444871324485,0.3595289232384217,1.7866726057115223,False
dielectric,4,mb-dielectric-2154,-1.5601872300842263,0.18531441550342187,1.994709586213826,False
dielectric,4,mb-dielectric-2155,-2.2703298327982817,0.3241544296278815,1.760864371078401,False
dielectric,4,mb-dielectric-2159,-1.4334759347328576,0.14045826588871482,1.9911048021973463,False
dielectric,4,mb-dielectric-2162,-0.7361753929544939,0.00986110429716638,2.1977201823708126,False
dielectric,4,mb-dielectric-2188,-2.7119101755997295,0.4421246279156346,1.7042262173784324,False
dielectric,4,mb-dielectric-2191,-1.5599340341345587,0.1850793293426851,2.0010811244591427,False
dielectric,4,mb-dielectric-2198,2.938848305131121,-0.9231824744420776,3.1844128187155634,False
dielectric,4,mb-dielectric-2214,-2.1596695944722235,0.31804875142914774,1.8176908428002858,True
dielectric,4,mb-dielectric-2215,-3.1815576432365282,0.5488499805600932,1.5238585892398284,False
dielectric,4,mb-dielectric-2272,-2.823880080931966,0.45441089472072893,1.6624996408240418,False
dielectric,4,mb-dielectric-2295,-0.793651775168763,-0.04104689197463602,2.0134313166002626,False
dielectric,4,mb-dielectric-2341,-1.6704248586584292,0.21867722009377877,1.930354544291454,False
dielectric,4,mb-dielectric-2406,-3.2328603919620176,0.5846376973232051,1.5517731793028926,False
dielectric,4,mb-dielectric-2409,0.12596089030592356,-0.21958100904290195,2.430172147537426,False
dielectric,4,mb-dielectric-2411,-2.1285662289159886,0.3126088865177952,1.7971208455007508,False
dielectric,4,mb-dielectric-2422,-2.7425516985438163,0.44114064433576927,1.653880688965602,False
dielectric,4,mb-dielectric-2430,-1.8930513641684446,0.2474351220179929,1.8669381350221543,False
dielectric,4,mb-dielectric-2440,-2.873879739508293,0.48075965402366105,1.5989401698208305,False
dielectric,4,mb-dielectric-2458,-1.3107547281043948,0.09302345673711454,1.8704099372419227,False
dielectric,4,mb-dielectric-2463,0.8899836594980829,-0.415892353194851,2.784912925030152,False
dielectric,4,mb-dielectric-2464,0.09158390048979893,-0.2581981178496081,2.501834127195485,False
dielectric,4,mb-dielectric-2465,0.5000317182248925,-0.31427765655041956,2.5662395965043228,False
dielectric,4,mb-dielectric-2512,-1.6222857234988959,0.19185305964207372,1.9911811402615616,False
dielectric,4,mb-dielectric-2516,-3.4271035414487545,0.6137290635637088,1.464727164582765,False
dielectric,4,mb-dielectric-2525,-3.0145140484357906,0.5039829196915135,1.5597008260114076,False
dielectric,4,mb-dielectric-2526,-0.5886387895186944,-0.07256994344756743,2.225551916566615,False
dielectric,4,mb-dielectric-2534,3.42141662087972,-1.0085038297646838,3.357938554133076,False
dielectric,4,mb-dielectric-2573,-2.329016787143163,0.3588081289838697,1.7530597061518849,False
dielectric,4,mb-dielectric-2602,-2.325588224666653,0.3384224811205616,1.7756092851000003,False
dielectric,4,mb-dielectric-2604,1.8052854465783796,-0.6129766277213299,3.051632350071024,False
dielectric,4,mb-dielectric-2625,-1.720504718167554,0.21382862001093253,1.9291722750098466,False
dielectric,4,mb-dielectric-2642,-1.3737085485333809,0.1324947424900743,1.9724261709884099,False
dielectric,4,mb-dielectric-2657,0.45466107572380915,-0.2528544204995787,2.5637419916988526,False
dielectric,4,mb-dielectric-2677,-2.0284543523263223,0.2781930804333125,1.8725205826335298,False
dielectric,4,mb-dielectric-2706,7.182442388515008,-1.8052981865048041,4.28752947511734,True
dielectric,4,mb-dielectric-2713,-2.9080108001338627,0.4738729875605878,1.6003398597381329,False
dielectric,4,mb-dielectric-2718,3.0934109436785255,-1.0135766165632176,3.2537904050506965,False
dielectric,4,mb-dielectric-2727,-1.269477330910104,0.10263384408413083,2.0425869218550607,False
dielectric,4,mb-dielectric-2731,-1.4824895282325612,0.23625495189821596,2.026630454720347,False
dielectric,4,mb-dielectric-2742,-3.1459780011357092,0.5334531883167111,1.5743781841306956,False
dielectric,4,mb-dielectric-2747,-1.5201888935161882,0.1741986334312582,2.0084113954400213,False
dielectric,4,mb-dielectric-2748,0.5325057192871681,-0.3380203383471419,2.522955872252492,False
dielectric,4,mb-dielectric-2772,-0.9008191039186872,-0.006219946415849611,2.1487383895362098,False
dielectric,4,mb-dielectric-2780,6.826144489142406,-1.8893319925427792,4.412029011690666,False
dielectric,4,mb-dielectric-2819,-2.5285516341808116,0.3944790361140896,1.6645094372416958,False
dielectric,4,mb-dielectric-2848,0.8241748972234936,-0.41976596050040443,2.476853829085494,False
dielectric,4,mb-dielectric-2851,1.2020243655578586,-0.4941968638984685,2.744050898458943,False
dielectric,4,mb-dielectric-2862,2.8806299659699226,-0.8100353947613286,2.944769374104985,False
dielectric,4,mb-dielectric-2863,2.855702174625378,-0.868615517701162,3.298893450840751,False
dielectric,4,mb-dielectric-2865,-2.184978286647485,0.31197822101238465,1.8164381813501553,False
dielectric,4,mb-dielectric-2867,2.2723232386862535,-0.6639536458739324,3.7824197722269446,False
dielectric,4,mb-dielectric-2873,-0.619327168582969,-0.06712142513350881,2.242001858458926,False
dielectric,4,mb-dielectric-2900,3.2242389180376345,-0.9951889000582007,3.349764021539428,False
dielectric,4,mb-dielectric-2921,0.27528557719779884,-0.3025581058768065,2.5254355399943678,False
dielectric,4,mb-dielectric-2935,-3.180279412750858,0.5510105792925466,1.5182119966153167,False
dielectric,4,mb-dielectric-2946,-1.3128206868676928,0.10137138381226798,2.0518377128808214,False
dielectric,4,mb-dielectric-2962,-0.5401782467351187,-0.1085846931509388,2.2407182628196107,False
dielectric,4,mb-dielectric-2973,-0.637264810749337,-0.11756257265936555,2.20096713590488,False
dielectric,4,mb-dielectric-2995,-3.121606425628751,0.5374255069586491,1.5394804318340654,False
dielectric,4,mb-dielectric-3016,-2.12805969672162,0.27771835647993165,1.8727595503249566,False
dielectric,4,mb-dielectric-3044,-2.5510898066401517,0.40007443156949707,1.6410014218966011,False
dielectric,4,mb-dielectric-3051,-5.116100899642578,1.9621092641395084,1.2459266966131408,True
dielectric,4,mb-dielectric-3069,-2.987024878595853,0.5045837668702639,1.6067565673326702,False
dielectric,4,mb-dielectric-3088,0.30487705736515347,-0.2827999928326103,2.7114267461983914,False
dielectric,4,mb-dielectric-3105,-3.0463552885450333,0.5356805822023212,1.576957196629017,False
dielectric,4,mb-dielectric-3136,0.416861089419026,-0.5475611030181433,2.1111608181282633,True
dielectric,4,mb-dielectric-3151,-3.704261406543478,0.7411228351445196,1.406455829381072,False
dielectric,4,mb-dielectric-3156,-0.7905461729402555,-0.01355973123783224,2.1929005905421235,False
dielectric,4,mb-dielectric-3165,-2.5271791576530616,0.3995880162006312,1.7107669819898537,False
dielectric,4,mb-dielectric-3172,-3.021098676242068,0.5189973857845637,1.5442783643717433,False
dielectric,4,mb-dielectric-3175,0.7201234931788218,-0.37274867312554394,2.5567133198698624,False
dielectric,4,mb-dielectric-3177,-3.101420824460948,0.5374647255263338,1.5669877685121434,False
dielectric,4,mb-dielectric-3180,-2.725625605178911,0.44173141421490564,1.6690805852324804,False
dielectric,4,mb-dielectric-3184,-2.448985136421211,0.4234421443077708,1.7319947074591915,True
dielectric,4,mb-dielectric-3234,0.41473027677830654,-0.40344415249525023,2.40077980386929,False
dielectric,4,mb-dielectric-3236,-0.325132711373685,-0.1539470471843667,2.235916739654377,False
dielectric,4,mb-dielectric-3240,-2.56778561839704,0.3930138497712607,1.644786105648192,False
dielectric,4,mb-dielectric-3257,24.904091206505584,42.14782959085517,4.503690449694191,True
dielectric,4,mb-dielectric-3269,-1.9925920629227267,0.27312796291136754,1.848174594926933,False
dielectric,4,mb-dielectric-3275,9.670474932303746,-2.374506716249324,4.951363448586684,False
dielectric,4,mb-dielectric-3285,-0.6329271097890229,-0.07095880601224554,2.2139889340283525,False
dielectric,4,mb-dielectric-3289,-2.3988632369136544,0.37391375112359765,1.7350370793348098,False
dielectric,4,mb-dielectric-3292,6.170750155255077,-1.5387086306291364,3.951773399374004,True
dielectric,4,mb-dielectric-3305,-2.068926039097015,0.2792913477925523,1.8672776083557225,False
dielectric,4,mb-dielectric-3315,9.914093444449247,-2.4537584696589145,4.30722219069321,True
dielectric,4,mb-dielectric-3334,-0.2720652678959248,-0.11627099816006412,2.2816788343301315,False
dielectric,4,mb-dielectric-3346,14.271479981315158,-3.1864921437832563,5.344037300269028,True
dielectric,4,mb-dielectric-3362,-1.9953411667719505,0.2653795749698557,1.8843617840885367,False
dielectric,4,mb-dielectric-3386,-2.3581364993410303,0.3547849768680256,1.7175004124211077,False
dielectric,4,mb-dielectric-3412,-1.5691186190639705,0.1791167255953755,1.999060779466197,False
dielectric,4,mb-dielectric-3415,-0.07564789684534268,-0.130254634963888,2.2746648837429513,False
dielectric,4,mb-dielectric-3456,-0.3902359364873021,-0.1061300729424572,2.3654733846174074,False
dielectric,4,mb-dielectric-3471,-2.7807992671433373,0.4590263568198813,1.6347823504470964,False
dielectric,4,mb-dielectric-3481,-0.45884326097431416,-0.1040005087601247,2.31916608575871,False
dielectric,4,mb-dielectric-3491,-2.8920093688875115,0.4872554858134528,1.6016354141938793,False
dielectric,4,mb-dielectric-3527,-3.269247527468559,0.5845739210933389,1.4815848496345616,False
dielectric,4,mb-dielectric-3558,-2.1188385176020814,0.29271027305065445,1.8550111410267551,False
dielectric,4,mb-dielectric-3575,-1.1206313897299442,0.06823828345710069,2.1097051136750524,False
dielectric,4,mb-dielectric-3586,3.3008286414299297,-1.0187990237817635,2.9376294297727013,False
dielectric,4,mb-dielectric-3587,-1.0044637632687725,0.04016118250399729,2.108943574399283,False
dielectric,4,mb-dielectric-3596,5.531323278464935,-2.236564782043541,1.0000000000000058,True
dielectric,4,mb-dielectric-3606,3.492639217164464,2.815289559663249,3.0079019820022945,True
dielectric,4,mb-dielectric-3622,8.5334318193054,-2.076351334009164,4.985980344927164,False
dielectric,4,mb-dielectric-3628,0.527572499320954,-0.2487492143877202,2.9334280287922643,False
dielectric,4,mb-dielectric-3668,7.492628938739714,-2.18985246951107,4.425155364504166,False
dielectric,4,mb-dielectric-3715,-1.659441719138489,0.1894096702255519,1.9314655920656028,False
dielectric,4,mb-dielectric-3746,-0.147949812191378,-0.1212417524152219,2.300869400900478,False
dielectric,4,mb-dielectric-3751,1.686019127124348,-0.5239498341234499,2.989832768648742,False
dielectric,4,mb-dielectric-3773,-3.7378142557105307,0.7669018142664329,1.4061768499545757,False
dielectric,4,mb-dielectric-3827,0.09902684222287247,-0.2673996375222525,2.38565155334567,False
dielectric,4,mb-dielectric-3830,-3.123290559546043,0.61248038169587,1.6188473265456553,False
dielectric,4,mb-dielectric-3839,0.287349112939974,-0.30070345925512826,2.4340997651424785,False
dielectric,4,mb-dielectric-3840,-2.4955472111092236,0.39465712657659135,1.713032885459782,False
dielectric,4,mb-dielectric-3847,-0.17136364409666918,-0.16472109894298928,2.3619688115355517,False
dielectric,4,mb-dielectric-3850,2.2171561763128502,-0.629129766083786,2.8208490447617596,False
dielectric,4,mb-dielectric-3854,-1.077983537722863,0.06098995223271086,2.1336942142678272,False
dielectric,4,mb-dielectric-3859,-3.0113604416645225,0.48999369082923266,1.5140807992530207,False
dielectric,4,mb-dielectric-3864,-3.240841104644906,0.554618785450555,1.5129585806183414,False
dielectric,4,mb-dielectric-3885,-3.1279182088160047,0.546455011074371,1.5499462356307985,False
dielectric,4,mb-dielectric-3887,-1.5758489655913641,0.20905233817290306,1.9504243982613971,False
dielectric,4,mb-dielectric-3890,-2.318971771946664,0.37188270661275113,1.7886510745997015,False
dielectric,4,mb-dielectric-3920,-2.345745517328351,0.3457383759182708,1.7499751426806038,False
dielectric,4,mb-dielectric-3928,2.7312361642235183,-0.6798877679820002,2.9621501199860436,False
dielectric,4,mb-dielectric-3949,-3.297650873661255,0.5853393224585588,1.4758048651497304,False
dielectric,4,mb-dielectric-3951,-0.5656474641935423,-0.04834732914218768,2.3037928147585958,False
dielectric,4,mb-dielectric-3956,-2.735664122205168,0.45929525496018186,1.6917526262000517,False
dielectric,4,mb-dielectric-3958,1.777624253732641,-0.6151818022640183,2.9322507282518258,False
dielectric,4,mb-dielectric-3965,1.370952727747676,-0.5673359957694482,2.724320282198846,False
dielectric,4,mb-dielectric-3968,4.253037883920887,-1.6719201173377263,3.1541507044950574,True
dielectric,4,mb-dielectric-3974,9.57706782261419,-0.9855186557139856,3.613049173943434,True
dielectric,4,mb-dielectric-3993,-1.4912570926481319,0.15380710089243985,1.9890099714849756,False
dielectric,4,mb-dielectric-4009,-3.2509069037877114,0.5791506724112496,1.4842640151491464,False
dielectric,4,mb-dielectric-4018,-0.5920960271674633,-0.046326000004641335,2.190957933568482,False
dielectric,4,mb-dielectric-4038,-0.8281890726269859,0.17235485593669478,2.5269187429225606,False
dielectric,4,mb-dielectric-4046,-3.160378017303858,0.5459363538099823,1.555075453689189,False
dielectric,4,mb-dielectric-4064,-3.443841707514525,0.6150247244223775,1.4543665287677656,False
dielectric,4,mb-dielectric-4066,0.25914277704154315,-0.26318381519212186,2.4299705759535444,False
dielectric,4,mb-dielectric-4071,0.8856062990229397,-0.9063582528290434,3.1831849878175493,False
dielectric,4,mb-dielectric-4072,0.5481426389093726,-0.21410418845828258,3.7733716134690045,False
dielectric,4,mb-dielectric-4088,-2.291074397745731,0.32826631167323794,1.782601095778256,False
dielectric,4,mb-dielectric-4097,0.03531244015251303,-0.20655773842808325,2.324556947033133,False
dielectric,4,mb-dielectric-4105,3.6169116615280736,-1.1299689108546465,3.50414040837649,False
dielectric,4,mb-dielectric-4125,4.2171320516923245,-1.0622942307939822,3.261002351016228,False
dielectric,4,mb-dielectric-4134,-1.522108654900288,0.16537234541625617,2.021055829685374,False
dielectric,4,mb-dielectric-4142,0.06778282387437574,-0.2217836482105859,2.4103831645611855,False
dielectric,4,mb-dielectric-4144,-2.9098414464007116,0.48599391131097963,1.6077331868192557,False
dielectric,4,mb-dielectric-4156,3.856766852111203,-1.1310253105409118,3.5584592171331697,False
dielectric,4,mb-dielectric-4181,-0.028205761003695543,-0.18629011726990005,2.3700210969525224,False
dielectric,4,mb-dielectric-4187,0.19627865412912468,-0.2547754150861586,2.8360501876142226,False
dielectric,4,mb-dielectric-4205,-3.3430762933898457,0.5921076277407754,1.4705418502488594,False
dielectric,4,mb-dielectric-4207,-0.36497106438172894,-0.0647044814249475,2.282644665002996,False
dielectric,4,mb-dielectric-4213,-1.3450087143589056,0.11256753609412976,2.073214332061846,False
dielectric,4,mb-dielectric-4214,-0.9021246106517707,0.01610595089533659,2.176509973941463,False
dielectric,4,mb-dielectric-4231,-3.9815444366477477,0.8649033764962308,1.3630407183939905,False
dielectric,4,mb-dielectric-4236,-1.662118667016807,0.2104081765935296,1.9900586257796562,False
dielectric,4,mb-dielectric-4251,10.917451233622002,-2.735163350498165,5.545099307797232,True
dielectric,4,mb-dielectric-4255,-0.3161243576013649,-0.117638310297974,2.3239334471251545,False
dielectric,4,mb-dielectric-4279,8.045361726318635,-1.6861513202418636,3.8471634572327007,True
dielectric,4,mb-dielectric-4283,2.6101402500090995,-0.8177797195809297,3.136884547870174,False
dielectric,4,mb-dielectric-4297,10.644406831604607,-1.2352926292649216,1.0,True
dielectric,4,mb-dielectric-4322,0.31000191212673844,-0.29147106042644977,2.438733551114868,False
dielectric,4,mb-dielectric-4331,0.8928852914714542,-0.4763951216705578,2.455067751950375,True
dielectric,4,mb-dielectric-4350,-1.814662932930963,0.263164080151037,1.8859669491625066,False
dielectric,4,mb-dielectric-4351,-1.121797133971014,0.06256566436813839,2.0871714511909736,False
dielectric,4,mb-dielectric-4363,-2.580134626840985,0.3981415216222385,1.755922929212248,False
dielectric,4,mb-dielectric-4386,0.25963309734015283,-0.27407379993171743,2.469133856233801,False
dielectric,4,mb-dielectric-4400,-2.712373800580313,0.44599838234897227,1.6364484919076026,False
dielectric,4,mb-dielectric-4426,-2.6684149135478163,0.41335423867938964,1.6600029116440327,False
dielectric,4,mb-dielectric-4432,-2.370224535537692,0.36315198451110753,1.7549945868862376,False
dielectric,4,mb-dielectric-4435,2.825884722555549,-0.7760193419844668,2.4856450537704156,True
dielectric,4,mb-dielectric-4459,-2.351209897334807,0.3635404361538882,1.7691806012954134,False
dielectric,4,mb-dielectric-4470,-2.5699926680814253,0.4104803522547805,1.6984477226769938,False
dielectric,4,mb-dielectric-4477,-1.9468690867483214,0.26036427248863125,1.8433833025174118,False
dielectric,4,mb-dielectric-4492,-2.7151762025749275,0.43792612316585505,1.6355476147150225,False
dielectric,4,mb-dielectric-4536,3.0561582882463147,-0.8464904250334246,3.2989191664341626,False
dielectric,4,mb-dielectric-4543,-3.0068578984579646,0.5067682324162219,1.5520065506734606,False
dielectric,4,mb-dielectric-4546,13.027500517665677,-2.784042533692348,9.769216959408778,True
dielectric,4,mb-dielectric-4547,1.637192391578977,-0.4615302003942189,2.225850698796605,False
dielectric,4,mb-dielectric-4581,-1.9836242812274711,0.2663713410907035,1.8945205198149715,False
dielectric,4,mb-dielectric-4584,-1.6463036156663917,0.20213488134722593,1.965705980048936,False
dielectric,4,mb-dielectric-4615,-0.5182455524809869,-0.06445320523328184,2.7237841324158674,False
dielectric,4,mb-dielectric-4623,-2.392010580005241,0.40197303811788876,1.7697457444503844,False
dielectric,4,mb-dielectric-4633,8.310514368043805,-1.7448612343479855,4.713770571421568,False
dielectric,4,mb-dielectric-4648,-3.031306320721411,0.4708270508997893,1.5843084716472777,False
dielectric,4,mb-dielectric-4660,1.1272132302660267,-0.4629629042957884,2.6781400262122212,False
dielectric,4,mb-dielectric-4668,-1.5871027616805222,0.18408693906063525,1.956367381994837,False
dielectric,4,mb-dielectric-4669,-3.2717227337983363,0.5697580916101087,1.501110699893027,False
dielectric,4,mb-dielectric-4695,-3.179670295685652,0.5385772753721121,1.503084051763795,False
dielectric,4,mb-dielectric-4697,-2.928538194349296,0.492525985339629,1.5729050617673443,False
dielectric,4,mb-dielectric-4710,-0.007853489484965706,-0.19890564564227303,2.419686963224789,False
dielectric,4,mb-dielectric-4715,1.4616638724136661,-0.5879849098413559,2.835042562878613,False
dielectric,4,mb-dielectric-4743,0.7626676447127055,-0.3193945114837473,2.3036926878383754,False
log_kvrh,3,mb-log-kvrh-00012,-7.94044740025176,-6.906667781125182,1.1139433523068367,False
log_kvrh,3,mb-log-kvrh-00027,0.0893296901777762,-0.5368363958085677,1.8864907251724818,True
log_kvrh,3,mb-log-kvrh-00088,-2.021056306086804,-2.016512206178383,1.6989700043360187,True
log_kvrh,3,mb-log-kvrh-00140,-1.8806359147970801,-2.098650910127107,1.6720978579357175,True
log_kvrh,3,mb-log-kvrh-00155,-0.974482486533444,-1.3777176370591255,1.8260748027008264,True
log_kvrh,3,mb-log-kvrh-00171,-2.4833075390429347,-2.57166309690696,1.5563025007672873,True
log_kvrh,3,mb-log-kvrh-00186,-2.6688643976325945,-2.7200670277385144,1.5314789170422551,True
log_kvrh,3,mb-log-kvrh-00235,-1.9668178955496938,-2.1617123577346247,1.6020599913279623,True
log_kvrh,3,mb-log-kvrh-00269,-3.5973463476816425,-3.4937611081370514,1.5314789170422551,True
log_kvrh,3,mb-log-kvrh-00271,-0.8290584683694322,-1.2672901243104824,1.7323937598229686,True
log_kvrh,3,mb-log-kvrh-00274,1.2278915273540296,0.36276038824933293,1.9637878273455553,True
log_kvrh,3,mb-log-kvrh-00292,3.0345571744249304,1.7956344826700819,2.143014800254095,True
log_kvrh,3,mb-log-kvrh-00383,-1.1102513136104857,-1.487308804271046,1.7075701760979363,True
log_kvrh,3,mb-log-kvrh-00387,2.0215754599082363,0.992709646159671,2.037426497940624,True
log_kvrh,3,mb-log-kvrh-00393,3.9477136281598137,2.516301276822897,2.247973266361807,True
log_kvrh,3,mb-log-kvrh-00470,-0.667001865363817,-1.1340044458231548,1.8195439355418688,True
log_kvrh,3,mb-log-kvrh-00472,-2.0218769842407176,-2.2042507720688365,1.5797835966168101,True
log_kvrh,3,mb-log-kvrh-00485,3.9343394245975922,2.5070731528808525,2.2380461031287955,True
log_kvrh,3,mb-log-kvrh-00489,-0.9584253055512305,-1.3668297908428153,1.724275869600789,True
log_kvrh,3,mb-log-kvrh-00597,2.419231339907736,1.3057182209185483,2.0755469613925306,True
log_kvrh,3,mb-log-kvrh-00600,1.671708347311907,0.7174124911119443,1.968482948553935,True
log_kvrh,3,mb-log-kvrh-00603,2.547526340814507,1.4105245653398508,2.0827853703164503,True
log_kvrh,3,mb-log-kvrh-00629,-0.7356121845197976,-1.1861240176704957,1.7160033436347992,True
log_kvrh,3,mb-log-kvrh-00681,-0.02189392860427867,-0.6270174500309406,1.8388490907372552,True
log_kvrh,3,mb-log-kvrh-00730,2.9054359355042987,1.6906429130744305,2.0043213737826426,True
log_kvrh,3,mb-log-kvrh-00763,-0.7701505512954382,-1.2148120949060257,1.7160033436347992,True
log_kvrh,3,mb-log-kvrh-00802,-1.321395805518149,-1.654617833764262,1.6812412373755872,True
log_kvrh,3,mb-log-kvrh-00851,-0.9946053934897897,-1.3967901953427222,1.7160033436347992,True
log_kvrh,3,mb-log-kvrh-00888,4.94780861232603,3.308700448747297,2.369215857410143,True
log_kvrh,3,mb-log-kvrh-00911,3.6478211100362383,2.2811758955278907,2.2041199826559246,True
log_kvrh,3,mb-log-kvrh-00924,4.179717462016094,2.699642838392591,2.247973266361807,True
log_kvrh,3,mb-log-kvrh-00988,1.471465318576476,0.5536440222672472,1.9344984512435677,True
log_kvrh,3,mb-log-kvrh-00995,-2.05941463776317,-2.2406566384162088,1.6127838567197355,True
log_kvrh,3,mb-log-kvrh-01008,-0.14205163881872188,-0.7206633190193732,1.7993405494535817,True
log_kvrh,3,mb-log-kvrh-01039,0.27967363201024414,-0.3888581367134976,1.8573324964312685,True
log_kvrh,3,mb-log-kvrh-01083,2.9796385348679513,1.7515081808993622,2.110589710299249,True
log_kvrh,3,mb-log-kvrh-01094,-1.0207574679707645,-1.4182798739735973,1.6901960800285136,True
log_kvrh,3,mb-log-kvrh-01112,-2.736294199045278,-2.7704115365617943,1.5314789170422551,True
log_kvrh,3,mb-log-kvrh-01114,-2.2214530978545444,-2.3596229007318725,1.591064607026499,True
log_kvrh,3,mb-log-kvrh-01137,-6.293850057886989,-6.3735903600272295,1.1760912590556813,True
log_kvrh,3,mb-log-kvrh-01197,-1.0094801372050397,-1.4081110575680735,1.7075701760979363,True
log_kvrh,3,mb-log-kvrh-01300,2.604791348347692,1.4541498144987597,2.103803720955957,True
log_kvrh,3,mb-log-kvrh-01318,-5.595148624670411,-5.608822607895105,1.2787536009528289,True
log_kvrh,3,mb-log-kvrh-01334,-0.130859752677813,-0.7080223188839736,1.8129133566428555,True
log_kvrh,3,mb-log-kvrh-01350,5.122576503273653,3.4471653021147364,2.3729120029701067,True
log_kvrh,3,mb-log-kvrh-01374,-3.2575602018283645,-3.20492291854191,1.4913616938342726,True
log_kvrh,3,mb-log-kvrh-01384,2.066127003787764,1.0295264213256763,2.0293837776852097,True
log_kvrh,3,mb-log-kvrh-01390,-3.1576855571262414,-3.2029368868584673,1.414973347970818,True
log_kvrh,3,mb-log-kvrh-01416,-5.0574136662133835,-4.732383614156034,1.3222192947339193,True
log_kvrh,3,mb-log-kvrh-01459,-1.207305033507528,-1.5663182262722166,1.724275869600789,True
log_kvrh,3,mb-log-kvrh-01475,-10.856748125793908,-5.8526406761544205,0.9030899869919435,False
log_kvrh,3,mb-log-kvrh-01480,-2.2500059313683463,-2.38875127829356,1.5797835966168101,True
log_kvrh,3,mb-log-kvrh-01497,-4.5074731747302925,-4.48413530766869,1.380211241711606,True
log_kvrh,3,mb-log-kvrh-01541,-0.842975057176449,-1.2739691692184045,1.7323937598229686,True
log_kvrh,3,mb-log-kvrh-01549,-46.526531765097815,35.54994894276111,0.3010299956639812,True
log_kvrh,3,mb-log-kvrh-01560,4.889150417960813,3.2621329306328173,2.3502480183341627,True
log_kvrh,3,mb-log-kvrh-01586,-6.714091479931179,-6.365390340169622,1.1139433523068367,False
log_kvrh,3,mb-log-kvrh-01591,0.5387014410683445,-0.18270849556624388,1.8750612633917,True
log_kvrh,3,mb-log-kvrh-01610,-4.194055847425418,-4.1345290156478,1.505149978319906,True
log_kvrh,3,mb-log-kvrh-01619,-1.6069470483522381,-1.8803247331831217,1.6334684555795864,True
log_kvrh,3,mb-log-kvrh-01667,3.0207314130000915,1.7843119737516495,2.1335389083702174,True
log_kvrh,3,mb-log-kvrh-01696,0.7917917835891333,0.019480006183789346,1.863322860120456,True
log_kvrh,3,mb-log-kvrh-01744,-2.544221379827923,-2.620200320362805,1.5440680443502757,True
log_kvrh,3,mb-log-kvrh-01765,2.3177503431977455,1.2269374871639038,2.060697840353612,True
log_kvrh,3,mb-log-kvrh-01794,-3.72418625028044,-3.6626544861541173,1.414973347970818,False
log_kvrh,3,mb-log-kvrh-01841,3.101913214691467,1.8479539733460693,2.113943352306837,True
log_kvrh,3,mb-log-kvrh-01858,-3.8080386485180635,-3.7539854991489774,1.4471580313422192,True
log_kvrh,3,mb-log-kvrh-01933,4.338212282243089,2.826351553961539,2.2695129442179165,True
log_kvrh,3,mb-log-kvrh-01953,3.073814492899225,1.825137950982077,2.1367205671564067,True
log_kvrh,3,mb-log-kvrh-01961,1.9782018646173154,0.955808480006671,2.041392685158225,True
log_kvrh,3,mb-log-kvrh-01966,2.760384858011046,1.5758991304105132,2.12057393120585,True
log_kvrh,3,mb-log-kvrh-01985,1.8386358550725481,0.8473355760844997,1.9822712330395684,True
log_kvrh,3,mb-log-kvrh-02019,5.393951353522542,3.6602256045636983,2.3979400086720375,True
log_kvrh,3,mb-log-kvrh-02086,0.9503136428216724,0.14396830628572158,1.919078092376074,True
log_kvrh,3,mb-log-kvrh-02089,-4.5133804348247075,-4.477746827735069,1.380211241711606,True
log_kvrh,3,mb-log-kvrh-02137,-4.434124595392198,-4.46911514777034,1.255272505103306,True
log_kvrh,3,mb-log-kvrh-02164,-0.29851100034782174,-0.8429436644413526,1.8129133566428555,True
log_kvrh,3,mb-log-kvrh-02189,-0.1765089516663062,-0.7492446679006401,1.7634279935629373,True
log_kvrh,3,mb-log-kvrh-02199,1.489019481698878,0.5705672085427534,1.9637878273455553,True
log_kvrh,3,mb-log-kvrh-02212,3.4490874159678335,2.1236427519422354,2.164352855784437,True
log_kvrh,3,mb-log-kvrh-02279,-14.190975486763383,-4.217744926885301,0.6989700043360189,True
log_kvrh,3,mb-log-kvrh-02412,-1.9302639482397048,-2.137918124028819,1.6127838567197355,True
log_kvrh,3,mb-log-kvrh-02425,-6.364241186227937,-6.377245847083844,1.255272505103306,True
log_kvrh,3,mb-log-kvrh-02440,-8.61028871031325,-7.058035735383947,1.0791812460476249,True
log_kvrh,3,mb-log-kvrh-02447,5.427981941960381,3.6885159440970057,2.41161970596323,True
log_kvrh,3,mb-log-kvrh-02463,0.28480525603590023,-0.38583205589299113,1.8325089127062364,True
log_kvrh,3,mb-log-kvrh-02464,4.362472425892735,2.843483522201984,2.2833012287035497,True
log_kvrh,3,mb-log-kvrh-02482,-1.4290660740594006,-1.7377703864509633,1.6532125137753437,True
log_kvrh,3,mb-log-kvrh-02538,3.6157142214512104,2.253391207200065,2.2041199826559246,True
log_kvrh,3,mb-log-kvrh-02612,-2.9297324282754014,-2.9276970332696908,1.5185139398778875,True
log_kvrh,3,mb-log-kvrh-02686,1.507100479488295,0.5824031122709823,1.9444826721501687,True
log_kvrh,3,mb-log-kvrh-02703,-3.3437952684169545,-3.2821555238600095,1.505149978319906,True
log_kvrh,3,mb-log-kvrh-02728,3.992164367305267,2.5519476995021955,2.247973266361807,True
log_kvrh,3,mb-log-kvrh-02752,-3.1335353543750544,-2.877978180512348,1.146128035678238,True
log_kvrh,3,mb-log-kvrh-02763,-4.417808333382334,-4.397307879527467,1.414973347970818,True
log_kvrh,3,mb-log-kvrh-02776,0.761445775739499,-0.008019594605763859,1.8692317197309762,True
log_kvrh,3,mb-log-kvrh-02808,3.624211080799206,2.2597988860429905,2.1986570869544226,True
log_kvrh,3,mb-log-kvrh-02904,1.5786793504438397,0.6430187353023269,2.1072099696478683,True
log_kvrh,3,mb-log-kvrh-02965,-3.0104238722099956,-2.9904084146949104,1.4313637641589874,True
log_kvrh,3,mb-log-kvrh-03001,3.1606572526525483,1.894545501205677,2.167317334748176,True
log_kvrh,3,mb-log-kvrh-03037,3.8788812142603524,2.4620415552223722,2.2013971243204513,True
log_kvrh,3,mb-log-kvrh-03076,3.923470732560191,2.498074336991255,2.2174839442139063,True
log_kvrh,3,mb-log-kvrh-03130,3.9259278323307707,2.4990031309869662,2.2648178230095364,True
log_kvrh,3,mb-log-kvrh-03155,-1.1233693372056612,-1.4989050569911722,1.6901960800285136,True
log_kvrh,3,mb-log-kvrh-03182,-39.64658599006814,27.831771234407977,0.47712125471966244,False
log_kvrh,3,mb-log-kvrh-03199,-1.2542968162854684,-1.60019610287548,1.9344984512435677,True
log_kvrh,3,mb-log-kvrh-03225,-0.3775806678773007,-0.908757143656756,1.7634279935629373,True
log_kvrh,3,mb-log-kvrh-03372,-8.40092899732984,-8.661351131291305,1.1760912590556813,True
log_kvrh,3,mb-log-kvrh-03374,3.88950170872264,2.470071349748358,2.2121876044039577,True
log_kvrh,3,mb-log-kvrh-03431,-2.55691448190084,-2.6317110996293116,1.568201724066995,True
log_kvrh,3,mb-log-kvrh-03514,4.861590147697965,3.239560638059216,2.3242824552976926,True
log_kvrh,3,mb-log-kvrh-03516,3.1994590076133527,1.9249076292108933,2.146128035678238,True
log_kvrh,3,mb-log-kvrh-03523,0.12669976781513648,-0.5067884596312058,1.806179973983887,True
log_kvrh,3,mb-log-kvrh-03534,-0.843577333370415,-1.274891615019031,1.7558748556724915,True
log_kvrh,3,mb-log-kvrh-03629,2.436233059564167,1.3173731469407761,2.0644579892269186,True
log_kvrh,3,mb-log-kvrh-03695,6.0352107530044865,4.167716678047954,2.4608978427565478,True
log_kvrh,3,mb-log-kvrh-03724,-0.6395575816992584,-1.1127824603897258,1.7634279935629373,True
log_kvrh,3,mb-log-kvrh-03860,-11.856469784080224,-5.633987171038117,0.9542425094393249,True
log_kvrh,3,mb-log-kvrh-03933,2.7504765873227393,1.5700291424513557,2.093421685162235,True
log_kvrh,3,mb-log-kvrh-03934,6.364193693749422,4.428714888690901,2.4871383754771865,True
log_kvrh,3,mb-log-kvrh-03961,0.7790521626559289,0.007828943618654676,1.919078092376074,True
log_kvrh,3,mb-log-kvrh-03977,5.223312677104381,3.5265059259291354,2.385606273598312,True
log_kvrh,3,mb-log-kvrh-03989,-3.092808602448963,-2.975621612301589,1.4313637641589874,True
log_kvrh,3,mb-log-kvrh-03991,4.480583581362763,2.939575835871356,2.298853076409707,True
log_kvrh,3,mb-log-kvrh-03999,1.7223000104307677,0.7528885616893519,1.9637878273455553,True
log_kvrh,3,mb-log-kvrh-04006,2.812411755030131,1.6187392215144376,2.1271047983648077,True
log_kvrh,3,mb-log-kvrh-04012,-2.8905428458535125,-2.8965346207006823,1.5185139398778875,True
log_kvrh,3,mb-log-kvrh-04098,4.403226211800775,2.8757684997363993,2.271841606536499,True
log_kvrh,3,mb-log-kvrh-04252,1.221729369699521,0.3587738726920843,1.9493900066449128,True
log_kvrh,3,mb-log-kvrh-04334,1.489722587633118,0.5720188738168317,1.968482948553935,True
log_kvrh,3,mb-log-kvrh-04370,5.7935618777485125,3.9816868689867424,2.432969290874406,True
log_kvrh,3,mb-log-kvrh-04374,-0.5685982245062551,-1.0610390196514916,1.724275869600789,True
log_kvrh,3,mb-log-kvrh-04423,3.963616886442948,2.5318793981069563,2.230448921378274,True
log_kvrh,3,mb-log-kvrh-04424,5.012524889295651,3.359451854243733,2.3324384599156054,True
log_kvrh,3,mb-log-kvrh-04439,5.378952958216946,3.6505961570134806,2.374748346010104,True
log_kvrh,3,mb-log-kvrh-04453,-0.5302022042176674,-1.0272790075449785,1.7781512503836436,True
log_kvrh,3,mb-log-kvrh-04457,-14.453928332554911,-4.158931658472859,0.8450980400142568,True
log_kvrh,3,mb-log-kvrh-04479,-14.574918111865946,-3.09710603550014,0.7781512503836436,False
log_kvrh,3,mb-log-kvrh-04541,0.3700622591646988,-0.31544998138545827,1.9242792860618816,True
log_kvrh,3,mb-log-kvrh-04592,-8.205270231317568,-6.827313388638072,1.0413926851582251,False
log_kvrh,3,mb-log-kvrh-04594,0.8006724586344677,0.024094137226243078,1.9030899869919435,True
log_kvrh,3,mb-log-kvrh-04609,3.5800832058088763,2.227079437472824,2.2068258760318495,True
log_kvrh,3,mb-log-kvrh-04638,-5.036308759686305,-4.72777568102715,1.2787536009528289,True
log_kvrh,3,mb-log-kvrh-04662,1.3040567282067688,0.42536377385698604,1.9294189257142926,True
log_kvrh,3,mb-log-kvrh-04801,0.9206567339552357,0.12005214454717233,1.9242792860618816,True
log_kvrh,3,mb-log-kvrh-04879,-5.073265630506674,-4.774580639944015,1.3222192947339193,True
log_kvrh,3,mb-log-kvrh-04923,1.2099944347405625,0.3488899933740346,1.9444826721501687,True
log_kvrh,3,mb-log-kvrh-05009,2.1097705607595345,1.060502935924309,2.0453229787866576,True
log_kvrh,3,mb-log-kvrh-05012,3.288399202634775,1.9962870017485648,2.1271047983648077,True
log_kvrh,3,mb-log-kvrh-05018,4.88765355114619,3.2604448892932583,2.2576785748691846,True
log_kvrh,3,mb-log-kvrh-05041,-1.52951675600874,-1.8267455355945772,1.6532125137753437,True
log_kvrh,3,mb-log-kvrh-05103,2.7794454006763134,1.5924340896363145,2.1398790864012365,True
log_kvrh,3,mb-log-kvrh-05130,0.19330241236840118,-0.45364285192417103,1.8573324964312685,True
log_kvrh,3,mb-log-kvrh-05145,-24.10026084391344,8.063829116297901,0.47712125471966244,False
log_kvrh,3,mb-log-kvrh-05150,3.838298152318571,2.428121403546733,2.2355284469075487,True
log_kvrh,3,mb-log-kvrh-05222,1.8737208564149799,0.8752646985980989,2.0253058652647704,True
log_kvrh,3,mb-log-kvrh-05230,3.3811699628915126,2.067843205939659,2.173186268412274,True
log_kvrh,3,mb-log-kvrh-05238,4.071121079435507,2.6114658323235,2.24551266781415,True
log_kvrh,3,mb-log-kvrh-05342,5.012285484387561,3.361010976195937,2.374748346010104,True
log_kvrh,3,mb-log-kvrh-05352,1.431513673138282,0.5253255193767524,1.8260748027008264,True
log_kvrh,3,mb-log-kvrh-05400,3.5185741294595543,2.176467210839533,2.2121876044039577,True
log_kvrh,3,mb-log-kvrh-05403,1.9459824555753762,0.9325211253770064,2.012837224705172,True
log_kvrh,3,mb-log-kvrh-05453,-0.7845088972112382,-1.22359961801894,1.6989700043360187,True
log_kvrh,3,mb-log-kvrh-05482,0.14020455541711577,-0.49663430388679874,1.7993405494535817,True
log_kvrh,3,mb-log-kvrh-05534,3.7956686400946142,2.3961285644414394,2.230448921378274,True
log_kvrh,3,mb-log-kvrh-05571,0.8378108486451693,0.05378111024952169,1.919078092376074,True
log_kvrh,3,mb-log-kvrh-05575,-3.307012109285528,-3.2251924765092723,1.462397997898956,True
log_kvrh,3,mb-log-kvrh-05632,5.047655575384517,3.3851532579334527,2.3483048630481607,True
log_kvrh,3,mb-log-kvrh-05652,0.7398779631655235,-0.021295088307265148,1.8864907251724818,True
log_kvrh,3,mb-log-kvrh-05653,2.851614339405455,1.654485351657819,2.161368002234975,True
log_kvrh,3,mb-log-kvrh-05680,5.176882551850751,3.4879326052121007,2.3636119798921444,True
log_kvrh,3,mb-log-kvrh-05687,0.8104212457008998,0.03541718946375992,1.919078092376074,True
log_kvrh,3,mb-log-kvrh-05746,1.4419997758438694,0.5320684978552054,2.0253058652647704,True
log_kvrh,3,mb-log-kvrh-05754,4.051102332976346,2.5991670617562352,2.2329961103921536,True
log_kvrh,3,mb-log-kvrh-05873,-4.933326172473281,-4.725546538822313,1.3222192947339193,True
log_kvrh,3,mb-log-kvrh-05889,-3.0245738304969145,-3.005872559379235,1.505149978319906,True
log_kvrh,3,mb-log-kvrh-05893,0.7524739436292904,-0.012608367142338924,1.9084850188786497,True
log_kvrh,3,mb-log-kvrh-05913,-2.563561456431633,-2.6354108876455857,1.5440680443502757,True
log_kvrh,3,mb-log-kvrh-05927,-0.22663292245453256,-0.7912896448436152,1.7993405494535817,True
log_kvrh,3,mb-log-kvrh-05955,4.356710776838016,2.8397526140805676,2.3201462861110542,True
log_kvrh,3,mb-log-kvrh-06075,-2.78578498398862,-2.811875400358966,1.5314789170422551,True
log_kvrh,3,mb-log-kvrh-06092,-0.2978839630154838,-0.8458316585832744,1.7993405494535817,True
log_kvrh,3,mb-log-kvrh-06145,3.7394550182921673,2.3509944988893863,2.1958996524092336,True
log_kvrh,3,mb-log-kvrh-06150,3.7227114249081135,2.338704898900037,2.214843848047698,True
log_kvrh,3,mb-log-kvrh-06156,-0.45379866234327887,-0.9678465393971032,1.7708520116421442,True
log_kvrh,3,mb-log-kvrh-06204,-0.20638377470128338,-0.7723404464751086,1.792391689498254,True
log_kvrh,3,mb-log-kvrh-06206,-1.0200618616964927,-1.4149889989317022,1.724275869600789,True
log_kvrh,3,mb-log-kvrh-06213,0.968587813471598,0.15824564199839036,1.9242792860618816,True
log_kvrh,3,mb-log-kvrh-06221,2.7982741691893844,1.6062327498489806,2.1072099696478683,True
log_kvrh,3,mb-log-kvrh-06231,-0.8324264973234083,-1.2656053564632617,1.6989700043360187,True
log_kvrh,3,mb-log-kvrh-06276,4.152703808404933,2.6794143028495823,2.2174839442139063,True
log_kvrh,3,mb-log-kvrh-06333,1.8597088570432052,0.8641334001851181,2.0,True
log_kvrh,3,mb-log-kvrh-06357,1.1564967176309313,0.3060344374651819,1.9637878273455553,True
log_kvrh,3,mb-log-kvrh-06371,4.1001574950608095,2.639117336556361,2.247973266361807,True
log_kvrh,3,mb-log-kvrh-06373,4.765245164918822,3.163687634980161,2.3283796034387376,True
log_kvrh,3,mb-log-kvrh-06543,-0.9825454592665268,-1.3871029796230363,1.7160033436347992,True
log_kvrh,3,mb-log-kvrh-06546,-0.4244892886539901,-0.9444043872416102,1.7481880270062005,True
log_kvrh,3,mb-log-kvrh-06610,0.05136848241514834,-0.5645575791894619,1.7853298350107671,True
log_kvrh,3,mb-log-kvrh-06638,2.837509384119167,1.6401340981333592,2.12057393120585,True
log_kvrh,3,mb-log-kvrh-06648,3.694041803570198,2.317398681958361,2.2068258760318495,True
log_kvrh,3,mb-log-kvrh-06670,-7.34079060904203,-6.763135685185629,1.1139433523068367,True
log_kvrh,3,mb-log-kvrh-06744,-4.251111343267845,-4.217038549031787,1.3979400086720377,True
log_kvrh,3,mb-log-kvrh-06828,-2.7257151183292625,-2.766007992030295,1.5314789170422551,True
log_kvrh,3,mb-log-kvrh-06839,-1.706363704142744,-1.9570148939505736,1.6232492903979006,True
log_kvrh,3,mb-log-kvrh-06861,3.252504068977824,1.9665824010664303,2.1818435879447726,True
log_kvrh,3,mb-log-kvrh-06864,4.946295965856701,3.3073837224804064,2.3344537511509307,True
log_kvrh,3,mb-log-kvrh-06865,2.8271761541224847,1.6304849953630614,2.123851640967086,True
log_kvrh,3,mb-log-kvrh-06948,1.9268744344510456,0.917937641290697,2.0211892990699383,True
log_kvrh,3,mb-log-kvrh-06973,2.3368579431570398,1.241104395118277,2.0569048513364727,True
log_kvrh,3,mb-log-kvrh-07031,-5.781758175446434,-5.826910929240813,0.3010299956639812,False
log_kvrh,3,mb-log-kvrh-07071,2.811112305061102,1.6194553670798317,2.113943352306837,True
log_kvrh,3,mb-log-kvrh-07200,-1.1763970143279434,-1.5412457257076595,1.6812412373755872,True
log_kvrh,3,mb-log-kvrh-07204,1.1611489615502295,0.31356963661321363,1.9395192526186185,True
log_kvrh,3,mb-log-kvrh-07221,-1.2479709987027334,-1.5928605455810796,1.6989700043360187,True
log_kvrh,3,mb-log-kvrh-07244,-1.1971072476157871,-1.5569086376591657,1.7403626894942439,True
log_kvrh,3,mb-log-kvrh-07256,4.015530620638822,2.568846734157879,2.225309281725863,True
log_kvrh,3,mb-log-kvrh-07276,-1.3873943149247991,-1.7069493440635444,1.662757831681574,True
log_kvrh,3,mb-log-kvrh-07286,-5.820555494376401,-5.835507895081561,1.2304489213782739,True
log_kvrh,3,mb-log-kvrh-07300,-6.613414372116496,-6.4790832352411725,1.255272505103306,True
log_kvrh,3,mb-log-kvrh-07341,-1.1426034129508449,-1.5103719699951195,1.7075701760979363,True
log_kvrh,3,mb-log-kvrh-07380,-3.015262126664913,-2.995573885026835,1.5185139398778875,True
log_kvrh,3,mb-log-kvrh-07388,-0.3415941340295647,-0.8791489954969913,1.7558748556724915,True
log_kvrh,3,mb-log-kvrh-07392,3.5703986021337526,2.218544123462239,2.2041199826559246,True
log_kvrh,3,mb-log-kvrh-07576,-0.1557010673755046,-0.7311915650100209,1.7323937598229686,True
log_kvrh,3,mb-log-kvrh-07580,4.191128378413105,2.708169303144989,2.250420002308894,True
log_kvrh,3,mb-log-kvrh-07586,-1.1001972875429196,-1.4792167005212955,1.7403626894942439,True
log_kvrh,3,mb-log-kvrh-07614,-1.4341439937360947,-1.7426789173795976,1.662757831681574,True
log_kvrh,3,mb-log-kvrh-07719,1.050061352993444,0.2214334163906175,1.9395192526186185,True
log_kvrh,3,mb-log-kvrh-07741,3.2386247943996795,1.9555871161194929,2.167317334748176,True
log_kvrh,3,mb-log-kvrh-07776,-1.9067139001626188,-2.117122166344909,1.6232492903979006,True
log_kvrh,3,mb-log-kvrh-07777,-3.537121538029094,-3.488676989837403,1.3979400086720377,True
log_kvrh,3,mb-log-kvrh-07833,-0.571417087102835,-1.0616160100881202,1.7708520116421442,True
log_kvrh,3,mb-log-kvrh-07880,-4.262233960817466,-4.223036021125507,1.414973347970818,True
log_kvrh,3,mb-log-kvrh-07887,2.815300880975773,1.6198673820537908,2.110589710299249,True
log_kvrh,3,mb-log-kvrh-07924,3.4751527963552453,2.1434536802745026,2.1903316981702914,True
log_kvrh,3,mb-log-kvrh-07943,0.8131011404874877,0.03922659924562506,1.9444826721501687,True
log_kvrh,3,mb-log-kvrh-07961,4.896621726994731,3.2683471379318827,2.3242824552976926,True
log_kvrh,3,mb-log-kvrh-08048,-5.327378377159905,-5.264144963563311,1.2787536009528289,True
log_kvrh,3,mb-log-kvrh-08056,1.9726537971281022,0.952566963417119,2.012837224705172,True
log_kvrh,3,mb-log-kvrh-08117,1.0727075764690952,0.24298320645109828,1.8750612633917,True
log_kvrh,3,mb-log-kvrh-08133,1.77612156515294,0.7973019628325574,2.012837224705172,True
log_kvrh,3,mb-log-kvrh-08160,-0.01003392688794504,-0.6154467001569696,1.7708520116421442,True
log_kvrh,3,mb-log-kvrh-08332,4.406281740427027,2.8797809769865914,2.303196057420489,True
log_kvrh,3,mb-log-kvrh-08360,3.706815225197325,2.327125296344652,2.1931245983544616,True
log_kvrh,3,mb-log-kvrh-08379,-0.6432519802154228,-1.1193917712340897,1.7323937598229686,True
log_kvrh,3,mb-log-kvrh-08401,0.6540343049650695,-0.08912455843161715,1.8512583487190752,True
log_kvrh,3,mb-log-kvrh-08417,1.7009363085470115,0.7336860558104842,2.0170333392987803,True
log_kvrh,3,mb-log-kvrh-08454,1.1129161066481226,0.2693658773861538,1.8864907251724818,True
log_kvrh,3,mb-log-kvrh-08612,0.6149660623421899,-0.12501471992288937,1.8512583487190752,True
log_kvrh,3,mb-log-kvrh-08632,4.228395239416264,2.739150743819284,2.2528530309798933,True
log_kvrh,3,mb-log-kvrh-08660,4.561805515542658,3.003201183568179,2.278753600952829,True
log_kvrh,3,mb-log-kvrh-08744,2.30349135659546,1.2155961688369832,2.0718820073061255,True
log_kvrh,3,mb-log-kvrh-08794,-0.5687717157911599,-1.0540073555643366,1.7708520116421442,True
log_kvrh,3,mb-log-kvrh-08800,2.281105494156139,1.1984350921933185,2.0569048513364727,True
log_kvrh,3,mb-log-kvrh-08806,4.600561187239711,3.03314273281507,2.2833012287035497,True
log_kvrh,3,mb-log-kvrh-08844,4.874026876283526,3.2478682138707495,2.3364597338485296,True
log_kvrh,3,mb-log-kvrh-08883,-0.6965451475389906,-1.1590253353886424,1.5185139398778875,True
log_kvrh,3,mb-log-kvrh-08903,3.3124083791577914,2.013661540385902,2.100370545117563,True
log_kvrh,3,mb-log-kvrh-09065,-0.11518658751515809,-0.6975334121870876,1.7708520116421442,True
log_kvrh,3,mb-log-kvrh-09070,4.293602101310898,2.792499436242622,2.2329961103921536,True
log_kvrh,3,mb-log-kvrh-09076,3.8362483358054456,2.4297616618146503,2.2648178230095364,True
log_kvrh,3,mb-log-kvrh-09147,-0.7145793588463055,-1.1758683137891655,1.7558748556724915,True
log_kvrh,3,mb-log-kvrh-09245,-5.485331311971493,-5.495750578931421,1.3010299956639813,True
log_kvrh,3,mb-log-kvrh-09259,-0.005657288520464435,-0.6186469988192771,1.4471580313422192,True
log_kvrh,3,mb-log-kvrh-09312,2.700753977267073,1.5290710208943767,2.089905111439398,True
log_kvrh,3,mb-log-kvrh-09322,3.3425815233805984,2.0396403108778536,2.1760912590556813,True
log_kvrh,3,mb-log-kvrh-09352,-1.8196273955796298,-2.008539116487606,1.6232492903979006,True
log_kvrh,3,mb-log-kvrh-09368,0.04932302947029746,-0.5699425803007442,1.7853298350107671,True
log_kvrh,3,mb-log-kvrh-09404,-0.6621060262187586,-1.134214575095236,2.012837224705172,True
log_kvrh,3,mb-log-kvrh-09418,-2.944077878605633,-2.953202766604829,0.8450980400142568,True
log_kvrh,3,mb-log-kvrh-09486,2.0863428259676384,1.0397951304027573,2.037426497940624,True
log_kvrh,3,mb-log-kvrh-09513,0.540804416317125,-0.1779226048163868,1.8692317197309762,True
log_kvrh,3,mb-log-kvrh-09550,1.8215888338486887,0.8330000258933289,1.968482948553935,True
log_kvrh,3,mb-log-kvrh-09560,-11.790369817355412,-4.928483961517564,0.7781512503836436,False
log_kvrh,3,mb-log-kvrh-09571,4.747694373339148,3.1488466107607493,2.311753861055754,True
log_kvrh,3,mb-log-kvrh-09607,3.736527307814969,2.351323030825326,2.2121876044039577,True
log_kvrh,3,mb-log-kvrh-09632,0.3341991594279429,-0.34407247266544283,1.8388490907372552,True
log_kvrh,3,mb-log-kvrh-09633,-1.0534648908460311,-1.4440131240820624,1.7075701760979363,True
log_kvrh,3,mb-log-kvrh-09644,1.4417111043193953,0.5348342496333148,1.9242792860618816,True
log_kvrh,3,mb-log-kvrh-09664,4.3356070777877544,2.8232258626028974,2.2576785748691846,True
log_kvrh,3,mb-log-kvrh-09754,-9.013983696657819,-6.882182734839392,1.0,False
log_kvrh,3,mb-log-kvrh-09775,-0.8073610963293665,-1.2472695515374106,1.8573324964312685,True
log_kvrh,3,mb-log-kvrh-09789,0.3372529588385435,-0.34186040557255115,1.9030899869919435,True
log_kvrh,3,mb-log-kvrh-09793,-0.3490776534346999,-0.885468119492201,1.7634279935629373,True
log_kvrh,3,mb-log-kvrh-09822,2.0517738515014132,1.0184779563651836,2.0644579892269186,True
log_kvrh,3,mb-log-kvrh-09838,-1.1305372935316607,-1.5017861320800734,1.7075701760979363,True
log_kvrh,3,mb-log-kvrh-09905,1.173970446232452,0.32400225222280005,1.9084850188786497,True
log_kvrh,3,mb-log-kvrh-09909,0.2745923677819431,-0.3916975814108646,1.8692317197309762,True
log_kvrh,3,mb-log-kvrh-09978,3.1710293636514453,1.9020646567087611,2.1398790864012365,True
log_kvrh,3,mb-log-kvrh-10014,0.8542835603926504,0.06828984250927368,1.9138138523837167,True
log_kvrh,3,mb-log-kvrh-10022,3.088256377459657,1.8374807135151539,2.12057393120585,True
log_kvrh,3,mb-log-kvrh-10033,2.4043157933151944,1.2949000672564397,2.0530784434834195,True
log_kvrh,3,mb-log-kvrh-10094,-3.0863647062615938,-3.1542560698754163,1.4913616938342726,True
log_kvrh,3,mb-log-kvrh-10138,3.8150872581708812,2.412038094514265,2.2068258760318495,True
log_kvrh,3,mb-log-kvrh-10195,4.213549768271322,2.7296262720209423,2.2528530309798933,True
log_kvrh,3,mb-log-kvrh-10225,3.372335214579865,2.063412973680516,2.184691430817599,True
log_kvrh,3,mb-log-kvrh-10247,0.7822362943820277,0.014518616715876492,1.8750612633917,True
log_kvrh,3,mb-log-kvrh-10281,-2.3629308815820305,-2.4805416828949474,1.5797835966168101,True
log_kvrh,3,mb-log-kvrh-10314,1.932863346726569,0.9222620228574798,2.093421685162235,True
log_kvrh,3,mb-log-kvrh-10320,1.2135744931860006,0.3577231620643233,1.9444826721501687,True
log_kvrh,3,mb-log-kvrh-10330,5.472376512485598,3.7222934266962278,2.3909351071033793,True
log_kvrh,3,mb-log-kvrh-10332,4.222230612208659,2.7322260936979954,2.27415784926368,True
log_kvrh,3,mb-log-kvrh-10378,-1.799770435826611,-2.0323391431337074,1.6232492903979006,False
log_kvrh,3,mb-log-kvrh-10394,1.6839136062516782,0.7246257261783713,1.9637878273455553,True
log_kvrh,3,mb-log-kvrh-10435,-0.2624382303909205,-0.8136718534536923,1.724275869600789,True
log_kvrh,3,mb-log-kvrh-10462,3.102418042643263,1.8489839468136333,2.164352855784437,True
log_kvrh,3,mb-log-kvrh-10491,3.6797716018920625,2.3026555360247603,2.184691430817599,True
log_kvrh,3,mb-log-kvrh-10538,1.0878979782320801,0.2551003867492353,1.9395192526186185,True
log_kvrh,3,mb-log-kvrh-10578,-0.448961445452383,-0.9636121389913185,1.7708520116421442,True
log_kvrh,3,mb-log-kvrh-10614,5.330080444542768,3.610813621461535,2.374748346010104,True
log_kvrh,3,mb-log-kvrh-10635,-9.602122672803818,-7.686859001869453,0.9030899869919435,False
log_kvrh,3,mb-log-kvrh-10653,1.2521241946135948,0.38403281232431563,1.9344984512435677,True
log_kvrh,3,mb-log-kvrh-10675,1.8455149005911073,0.8509229203597234,1.9912260756924949,True
log_kvrh,3,mb-log-kvrh-10678,3.915392042402772,2.4948702669968976,2.2624510897304293,True
log_kvrh,3,mb-log-kvrh-10682,5.672698147274782,3.8819620606529104,2.450249108319361,True
log_kvrh,3,mb-log-kvrh-10750,-2.266247375326312,-2.4034402551123217,1.6127838567197355,True
log_kvrh,3,mb-log-kvrh-10769,4.40646988910538,2.8791923246018833,2.303196057420489,True
log_kvrh,3,mb-log-kvrh-10775,-13.40461826584163,-5.477205867173266,0.3010299956639812,True
log_kvrh,3,mb-log-kvrh-10821,3.285321740368217,1.9950690419925285,2.1986570869544226,True
log_kvrh,3,mb-log-kvrh-10832,3.006207257615789,1.7737703037034915,2.1335389083702174,True
log_kvrh,3,mb-log-kvrh-10837,-1.5108581709378481,-1.8016990820610783,1.806179973983887,True
log_kvrh,3,mb-log-kvrh-10890,2.6000021539754696,1.4473852432045007,1.9822712330395684,True
log_gvrh,3,mb-log-gvrh-00012,-14.485110375741499,-0.7486828311345733,0.7781512503836436,True
log_gvrh,3,mb-log-gvrh-00023,1.3716899171200818,0.25552129583071526,1.6812412373755872,True
log_gvrh,3,mb-log-gvrh-00028,1.6734555628992693,0.4826375537529171,1.7075701760979363,True
log_gvrh,3,mb-log-gvrh-00099,4.217514093878561,2.409406662482375,1.9344984512435677,True
log_gvrh,3,mb-log-gvrh-00127,-1.3055060801718696,-1.5263516020425845,1.4313637641589874,True
log_gvrh,3,mb-log-gvrh-00138,2.0799184813552896,0.8099114539829975,1.7781512503836436,True
log_gvrh,3,mb-log-gvrh-00148,5.922667927807315,3.6864753157635555,2.0718820073061255,True
log_gvrh,3,mb-log-gvrh-00171,-1.3968897878198967,-1.6789300946507668,1.414973347970818,True
log_gvrh,3,mb-log-gvrh-00183,3.659469999142069,1.9132887267924368,1.8976270912904414,True
log_gvrh,3,mb-log-gvrh-00186,-2.0935260238833138,-2.045531790063416,1.3424226808222062,True
log_gvrh,3,mb-log-gvrh-00207,-4.316855438304468,-3.4639302576592903,1.0791812460476249,True
log_gvrh,3,mb-log-gvrh-00249,-0.7519358616030793,-1.2330459253691093,1.4913616938342726,True
log_gvrh,3,mb-log-gvrh-00270,2.4467324341691903,1.1296421341994836,1.7853298350107671,True
log_gvrh,3,mb-log-gvrh-00274,0.526955695006927,-0.24781646355894255,1.6532125137753437,True
log_gvrh,3,mb-log-gvrh-00289,-5.118323168640171,-4.170714931108199,1.0791812460476249,True
log_gvrh,3,mb-log-gvrh-00301,3.484791336715897,1.8463083227220627,1.8692317197309762,True
log_gvrh,3,mb-log-gvrh-00314,-6.8429713403316175,-5.082227695815202,0.9542425094393249,True
log_gvrh,3,mb-log-gvrh-00327,-1.356438653638893,-1.6500705647973686,1.3424226808222062,True
log_gvrh,3,mb-log-gvrh-00378,0.6061987208409629,-0.11106160467363903,1.6020599913279623,True
log_gvrh,3,mb-log-gvrh-00387,2.974189476607464,1.6416890939487734,1.8129133566428555,True
log_gvrh,3,mb-log-gvrh-00436,-0.8076076100875285,-1.276026027942415,1.4771212547196624,True
log_gvrh,3,mb-log-gvrh-00470,-0.07161286071052439,-0.4326071217240356,1.5440680443502757,True
log_gvrh,3,mb-log-gvrh-00558,-4.650041301962561,-3.9292511901965055,1.146128035678238,True
log_gvrh,3,mb-log-gvrh-00582,-1.1067185442050236,-1.4825893551243337,1.414973347970818,True
log_gvrh,3,mb-log-gvrh-00584,1.6068554367019812,0.5718188930843973,1.6901960800285136,True
log_gvrh,3,mb-log-gvrh-00618,3.4906465605873143,1.998849815903211,1.8692317197309762,True
log_gvrh,3,mb-log-gvrh-00642,-7.587494915400368,-5.413999456399981,0.8450980400142568,True
log_gvrh,3,mb-log-gvrh-00680,-7.841058338298649,-5.6048699019680255,0.9542425094393249,True
log_gvrh,3,mb-log-gvrh-00693,1.791103483343139,0.6873242890875397,1.7075701760979363,True
log_gvrh,3,mb-log-gvrh-00748,1.427314316246259,0.36577306913271096,1.6434526764861874,True
log_gvrh,3,mb-log-gvrh-00763,-0.19006428985477009,-0.8099456329149176,1.5314789170422551,True
log_gvrh,3,mb-log-gvrh-00805,3.447214269160165,1.8330021429232757,1.8573324964312685,True
log_gvrh,3,mb-log-gvrh-00825,6.151089653279839,3.9009278609994213,2.100370545117563,True
log_gvrh,3,mb-log-gvrh-00841,-0.6430912720647025,-1.1220863577371347,1.4771212547196624,True
log_gvrh,3,mb-log-gvrh-00857,-5.10530126263815,-4.04621499891656,1.0413926851582251,True
log_gvrh,3,mb-log-gvrh-00903,5.386932859501047,3.3086854111524597,2.0530784434834195,True
log_gvrh,3,mb-log-gvrh-00952,-2.9272764787499566,-2.6408436936734825,1.2787536009528289,True
log_gvrh,3,mb-log-gvrh-00986,-2.8539848987099714,-2.6858906393244237,1.2787536009528289,True
log_gvrh,3,mb-log-gvrh-00987,-5.189084233124517,-4.088911310845049,1.0413926851582251,True
log_gvrh,3,mb-log-gvrh-01008,-2.9680003114513513,-2.7547206484377798,1.2304489213782739,True
log_gvrh,3,mb-log-gvrh-01076,2.573168018145525,1.9286243222946582,1.8388490907372552,True
log_gvrh,3,mb-log-gvrh-01081,1.6798015449570523,0.462691070808147,1.724275869600789,True
log_gvrh,3,mb-log-gvrh-01106,3.1677392052953794,1.5980918847660774,1.8325089127062364,True
log_gvrh,3,mb-log-gvrh-01143,0.00525859146143748,-0.704065258062295,1.5797835966168101,True
log_gvrh,3,mb-log-gvrh-01173,-1.4254258978740026,-1.6512836854648965,1.3010299956639813,True
log_gvrh,3,mb-log-gvrh-01234,-5.76969245579224,-4.538605386607756,1.0413926851582251,True
log_gvrh,3,mb-log-gvrh-01260,-4.244595159288859,-3.641405726400718,1.1139433523068367,True
log_gvrh,3,mb-log-gvrh-01294,-1.1658276913982115,-1.4925386287922533,1.380211241711606,True
log_gvrh,3,mb-log-gvrh-01319,-0.19755455127279695,-0.8441636600561001,1.505149978319906,True
log_gvrh,3,mb-log-gvrh-01374,-6.24179296285409,-4.913480007884638,0.9542425094393249,True
log_gvrh,3,mb-log-gvrh-01400,-8.466297936575932,-4.787779897232777,0.7781512503836436,True
log_gvrh,3,mb-log-gvrh-01409,-4.151425848532167,-3.563880366942217,1.146128035678238,True
log_gvrh,3,mb-log-gvrh-01459,-2.320664335663058,-2.316376196964974,1.3010299956639813,True
log_gvrh,3,mb-log-gvrh-01473,1.9488135194372573,0.7039043136082812,1.724275869600789,True
log_gvrh,3,mb-log-gvrh-01480,-1.5410192266308838,-1.7783758952065327,1.380211241711606,True
log_gvrh,3,mb-log-gvrh-01497,-3.63996141544685,-3.21877648726572,1.2041199826559248,True
log_gvrh,3,mb-log-gvrh-01503,4.623520148054084,3.0920322715019957,1.9294189257142926,True
log_gvrh,3,mb-log-gvrh-01532,-1.723038748102442,-1.864905612709944,1.3617278360175928,True
log_gvrh,3,mb-log-gvrh-01551,0.7758737337527486,-0.08057574062944979,1.6127838567197355,True
log_gvrh,3,mb-log-gvrh-01574,-1.1217459611933673,-1.4917697243486,1.4313637641589874,True
log_gvrh,3,mb-log-gvrh-01575,3.6535975392698044,2.1322440861151057,1.8692317197309762,True
log_gvrh,3,mb-log-gvrh-01579,4.548995686161963,2.552920579957396,2.089905111439398,True
log_gvrh,3,mb-log-gvrh-01633,2.9518318250456543,1.4645634413851536,1.806179973983887,True
log_gvrh,3,mb-log-gvrh-01667,1.9177780840188083,1.0046184224838988,1.6720978579357175,True
log_gvrh,3,mb-log-gvrh-01750,-1.6156801178647429,-1.8258796072167938,1.3617278360175928,True
log_gvrh,3,mb-log-gvrh-01796,3.5491401210815727,1.894571860525974,1.8512583487190752,True
log_gvrh,3,mb-log-gvrh-01803,0.06726788583954557,-0.645775081203655,1.5185139398778875,True
log_gvrh,3,mb-log-gvrh-01810,3.936559616076784,2.364298854120896,1.9030899869919435,True
log_gvrh,3,mb-log-gvrh-01813,3.012355372275721,1.4969289607958556,1.8195439355418688,True
log_gvrh,3,mb-log-gvrh-01882,3.2464694325345285,1.6259779110153147,1.8512583487190752,True
log_gvrh,3,mb-log-gvrh-01947,3.203035330747133,1.6792465584643488,1.8692317197309762,True
log_gvrh,3,mb-log-gvrh-01953,0.9836396037142129,0.24382171563194097,1.6334684555795864,True
log_gvrh,3,mb-log-gvrh-01985,1.17591898261701,0.2266344343039516,1.6127838567197355,True
log_gvrh,3,mb-log-gvrh-02024,-2.8926966284132742,-2.697849119081916,1.2787536009528289,True
log_gvrh,3,mb-log-gvrh-02070,3.0423111398677536,2.5116018256031865,1.7853298350107671,True
log_gvrh,3,mb-log-gvrh-02071,-3.816880436254213,-3.350926584579453,1.1760912590556813,True
log_gvrh,3,mb-log-gvrh-02074,6.646649805915613,4.458839328804532,1.954242509439325,True
log_gvrh,3,mb-log-gvrh-02101,2.878005191968648,1.4271219195355895,1.8325089127062364,True
log_gvrh,3,mb-log-gvrh-02114,1.3869088193999373,0.9141971030275318,1.6901960800285136,True
log_gvrh,3,mb-log-gvrh-02130,3.5901231826234503,1.935648647896814,1.8808135922807914,True
log_gvrh,3,mb-log-gvrh-02149,-1.9029152530409295,-1.8806426433503352,1.3617278360175928,True
log_gvrh,3,mb-log-gvrh-02204,2.252683705322385,0.9979820438826181,1.7558748556724915,True
log_gvrh,3,mb-log-gvrh-02208,4.282756178268167,2.3607397374221533,1.9493900066449128,True
log_gvrh,3,mb-log-gvrh-02283,2.7541848887801885,1.499116023672291,1.8260748027008264,True
log_gvrh,3,mb-log-gvrh-02404,-0.4672077487868564,-0.9387283883039164,1.414973347970818,True
log_gvrh,3,mb-log-gvrh-02412,-0.9537932398503427,-1.3536830135984017,1.4313637641589874,True
log_gvrh,3,mb-log-gvrh-02416,-1.3172178859555008,-1.4152798942695184,1.414973347970818,True
log_gvrh,3,mb-log-gvrh-02442,0.46661248502489944,-0.265440364651712,1.5314789170422551,True
log_gvrh,3,mb-log-gvrh-02464,4.8081521482063,3.037216102508805,1.9912260756924949,True
log_gvrh,3,mb-log-gvrh-02479,-2.499633303511035,-2.4131940281815853,1.3010299956639813,True
log_gvrh,3,mb-log-gvrh-02486,1.6519241476751974,0.4684261057259304,1.954242509439325,True
log_gvrh,3,mb-log-gvrh-02505,-4.107789846927818,-3.524371054050346,1.1139433523068367,True
log_gvrh,3,mb-log-gvrh-02529,2.7485593780480704,1.2874243780816648,1.792391689498254,True
log_gvrh,3,mb-log-gvrh-02607,0.6078682781334395,-0.28604690109287667,1.6232492903979006,True
log_gvrh,3,mb-log-gvrh-02661,5.6203851937064115,3.532375099941805,2.0253058652647704,True
log_gvrh,3,mb-log-gvrh-02697,-0.5548673370238845,-1.091261851844617,1.4471580313422192,True
log_gvrh,3,mb-log-gvrh-02711,-3.2913512274247063,-2.973917722896262,1.0791812460476249,True
log_gvrh,3,mb-log-gvrh-02728,5.250576683679212,3.2064321807723397,2.0170333392987803,True
log_gvrh,3,mb-log-gvrh-02732,-0.6921452394257654,-1.0953205538076463,1.4771212547196624,True
log_gvrh,3,mb-log-gvrh-02743,-5.07537559789761,-4.186515888265857,1.0791812460476249,True
log_gvrh,3,mb-log-gvrh-02750,4.491610240191647,2.50797152413221,1.9867717342662448,True
log_gvrh,3,mb-log-gvrh-02791,-1.1598200828690488,-1.4709514343053847,1.4313637641589874,True
log_gvrh,3,mb-log-gvrh-02796,3.030509095132658,1.5919508156925044,1.792391689498254,True
log_gvrh,3,mb-log-gvrh-02826,3.1792019895967814,1.7164780241568558,1.8129133566428555,True
log_gvrh,3,mb-log-gvrh-02834,3.6919582661097756,2.0022995051118464,1.8976270912904414,True
log_gvrh,3,mb-log-gvrh-02907,-2.5561959432638974,-2.4760459278304165,1.414973347970818,True
log_gvrh,3,mb-log-gvrh-02927,-0.5261510059749669,-0.4197778912100719,1.5797835966168101,False
log_gvrh,3,mb-log-gvrh-02951,2.3243945012786056,1.1283638753890788,1.7558748556724915,True
log_gvrh,3,mb-log-gvrh-02975,-1.6268812391028056,-1.8382156896487702,1.4313637641589874,True
log_gvrh,3,mb-log-gvrh-03076,4.360074080951161,3.268456709848644,1.9344984512435677,True
log_gvrh,3,mb-log-gvrh-03207,4.0754933033361755,2.389800388475489,1.9294189257142926,True
log_gvrh,3,mb-log-gvrh-03254,-1.9183952979324155,-2.039057743636223,1.3617278360175928,True
log_gvrh,3,mb-log-gvrh-03281,7.4629969050523,4.871349010980632,2.2068258760318495,True
log_gvrh,3,mb-log-gvrh-03294,5.74660602615244,3.596271421151432,2.0681858617461617,True
log_gvrh,3,mb-log-gvrh-03310,6.187488309724412,3.803105060859187,2.1271047983648077,True
log_gvrh,3,mb-log-gvrh-03346,-2.890686048180439,-2.6851056411673677,0.8450980400142568,True
log_gvrh,3,mb-log-gvrh-03374,2.905090067214582,1.4610242918880114,1.7853298350107671,True
log_gvrh,3,mb-log-gvrh-03384,-1.5396893696589014,-1.7673496400445936,1.414973347970818,True
log_gvrh,3,mb-log-gvrh-03394,2.3959362478066653,1.2070985018595681,1.7481880270062005,True
log_gvrh,3,mb-log-gvrh-03415,-1.6559038965481359,-1.8493960984684097,1.3979400086720377,True
log_gvrh,3,mb-log-gvrh-03450,1.6663873150648885,0.6091257554763364,1.6989700043360187,True
log_gvrh,3,mb-log-gvrh-03468,1.4517070881677137,0.47145246764314186,1.7075701760979363,True
log_gvrh,3,mb-log-gvrh-03487,3.9526573322659755,2.2402200337751186,1.8864907251724818,True
log_gvrh,3,mb-log-gvrh-03504,5.542993988230996,3.4311008207902103,2.0644579892269186,True
log_gvrh,3,mb-log-gvrh-03514,5.4830876513583195,3.3647726592285796,2.0530784434834195,True
log_gvrh,3,mb-log-gvrh-03541,-0.12432777920589781,-0.7877223292581369,1.5314789170422551,True
log_gvrh,3,mb-log-gvrh-03571,-0.40970723652157787,-1.0005944141440484,1.5314789170422551,True
log_gvrh,3,mb-log-gvrh-03588,0.3994073233654247,-0.41423024651595464,1.568201724066995,True
log_gvrh,3,mb-log-gvrh-03661,-3.250535270980841,-2.8995529471394645,1.2041199826559248,True
log_gvrh,3,mb-log-gvrh-03675,-3.4637399441616785,-2.8724137821832034,1.1139433523068367,True
log_gvrh,3,mb-log-gvrh-03710,-3.0667425931270547,-2.829237584468624,1.2041199826559248,True
log_gvrh,3,mb-log-gvrh-03724,1.1892433965294602,0.24935680040724842,1.6434526764861874,True
log_gvrh,3,mb-log-gvrh-03737,8.115294976211677,5.441855995301398,2.2764618041732443,True
log_gvrh,3,mb-log-gvrh-03778,6.086137328533338,3.8959746322436595,2.0827853703164503,True
log_gvrh,3,mb-log-gvrh-03871,2.953582090851607,1.5344493007578122,1.792391689498254,True
log_gvrh,3,mb-log-gvrh-03886,0.8873587432200998,-0.08647328248178186,1.6020599913279623,True
log_gvrh,3,mb-log-gvrh-03903,2.397875803220376,1.021861316829015,1.7781512503836436,True
log_gvrh,3,mb-log-gvrh-03912,2.8875832287139485,1.3565864173718813,1.845098040014257,True
log_gvrh,3,mb-log-gvrh-03934,8.465570688847496,5.64609875283366,2.330413773349191,True
log_gvrh,3,mb-log-gvrh-03961,-4.0531877797345865,-3.4973045174082467,1.1139433523068367,True
log_gvrh,3,mb-log-gvrh-03986,-0.5799151841905635,-1.0417284508357847,1.505149978319906,True
log_gvrh,3,mb-log-gvrh-04056,3.170121527953999,1.6108052565261195,1.8388490907372552,True
log_gvrh,3,mb-log-gvrh-04307,1.6425486136674752,0.5582398714521506,1.7160033436347992,True
log_gvrh,3,mb-log-gvrh-04310,2.1783688311552383,1.0734450201701082,1.7634279935629373,True
log_gvrh,3,mb-log-gvrh-04368,3.2335403658677846,1.7586239597729156,1.8692317197309762,True
log_gvrh,3,mb-log-gvrh-04383,0.32351898677674684,-0.4786590364632275,1.591064607026499,True
log_gvrh,3,mb-log-gvrh-04429,-18.364818455198808,3.345872162941268,0.47712125471966244,True
log_gvrh,3,mb-log-gvrh-04439,5.978813359307599,3.7755690558725665,2.0863598306747484,True
log_gvrh,3,mb-log-gvrh-04457,-26.059381419067062,13.297040876568367,0.3010299956639812,True
log_gvrh,3,mb-log-gvrh-04484,0.9064764569232677,-0.08460117459001047,1.6901960800285136,True
log_gvrh,3,mb-log-gvrh-04498,4.080124007848128,2.3126879932544853,1.9344984512435677,True
log_gvrh,3,mb-log-gvrh-04521,-0.3583174794030727,-0.9538597139757097,1.6532125137753437,True
log_gvrh,3,mb-log-gvrh-04523,-3.366192423254635,-3.0396486102310374,1.1760912590556813,True
log_gvrh,3,mb-log-gvrh-04549,2.1025623184058255,0.8041070435630643,1.724275869600789,True
log_gvrh,3,mb-log-gvrh-04572,4.333865834502928,2.556281743381487,1.9444826721501687,True
log_gvrh,3,mb-log-gvrh-04588,-7.489055409901217,-5.100120037256645,0.9030899869919435,True
log_gvrh,3,mb-log-gvrh-04633,3.5772864399688515,1.8156586862872974,1.8750612633917,True
log_gvrh,3,mb-log-gvrh-04660,-45.180957907617014,42.76491176767724,0.0,True
log_gvrh,3,mb-log-gvrh-04664,0.8559722393966857,-0.11095095686540603,1.6334684555795864,True
log_gvrh,3,mb-log-gvrh-04711,-12.693645905676556,-4.333552558338828,0.6989700043360189,True
log_gvrh,3,mb-log-gvrh-04851,3.0542953108382234,1.5174356990945284,1.8325089127062364,True
log_gvrh,3,mb-log-gvrh-04879,-7.31776709351285,-5.240490063574043,0.9030899869919435,True
log_gvrh,3,mb-log-gvrh-04915,0.3776917163634063,-0.43392944909666253,1.5563025007672873,True
log_gvrh,3,mb-log-gvrh-04985,2.859223008897407,1.3922837011360971,1.7993405494535817,True
log_gvrh,3,mb-log-gvrh-04991,3.2978137514040666,1.9055656810493378,1.8864907251724818,True
log_gvrh,3,mb-log-gvrh-04998,3.096127253101803,1.5687451907228556,1.8388490907372552,True
log_gvrh,3,mb-log-gvrh-05018,3.775761518830006,2.091192090463929,1.8573324964312685,True
log_gvrh,3,mb-log-gvrh-05043,3.975005129288868,2.2075618998281836,1.8976270912904414,True
log_gvrh,3,mb-log-gvrh-05127,4.539698032314176,2.676954094638502,1.9493900066449128,True
log_gvrh,3,mb-log-gvrh-05222,3.5517896494549497,1.8232983804298413,1.9030899869919435,True
log_gvrh,3,mb-log-gvrh-05230,0.5180820579198994,-0.3546048573428585,1.591064607026499,True
log_gvrh,3,mb-log-gvrh-05254,-0.39170115770224084,-0.7927537918007288,1.505149978319906,True
log_gvrh,3,mb-log-gvrh-05284,-0.8349103694196175,-1.134861974724037,1.4771212547196624,True
log_gvrh,3,mb-log-gvrh-05295,-3.320066060631645,-3.005096198281123,1.255272505103306,True
log_gvrh,3,mb-log-gvrh-05313,-2.67139935533507,-2.5455476989553425,1.3010299956639813,True
log_gvrh,3,mb-log-gvrh-05325,3.4666858946667842,1.7468579624926164,1.8976270912904414,True
log_gvrh,3,mb-log-gvrh-05393,-1.8133126692717434,-1.9482602013807,1.380211241711606,True
log_gvrh,3,mb-log-gvrh-05395,-1.5652198693347543,-1.7226045792036528,1.380211241711606,True
log_gvrh,3,mb-log-gvrh-05412,3.349216398860472,1.7739149805308392,1.8692317197309762,True
log_gvrh,3,mb-log-gvrh-05464,-6.598838719260955,-4.850368454341738,0.9030899869919435,True
log_gvrh,3,mb-log-gvrh-05477,-0.685798207102947,0.5979618125865289,1.5797835966168101,True
log_gvrh,3,mb-log-gvrh-05498,5.924642020163045,3.8894534759119783,2.0969100130080562,True
log_gvrh,3,mb-log-gvrh-05571,-1.2139008605326977,-1.5460802069759034,1.380211241711606,True
log_gvrh,3,mb-log-gvrh-05648,-3.933766016710864,-3.36708967352398,1.2304489213782739,True
log_gvrh,3,mb-log-gvrh-05842,5.063506706349415,2.9868890609511816,2.0,True
log_gvrh,3,mb-log-gvrh-05843,-0.6993154065112022,-1.096739042446315,1.462397997898956,True
log_gvrh,3,mb-log-gvrh-05976,-3.6174976988306935,-3.203389504172257,1.1760912590556813,True
log_gvrh,3,mb-log-gvrh-06075,-0.8264476621734465,-1.2407168538677908,1.462397997898956,True
log_gvrh,3,mb-log-gvrh-06089,-1.9801221935867959,-2.0943556002742993,1.3979400086720377,True
log_gvrh,3,mb-log-gvrh-06092,-1.6418601115405398,-1.8144342267948907,1.3979400086720377,True
log_gvrh,3,mb-log-gvrh-06198,-0.7570359447432987,-0.5751162181976807,1.4771212547196624,True
log_gvrh,3,mb-log-gvrh-06213,2.590530272536658,1.3765596819684662,1.7781512503836436,True
log_gvrh,3,mb-log-gvrh-06262,1.1719661775236265,0.16850821536354912,1.6434526764861874,True
log_gvrh,3,mb-log-gvrh-06304,5.264449355151916,3.2856553820005825,2.0293837776852097,True
log_gvrh,3,mb-log-gvrh-06343,-3.7034882904343656,-3.268421280928475,1.146128035678238,True
log_gvrh,3,mb-log-gvrh-06391,-2.242813104034163,-2.1701584499421305,1.2304489213782739,True
log_gvrh,3,mb-log-gvrh-06394,3.1775667180582676,1.8227824209825625,1.8976270912904414,True
log_gvrh,3,mb-log-gvrh-06401,4.500650329643778,2.6080832396663163,1.9731278535996986,True
log_gvrh,3,mb-log-gvrh-06441,0.3744350827785254,-0.4368604501287624,1.6127838567197355,True
log_gvrh,3,mb-log-gvrh-06467,2.1936578900687667,0.9605455700320933,1.7634279935629373,True
log_gvrh,3,mb-log-gvrh-06492,4.964309310361922,3.008653345779211,1.9912260756924949,True
log_gvrh,3,mb-log-gvrh-06496,-2.7821266434167726,-2.621429391092158,1.2787536009528289,True
log_gvrh,3,mb-log-gvrh-06498,5.583091864683489,3.448356764978717,2.0863598306747484,True
log_gvrh,3,mb-log-gvrh-06609,0.9649204307449823,-0.01910318646466773,1.6901960800285136,True
log_gvrh,3,mb-log-gvrh-06610,-2.2898526432241955,-2.290920726576133,1.3222192947339193,True
log_gvrh,3,mb-log-gvrh-06648,2.587100159872828,1.1344732532762039,1.7708520116421442,True
log_gvrh,3,mb-log-gvrh-06671,-5.952481171888771,-4.638041426934977,1.0413926851582251,True
log_gvrh,3,mb-log-gvrh-06698,-8.414791057911394,-5.271730362005448,0.9030899869919435,True
log_gvrh,3,mb-log-gvrh-06706,-0.8127940758231443,-1.2696244147598286,1.4771212547196624,True
log_gvrh,3,mb-log-gvrh-06736,5.10075753125135,3.070949053428709,2.0086001717619175,True
log_gvrh,3,mb-log-gvrh-06738,-6.392468056097512,-4.736759862655362,0.9542425094393249,True
log_gvrh,3,mb-log-gvrh-06786,-0.1272653601056394,-0.808493555872559,1.462397997898956,True
log_gvrh,3,mb-log-gvrh-06830,1.339212159331232,0.24894857383549224,1.7323937598229686,True
log_gvrh,3,mb-log-gvrh-06843,-1.3212597324420643,-1.6355092599670826,1.462397997898956,True
log_gvrh,3,mb-log-gvrh-06861,0.5081582567337769,-0.3640296189312207,1.5797835966168101,True
log_gvrh,3,mb-log-gvrh-06878,-5.637500404490816,-4.339400985683785,1.0413926851582251,True
log_gvrh,3,mb-log-gvrh-06916,4.5363146825892615,2.5428025100124385,2.0043213737826426,True
log_gvrh,3,mb-log-gvrh-06937,-10.598240750652188,-5.153671136393184,0.6989700043360189,True
log_gvrh,3,mb-log-gvrh-06978,-0.26270762486520255,-0.8975802123026602,1.5314789170422551,True
log_gvrh,3,mb-log-gvrh-06996,-0.11736775423231117,-0.7924123176767087,1.568201724066995,True
log_gvrh,3,mb-log-gvrh-07036,9.40379053379639,6.390799974511077,2.380211241711606,True
log_gvrh,3,mb-log-gvrh-07038,-0.01695882573871704,-0.6529465234286583,1.568201724066995,True
log_gvrh,3,mb-log-gvrh-07082,0.027447274673977545,-0.6341406001576634,1.5797835966168101,True
log_gvrh,3,mb-log-gvrh-07136,2.3261615348903764,0.9691353725394177,1.7634279935629373,True
log_gvrh,3,mb-log-gvrh-07142,-3.7171811474666696,-3.2776070600555363,1.1760912590556813,True
log_gvrh,3,mb-log-gvrh-07209,2.021142301832745,0.8007442671298866,1.7323937598229686,True
log_gvrh,3,mb-log-gvrh-07279,3.8425621676141684,2.069155964054315,1.8920946026904804,True
log_gvrh,3,mb-log-gvrh-07355,-0.3024219333574265,-0.8913310690953339,1.4771212547196624,True
log_gvrh,3,mb-log-gvrh-07433,-0.6608993485896879,-1.170168882933599,1.505149978319906,True
log_gvrh,3,mb-log-gvrh-07556,2.668263964293259,1.1898593503107295,1.806179973983887,True
log_gvrh,3,mb-log-gvrh-07561,-2.0511545116425385,-2.1248272966889,1.380211241711606,True
log_gvrh,3,mb-log-gvrh-07579,-6.969322847092025,-4.997117759874431,0.9542425094393249,True
log_gvrh,3,mb-log-gvrh-07586,-1.294698131366308,-1.5453497248159145,1.4913616938342726,True
log_gvrh,3,mb-log-gvrh-07605,-8.429477549961735,-5.873561171341214,0.8450980400142568,True
log_gvrh,3,mb-log-gvrh-07609,-3.6870721848604178,-3.256226929852815,1.1760912590556813,True
log_gvrh,3,mb-log-gvrh-07712,-1.5224256647415702,-1.3681418942341534,1.3979400086720377,True
log_gvrh,3,mb-log-gvrh-07724,-3.5686491838094083,-3.1748162776124955,1.1139433523068367,True
log_gvrh,3,mb-log-gvrh-07745,1.1296659466401369,0.08410060677293363,1.6532125137753437,True
log_gvrh,3,mb-log-gvrh-07764,0.4263174217468632,-0.41565485089601684,1.5440680443502757,True
log_gvrh,3,mb-log-gvrh-07774,4.536200122091619,2.5978343892498175,2.0086001717619175,True
log_gvrh,3,mb-log-gvrh-07923,1.9727482275767891,0.6762297290427595,1.6989700043360187,True
log_gvrh,3,mb-log-gvrh-07932,-4.227606171303968,-3.5856730774109122,1.146128035678238,True
log_gvrh,3,mb-log-gvrh-07934,-1.0843661781545384,-1.456997175013529,1.414973347970818,True
log_gvrh,3,mb-log-gvrh-07954,2.4980668883588746,1.1349722071439972,1.792391689498254,True
log_gvrh,3,mb-log-gvrh-07963,4.1090626893377005,2.3147016303030243,1.954242509439325,True
log_gvrh,3,mb-log-gvrh-07981,-0.018818160468882017,0.371852557499802,1.505149978319906,True
log_gvrh,3,mb-log-gvrh-07982,4.67196906052836,2.9303256597711407,1.9590413923210936,True
log_gvrh,3,mb-log-gvrh-08001,-4.487027444014634,-3.6992183183924774,1.1139433523068367,True
log_gvrh,3,mb-log-gvrh-08019,-2.8643678770667167,-2.665073228862139,1.2304489213782739,True
log_gvrh,3,mb-log-gvrh-08047,-1.37887230644854,-1.6439524867935664,1.380211241711606,True
log_gvrh,3,mb-log-gvrh-08097,2.1160852362730305,0.8871486665101382,1.724275869600789,True
log_gvrh,3,mb-log-gvrh-08131,-0.3642086683212973,-0.9666664699763067,1.462397997898956,True
log_gvrh,3,mb-log-gvrh-08135,-9.289248206294635,-6.031315115565491,0.6989700043360189,False
log_gvrh,3,mb-log-gvrh-08152,-1.556313150381616,-1.735800733061272,1.380211241711606,True
log_gvrh,3,mb-log-gvrh-08245,-2.928895487610491,-2.5928366011629786,1.2304489213782739,True
log_gvrh,3,mb-log-gvrh-08379,0.2127909309201025,-0.5595099282846978,1.568201724066995,True
log_gvrh,3,mb-log-gvrh-08427,-1.8007800905609703,-1.9596735016324995,1.3424226808222062,True
log_gvrh,3,mb-log-gvrh-08449,-0.5421262715479118,-0.5654276217511444,1.4771212547196624,True
log_gvrh,3,mb-log-gvrh-08499,2.5307974987260913,1.3239870749610378,1.7993405494535817,True
log_gvrh,3,mb-log-gvrh-08599,1.9043958960521843,0.7260656910968002,1.724275869600789,True
log_gvrh,3,mb-log-gvrh-08602,2.8619703162881542,1.375114689945507,1.863322860120456,True
log_gvrh,3,mb-log-gvrh-08660,2.559131734034597,1.1562786520621071,1.7558748556724915,True
log_gvrh,3,mb-log-gvrh-08661,-2.029137239842832,-2.0519868511317374,1.2787536009528289,True
log_gvrh,3,mb-log-gvrh-08747,1.0873091548162055,0.07149258006257722,1.6989700043360187,False
log_gvrh,3,mb-log-gvrh-08780,4.223540152470196,2.458146085921944,1.9242792860618816,True
log_gvrh,3,mb-log-gvrh-08797,3.42777093560895,1.7637795563733496,1.8260748027008264,True
log_gvrh,3,mb-log-gvrh-08806,1.6326956062297109,0.5046264857541348,1.6901960800285136,True
log_gvrh,3,mb-log-gvrh-08819,2.5141104702442107,1.0894748333753903,1.8573324964312685,True
log_gvrh,3,mb-log-gvrh-08836,-1.3499353826228278,-1.6292090331016396,1.414973347970818,True
log_gvrh,3,mb-log-gvrh-08841,0.16143586442490948,-0.5973396154789942,1.5797835966168101,True
log_gvrh,3,mb-log-gvrh-08847,-1.087420134321672,-1.4614096939603218,1.568201724066995,True
log_gvrh,3,mb-log-gvrh-08911,5.680131252170288,3.547790124656325,2.012837224705172,True
log_gvrh,3,mb-log-gvrh-08994,1.2907316654083856,0.18060445134757852,1.6434526764861874,True
log_gvrh,3,mb-log-gvrh-09016,1.877396693640068,0.622231817919493,1.7403626894942439,True
log_gvrh,3,mb-log-gvrh-09020,0.3822741268502751,0.32956587143020494,1.5797835966168101,True
log_gvrh,3,mb-log-gvrh-09023,5.379665204355876,3.3711115853824563,2.0827853703164503,True
log_gvrh,3,mb-log-gvrh-09101,5.027126386815679,3.0856742195836193,2.012837224705172,True
log_gvrh,3,mb-log-gvrh-09104,-4.152378850349663,-3.5300613372005225,0.9030899869919435,True
log_gvrh,3,mb-log-gvrh-09131,-1.223528712427122,-1.5307414849528092,1.3979400086720377,True
log_gvrh,3,mb-log-gvrh-09180,3.009473013577125,1.636907013667517,1.8512583487190752,True
log_gvrh,3,mb-log-gvrh-09200,-0.2417405386632966,-0.2525777972684397,1.4471580313422192,True
log_gvrh,3,mb-log-gvrh-09201,3.9613051462668665,2.236767393622379,1.8573324964312685,True
log_gvrh,3,mb-log-gvrh-09343,1.560479796047272,0.48241298803892985,1.7075701760979363,True
log_gvrh,3,mb-log-gvrh-09385,2.1112250211614048,0.7941496096448636,1.7403626894942439,True
log_gvrh,3,mb-log-gvrh-09418,-7.570830082002171,-5.3402790532622815,1.1760912590556813,False
log_gvrh,3,mb-log-gvrh-09481,3.26431013644478,1.6314485331484585,1.8260748027008264,True
log_gvrh,3,mb-log-gvrh-09509,-0.45489847058630756,-1.0104193669059411,1.5185139398778875,True
log_gvrh,3,mb-log-gvrh-09631,5.643760399474567,3.5189291321717495,2.0530784434834195,True
log_gvrh,3,mb-log-gvrh-09648,-0.16542097309265907,-0.8217960540939465,1.505149978319906,True
log_gvrh,3,mb-log-gvrh-09707,-0.9458855355991866,-1.3137656930900257,1.4771212547196624,True
log_gvrh,3,mb-log-gvrh-09749,-3.133924755612279,-2.874205615645434,1.1760912590556813,True
log_gvrh,3,mb-log-gvrh-09789,0.06602136580526852,-0.259794056891739,1.568201724066995,True
log_gvrh,3,mb-log-gvrh-09793,0.11090502421993892,-0.533103755624988,1.5440680443502757,True
log_gvrh,3,mb-log-gvrh-09816,-1.441001849613488,-1.6997533123053072,1.3979400086720377,True
log_gvrh,3,mb-log-gvrh-09825,-3.0992394488250476,-2.715133391096898,1.146128035678238,True
log_gvrh,3,mb-log-gvrh-09835,-0.9055822687529863,-1.3348255449844526,1.4771212547196624,True
log_gvrh,3,mb-log-gvrh-09996,-1.9171219246225064,-2.0384471654621548,1.3617278360175928,True
log_gvrh,3,mb-log-gvrh-09997,1.8045208837072875,0.5834297316172208,1.724275869600789,False
log_gvrh,3,mb-log-gvrh-10005,-1.419223038885578,-1.6807129209949712,1.2041199826559248,True
log_gvrh,3,mb-log-gvrh-10010,-25.10766893166577,12.949162993499051,0.3010299956639812,True
log_gvrh,3,mb-log-gvrh-10057,5.736740594133868,4.009131404418872,2.0043213737826426,True
log_gvrh,3,mb-log-gvrh-10133,0.6983313115516874,-0.23404115486116706,1.6020599913279623,True
log_gvrh,3,mb-log-gvrh-10156,2.708394360413195,1.3225656345179821,1.7993405494535817,True
log_gvrh,3,mb-log-gvrh-10163,6.799881271384606,4.405242982904356,2.164352855784437,True
log_gvrh,3,mb-log-gvrh-10176,1.9242460945305953,0.6928784952781742,1.7160033436347992,True
log_gvrh,3,mb-log-gvrh-10252,6.0835475659904095,3.8327682970624966,2.130333768495006,True
log_gvrh,3,mb-log-gvrh-10255,1.4463111241971465,0.542151634153421,1.6434526764861874,True
log_gvrh,3,mb-log-gvrh-10289,2.068440010977083,0.7787339226593281,1.724275869600789,True
log_gvrh,3,mb-log-gvrh-10389,-1.4054995900654614,-1.6567554333506045,1.4471580313422192,True
log_gvrh,3,mb-log-gvrh-10488,0.6262559080367169,-0.25644224054464554,1.591064607026499,True
log_gvrh,3,mb-log-gvrh-10516,-2.9400038845894816,-2.675276360116443,1.146128035678238,True
log_gvrh,3,mb-log-gvrh-10537,-0.2454431509992997,-0.6693935990070622,1.4913616938342726,True
log_gvrh,3,mb-log-gvrh-10629,-0.3829346000428923,-0.9710345780024137,1.5314789170422551,True
log_gvrh,3,mb-log-gvrh-10663,-0.03397855764035769,-0.7287623584607017,1.5440680443502757,True
log_gvrh,3,mb-log-gvrh-10666,-4.148093739381047,-3.5156119852723204,1.146128035678238,True
log_gvrh,3,mb-log-gvrh-10682,0.45484760101864474,-0.3644096935946464,1.5563025007672873,True
log_gvrh,3,mb-log-gvrh-10704,5.709578049162948,3.369889356327247,2.0827853703164503,True
log_gvrh,3,mb-log-gvrh-10718,-2.69890156360391,-2.562210985141332,1.255272505103306,True
log_gvrh,3,mb-log-gvrh-10841,3.3755135100518787,1.8745288954377834,1.8195439355418688,True
log_gvrh,3,mb-log-gvrh-10928,-1.8336173746241533,-1.9783504606495634,1.3617278360175928,True
perovskites,4,mb-perovskites-00033,5.9513612990496165,-9.554879615244172,2.0,True
perovskites,4,mb-perovskites-00053,-6.901050764153993,2.2125222732889305,0.98,True
perovskites,4,mb-perovskites-00101,-5.581513722154685,-3.4691230562534816,1.08,True
perovskites,4,mb-perovskites-00104,-12.004981954591596,8.919340912051656,0.42,True
perovskites,4,mb-perovskites-00205,56.734949773342876,29.680109758282097,4.18,True
perovskites,4,mb-perovskites-00215,2.7215313955774163,-6.007278957295738,1.92,True
perovskites,4,mb-perovskites-00267,-5.473706029626073,-0.36140678553542444,1.04,True
perovskites,4,mb-perovskites-00269,-14.27713291287677,14.544423772517241,0.16,True
perovskites,4,mb-perovskites-00401,47.97702741027555,24.135517359041163,4.22,True
perovskites,4,mb-perovskites-00450,4.68192931164035,-9.917568915004642,1.92,True
perovskites,4,mb-perovskites-00491,-3.3489136901838807,-2.196916308129802,1.36,False
perovskites,4,mb-perovskites-00494,-2.6925962692334084,-3.768530209731343,1.4,False
perovskites,4,mb-perovskites-00520,-6.592631889119643,-0.5936191629706693,1.0,False
perovskites,4,mb-perovskites-00531,32.049560712474054,10.460123695730866,3.5,True
perovskites,4,mb-perovskites-00587,-1.690231763049896,-1.664258066872069,1.28,True
perovskites,4,mb-perovskites-00708,-10.438593379248847,7.900341304601629,0.64,True
perovskites,4,mb-perovskites-00765,-6.825117830488725,3.257616102223856,0.86,False
perovskites,4,mb-perovskites-00821,-0.3341069389877327,-6.261351500367783,1.5,True
perovskites,4,mb-perovskites-00883,7.095839894968582,-8.563476203420079,1.96,True
perovskites,4,mb-perovskites-00895,-0.0673340842063089,2.5480214430641284,1.58,True
perovskites,4,mb-perovskites-00903,5.668376968751929,-9.957246037543076,1.92,True
perovskites,4,mb-perovskites-00934,15.790759656277585,-1.4040332404311102,2.72,True
perovskites,4,mb-perovskites-00989,-0.15008385319667497,-8.645768457165888,1.44,True
perovskites,4,mb-perovskites-01106,-11.50211688192074,9.010661536642516,0.38,True
perovskites,4,mb-perovskites-01300,18.073816347838058,6.584980431826355,2.58,True
perovskites,4,mb-perovskites-01340,-11.85818444008675,10.13386344017968,0.52,True
perovskites,4,mb-perovskites-01395,-0.6532477241242372,-5.58279830879171,1.34,True
perovskites,4,mb-perovskites-01471,-12.694763023118863,12.190096193758114,0.32,False
perovskites,4,mb-perovskites-01474,-7.793196333823215,0.04629737458734414,1.0,True
perovskites,4,mb-perovskites-01730,-6.169899212995128,-2.295144513993003,1.04,False
perovskites,4,mb-perovskites-01760,-2.114616289044237,-5.2655211752912265,1.34,True
perovskites,4,mb-perovskites-01769,-1.8615461977234458,-3.6353023392235078,1.36,True
perovskites,4,mb-perovskites-01832,-8.954024823938198,3.9538461386640136,0.72,False
perovskites,4,mb-perovskites-01871,-3.5315197240674068,-3.1621792883323065,1.36,False
perovskites,4,mb-perovskites-01970,-8.612923679110954,2.4691838124037027,0.84,True
perovskites,4,mb-perovskites-02063,8.148854613780095,-4.846351158044285,2.22,False
perovskites,4,mb-perovskites-02131,-2.1498091620728994,-1.4863968821138678,1.3,True
perovskites,4,mb-perovskites-02192,-2.9944729014013305,-1.10549578349965,1.22,False
perovskites,4,mb-perovskites-02254,-6.0463916335535535,3.067221961474146,0.96,True
perovskites,4,mb-perovskites-02265,3.3566108949063462,-1.942853219246058,1.78,True
perovskites,4,mb-perovskites-02290,0.6863742654580792,-4.35965216682196,1.62,True
perovskites,4,mb-perovskites-02343,-3.1977618717467386,-5.522701505041684,1.18,True
perovskites,4,mb-perovskites-02375,-6.620349813482195,-2.2023836052735124,0.94,True
perovskites,4,mb-perovskites-02464,0.49261261419306923,-7.278655906316815,1.5,True
perovskites,4,mb-perovskites-02501,8.64922836019269,-10.66919867594123,2.08,True
perovskites,4,mb-perovskites-02578,2.844253749457604,-3.341621241313341,1.7,True
perovskites,4,mb-perovskites-02604,-7.933910283989922,-0.4607223952942331,0.92,True
perovskites,4,mb-perovskites-02710,3.930659915241944,-9.890536398728766,1.82,True
perovskites,4,mb-perovskites-02740,-4.274087465596281,6.361562635876934,1.12,True
perovskites,4,mb-perovskites-02767,8.08197564205221,-6.801103026697333,2.12,True
perovskites,4,mb-perovskites-02795,-6.393877686807172,0.582184989252643,0.9,True
perovskites,4,mb-perovskites-02802,-4.722522256196513,-2.976802688622218,1.14,False
perovskites,4,mb-perovskites-02841,21.44489848449812,4.621712923009648,3.06,True
perovskites,4,mb-perovskites-02851,3.6030227350202257,-6.0368015501776,1.88,True
perovskites,4,mb-perovskites-02877,-11.088747543528081,6.7635385098739516,0.5,True
perovskites,4,mb-perovskites-02934,-3.1817498887295326,-1.8552623372668093,1.2,True
perovskites,4,mb-perovskites-02975,-9.446237659630789,4.855904382164101,0.72,True
perovskites,4,mb-perovskites-03097,10.471533876434563,-6.133854642685854,2.34,False
perovskites,4,mb-perovskites-03116,2.39428983314562,5.091219774551583,1.6,False
perovskites,4,mb-perovskites-03147,-0.7263985844457183,-2.889984659743177,1.64,True
perovskites,4,mb-perovskites-03256,-14.659831184862643,16.827694392331434,0.2,True
perovskites,4,mb-perovskites-03515,-0.527640115444277,-4.129885514136354,1.5,True
perovskites,4,mb-perovskites-03622,-0.8840406238255356,-6.041607456553325,1.46,True
perovskites,4,mb-perovskites-03688,7.475104429981803,-9.142768516518306,2.08,True
perovskites,4,mb-perovskites-03840,-7.334559771981413,2.685006225544384,0.94,True
perovskites,4,mb-perovskites-03854,-4.360820646128892,-3.8354798189715478,1.26,True
perovskites,4,mb-perovskites-03858,-8.440618430650119,1.3212519833571916,0.9,False
perovskites,4,mb-perovskites-03904,5.444654497574078,0.9063773387405994,1.86,True
perovskites,4,mb-perovskites-03964,7.02814860549978,-7.495417341904475,2.1,True
perovskites,4,mb-perovskites-04032,9.637651499764669,-3.829394079681843,2.28,False
perovskites,4,mb-perovskites-04068,12.532771070048401,1.1071297516697682,2.86,False
perovskites,4,mb-perovskites-04105,2.2881888119961697,-7.30851697906419,1.66,True
perovskites,4,mb-perovskites-04125,-1.5805417281348584,-5.62238717384163,1.4,True
perovskites,4,mb-perovskites-04175,-9.364676570778196,2.63763303534202,0.82,False
perovskites,4,mb-perovskites-04214,-0.35824292255760437,-5.546354459934398,1.56,True
perovskites,4,mb-perovskites-04275,-1.3471215873556808,-6.757432524940403,1.42,False
perovskites,4,mb-perovskites-04277,0.37319173125818283,-7.086516997728259,1.54,True
perovskites,4,mb-perovskites-04347,10.984674917633312,1.232783110896186,2.1,False
perovskites,4,mb-perovskites-04381,-5.385610762111094,-0.7490113520543427,1.0,True
perovskites,4,mb-perovskites-04384,-3.582465116436969,2.440354709228677,1.26,True
perovskites,4,mb-perovskites-04498,-13.774710401875177,12.871627551373706,0.32,True
perovskites,4,mb-perovskites-04530,2.5946448463208287,-6.511803995398469,1.74,True
perovskites,4,mb-perovskites-04638,10.610990030749846,-4.605694204696397,2.38,True
perovskites,4,mb-perovskites-04669,-5.382561704765537,-2.8512939565424564,1.12,False
perovskites,4,mb-perovskites-04857,-2.1052148071145087,-5.020138906514545,1.38,True
perovskites,4,mb-perovskites-04885,-11.919903697692046,8.035461444594487,0.42,True
perovskites,4,mb-perovskites-05044,-5.634828299665286,-3.742242213445398,1.08,True
perovskites,4,mb-perovskites-05061,2.0808373735584635,-8.685222835815022,1.66,False
perovskites,4,mb-perovskites-05130,-11.047026001742147,8.082929754430392,0.62,False
perovskites,4,mb-perovskites-05150,-5.192909439804991,-2.336816523428691,1.12,True
perovskites,4,mb-perovskites-05203,-1.0233074549489116,-5.685755824095985,1.5,True
perovskites,4,mb-perovskites-05267,3.1817440314066054,-6.155580879417842,1.74,True
perovskites,4,mb-perovskites-05294,-4.244080038145614,-3.767501841728393,1.22,True
perovskites,4,mb-perovskites-05323,18.13261008921224,4.139426759943551,2.56,False
perovskites,4,mb-perovskites-05338,-8.659975183904011,5.04957378323755,0.82,True
perovskites,4,mb-perovskites-05361,-4.892933718369393,-0.35643363869194106,1.14,True
perovskites,4,mb-perovskites-05439,42.31288504399604,22.53759640525794,4.12,True
perovskites,4,mb-perovskites-05449,-9.757620861039175,3.801975177421639,0.74,False
perovskites,4,mb-perovskites-05619,3.5513210178141335,-5.5039341373740385,1.88,True
perovskites,4,mb-perovskites-05680,16.073367378588337,-0.5779766698381641,3.0,True
perovskites,4,mb-perovskites-05684,-3.31141472287005,-5.208697463346021,1.34,True
perovskites,4,mb-perovskites-05734,1.7532575543519167,-7.790513090839623,1.68,True
perovskites,4,mb-perovskites-05801,6.07142360523537,-5.409830402846874,1.98,True
perovskites,4,mb-perovskites-05802,-1.3461734673448877,-5.113855349736216,1.46,True
perovskites,4,mb-perovskites-05924,11.214450291722422,-6.514421892855642,2.46,True
perovskites,4,mb-perovskites-06003,-10.112958054616422,4.7835440124744695,0.68,False
perovskites,4,mb-perovskites-06024,-3.233243358016995,-3.250303489249189,1.18,True
perovskites,4,mb-perovskites-06031,-8.83679324231375,5.6238126998162565,0.8,True
perovskites,4,mb-perovskites-06078,-8.241374753185527,1.1823874051642782,0.88,True
perovskites,4,mb-perovskites-06156,-4.595464222360089,1.5438449598496407,1.06,True
perovskites,4,mb-perovskites-06158,17.77817644441917,0.028295641945524648,2.76,False
perovskites,4,mb-perovskites-06265,-3.189310709232762,-2.8349201331835228,1.38,False
perovskites,4,mb-perovskites-06432,10.876440044949824,-1.750658716056072,3.2,True
perovskites,4,mb-perovskites-06436,-7.53979194145343,2.1399312005393845,0.8,True
perovskites,4,mb-perovskites-06467,-13.74212608800911,13.350349815390345,0.36,True
perovskites,4,mb-perovskites-06638,-1.6540789055657827,-4.5977946272897094,1.32,False
perovskites,4,mb-perovskites-06813,-6.151323117292108,-1.429151552695248,1.04,False
perovskites,4,mb-perovskites-06830,-1.8198573260860922,-4.891723066465002,1.42,True
perovskites,4,mb-perovskites-06965,-11.519693231288322,7.250886592102422,0.48,False
perovskites,4,mb-perovskites-06985,9.227677111607367,-2.649864416323656,2.26,True
perovskites,4,mb-perovskites-07080,-17.230032773301446,23.835243993088127,-0.12,True
perovskites,4,mb-perovskites-07152,3.2082039987676523,-10.068801050843488,1.68,False
perovskites,4,mb-perovskites-07285,-8.305643841575602,3.409468632526933,0.82,True
perovskites,4,mb-perovskites-07355,-7.506240515987655,-1.442837264272011,0.98,False
perovskites,4,mb-perovskites-07356,-5.916192878726156,-1.9190131612894363,1.1,True
perovskites,4,mb-perovskites-07362,13.026017749744952,3.3169845950477814,2.36,True
perovskites,4,mb-perovskites-07392,-1.959932253279884,3.6454983670044805,1.38,True
perovskites,4,mb-perovskites-07478,5.3354674224853325,-2.800254585294371,1.98,True
perovskites,4,mb-perovskites-07606,18.675900015824297,0.2068179757200534,2.82,True
perovskites,4,mb-perovskites-07693,-3.386440914430192,-4.342033585967525,1.3,True
perovskites,4,mb-perovskites-07720,18.570691822628646,5.212165166285397,2.8,True
perovskites,4,mb-perovskites-07746,-1.4255191157347196,-6.084001316690883,1.5,True
perovskites,4,mb-perovskites-07761,-8.062530507716753,0.5891543372913988,0.92,False
perovskites,4,mb-perovskites-07957,-8.035852276672847,1.817609958305059,0.9,True
perovskites,4,mb-perovskites-07985,-9.087268730642098,3.944816012478089,0.76,True
perovskites,4,mb-perovskites-08016,-8.1302195477382,1.2877512186169808,0.86,True
perovskites,4,mb-perovskites-08059,-10.153187323921628,4.920306095503117,0.64,True
perovskites,4,mb-perovskites-08119,20.90182047315007,6.811714851871923,2.72,True
perovskites,4,mb-perovskites-08206,27.907566492905683,11.614004018132581,3.4,False
perovskites,4,mb-perovskites-08242,19.835333365509292,14.229587353255127,3.04,False
perovskites,4,mb-perovskites-08326,6.3417298366850385,-5.920524157038106,2.12,True
perovskites,4,mb-perovskites-08328,-10.64479443029342,5.7821406366755275,0.6,True
perovskites,4,mb-perovskites-08330,-1.2716229650521989,-6.1309982641944405,1.46,True
perovskites,4,mb-perovskites-08363,-14.29711146553966,20.92468325145463,0.04,True
perovskites,4,mb-perovskites-08390,3.219732446157661,-10.046765868948752,1.8,False
perovskites,4,mb-perovskites-08452,2.0468211384717625,-7.657702217660014,1.66,False
perovskites,4,mb-perovskites-08611,-10.59543210445375,6.478657342874253,0.54,False
perovskites,4,mb-perovskites-08685,13.601695749725211,-2.9824447795953715,2.46,True
perovskites,4,mb-perovskites-08717,-9.751463328981302,2.9300942738126055,0.8,False
perovskites,4,mb-perovskites-08752,0.989164168538828,-7.935756448107898,1.58,True
perovskites,4,mb-perovskites-08767,0.6916899983622463,-6.452092303691546,1.6,True
perovskites,4,mb-perovskites-08891,4.471790756828061,-4.6087787258661805,1.96,True
perovskites,4,mb-perovskites-08930,-10.0678194764899,6.083757760080654,0.66,False
perovskites,4,mb-perovskites-09003,-7.774072036398948,-0.3697258295796918,0.94,True
perovskites,4,mb-perovskites-09043,8.543382721934888,-5.971133248646117,2.18,True
perovskites,4,mb-perovskites-09049,-1.0707449137055234,-0.8733489306390443,1.34,True
perovskites,4,mb-perovskites-09091,-0.5801356942407511,-4.47687483199638,1.44,True
perovskites,4,mb-perovskites-09127,-7.443285039005382,0.014600558836850104,0.98,False
perovskites,4,mb-perovskites-09141,8.586587566323796,0.28923967143236556,2.0,True
perovskites,4,mb-perovskites-09245,-7.712814084370391,1.5137750433941857,0.88,True
perovskites,4,mb-perovskites-09277,-12.641659176110588,10.957754569687445,0.28,True
perovskites,4,mb-perovskites-09417,-7.318335698076595,3.163526179242747,0.84,False
perovskites,4,mb-perovskites-09442,-6.844623443164189,-0.5379318644346712,1.02,False
perovskites,4,mb-perovskites-09505,-8.733960142863868,9.032990591327103,0.56,True
perovskites,4,mb-perovskites-09626,-9.573278309147558,1.7963870562946236,0.76,False
perovskites,4,mb-perovskites-09767,32.214496708304466,13.22568975434771,3.54,True
perovskites,4,mb-perovskites-09818,5.2893573035300285,-4.7138107937704925,2.04,True
perovskites,4,mb-perovskites-09862,2.291705459188636,-5.330232761790747,1.6,True
perovskites,4,mb-perovskites-09914,-2.8259008651600084,-2.005287023395875,1.38,True
perovskites,4,mb-perovskites-09957,4.773901434174442,-1.048132674180981,1.9,True
perovskites,4,mb-perovskites-09975,-1.303797328456646,-3.678081085362687,1.48,False
perovskites,4,mb-perovskites-10096,14.335162666158109,0.8173266199782813,2.16,True
perovskites,4,mb-perovskites-10150,-5.708796321514198,1.7993710884941583,1.1,True
perovskites,4,mb-perovskites-10177,2.804299320649247,-6.244832291288268,1.76,True
perovskites,4,mb-perovskites-10206,-4.72054549816861,-1.2976432034511778,1.16,True
perovskites,4,mb-perovskites-10349,5.404974283377428,-9.207574820987697,1.88,True
perovskites,4,mb-perovskites-10501,-6.8671713137212125,-2.4567541762546985,0.9,False
perovskites,4,mb-perovskites-10511,-11.078076246522807,6.146747338685392,0.58,True
perovskites,4,mb-perovskites-10532,-6.405508091989904,-0.7334005597901483,0.96,True
perovskites,4,mb-perovskites-10639,-1.6971055254165324,-2.6696288080201014,1.42,True
perovskites,4,mb-perovskites-10656,-11.934783316220066,10.469755622054834,0.54,True
perovskites,4,mb-perovskites-10827,19.05809415241855,3.5931691392482183,2.72,True
perovskites,4,mb-perovskites-10859,20.77395384808098,6.893305810667962,2.88,False
perovskites,4,mb-perovskites-10926,1.305327606449418,0.8782209104895977,1.56,True
perovskites,4,mb-perovskites-10938,12.095478868121894,-4.2519370570794,2.48,True
perovskites,4,mb-perovskites-11002,-1.4983570188415476,-6.138256295580428,1.5,True
perovskites,4,mb-perovskites-11123,4.064231899790491,4.428877407213209,1.7,True
perovskites,4,mb-perovskites-11128,-6.38898951403438,2.117538618446064,1.02,False
perovskites,4,mb-perovskites-11171,18.82618093975987,0.11074829728708162,2.86,True
perovskites,4,mb-perovskites-11192,-8.70243054808894,2.161433320591961,0.72,True
perovskites,4,mb-perovskites-11212,2.335228347005342,-7.626034808012292,1.68,True
perovskites,4,mb-perovskites-11220,0.4032768510377779,-1.6204503901597418,1.58,True
perovskites,4,mb-perovskites-11458,3.73833877936656,-7.705973741556273,1.82,False
perovskites,4,mb-perovskites-11538,-10.023232225666511,5.665079475174998,0.52,True
perovskites,4,mb-perovskites-11633,-2.652935711899407,-0.22246513097793583,1.36,True
perovskites,4,mb-perovskites-11650,-3.902761837575856,-3.101071092584684,1.2,True
perovskites,4,mb-perovskites-11662,1.5145070929277495,-7.538369813563196,1.66,True
perovskites,4,mb-perovskites-11687,-1.3810035059819046,-5.708936811025184,1.4,True
perovskites,4,mb-perovskites-11722,6.399500542951751,3.3022019413999937,0.98,True
perovskites,4,mb-perovskites-11724,-8.287950073654036,0.7868014065230395,0.82,True
perovskites,4,mb-perovskites-11858,-1.6065774208006414,-5.933172957146546,1.36,True
perovskites,4,mb-perovskites-11971,2.449778151457298,-7.9744241099688224,1.72,True
perovskites,4,mb-perovskites-12054,5.96066471840671,-3.4191663749250383,2.0,True
perovskites,4,mb-perovskites-12090,-0.8365103248270089,-5.1089260860442804,1.46,True
perovskites,4,mb-perovskites-12209,-10.724890852663833,9.822238671675798,0.44,True
perovskites,4,mb-perovskites-12253,0.3162667111488512,-6.4181594334381415,1.48,True
perovskites,4,mb-perovskites-12268,27.658126880018305,6.602054007368868,3.22,True
perovskites,4,mb-perovskites-12375,5.873724346816326,-7.194952497519189,1.9,True
perovskites,4,mb-perovskites-12560,-0.9133259412365404,-4.201493205803888,1.44,True
perovskites,4,mb-perovskites-12573,10.020831475716138,-3.7369290167583498,2.38,True
perovskites,4,mb-perovskites-12655,-7.993404758708888,5.172698509161795,0.82,True
perovskites,4,mb-perovskites-12688,-8.388226317789576,1.0063331018777895,0.86,False
perovskites,4,mb-perovskites-12884,-6.3587358342949925,-3.13354673678947,1.08,True
perovskites,4,mb-perovskites-13190,-6.251253776049951,-2.31058234081371,1.08,True
perovskites,4,mb-perovskites-13201,1.9821244087190366,-6.721009847430978,1.7,True
perovskites,4,mb-perovskites-13260,-6.077517088225463,-1.0869129006780744,1.02,True
perovskites,4,mb-perovskites-13322,21.011842004460203,0.505421786959262,2.82,True
perovskites,4,mb-perovskites-13338,-15.394232873557817,18.952615561436314,0.1,True
perovskites,4,mb-perovskites-13422,22.393172518898556,4.685399818249379,3.24,True
perovskites,4,mb-perovskites-13430,-8.671428603384621,4.165643000058151,0.8,True
perovskites,4,mb-perovskites-13451,-5.052993442254582,-4.73359365449571,1.14,True
perovskites,4,mb-perovskites-13604,-7.032841123525653,3.6064768927825854,0.9,True
perovskites,4,mb-perovskites-13739,4.556540196237772,6.613381612267887,1.64,True
perovskites,4,mb-perovskites-13830,-0.6678940086568822,-4.7808369849740915,1.52,False
perovskites,4,mb-perovskites-13938,-0.6583009271806529,7.920189770488039,1.26,True
perovskites,4,mb-perovskites-14010,-10.53467659993807,8.404262519912663,0.5,True
perovskites,4,mb-perovskites-14181,-7.672559741590729,-0.7193061042891472,0.94,False
perovskites,4,mb-perovskites-14242,-7.114842856035323,0.4646894289874783,0.92,False
perovskites,4,mb-perovskites-14295,1.9760821123943917,-4.572733603893363,1.72,True
perovskites,4,mb-perovskites-14343,32.998979161414375,13.721763204462139,3.46,True
perovskites,4,mb-perovskites-14510,-5.325975108596854,-2.4071612916588188,1.04,True
perovskites,4,mb-perovskites-14587,10.767529935119034,1.4807435109068863,2.36,True
perovskites,4,mb-perovskites-14613,-15.50467192215796,19.99740784007715,0.0,True
perovskites,4,mb-perovskites-14635,4.00534716126159,-3.164216742983183,1.84,False
perovskites,4,mb-perovskites-14638,-3.0704330980468084,4.683557515196722,1.24,True
perovskites,4,mb-perovskites-14730,19.320767370698476,0.1439222788699959,2.88,False
perovskites,4,mb-perovskites-14818,1.7062320741502837,-5.341027983604905,1.58,False
perovskites,4,mb-perovskites-14830,0.5626702378840878,-5.343270904399091,1.56,False
perovskites,4,mb-perovskites-14842,0.9110860442625655,-7.246270645424129,1.54,True
perovskites,4,mb-perovskites-14854,-3.4706216189593713,-4.209013860969769,1.22,True
perovskites,4,mb-perovskites-14926,-1.1632716922628628,-2.319859260874016,1.56,True
perovskites,4,mb-perovskites-14931,0.2987267754249287,-7.991431265691306,1.6,True
perovskites,4,mb-perovskites-14947,-3.9931487847955354,-1.2080331181196315,1.12,True
perovskites,4,mb-perovskites-15035,3.347606586428348,-7.1268874754417295,1.7,False
perovskites,4,mb-perovskites-15088,-1.640401585693113,-6.639675704550866,1.4,True
perovskites,4,mb-perovskites-15144,0.7961502112348715,-0.8882038429304288,1.6,True
perovskites,4,mb-perovskites-15150,-4.87268123382947,3.9022192202881314,1.16,True
perovskites,4,mb-perovskites-15168,-9.398944627467474,3.833663458388365,0.68,True
perovskites,4,mb-perovskites-15184,-13.501938254399542,12.449710493607238,0.28,True
perovskites,4,mb-perovskites-15191,9.496003395305204,-8.633440089508827,2.26,False
perovskites,4,mb-perovskites-15198,-11.484632016882717,10.118961678378636,0.38,True
perovskites,4,mb-perovskites-15439,4.427645773785728,-5.108259428038832,1.96,True
perovskites,4,mb-perovskites-15448,2.017156305120039,-9.805038373153259,1.76,True
perovskites,4,mb-perovskites-15472,-2.8547837418162967,-4.4866409995554095,1.3,True
perovskites,4,mb-perovskites-15532,0.18559763186524902,-7.196823863516746,1.46,True
perovskites,4,mb-perovskites-15542,-9.051975623984154,1.8518002855632196,0.74,False
perovskites,4,mb-perovskites-15638,-10.676881349828017,9.397455107654322,0.5,True
perovskites,4,mb-perovskites-15663,-3.755220822913119,-3.2638203819667537,1.3,False
perovskites,4,mb-perovskites-15695,-7.219501994667603,1.2996286380316704,0.9,True
perovskites,4,mb-perovskites-15844,-10.34734622006725,8.671158633223436,0.52,True
perovskites,4,mb-perovskites-15906,20.636202309825148,1.222777712653274,2.98,True
perovskites,4,mb-perovskites-15929,-15.542360516790204,20.57953959917441,-0.06,True
perovskites,4,mb-perovskites-15932,6.612168053117926,-4.648339156782802,1.94,True
perovskites,4,mb-perovskites-16151,-3.8496565394751485,1.409667483907123,1.14,True
perovskites,4,mb-perovskites-16214,-11.773912657215932,10.69964736551569,0.5,True
perovskites,4,mb-perovskites-16277,-6.442605712297117,0.20576729107731168,1.0,True
perovskites,4,mb-perovskites-16299,5.3426892610867025,3.7519205744347035,1.82,True
perovskites,4,mb-perovskites-16314,1.5639690115502514,7.154963408020697,1.5,True
perovskites,4,mb-perovskites-16343,2.539015529250429,-5.840597898505237,1.72,True
perovskites,4,mb-perovskites-16358,-10.204710270708697,7.895095516357563,0.54,True
perovskites,4,mb-perovskites-16489,0.15563245812061086,-5.85321846269825,1.62,True
perovskites,4,mb-perovskites-16528,5.630671943062522,-3.271673820841671,1.94,False
perovskites,4,mb-perovskites-16588,-8.665902242494907,1.8595195323469333,0.86,True
perovskites,4,mb-perovskites-16696,-6.5622202795991935,1.445120987788124,0.9,False
perovskites,4,mb-perovskites-16714,-5.2159527329504565,1.963847095198418,1.12,True
perovskites,4,mb-perovskites-16717,-0.02123674864575265,-7.388819155522373,1.58,False
perovskites,4,mb-perovskites-16779,-3.4204014741612037,-2.986986723291206,1.28,False
perovskites,4,mb-perovskites-16784,-4.127973484847282,-3.9400330570154316,1.18,True
perovskites,4,mb-perovskites-16845,6.825586656676516,-4.357262337811598,2.38,True
perovskites,4,mb-perovskites-16847,0.5636948677465846,-5.49731002055808,1.62,True
perovskites,4,mb-perovskites-17013,1.493218654664396,-5.853657263834375,1.58,True
perovskites,4,mb-perovskites-17020,-7.926584224513569,2.540722104284245,0.86,True
perovskites,4,mb-perovskites-17024,-10.801009330825938,10.512197092007943,0.5,True
perovskites,4,mb-perovskites-17084,-8.602139694619433,4.423356233673592,0.82,True
perovskites,4,mb-perovskites-17123,3.4564433723881884,-6.374583143456124,1.74,False
perovskites,4,mb-perovskites-17170,-3.5144379192837776,3.388538036821829,1.2,False
perovskites,4,mb-perovskites-17173,-2.043205037501177,-4.869695094320736,1.38,True
perovskites,4,mb-perovskites-17239,-8.877067886748288,0.7321327653719893,0.84,False
perovskites,4,mb-perovskites-17248,-12.563526241037172,11.545214751308604,0.28,True
perovskites,4,mb-perovskites-17263,38.03172513192782,21.143026871241126,3.64,True
perovskites,4,mb-perovskites-17278,8.746757174041624,-1.8264239373869464,2.16,True
perovskites,4,mb-perovskites-17532,-0.03223876524325744,-7.2096341637978,1.54,True
perovskites,4,mb-perovskites-17578,1.0571790262228413,-9.259176881523057,1.6,True
perovskites,4,mb-perovskites-17586,-6.314515298793698,-1.18242720862904,1.0,True
perovskites,4,mb-perovskites-17602,-4.1134286884727285,-3.5447576592572343,1.2,True
perovskites,4,mb-perovskites-17616,6.178462271363092,6.678404291282111,1.74,True
perovskites,4,mb-perovskites-17618,15.087100854462706,-1.773835049013361,2.74,True
perovskites,4,mb-perovskites-17623,-5.705813258320369,0.4586550579668609,0.98,False
perovskites,4,mb-perovskites-17671,7.022859977013903,5.36849015065407,1.74,True
perovskites,4,mb-perovskites-17797,3.2799626660646934,-8.897232605481884,1.82,True
perovskites,4,mb-perovskites-17856,7.434091540823805,-8.034382009523117,2.14,True
perovskites,4,mb-perovskites-17919,-2.408528460231932,0.04378064001627507,1.3,True
perovskites,4,mb-perovskites-17967,-0.6684981232123008,-5.857296983558652,1.42,True
perovskites,4,mb-perovskites-17969,-2.3563972628036702,-2.0002127668355905,1.16,False
perovskites,4,mb-perovskites-18066,10.016839317488143,-4.145012526552249,2.22,True
perovskites,4,mb-perovskites-18091,-5.468347489101328,5.387668778663315,0.98,True
perovskites,4,mb-perovskites-18157,-4.659880720744936,-1.2379125180493717,1.14,True
perovskites,4,mb-perovskites-18207,-6.406554739668262,-1.0078344260943948,1.06,True
perovskites,4,mb-perovskites-18240,-3.5035648384456883,1.6606984072372954,1.26,True
perovskites,4,mb-perovskites-18280,6.153572200772664,-7.352394988237291,2.04,True
perovskites,4,mb-perovskites-18388,4.767581886374862,-5.824546251903723,1.92,True
perovskites,4,mb-perovskites-18439,0.8979143537865685,-1.9416776872138277,1.7,False
perovskites,4,mb-perovskites-18571,-2.8849696995972756,-7.404942487197357,1.34,True
perovskites,4,mb-perovskites-18815,-7.085481815328264,-0.7462386205196718,0.92,False
perovskites,4,mb-perovskites-18895,1.3001518302280872,-5.66904560409635,2.04,True
perovskites,4,mb-perovskites-18928,-5.8889159033665175,4.316246368643764,1.06,True
phonons,4,mb-phonons-0001,-3.3645932499613913,-6.489684262040863,98.58577122703691,True
phonons,4,mb-phonons-0006,-3.5072805206469133,-5.29034972827564,339.58575209120477,True
phonons,4,mb-phonons-0015,-3.054573849741091,-5.627649061552365,344.5857516941958,True
phonons,4,mb-phonons-0016,-3.270026857022328,-6.675886597808993,100.58577106823331,True
phonons,4,mb-phonons-0022,-3.2385699601873785,-6.260793101708699,322.5857534410353,True
phonons,4,mb-phonons-0029,-3.4369364719010465,-6.045668775888416,355.58575082077624,True
phonons,4,mb-phonons-0034,0.5734864724773114,5.241252410894876,719.5857219185235,True
phonons,4,mb-phonons-0035,-3.173925913655422,-6.809910144986031,172.58576535130422,True
phonons,4,mb-phonons-0037,-3.104809388666068,-5.830812207231183,69.63722405788964,True
phonons,4,mb-phonons-0038,-3.5626671682672644,-6.852754855221848,270.5857575699285,True
phonons,4,mb-phonons-0039,7.814047002930448,22.55099955340808,1979.5856218722645,True
phonons,4,mb-phonons-0046,-2.8965259952460873,-5.502736742123037,429.5857449450435,True
phonons,4,mb-phonons-0051,-3.6507960380827464,-7.181237766714524,187.58576416027734,True
phonons,4,mb-phonons-0055,-3.4906309314109474,-6.573020989253357,219.58576161942003,True
phonons,4,mb-phonons-0056,5.334555049454556,16.297226805676758,1826.5856340207388,True
phonons,4,mb-phonons-0060,-3.0762193338408883,-6.039746978451334,317.58575383804435,True
phonons,4,mb-phonons-0065,-3.055721065591589,-5.415071844849877,217.5857617782236,True
phonons,4,mb-phonons-0078,-2.964862596151615,-5.862456435519271,330.5857528058209,True
phonons,4,mb-phonons-0079,-0.23565606947248316,6.503809656465625,833.7677456801904,True
phonons,4,mb-phonons-0080,-0.8730740941941711,5.738545241292584,907.5857069909863,True
phonons,4,mb-phonons-0083,-2.345681531318078,-4.4021097019188415,414.5857461360704,True
phonons,4,mb-phonons-0085,-2.097022351420745,-3.593938476578794,485.1102590218785,True
phonons,4,mb-phonons-0087,-3.9155713553751017,-7.036191957551912,224.58576122241104,True
phonons,4,mb-phonons-0088,0.5491883340205913,8.682838833996058,1112.585690713619,False
phonons,4,mb-phonons-0091,8.44074313265744,24.33706905757604,2014.5856190932016,True
phonons,4,mb-phonons-0097,-3.898542336157951,-6.978190925104306,227.5857609842057,True
phonons,4,mb-phonons-0101,-1.2224054268541142,-0.717787174960315,531.5857368460606,True
phonons,4,mb-phonons-0114,-0.8756514703828535,3.006375726513549,689.5857243005772,True
phonons,4,mb-phonons-0116,0.6742288376842311,5.8018371235066315,753.9456261761827,True
phonons,4,mb-phonons-0118,0.12412492541965589,6.0582666124996685,776.3577663735823,True
phonons,4,mb-phonons-0119,0.18396902982827967,5.888397560107544,795.5857158839873,True
phonons,4,mb-phonons-0121,-2.632431070095169,-5.716311609022978,350.5857512177851,True
phonons,4,mb-phonons-0123,-3.6721699018243465,-6.303760839151956,280.5857567759106,True
phonons,4,mb-phonons-0127,3.4250301276105897,12.57001305634538,1326.5856737216354,True
phonons,4,mb-phonons-0129,-0.8491444861598939,2.55455297394603,534.5857366078552,True
phonons,4,mb-phonons-0135,-0.7492557470654022,-1.8040658057643972,465.5857420865789,True
phonons,4,mb-phonons-0140,-3.2582607300074065,-6.212547041643257,275.58575717291956,True
phonons,4,mb-phonons-0150,133.67479055082393,-30.67585521364225,558.5857347022122,True
phonons,4,mb-phonons-0153,-2.7085247377918624,-6.555672089978555,323.58575336163346,True
phonons,4,mb-phonons-0154,-1.1915031255423965,2.7639234994437936,571.5857336699888,True
phonons,4,mb-phonons-0166,-1.779988118811899,3.55517106802792,791.5857162015947,True
phonons,4,mb-phonons-0178,-1.1298094542423442,3.6707062111288042,647.5142591836287,True
phonons,4,mb-phonons-0183,-3.691627489866791,-6.738924620242231,260.58575836394647,True
phonons,4,mb-phonons-0187,-3.617666407465264,-6.646320015333506,226.58576106360744,True
phonons,4,mb-phonons-0197,-3.136325992444749,-6.277034758682014,364.58575010616005,True
phonons,4,mb-phonons-0198,-3.217235924906761,-6.829394019619072,206.5857626516433,True
phonons,4,mb-phonons-0199,-3.422736928695768,-5.698047368286154,296.585755505482,True
phonons,4,mb-phonons-0203,-3.4225770408788563,-6.224934074569746,244.5857596343752,True
phonons,4,mb-phonons-0205,-3.6044754168109563,-6.900389757388021,173.5857652719024,True
phonons,4,mb-phonons-0211,-3.086945741855023,-6.350948988357188,272.585757411125,True
phonons,4,mb-phonons-0226,-3.007768752919427,-2.9711667926395346,468.58574184837363,True
phonons,4,mb-phonons-0247,-2.236624596963481,-3.2238504942109323,506.5857388311055,True
phonons,4,mb-phonons-0254,-1.421940012122102,2.685505861202974,534.5857366078552,True
phonons,4,mb-phonons-0258,-3.7066853362110135,-5.692900472921467,331.5857527264192,True
phonons,4,mb-phonons-0262,-3.507510015318275,-6.880454006014432,138.58576805096516,True
phonons,4,mb-phonons-0263,-3.0260857631032754,-6.802494809696433,181.58576463668808,True
phonons,4,mb-phonons-0289,-3.087455760279146,-6.443824745684166,76.58577297387635,True
phonons,4,mb-phonons-0300,-2.699261685897971,-6.470739009702303,242.58575979317874,True
phonons,4,mb-phonons-0304,-2.0193325341776722,-4.737623322512204,273.5857573317232,True
phonons,4,mb-phonons-0312,-2.674585662834314,-4.900831267859841,408.58574661248116,True
phonons,4,mb-phonons-0315,-2.8147749759982768,-5.386945110034623,397.5857474859008,True
phonons,4,mb-phonons-0327,-3.4454630637182864,-6.555343952110975,201.58576304865227,True
phonons,4,mb-phonons-0329,-2.7887957155190217,-5.7666113962136025,377.5857490739367,True
phonons,4,mb-phonons-0335,-3.261755410219758,-6.7199568832574,119.58576955959923,True
phonons,4,mb-phonons-0336,-3.8343461137542962,-6.706032677957054,139.58576797156337,True
phonons,4,mb-phonons-0339,-2.955722150450833,-6.302372643957519,69.58577352968891,True
phonons,4,mb-phonons-0342,-1.8344338088881367,-5.047402238040553,336.58575232941024,True
phonons,4,mb-phonons-0344,-2.2765082540680095,-5.552281598788262,361.5857503443654,True
phonons,4,mb-phonons-0348,-3.0826364507972546,-6.324448706425492,283.58575653770527,True
phonons,4,mb-phonons-0351,-3.0755148710000317,-6.708946050979238,116.58576979780462,True
phonons,4,mb-phonons-0358,2.9765898406862767,6.747605046800868,999.5856996860216,True
phonons,4,mb-phonons-0359,2.4416116589506918,4.941834720327715,934.5857048471382,True
phonons,4,mb-phonons-0361,2.4937028408900437,2.6351307589724957,779.5857171544162,True
phonons,4,mb-phonons-0363,1.5935603247852643,12.633939267770495,1886.5856292566314,False
phonons,4,mb-phonons-0375,-3.9654091733343497,-6.060392776315288,276.58575709351777,True
phonons,4,mb-phonons-0381,-3.577761456461183,-5.014155142609904,381.5857487563297,True
phonons,4,mb-phonons-0394,8.795337850711558,25.472326501021293,2131.5856098031923,True
phonons,4,mb-phonons-0397,-0.6367639926984288,2.737026885115704,847.5857117550943,True
phonons,4,mb-phonons-0400,-3.5933524326706543,-6.444650117149147,210.5857623340361,True
phonons,4,mb-phonons-0405,-1.2666989057422124,1.555640983533359,479.58574097495386,True
phonons,4,mb-phonons-0412,-0.38885907839142914,4.247887781811363,684.5857246975862,True
phonons,4,mb-phonons-0415,9.857217471382963,-0.5372606341639367,564.5857342258015,True
phonons,4,mb-phonons-0416,34.39229541829766,-7.053593902749737,563.5857343052032,True
phonons,4,mb-phonons-0423,-3.8441634184023075,-6.989927312681804,143.5857676539562,True
phonons,4,mb-phonons-0432,-1.8125775143028426,-4.8420876747578365,317.58575383804435,True
phonons,4,mb-phonons-0442,-2.702496081388351,-5.695342217288823,374.5857493121421,True
phonons,4,mb-phonons-0457,-2.1406116826981196,-5.609591285604371,322.5857534410353,True
phonons,4,mb-phonons-0460,1.3850212027906856,8.049124097224222,791.5857162015947,True
phonons,4,mb-phonons-0467,-3.243948266466082,-6.729204356121735,222.5857613812146,True
phonons,4,mb-phonons-0475,-1.9868389615071718,-2.9027956659769067,483.58574065734666,True
phonons,4,mb-phonons-0478,-0.7695224862446985,2.8891707408271583,602.5857312085333,True
phonons,4,mb-phonons-0485,-0.6004243195785405,1.1930718738439894,765.585718266041,True
phonons,4,mb-phonons-0487,-2.945547284255388,-3.1868652703913622,475.585741292561,True
phonons,4,mb-phonons-0494,-2.025857562950172,-5.439586835909457,298.9949156176686,True
phonons,4,mb-phonons-0523,-3.5782364719260906,-6.496666003289386,311.585754314455,True
phonons,4,mb-phonons-0525,-0.09613346926798108,5.249021828751987,721.2550053696123,True
phonons,4,mb-phonons-0526,-3.2873732049310993,-6.828141825858732,272.585757411125,True
phonons,4,mb-phonons-0533,0.3358528360667708,7.108778164058543,803.5857152487729,True
phonons,4,mb-phonons-0534,-3.3248866275117543,-6.2339840767085315,300.5857551878748,True
phonons,4,mb-phonons-0537,0.6592046345898339,6.736904999037991,782.6436177376511,True
phonons,4,mb-phonons-0548,8.323957649284779,23.081183052626667,1786.5856371968107,True
phonons,4,mb-phonons-0554,-3.128097781787996,-5.602655157164614,401.58574716829366,True
phonons,4,mb-phonons-0559,6.394290156310323,2.8059427486717765,578.5857331141764,True
phonons,4,mb-phonons-0561,-0.05331923240765535,6.842443409138884,859.5857108022728,True
phonons,4,mb-phonons-0562,-3.0753037216757755,-5.7628872674473115,371.58574955034754,True
phonons,4,mb-phonons-0565,-2.7965133055691704,-6.220440414968091,346.5857515353923,True
phonons,4,mb-phonons-0566,-1.0034618603988672,0.9767371421246416,524.5857374018732,True
phonons,4,mb-phonons-0567,0.0035838351848659334,6.950302343470199,850.5857115168886,True
phonons,4,mb-phonons-0570,-0.49231149358398824,5.643756144430752,765.585718266041,True
phonons,4,mb-phonons-0573,8.006776875665658,20.638968026371202,2551.585576454439,True
phonons,4,mb-phonons-0577,2.0584281554412778,5.136193958746647,598.5857315261405,True
phonons,4,mb-phonons-0587,-0.1455778460323822,5.016824181347322,672.5857256504078,True
phonons,4,mb-phonons-0600,-1.0270501077235985,3.6363246316164393,607.5857308115244,True
phonons,4,mb-phonons-0604,-0.7609814369622413,4.649842217614137,679.5857250945952,True
phonons,4,mb-phonons-0608,3.9366977903570026,13.026708025121764,1173.5856858701095,True
phonons,4,mb-phonons-0609,-3.35934627903129,-6.752626491217183,84.58577233866201,True
phonons,4,mb-phonons-0611,-0.9638010361359699,3.508400087439793,644.585727873658,True
phonons,4,mb-phonons-0614,-2.2423533172705388,-2.9806536124472998,462.5857423247843,True
phonons,4,mb-phonons-0615,0.4210802001676254,7.533940444202334,873.5857096906476,True
phonons,4,mb-phonons-0625,-0.8231828336751704,5.099904391621557,710.5857226331398,True
phonons,4,mb-phonons-0627,-0.8067937270650953,5.557456750220359,795.5857158839873,True
phonons,4,mb-phonons-0629,-0.9071742675217617,2.8361422938668452,601.5857312879351,True
phonons,4,mb-phonons-0631,1.1545830990961523,10.067790621295137,1065.5856944455031,True
phonons,4,mb-phonons-0635,-3.202290626825894,-4.092767786723635,462.5857423247843,True
phonons,4,mb-phonons-0637,0.21214920166279036,6.920716510904461,735.538617696687,True
phonons,4,mb-phonons-0641,1.1710311981321402,4.258052330961524,602.5857312085333,True
phonons,4,mb-phonons-0646,4.761296690870554,15.63830535766355,1804.5856357675784,True
phonons,4,mb-phonons-0648,-0.20830363402438395,3.7814258214157617,615.58573017631,False
phonons,4,mb-phonons-0652,-0.23229941986651836,2.8934366497911124,607.5857308115244,True
phonons,4,mb-phonons-0659,0.30726013468229657,6.352380092230433,793.3945295514336,True
phonons,4,mb-phonons-0666,-3.4481103682587237,-5.704428203065786,310.5857543938568,True
phonons,4,mb-phonons-0669,-2.1899972471026965,-5.871523753518977,173.5857652719024,True
phonons,4,mb-phonons-0671,-2.0464661631786183,-2.3386972404781567,478.5857410543556,True
phonons,4,mb-phonons-0672,-0.1576994479749942,2.0685917234929008,581.585732875971,True
phonons,4,mb-phonons-0679,-0.33885199082201284,1.9025059370015436,573.5857335111854,True
phonons,4,mb-phonons-0681,-1.3181319827734777,-1.1539460179418468,515.5857381164893,True
phonons,4,mb-phonons-0683,0.3187728354798674,8.607924666910879,1184.5856849966901,True
phonons,4,mb-phonons-0684,9.280851401078127,25.85936194967853,2160.58560750054,True
phonons,4,mb-phonons-0690,-1.90659124645664,-3.794506810926729,460.58574248358804,True
phonons,4,mb-phonons-0695,-2.4035105221146233,-4.329296363660818,447.58574351581115,True
phonons,4,mb-phonons-0696,-0.9677160578090414,-1.0158704394498723,507.58573875170373,True
phonons,4,mb-phonons-0697,0.1064322597881545,4.518422352697365,687.5584521825792,True
phonons,4,mb-phonons-0699,-3.498475640441003,-6.851544329071762,234.5857604283931,True
phonons,4,mb-phonons-0700,-2.50839135597642,-5.339852952314582,390.58574804171343,True
phonons,4,mb-phonons-0701,-2.7472606143670357,-5.520889012569365,374.5857493121421,True
phonons,4,mb-phonons-0704,-0.2923169065909826,3.316006707657165,631.5857289058813,True
phonons,4,mb-phonons-0705,-1.0623597551753103,-0.727679009123072,509.5857385929,True
phonons,4,mb-phonons-0708,-0.6795064061979308,1.1117781805023264,574.5857334317835,True
phonons,4,mb-phonons-0714,-0.15201447800951873,3.467168198144069,680.5857250151935,True
phonons,4,mb-phonons-0716,3.2907925017903117,12.318963704903949,1194.5856842026724,True
phonons,4,mb-phonons-0720,-3.5719161812989637,-5.977863741567434,334.58575248821387,True
phonons,4,mb-phonons-0723,-1.7396904496310552,-5.605104976695967,336.58575232941024,True
phonons,4,mb-phonons-0725,-2.2757985974761006,-3.1875023721805853,480.58574089555196,True
phonons,4,mb-phonons-0727,-0.0016537692412629066,7.235965957702886,811.5857146135588,True
phonons,4,mb-phonons-0731,-2.1525010943755616,-5.043073799856726,330.5857528058209,True
phonons,4,mb-phonons-0751,-1.0095946916351264,-3.9342994435211347,322.5857534410353,True
phonons,4,mb-phonons-0752,-1.7950311317832957,1.0377332263345402,604.5857310497298,True
phonons,4,mb-phonons-0755,-3.564530417642341,-6.833325863571353,202.58576296925045,True
phonons,4,mb-phonons-0758,-3.6185333196102714,-6.764058261012171,126.58576900378668,True
phonons,4,mb-phonons-0762,-0.5185121900208143,6.190432805537445,849.5857115962906,True
phonons,4,mb-phonons-0766,-3.0342399898248127,-6.610876720386825,236.5857602695895,True
phonons,4,mb-phonons-0767,-3.702699392304911,-6.873217484812742,154.5857667805365,True
phonons,4,mb-phonons-0776,-3.291089133078988,-6.605508744721047,287.5857562200981,True
phonons,4,mb-phonons-0791,-2.341737713790794,-5.479712104342379,400.58574724769545,True
phonons,4,mb-phonons-0804,-1.030459727109147,3.764307896612129,634.585728667676,True
phonons,4,mb-phonons-0808,-1.6025910492794626,-4.9103218111877975,309.58575447325865,True
phonons,4,mb-phonons-0809,-2.1561772765975125,-2.4991226245126996,503.5857390693108,True
phonons,4,mb-phonons-0810,-2.9281241677491736,-6.4009307716442825,61.58577416490324,True
phonons,4,mb-phonons-0812,-0.16286296590668636,3.6985206836597,680.5857250151935,True
phonons,4,mb-phonons-0816,0.3469830446301425,6.415118692630488,791.5857162015947,True
phonons,4,mb-phonons-0817,2.5137382490300673,2.854554553974122,675.5857254122026,True
phonons,4,mb-phonons-0820,-1.4780712873903676,-4.408489841321282,333.5857525676157,True
phonons,4,mb-phonons-0827,9.534024484904199,25.546285471136237,2094.5856127410584,True
phonons,4,mb-phonons-0832,3.7677607700204905,11.31638581194504,1220.5856821382256,True
phonons,4,mb-phonons-0837,24.81792532486953,-4.347629669725524,643.5857279530597,True
phonons,4,mb-phonons-0838,2.324756744381554,10.680329242283255,1310.585674992064,True
phonons,4,mb-phonons-0841,2.7191207328901625,10.674602059022945,1271.585678088734,True
phonons,4,mb-phonons-0845,-3.3834642890152677,-6.381689506849213,302.5857550290712,True
phonons,4,mb-phonons-0847,-3.6128096710476703,-6.7683333539189015,221.58576146061642,True
phonons,4,mb-phonons-0850,-0.37262109773627367,6.428285523363669,767.5857181072374,True
phonons,4,mb-phonons-0859,-1.2995215289410071,1.8074423405484512,575.5857333523818,True
phonons,4,mb-phonons-0863,8.305345913570646,24.11147605841528,1976.585622110471,True
phonons,4,mb-phonons-0872,0.776596558259959,6.806405898129283,777.5857173132196,True
phonons,4,mb-phonons-0881,-1.9261426308643372,-4.447999397823946,436.58574438923085,True
phonons,4,mb-phonons-0895,-2.7090628954121367,-3.077335912683339,500.5857393075161,True
phonons,4,mb-phonons-0898,-3.3913872991199256,-6.701836782531936,207.58576257224152,True
phonons,4,mb-phonons-0914,-1.6040914102766448,-0.5457039390041867,509.5857385929,True
phonons,4,mb-phonons-0919,0.11259006822838252,7.365584652576324,749.5857195364697,True
phonons,4,mb-phonons-0922,-3.268001178853774,-4.161191784603134,365.5857500267583,True
phonons,4,mb-phonons-0925,-3.3182117993037474,-6.728375181560077,142.58576773335804,True
phonons,4,mb-phonons-0927,-0.9223005289743459,3.475505429649881,589.5857322407568,True
phonons,4,mb-phonons-0933,-3.2050336756298923,-6.57129092081136,163.58576606592038,True
phonons,4,mb-phonons-0936,-2.8704019835203063,-2.3277277981817335,480.58574089555196,True
phonons,4,mb-phonons-0937,-3.0918082230524093,-3.5790989493277556,477.5857411337574,True
phonons,4,mb-phonons-0938,-0.9529979768184408,1.7718256399132142,541.5857360520424,True
phonons,4,mb-phonons-0942,1.5291267027377324,10.658741669062428,1129.5856893637886,True
phonons,4,mb-phonons-0944,-0.5950784700669396,3.3307990816303317,596.5857316849441,True
phonons,4,mb-phonons-0946,-0.06832587175998793,6.906553605488912,781.5857169956122,True
phonons,4,mb-phonons-0947,-4.089371850765542,-6.053388177401877,310.5857543938568,True
phonons,4,mb-phonons-0957,-4.34621947037044,-6.559774609405583,289.5857560612945,True
phonons,4,mb-phonons-0962,-0.9516076708303746,3.3131619791046742,603.5857311291314,True
phonons,4,mb-phonons-0968,-3.585294113179486,-7.0844530710018825,190.58576392207195,True
phonons,4,mb-phonons-0971,-1.9867320552304717,-3.484149525853686,426.5857451832489,True
phonons,4,mb-phonons-0972,-0.6044113418838617,5.060511340653078,769.1800191221088,True
phonons,4,mb-phonons-0981,-2.3341565671233426,-4.220820244225921,465.5857420865789,True
phonons,4,mb-phonons-0992,-3.249333714200549,-4.432768008898215,357.5857506619725,True
phonons,4,mb-phonons-0996,-2.8558998219359064,-5.536196289361854,423.1282952930162,True
phonons,4,mb-phonons-1000,-3.2009200478834057,-6.12827520354827,269.5857576493304,True
phonons,4,mb-phonons-1001,4.2814067949576,14.390038577345479,1343.585672371805,True
phonons,4,mb-phonons-1003,-2.869185997641258,-6.29666004855767,326.5857531234282,True
phonons,4,mb-phonons-1018,6.13759607506135,18.355013435745114,1445.585664272822,True
phonons,4,mb-phonons-1020,-1.7052465423907044,1.4663978754871938,557.585734781614,True
phonons,4,mb-phonons-1026,6.701445961056406,1.891879294228838,588.5857323201583,True
phonons,4,mb-phonons-1034,-3.0865625893828406,-6.469914745814323,288.5857561406963,True
phonons,4,mb-phonons-1037,-3.1331251211789164,-6.862120014842637,288.5857561406963,True
phonons,4,mb-phonons-1040,-0.9977510220654401,4.498579705626648,670.5857258092112,True
phonons,4,mb-phonons-1049,-2.4378369895840195,-1.2502888995782129,496.5857396251232,True
phonons,4,mb-phonons-1052,-3.6686325245011178,-6.702678556078685,125.58576908318848,True
phonons,4,mb-phonons-1053,-3.0488394710735665,-6.009094556293473,399.5857473270973,True
phonons,4,mb-phonons-1061,-3.418594943376795,-6.799946275980518,113.58577003600998,True
phonons,4,mb-phonons-1081,-2.127945692152514,-5.0149417688161035,353.58575097957976,True
phonons,4,mb-phonons-1087,-0.28057206499069254,4.892396432319356,673.585725571006,True
phonons,4,mb-phonons-1089,-1.9916818552349262,-5.002223026706124,284.58575645830336,True
phonons,4,mb-phonons-1092,1.9843594493508252,10.529550581833568,1052.5856954777264,True
phonons,4,mb-phonons-1094,-3.56366550787094,-3.994317912642249,418.58574581846324,True
phonons,4,mb-phonons-1103,-2.8968101533582784,-6.6704410490640145,214.585762016429,True
phonons,4,mb-phonons-1105,-1.9337054111623255,-4.8817906323675695,405.017588021876,True
phonons,4,mb-phonons-1127,-2.706856759292786,-6.310068477737104,346.5857515353923,True
phonons,4,mb-phonons-1128,3.3804193107094767,12.402210213251394,1298.5856759448855,True
phonons,4,mb-phonons-1130,-2.5599906109177093,-5.650550156793142,252.58575899916082,True
phonons,4,mb-phonons-1131,-2.7214849470349143,-2.313252895588135,486.5857404191413,True
phonons,4,mb-phonons-1136,-0.2572133090242949,4.661288219531104,666.5857261268186,True
phonons,4,mb-phonons-1141,-1.1928698889338814,1.2574957218866316,580.256144779931,True
phonons,4,mb-phonons-1145,-2.2002358409035376,-6.020852700213496,241.58575987258044,True
phonons,4,mb-phonons-1154,-3.3792439624575037,-6.109279852345912,328.5857529646245,True
phonons,4,mb-phonons-1160,8.736973989295072,25.94086776552643,2042.5856168699515,True
phonons,4,mb-phonons-1166,-3.8148620486373472,-6.809337155390778,223.58576130181282,True
phonons,4,mb-phonons-1173,-3.1500281521860414,-6.858048245833808,177.58576495429523,True
phonons,4,mb-phonons-1184,1.1311972999461628,5.690237828275243,975.5857015916647,True
phonons,4,mb-phonons-1194,-0.22741197187489914,6.814962000465642,806.5857150105676,True
phonons,4,mb-phonons-1197,-3.3980948964672906,-6.840200575667205,217.5857617782236,True
phonons,4,mb-phonons-1206,5.6406570208114335,17.40368455301626,1496.5856602233305,True
phonons,4,mb-phonons-1207,4.099767140058295,4.349915995998761,645.5857277942563,True
phonons,4,mb-phonons-1212,-2.8874656887775876,-6.034763817988132,201.58576304865227,True
phonons,4,mb-phonons-1219,-1.5819453929747354,-5.722411823303529,224.58576122241104,True
phonons,4,mb-phonons-1223,56.47976501694608,-13.388964354272643,506.5857388311055,True
phonons,4,mb-phonons-1225,4.75845488681037,16.1010268799006,1423.5856660196616,True
phonons,4,mb-phonons-1237,2.3227406941655895,11.608071432047948,1297.5856760242873,True
phonons,4,mb-phonons-1238,4.711565176691474,16.227277021752773,1407.5856672900907,True
phonons,4,mb-phonons-1243,-2.8965582976129127,-6.242110901441436,261.5857582845447,True
phonons,4,mb-phonons-1248,-0.8991535122197465,4.254579597402613,605.9291732079247,True
phonons,4,mb-phonons-1258,0.2222313032214738,5.520158899899809,774.5857175514249,True
phonons,4,mb-phonons-1261,-3.0318496190426467,-6.8693718064645095,142.58576773335804,True
mp_gap,0,mb-mp-gap-000065,-8.39568233193759,4.0983293677149195,0.0,True
mp_gap,0,mb-mp-gap-000170,-9.08524293261993,3.6842128038812736,0.0,True
mp_gap,0,mb-mp-gap-000222,0.39012918431337185,-9.601547034047153,0.4379999999999997,True
mp_gap,0,mb-mp-gap-000316,-9.093668482887011,3.5222826189447187,0.0,True
mp_gap,0,mb-mp-gap-000604,-8.272286390393939,2.788680441309174,0.0,True
mp_gap,0,mb-mp-gap-001140,-9.030712046869345,1.6839572895089145,0.0,True
mp_gap,0,mb-mp-gap-001367,8.626707280942885,-3.3919368531479903,2.8575,True
mp_gap,0,mb-mp-gap-001456,-8.080891366413473,3.4565994907958077,0.0,True
mp_gap,0,mb-mp-gap-001721,8.801989405123377,-4.073438707897257,2.5602,True
mp_gap,0,mb-mp-gap-001845,8.523039193626257,-1.3802365862153427,2.7256,True
mp_gap,0,mb-mp-gap-002205,3.8659638022638947,-5.049697509862206,0.24380000000000002,True
mp_gap,0,mb-mp-gap-002351,3.13443830196873,-8.7924947868892,0.22439999999999927,True
mp_gap,0,mb-mp-gap-002730,-10.588085863220833,2.3983898444250245,0.3814000000000002,True
mp_gap,0,mb-mp-gap-002930,-10.195628833088794,1.4893926166771632,0.0,True
mp_gap,0,mb-mp-gap-003295,-8.35642994434996,3.85195959955676,0.0,True
mp_gap,0,mb-mp-gap-003784,-10.355611802688026,2.3439541389765695,0.0,True
mp_gap,0,mb-mp-gap-003938,-8.537094955994418,3.821429350498827,0.0,True
mp_gap,0,mb-mp-gap-004378,7.882570150631408,-4.81329463953815,2.0061999999999998,True
mp_gap,0,mb-mp-gap-004468,-8.273600315867453,3.7529085198531886,0.0,True
mp_gap,0,mb-mp-gap-005305,-10.057758415949047,2.535969514243831,0.0,True
mp_gap,0,mb-mp-gap-005622,-7.279272151678247,3.428941044060484,0.0,True
mp_gap,0,mb-mp-gap-005878,-7.668793266072398,4.217838086332812,0.0,True
mp_gap,0,mb-mp-gap-006250,-8.132057322280774,3.614584906073383,0.0,True
mp_gap,0,mb-mp-gap-006395,-11.517555358316569,-1.7441286013540316,0.0,True
mp_gap,0,mb-mp-gap-006633,-8.160333418060034,3.461998064365465,0.0,True
mp_gap,0,mb-mp-gap-006776,-8.337323410221748,3.986512623368299,0.0,True
mp_gap,0,mb-mp-gap-006941,24.838107472948206,14.728610074752902,4.8621,True
mp_gap,0,mb-mp-gap-007092,6.479295690816847,-6.862342781567566,0.7386999999999997,True
mp_gap,0,mb-mp-gap-007191,7.855053307426014,-4.434993871834614,2.0247,True
mp_gap,0,mb-mp-gap-007339,8.103239546587087,-4.37994676064102,0.0,True
mp_gap,0,mb-mp-gap-009412,-8.112482417336425,3.127902584366818,0.0,True
mp_gap,0,mb-mp-gap-010176,4.319266784393168,-10.718516440864953,0.4590000000000001,True
mp_gap,0,mb-mp-gap-010473,-8.829185413767908,2.1837589260437116,0.0,True
mp_gap,0,mb-mp-gap-011483,6.8218382036535,-7.127010889922219,0.9358,True
mp_gap,0,mb-mp-gap-011642,-9.257124710804762,2.0925089241956334,0.0,True
mp_gap,0,mb-mp-gap-011882,5.819450944662712,-7.312633957428966,1.1803000000000001,True
mp_gap,0,mb-mp-gap-012338,-7.873487327698133,3.976713129325289,0.0,True
mp_gap,0,mb-mp-gap-013393,3.866260931170277,-10.234720262986418,1.3674,True
mp_gap,0,mb-mp-gap-013435,3.9033082798203,-9.95685751923377,0.6167000000000002,True
mp_gap,0,mb-mp-gap-013948,10.464897874402679,-0.4714993011324059,2.9667,True
mp_gap,0,mb-mp-gap-013968,-8.800941917522676,2.86704977777689,0.0,True
mp_gap,0,mb-mp-gap-014161,-8.100930899822101,3.745570640183748,0.0,True
mp_gap,0,mb-mp-gap-014182,-8.247374424813225,3.7343467027164285,0.0,True
mp_gap,0,mb-mp-gap-014419,-7.559800910430791,3.653082376764346,0.0,True
mp_gap,0,mb-mp-gap-014687,-1.6636365462163527,-13.063795742215133,0.3474999999999999,True
mp_gap,0,mb-mp-gap-015247,1.5680782845156558,-11.301424429045131,0.7116999999999996,True
mp_gap,0,mb-mp-gap-015645,-7.891091965881649,2.2190239881599623,0.0,True
mp_gap,0,mb-mp-gap-016042,3.619256721991998,-12.103747039322881,0.6901000000000002,True
mp_gap,0,mb-mp-gap-016239,4.378700644711101,-8.130549017154449,0.8534999999999999,True
mp_gap,0,mb-mp-gap-016996,-10.82566666073603,1.5458785277533427,0.0,True
mp_gap,0,mb-mp-gap-017231,-9.48581090665804,1.6625694539430307,0.07339999999999991,True
mp_gap,0,mb-mp-gap-017374,8.034752889458131,-3.2766973782552373,1.9495,True
mp_gap,0,mb-mp-gap-017570,-10.073834335182985,1.4216022196205953,0.0,True
mp_gap,0,mb-mp-gap-017982,1.8230245397729927,-12.520817165423654,0.0,True
mp_gap,0,mb-mp-gap-018136,8.779996260316222,-4.961651413625764,2.624,True
mp_gap,0,mb-mp-gap-018696,-8.995858393687254,3.255535507199636,0.0,True
mp_gap,0,mb-mp-gap-018701,8.060976445912805,-2.844834803160609,2.2555,True
mp_gap,0,mb-mp-gap-018888,-9.894883392520365,2.3356401756709797,0.11060000000000025,True
mp_gap,0,mb-mp-gap-019193,16.334948086014933,5.661831281374897,3.3333,True
mp_gap,0,mb-mp-gap-019622,14.786128150476577,5.181197946742308,0.0,True
mp_gap,0,mb-mp-gap-019777,-9.462761878608418,2.314296986923054,0.055499999999999994,True
mp_gap,0,mb-mp-gap-019884,15.560214613789089,4.227893292976384,3.992,True
mp_gap,0,mb-mp-gap-020079,8.600102881608043,-1.1691393767511702,2.4932,True
mp_gap,0,mb-mp-gap-021052,5.370747455314049,-9.687599917733879,0.7447999999999999,True
mp_gap,0,mb-mp-gap-021060,-9.415465799916829,1.487294478601896,0.0,True
mp_gap,0,mb-mp-gap-022905,13.530158219063884,1.3581335578732214,3.9177999999999997,True
mp_gap,0,mb-mp-gap-024657,-9.026054858833433,3.1178496962184994,0.0,True
mp_gap,0,mb-mp-gap-024733,-8.586474760311093,3.1604214494508915,0.0,True
mp_gap,0,mb-mp-gap-025274,-10.03354336576927,0.3205692607236909,0.0,True
mp_gap,0,mb-mp-gap-025294,6.816058352673006,-8.029471397024215,0.8666,True
mp_gap,0,mb-mp-gap-025642,11.105718870828701,1.464446609216017,3.7036999999999995,True
mp_gap,0,mb-mp-gap-026054,-9.971873627168149,-3.053787650872499,0.0,True
mp_gap,0,mb-mp-gap-026208,6.740170207561717,-8.180105203279734,0.7683,True
mp_gap,0,mb-mp-gap-026312,-7.125658061856239,3.933948517454886,0.0,True
mp_gap,0,mb-mp-gap-027008,9.300619974627397,-2.8250998665312395,3.5201000000000002,True
mp_gap,0,mb-mp-gap-027077,-7.648456234570082,4.068495565787864,0.0,True
mp_gap,0,mb-mp-gap-027502,-9.72259641139697,2.2762153495882567,0.0,True
mp_gap,0,mb-mp-gap-027765,-8.157431623903753,2.9711212899027837,0.0,False
mp_gap,0,mb-mp-gap-028298,12.75636843984311,2.3413474982220714,3.5097,True
mp_gap,0,mb-mp-gap-028786,14.937723647754948,6.104535258704188,4.1691,True
mp_gap,0,mb-mp-gap-028977,-0.20400771856293737,-10.465446591637,0.6111,True
mp_gap,0,mb-mp-gap-029001,7.823750131646503,-2.650256512436393,2.4204,True
mp_gap,0,mb-mp-gap-029068,-7.370310513613484,3.879927735798375,0.0,True
mp_gap,0,mb-mp-gap-029374,-11.03287427169398,0.971012361213931,0.0,False
mp_gap,0,mb-mp-gap-029505,-9.46312788339968,3.006093994170514,0.0,True
mp_gap,0,mb-mp-gap-029508,-7.465321625579299,3.9423636058931613,0.0,True
mp_gap,0,mb-mp-gap-030083,6.8542660564313,-5.358359461530156,1.5053,True
mp_gap,0,mb-mp-gap-030181,7.951219663852987,-6.971662949663934,1.2689,True
mp_gap,0,mb-mp-gap-030717,4.090008633140032,-11.05258412601179,0.0,True
mp_gap,0,mb-mp-gap-030862,16.84223287152821,7.352428092570413,4.319999999999999,True
mp_gap,0,mb-mp-gap-031067,-7.569918548764868,4.159641869546291,0.0,True
mp_gap,0,mb-mp-gap-031956,-8.094533720425197,3.074983440495928,0.03750000000000009,True
mp_gap,0,mb-mp-gap-032008,6.2199210136810885,-8.256247963010557,1.0122,True
mp_gap,0,mb-mp-gap-032171,6.274949760190076,-11.149182135215968,0.8029000000000002,True
mp_gap,0,mb-mp-gap-032677,4.789128238675457,-7.368542565333592,0.9336000000000002,True
mp_gap,0,mb-mp-gap-032792,-8.57503054267636,3.506024689575383,0.0,True
mp_gap,0,mb-mp-gap-032793,3.5433606983861563,-9.407839470967245,0.5907,True
mp_gap,0,mb-mp-gap-033120,-8.383900473795693,3.009166827046375,0.0,True
mp_gap,0,mb-mp-gap-033212,-8.035631324132915,3.8309347041653523,0.0,True
mp_gap,0,mb-mp-gap-033698,-8.728163215473648,3.580113255903021,0.0,True
mp_gap,0,mb-mp-gap-033834,7.499052400294059,-4.221319223463541,1.9103,True
mp_gap,0,mb-mp-gap-034300,-8.545609362455039,2.3842068926744653,0.0,True
mp_gap,0,mb-mp-gap-034504,-9.179891402015762,2.8349692360496617,0.0,True
mp_gap,0,mb-mp-gap-034555,-9.120902814230822,2.8635181451389817,0.0,True
mp_gap,0,mb-mp-gap-034676,-10.022203601333487,1.7679858929938606,0.0,True
mp_gap,0,mb-mp-gap-034881,-7.406169812483363,3.572988557984119,0.0,True
mp_gap,0,mb-mp-gap-035423,7.318909391153507,-7.165209753741636,0.9590000000000001,True
mp_gap,0,mb-mp-gap-035989,5.064054667846331,-9.094817402833831,0.6299999999999999,True
mp_gap,0,mb-mp-gap-036753,-8.750961332546133,3.142863502107781,0.0,True
mp_gap,0,mb-mp-gap-036814,-9.621737805455645,-1.652488061991079,0.008400000000000019,True
mp_gap,0,mb-mp-gap-037114,8.071238632292884,-6.957329159019653,1.1029999999999998,True
mp_gap,0,mb-mp-gap-037270,10.470878438369374,0.3481020343025227,3.5105000000000004,True
mp_gap,0,mb-mp-gap-037279,5.542966763773191,-7.633713179692369,0.7005999999999997,True
mp_gap,0,mb-mp-gap-038459,-8.251922794252094,3.814804680022015,0.0,True
mp_gap,0,mb-mp-gap-038563,-10.419900001112524,-1.6020251179000484,0.0,True
mp_gap,0,mb-mp-gap-039643,7.230480540200029,-5.06272348780512,1.4717000000000002,True
mp_gap,0,mb-mp-gap-039678,-1.030768834762034,-16.670118110386266,0.0,True
mp_gap,0,mb-mp-gap-039730,-10.1688618345479,1.7396640572036548,0.0,True
mp_gap,0,mb-mp-gap-039736,-8.287909443566178,2.7457019379360994,0.0,True
mp_gap,0,mb-mp-gap-039972,12.376639463261808,3.5008750036831877,3.6479,True
mp_gap,0,mb-mp-gap-040190,-8.536016645310378,2.3019568082995034,0.0,True
mp_gap,0,mb-mp-gap-040522,6.277675934371975,-7.523414198874287,0.8932000000000002,True
mp_gap,0,mb-mp-gap-040913,28.265210601086157,21.730906453434773,5.5951,True
mp_gap,0,mb-mp-gap-040929,9.803383039739064,-0.6146563914357686,2.8553,True
mp_gap,0,mb-mp-gap-040977,-1.2438344996661186,-13.193762046176845,0.49629999999999974,True
mp_gap,0,mb-mp-gap-041058,7.865935726402542,-3.3030014735356525,2.2828,True
mp_gap,0,mb-mp-gap-041080,13.466179054389356,3.9156101615374346,3.8609,True
mp_gap,0,mb-mp-gap-041197,-7.768332302942019,3.6631024687793765,0.0,True
mp_gap,0,mb-mp-gap-041336,-1.5856990319844941,-12.313362757896368,0.0,True
mp_gap,0,mb-mp-gap-041912,28.00568959108804,20.508625600973765,5.514100000000001,False
mp_gap,0,mb-mp-gap-042061,-4.704785314048279,-11.79817463434625,0.1091000000000002,True
mp_gap,0,mb-mp-gap-043030,7.982114888072101,-5.6030201722817505,2.1349,True
mp_gap,0,mb-mp-gap-043198,-8.46697454278052,3.749292073677598,0.0,True
mp_gap,0,mb-mp-gap-043234,-8.328451021859669,3.4236628714899657,0.0,True
mp_gap,0,mb-mp-gap-043368,3.0402894709932204,-10.876553735967944,0.2430000000000001,True
mp_gap,0,mb-mp-gap-043647,-9.130888075210807,3.0059551969260734,0.0,True
mp_gap,0,mb-mp-gap-043857,9.787504304242194,-0.09207809165669056,3.5518000000000005,True
mp_gap,0,mb-mp-gap-044577,-10.301907768171326,1.9601222610572528,0.0,True
mp_gap,0,mb-mp-gap-045697,-7.802190091851323,4.309473448310476,0.0,True
mp_gap,0,mb-mp-gap-045812,7.739943949358272,-4.225619185109492,2.1624,True
mp_gap,0,mb-mp-gap-046326,9.008926851963087,-2.182780294127163,2.7939,True
mp_gap,0,mb-mp-gap-046470,10.945956411934949,0.4849207128807059,3.1260999999999997,True
mp_gap,0,mb-mp-gap-046618,-9.267426835305807,3.0299002672167434,0.0,True
mp_gap,0,mb-mp-gap-047445,-9.101019845505025,3.4563360812941184,0.0,True
mp_gap,0,mb-mp-gap-047511,10.101216484696074,-1.1658201422801557,2.806,True
mp_gap,0,mb-mp-gap-048569,0.6826587795011108,-13.769434235396156,0.09830000000000005,True
mp_gap,0,mb-mp-gap-048733,-7.026893763290985,-16.987448834533186,0.0048000000000003595,True
mp_gap,0,mb-mp-gap-049055,4.206663879643317,-9.270505414645525,0.4180999999999999,True
mp_gap,0,mb-mp-gap-049128,10.150564845245066,-0.3289748997184021,3.1152999999999995,True
mp_gap,0,mb-mp-gap-049547,-8.949980927386783,3.441390509721237,0.0,True
mp_gap,0,mb-mp-gap-049989,11.626362120569208,1.638605922146327,3.1017,True
mp_gap,0,mb-mp-gap-050180,-8.916464392944745,3.6104021984464225,0.0,False
mp_gap,0,mb-mp-gap-050532,10.840454120719377,0.983218965413703,2.9106,True
mp_gap,0,mb-mp-gap-050797,5.959071776755427,-7.7905002204952005,0.6505000000000001,True
mp_gap,0,mb-mp-gap-051069,6.842497398358091,-6.5138182430081955,1.3112,True
mp_gap,0,mb-mp-gap-051511,8.451980988882903,-2.687749795396934,1.8382000000000005,True
mp_gap,0,mb-mp-gap-052049,-8.221211580830948,2.8817368641659606,0.0,True
mp_gap,0,mb-mp-gap-052267,6.464332916984952,-6.003989570248824,1.2945,True
mp_gap,0,mb-mp-gap-052651,9.443222719247753,-2.057209351406327,2.0589000000000004,True
mp_gap,0,mb-mp-gap-053081,-11.769543895770106,-4.445864839506187,0.12929999999999975,True
mp_gap,0,mb-mp-gap-053203,-7.9713128442591525,3.8780080564855024,0.0,True
mp_gap,0,mb-mp-gap-053284,-7.605105433749593,4.140971945378996,0.0,True
mp_gap,0,mb-mp-gap-054315,-8.929156727674977,3.1746635425671066,0.0,True
mp_gap,0,mb-mp-gap-055147,7.879890653308262,-3.005417866982504,2.5023000000000004,True
mp_gap,0,mb-mp-gap-055416,-8.569998336160522,3.731294611254704,0.0,True
mp_gap,0,mb-mp-gap-055542,-9.785318457730964,2.321674320115652,0.0,True
mp_gap,0,mb-mp-gap-055877,5.109867614715709,-7.569140329996977,0.8459000000000003,True
mp_gap,0,mb-mp-gap-055898,-7.365272715118455,3.4911682929028474,0.0,True
mp_gap,0,mb-mp-gap-055917,28.126202924964787,21.279731082362318,5.696199999999999,False
mp_gap,0,mb-mp-gap-057178,-8.56223077278387,3.4097470061456514,0.0,True
mp_gap,0,mb-mp-gap-057517,-0.5171139199849878,-12.92766084465229,0.22630000000000017,True
mp_gap,0,mb-mp-gap-057719,-8.269435928611053,3.649279678696885,0.0,True
mp_gap,0,mb-mp-gap-057823,-8.920325003430383,3.3578889419415137,0.0,True
mp_gap,0,mb-mp-gap-058388,-9.0295975257836,3.376259209504039,0.0,True
mp_gap,0,mb-mp-gap-058470,3.848288646319361,-15.584726777334259,0.49570000000000025,True
mp_gap,0,mb-mp-gap-059262,-7.460405122974787,3.7826712547297516,0.0,True
mp_gap,0,mb-mp-gap-059690,-8.848724488465415,3.897446151688119,0.0,True
mp_gap,0,mb-mp-gap-059955,-7.672652381084372,4.054633212026093,0.0,True
mp_gap,0,mb-mp-gap-060087,7.6383719177986125,-4.790293719388714,1.817,True
mp_gap,0,mb-mp-gap-060200,-8.028345990164064,3.9744946439292272,0.0,True
mp_gap,0,mb-mp-gap-060672,-9.911753610049617,2.0893245167113292,0.0,True
mp_gap,0,mb-mp-gap-061032,8.894896171028055,-2.4766181654034476,2.669,True
mp_gap,0,mb-mp-gap-061456,29.816721295586667,28.35273055556838,6.960000000000001,True
mp_gap,0,mb-mp-gap-061657,-10.216999856994882,2.0642715407478827,0.0,True
mp_gap,0,mb-mp-gap-061957,6.724205152651146,-4.942732521938313,1.5499,True
mp_gap,0,mb-mp-gap-062000,19.955846289346603,10.876344759378641,4.687,True
mp_gap,0,mb-mp-gap-062733,17.25767973406196,7.829867083689311,4.4686,True
mp_gap,0,mb-mp-gap-063259,-8.176432790201698,3.9906472299354476,0.0,True
mp_gap,0,mb-mp-gap-063674,-1.6793519349489185,-15.346764838046003,0.2359,False
mp_gap,0,mb-mp-gap-064048,8.486344457926569,-2.202301167865061,2.2702999999999998,True
mp_gap,0,mb-mp-gap-064697,18.912276895730752,9.628747333833184,4.591100000000001,True
mp_gap,0,mb-mp-gap-065173,-9.136169905187344,3.338302580066857,0.0,True
mp_gap,0,mb-mp-gap-065279,5.350581773091377,-8.396631632389916,0.9532000000000003,False
mp_gap,0,mb-mp-gap-065328,-7.987481502249408,4.066331514969128,0.0,True
mp_gap,0,mb-mp-gap-065461,-8.197840452083216,4.17960858746911,0.0,True
mp_gap,0,mb-mp-gap-065544,6.39984536636682,-7.568598389205532,0.4289000000000005,True
mp_gap,0,mb-mp-gap-065702,-9.096629163768014,3.574758703822299,0.09039999999999981,True
mp_gap,0,mb-mp-gap-065734,10.33941094535625,0.5710306414694988,2.9798999999999998,True
mp_gap,0,mb-mp-gap-065885,6.722748697035214,-5.617093875626156,0.9702000000000002,True
mp_gap,0,mb-mp-gap-066019,7.771130595327636,-4.578134808814154,1.7372999999999998,True
mp_gap,0,mb-mp-gap-066618,-7.325972893600033,3.418109069384504,0.0,True
mp_gap,0,mb-mp-gap-066715,25.61341458544872,16.55449766081121,5.3165,True
mp_gap,0,mb-mp-gap-067178,-8.267848748997974,3.3739768208422563,0.0,True
mp_gap,0,mb-mp-gap-067518,-7.743762932943876,3.5703379999553975,0.0,True
mp_gap,0,mb-mp-gap-067946,10.8883536042339,1.0567538545792405,3.362,True
mp_gap,0,mb-mp-gap-068556,8.914201591457726,-2.068530086169419,2.5349,True
mp_gap,0,mb-mp-gap-069416,-7.632898503062664,3.4446263381614752,0.0,True
mp_gap,0,mb-mp-gap-069437,8.483706614589703,-2.284580855660416,2.5843000000000003,True
mp_gap,0,mb-mp-gap-069443,9.843237858604274,-1.2673014198868306,2.8106999999999998,True
mp_gap,0,mb-mp-gap-069591,-9.425407661270928,2.941560837959173,0.0,True
mp_gap,0,mb-mp-gap-069977,7.117771950594829,-2.083910322440781,2.3913,True
mp_gap,0,mb-mp-gap-070109,6.693585085771391,-5.69971097125574,1.0522999999999998,False
mp_gap,0,mb-mp-gap-070703,8.76749391273305,-1.412062288293053,2.4118,True
mp_gap,0,mb-mp-gap-070892,26.275976000282295,29.794549221616236,7.4833,True
mp_gap,0,mb-mp-gap-070919,-8.726026368864257,3.1817093413790243,0.0,True
mp_gap,0,mb-mp-gap-071023,8.146374721264621,-3.858434919472211,2.1081,True
mp_gap,0,mb-mp-gap-071995,-8.946496145700806,3.1040098053721352,0.0,True
mp_gap,0,mb-mp-gap-072582,9.082115150888574,-1.6696112679007789,2.8919,True
mp_gap,0,mb-mp-gap-073217,13.689816470339961,6.507204157790234,4.5459000000000005,True
mp_gap,0,mb-mp-gap-073853,7.222509169140675,-3.347439426884498,2.061,True
mp_gap,0,mb-mp-gap-074878,-6.2951003359319735,-10.370858640017275,1.0135999999999998,True
mp_gap,0,mb-mp-gap-075299,-8.159063578952665,3.8913450953273063,0.0,True
mp_gap,0,mb-mp-gap-076167,9.20969512141823,-1.111227958147192,2.6412,True
mp_gap,0,mb-mp-gap-076186,17.38463332373044,11.3429082313783,5.1832,True
mp_gap,0,mb-mp-gap-077196,13.081671067854094,3.3998035432755516,4.2314,True
mp_gap,0,mb-mp-gap-077298,-8.742978797903229,3.8565232287599436,0.0,True
mp_gap,0,mb-mp-gap-077432,8.039133543371491,-3.3164236612481304,2.0946,True
mp_gap,0,mb-mp-gap-077665,10.16248290619102,-0.5924882869600966,3.1639999999999997,True
mp_gap,0,mb-mp-gap-077904,5.182046417511323,-9.17704861884701,1.4191000000000003,True
mp_gap,0,mb-mp-gap-077950,-8.250159473809399,3.889124907705268,0.0,True
mp_gap,0,mb-mp-gap-078085,-10.355083955962707,2.192956846224506,0.0,True
mp_gap,0,mb-mp-gap-078178,-10.169773242491019,1.12398606324947,0.0,True
mp_gap,0,mb-mp-gap-078999,17.994451505334727,8.057738495014295,4.404,True
mp_gap,0,mb-mp-gap-079180,-7.282815320351521,4.212292523173464,0.0,True
mp_gap,0,mb-mp-gap-079659,-8.323440213147324,3.4816145963089857,0.0,True
mp_gap,0,mb-mp-gap-079856,-8.837283974227134,3.9248788278369995,0.0,True
mp_gap,0,mb-mp-gap-080068,-7.845522814762721,3.1969583091772837,0.0,True
mp_gap,0,mb-mp-gap-080213,-8.520663132984083,3.738133584156066,0.0,True
mp_gap,0,mb-mp-gap-080219,-10.166097433860875,2.1088754118389277,0.0,True
mp_gap,0,mb-mp-gap-080455,-8.043095172435272,3.920638995028838,0.0,True
mp_gap,0,mb-mp-gap-080458,14.710471645807713,4.855014932551605,3.7978999999999994,True
mp_gap,0,mb-mp-gap-080505,12.346390251881767,3.0498271798703676,3.6174999999999997,True
mp_gap,0,mb-mp-gap-080758,-10.085642472485219,2.0399259037569526,0.0,True
mp_gap,0,mb-mp-gap-081055,-8.457952404592318,4.095335596360841,0.0,True
mp_gap,0,mb-mp-gap-081137,-7.402956891968743,4.564691899448735,0.0,True
mp_gap,0,mb-mp-gap-081143,-8.986349308351963,3.2374631374308964,0.0,True
mp_gap,0,mb-mp-gap-081223,-8.126395382653044,-14.774026056028829,0.15739999999999998,True
mp_gap,0,mb-mp-gap-081754,7.9367503428872554,-2.9109198048539815,0.0,True
mp_gap,0,mb-mp-gap-082531,-10.926553884608396,-15.001140108317403,0.08829999999999982,True
mp_gap,0,mb-mp-gap-082891,-7.515524007863145,3.728368778707764,0.0,True
mp_gap,0,mb-mp-gap-082979,-7.718520182995284,3.9460452824638526,0.0,True
mp_gap,0,mb-mp-gap-083974,6.972773167818066,-7.218693355555608,1.0010000000000003,True
mp_gap,0,mb-mp-gap-084048,-8.097313702493551,3.6567746716675114,0.0,True
mp_gap,0,mb-mp-gap-084541,-9.206573428380784,2.604989289086576,0.0,True
mp_gap,0,mb-mp-gap-085156,7.676734691212071,-4.289033384991394,1.3163999999999998,True
mp_gap,0,mb-mp-gap-085403,-8.90297433062506,3.459485706741557,0.0,True
mp_gap,0,mb-mp-gap-085851,9.359502833354549,-2.5613847247247725,2.8023999999999996,True
mp_gap,0,mb-mp-gap-086068,-10.595515775576589,2.185707039430093,0.0,True
mp_gap,0,mb-mp-gap-086273,-9.1371090651254,3.4615931426449973,0.0,True
mp_gap,0,mb-mp-gap-086298,-7.893413453123523,4.328521096732829,0.0,True
mp_gap,0,mb-mp-gap-086520,-8.350879487450136,3.6436378591766854,0.0,True
mp_gap,0,mb-mp-gap-086526,-10.045489356732261,2.3490042611142283,0.0,True
mp_gap,0,mb-mp-gap-086577,-8.509999307303348,3.7863185003335578,0.01949999999999985,True
mp_gap,0,mb-mp-gap-086699,7.12425790026037,-4.888860125192974,2.0172999999999996,True
mp_gap,0,mb-mp-gap-086955,-6.207222303254615,-10.832970529685504,0.2032000000000007,True
mp_gap,0,mb-mp-gap-087072,-8.628645757081458,4.209766660621431,0.0,True
mp_gap,0,mb-mp-gap-087380,-8.723083880668844,4.109578746210865,0.0,True
mp_gap,0,mb-mp-gap-087492,-8.050172735241073,3.5728887369814712,0.0,True
mp_gap,0,mb-mp-gap-087523,-9.159972848932021,3.4995685688425313,0.008399999999999963,False
mp_gap,0,mb-mp-gap-087596,-10.703367754489147,1.9927346148521914,0.13020000000000032,True
mp_gap,0,mb-mp-gap-087626,10.153264703220726,0.1845657590345435,2.9783,True
mp_gap,0,mb-mp-gap-087683,10.288612097810347,0.30503372444918536,2.8970000000000002,True
mp_gap,0,mb-mp-gap-087807,7.297405906809377,-4.467856126961244,1.6128,False
mp_gap,0,mb-mp-gap-088075,-8.25215022691126,4.332415471444698,0.0,True
mp_gap,0,mb-mp-gap-088171,-8.554933440623834,3.672036940324292,0.0,True
mp_gap,0,mb-mp-gap-089363,3.6234831459928563,-9.852502426983392,0.6946999999999997,True
mp_gap,0,mb-mp-gap-090303,-8.053957361123052,3.7286324921977436,0.0,True
mp_gap,0,mb-mp-gap-090698,-8.406634390297109,3.1849245039272427,0.0,True
mp_gap,0,mb-mp-gap-090843,8.08200332998025,-3.8185824443587224,2.1451000000000002,True
mp_gap,0,mb-mp-gap-091809,10.03038395947312,-1.09393351585648,2.8468,True
mp_gap,0,mb-mp-gap-092604,7.668140347019806,-4.339570258074996,1.8014,True
mp_gap,0,mb-mp-gap-093224,9.314711542074189,-1.4886211072497442,2.6491,True
mp_gap,0,mb-mp-gap-093247,17.502720830295107,8.57189934715094,4.1978,True
mp_gap,0,mb-mp-gap-093321,-0.2450829322632578,-15.000299949177366,0.1767,True
mp_gap,0,mb-mp-gap-093460,-7.804377354520302,3.3637033884645167,0.0,True
mp_gap,0,mb-mp-gap-093997,-8.868909093967542,3.5467687572171873,0.17029999999999923,True
mp_gap,0,mb-mp-gap-094457,7.2197977519352845,-6.726293624609589,0.37240000000000006,True
mp_gap,0,mb-mp-gap-094741,5.371202107998313,-8.18696205333241,0.4964000000000004,True
mp_gap,0,mb-mp-gap-094917,19.852814958907143,8.543699059273708,4.264099999999999,True
mp_gap,0,mb-mp-gap-094994,12.052662755692936,2.532724478691542,3.5548,True
mp_gap,0,mb-mp-gap-095193,9.206049773924667,-1.3934145442202341,2.8478999999999997,True
mp_gap,0,mb-mp-gap-096265,-7.8723614137822375,3.8325821217070035,0.0,True
mp_gap,0,mb-mp-gap-096361,7.7742431144645865,-4.36239357164773,1.4972,True
mp_gap,0,mb-mp-gap-096502,9.694322169434464,-0.5505298170619173,2.5934,True
mp_gap,0,mb-mp-gap-096503,11.17533047651724,1.0881036422060528,3.7203,True
mp_gap,0,mb-mp-gap-097255,-9.248847860145803,2.572383230180709,0.0,False
mp_gap,0,mb-mp-gap-097328,2.2854644581862225,-13.587172708922441,0.2684000000000002,True
mp_gap,0,mb-mp-gap-097354,-7.760846586884132,2.9568220554865214,0.0,True
mp_gap,0,mb-mp-gap-097434,6.3322218380269115,-6.003008376089072,1.7851,True
mp_gap,0,mb-mp-gap-097798,-8.532818457600168,3.5196890043746873,0.0,True
mp_gap,0,mb-mp-gap-097810,-7.08292010567149,3.677573434508033,0.0,True
mp_gap,0,mb-mp-gap-097870,-9.517249738214808,1.5195484631723988,0.3917999999999999,True
mp_gap,0,mb-mp-gap-098279,-10.445452111707382,3.1423437271260832,0.055299999999999905,True
mp_gap,0,mb-mp-gap-098545,3.4624267749070077,-12.016175056266636,0.6798000000000001,True
mp_gap,0,mb-mp-gap-098776,-8.37554109318659,3.2445296016307204,0.0,True
mp_gap,0,mb-mp-gap-099007,-10.92776578753832,1.5727344761009474,0.0,True
mp_gap,0,mb-mp-gap-099297,-9.056279191019533,3.4176053426091153,0.0,True
mp_gap,0,mb-mp-gap-101188,3.6174389533984384,-12.695870542561602,0.5795000000000003,True
mp_gap,0,mb-mp-gap-101193,16.143972252903556,7.398933431346373,4.9483999999999995,True
mp_gap,0,mb-mp-gap-101494,13.172501749026896,3.035785553030882,3.7255000000000003,True
mp_gap,0,mb-mp-gap-101546,10.349176819953698,-1.2870081877804662,3.283,True
mp_gap,0,mb-mp-gap-102226,10.516970442618385,0.362484790910191,2.8296,True
mp_gap,0,mb-mp-gap-102494,-7.369313469608007,3.798115347645654,0.0,False
mp_gap,0,mb-mp-gap-102526,-8.297161632733063,4.004985471609183,0.0,True
mp_gap,0,mb-mp-gap-102631,14.302732836797432,5.08917337304243,4.1303,True
mp_gap,0,mb-mp-gap-103113,11.4360217920771,1.5842535052237439,3.9139,True
mp_gap,0,mb-mp-gap-104440,-8.84058865233682,3.4326482446987434,0.0,True
mp_gap,0,mb-mp-gap-104627,13.63900910844039,5.186995373225589,4.7164,True
mp_gap,0,mb-mp-gap-105180,6.777173945206389,-6.284869181503402,1.1974,True
mp_gap,0,mb-mp-gap-105470,7.98493502168556,-2.7809566751245556,2.4067,True
mp_gap,0,mb-mp-gap-105569,-8.318635130527834,3.34990326544366,0.0,True
mp_gap,0,mb-mp-gap-105998,-8.908915605889998,3.3616421263567657,0.0,True
mp_is_metal,3,mb-mp-is-metal-000476,2.0732530219265404,-0.43643947414290546,1.0,True
mp_is_metal,3,mb-mp-is-metal-000512,0.7178541114371589,-0.7381708628037892,0.0,True
mp_is_metal,3,mb-mp-is-metal-000842,-2.7322202164968665,1.2338974760769323,1.0,True
mp_is_metal,3,mb-mp-is-metal-001108,1.7649331986903842,-0.8246281714160936,0.0,True
mp_is_metal,3,mb-mp-is-metal-001332,-1.5919952622612092,0.038271831040415316,1.0,True
mp_is_metal,3,mb-mp-is-metal-001515,-1.618491677873825,0.2594490256069654,1.0,True
mp_is_metal,3,mb-mp-is-metal-001731,-1.2328230882840756,-0.22365199593951254,1.0,True
mp_is_metal,3,mb-mp-is-metal-002150,0.7013199432166128,-0.8308866252035744,0.0,True
mp_is_metal,3,mb-mp-is-metal-002455,-2.5649175229170207,0.4789108071770999,1.0,True
mp_is_metal,3,mb-mp-is-metal-003814,-0.32506986618509676,-0.6451880768749746,1.0,True
mp_is_metal,3,mb-mp-is-metal-004564,0.6808835406638823,-0.7725611185409138,0.0,True
mp_is_metal,3,mb-mp-is-metal-004578,1.8308768925482828,-0.3734023743045122,0.0,True
mp_is_metal,3,mb-mp-is-metal-004645,-0.07277200834450907,-0.7586879494650044,1.0,True
mp_is_metal,3,mb-mp-is-metal-005153,0.7106160781608134,-0.740103686415376,0.0,True
mp_is_metal,3,mb-mp-is-metal-005377,-0.4143982952910968,-0.6059182354017287,1.0,True
mp_is_metal,3,mb-mp-is-metal-005493,-0.012311610246534068,-0.5537580706029759,0.0,True
mp_is_metal,3,mb-mp-is-metal-006092,-0.6811724975497375,-0.41968888903573504,1.0,True
mp_is_metal,3,mb-mp-is-metal-006853,-3.46633462126878,2.220830802817166,1.0,True
mp_is_metal,3,mb-mp-is-metal-007261,-1.7001730197890836,0.06296249598915045,1.0,True
mp_is_metal,3,mb-mp-is-metal-007356,-3.572220346807845,1.2100833287631108,1.0,True
mp_is_metal,3,mb-mp-is-metal-007380,0.7106104188309257,-0.7159024135102471,0.0,True
mp_is_metal,3,mb-mp-is-metal-007735,0.4920820026084142,-0.8158886413707858,1.0,True
mp_is_metal,3,mb-mp-is-metal-007952,4.141424952814216,2.4047054249015645,0.0,True
mp_is_metal,3,mb-mp-is-metal-007962,0.34834732638570637,-0.7371686069016474,1.0,True
mp_is_metal,3,mb-mp-is-metal-007979,-0.854952090403662,-0.4027075848033203,1.0,True
mp_is_metal,3,mb-mp-is-metal-008123,-0.004892412504186898,-0.7370758986864735,1.0,True
mp_is_metal,3,mb-mp-is-metal-008358,0.15349409065006522,-0.7973367768088397,0.0,True
mp_is_metal,3,mb-mp-is-metal-008370,-0.07548735459846848,-0.7197955904312505,1.0,True
mp_is_metal,3,mb-mp-is-metal-008802,1.7031161866411537,-0.5383570642151599,0.0,True
mp_is_metal,3,mb-mp-is-metal-008999,2.262632316954219,-0.25652870732284444,0.0,True
mp_is_metal,3,mb-mp-is-metal-009143,1.1695337103933128,-0.5271014225726631,0.0,True
mp_is_metal,3,mb-mp-is-metal-009167,1.6474348387034976,-0.6206244339941084,0.0,True
mp_is_metal,3,mb-mp-is-metal-010082,0.6664563808065435,-0.5833362738774568,1.0,True
mp_is_metal,3,mb-mp-is-metal-010915,6.231653741626258,6.5027430472557715,0.0,True
mp_is_metal,3,mb-mp-is-metal-011044,-1.4056411541856064,-0.020329118616980196,1.0,True
mp_is_metal,3,mb-mp-is-metal-011512,5.519917077795979,1.6189841908423683,0.0,True
mp_is_metal,3,mb-mp-is-metal-011952,0.7945577721273581,-0.8295571216944672,0.0,True
mp_is_metal,3,mb-mp-is-metal-012339,1.097914560859718,-0.5636890168700937,0.0,True
mp_is_metal,3,mb-mp-is-metal-012379,0.6148568613312627,-0.872175791499753,0.0,True
mp_is_metal,3,mb-mp-is-metal-012684,-1.907719708937326,0.30450556589276156,1.0,True
mp_is_metal,3,mb-mp-is-metal-013552,0.08330382824755336,-0.7190236204629304,0.0,True
mp_is_metal,3,mb-mp-is-metal-013861,-0.2527998641270175,-0.6799871110187641,1.0,True
mp_is_metal,3,mb-mp-is-metal-014093,-0.09195987604959935,-0.7278305348801404,1.0,True
mp_is_metal,3,mb-mp-is-metal-014211,-1.437160278514272,-0.01979883846807027,1.0,True
mp_is_metal,3,mb-mp-is-metal-014229,-1.1703164471572247,-0.23546007462164525,1.0,True
mp_is_metal,3,mb-mp-is-metal-014575,0.28193349758988095,-0.7051042376562494,0.0,True
mp_is_metal,3,mb-mp-is-metal-014593,0.57761175270197,-0.6931713366280939,0.0,True
mp_is_metal,3,mb-mp-is-metal-015045,-0.05382767339327434,-0.7350469672127217,0.0,True
mp_is_metal,3,mb-mp-is-metal-015189,0.01636221659751809,-0.7403883502620284,0.0,True
mp_is_metal,3,mb-mp-is-metal-016025,0.6579626030988711,-0.6431502856352795,0.0,True
mp_is_metal,3,mb-mp-is-metal-016095,-2.1070856346056406,0.40898316533842777,1.0,True
mp_is_metal,3,mb-mp-is-metal-016461,0.7806125918477582,-0.6768133819341149,0.0,True
mp_is_metal,3,mb-mp-is-metal-016995,3.0641892479700847,1.9745768644398074,0.0,True
mp_is_metal,3,mb-mp-is-metal-017223,-1.955369499789006,0.21272187873187454,1.0,True
mp_is_metal,3,mb-mp-is-metal-018103,-0.2872422923424066,-0.6660414791665621,1.0,True
mp_is_metal,3,mb-mp-is-metal-018739,1.4367802243739003,-0.21605612467156193,0.0,True
mp_is_metal,3,mb-mp-is-metal-019322,1.338611900135361,-0.6967272420257344,0.0,True
mp_is_metal,3,mb-mp-is-metal-019672,-1.6462491586509482,0.021386990116047156,1.0,True
mp_is_metal,3,mb-mp-is-metal-020279,-0.17210232725444272,-0.7086062016048936,1.0,True
mp_is_metal,3,mb-mp-is-metal-020913,1.8915138564313807,-0.514981362843318,0.0,True
mp_is_metal,3,mb-mp-is-metal-020975,0.7680081853903247,-0.7351712861708062,0.0,True
mp_is_metal,3,mb-mp-is-metal-023490,1.1884789270698455,-0.7087514500821666,0.0,True
mp_is_metal,3,mb-mp-is-metal-023701,-0.36021247710248117,-0.6343831382061563,1.0,True
mp_is_metal,3,mb-mp-is-metal-024389,3.996705624796186,2.8728902428511964,0.0,True
mp_is_metal,3,mb-mp-is-metal-025115,0.7910855855035439,-0.7375030333311483,0.0,True
mp_is_metal,3,mb-mp-is-metal-025258,-6.121761950427697,2.145960039813114,1.0,True
mp_is_metal,3,mb-mp-is-metal-025332,0.871121498692997,-0.7919055409199444,0.0,True
mp_is_metal,3,mb-mp-is-metal-025333,0.5441403332807072,-0.7427062577908365,0.0,True
mp_is_metal,3,mb-mp-is-metal-025460,1.014669398761136,-0.6727624913535079,0.0,True
mp_is_metal,3,mb-mp-is-metal-026431,-0.004888290958851228,-0.7497930148095308,0.0,True
mp_is_metal,3,mb-mp-is-metal-026635,-1.6881374854789057,0.040846517350134406,1.0,True
mp_is_metal,3,mb-mp-is-metal-027070,0.318536552702444,-0.8111055231856308,1.0,True
mp_is_metal,3,mb-mp-is-metal-027077,0.12396807064518833,-0.7564960539152504,1.0,True
mp_is_metal,3,mb-mp-is-metal-027233,2.690249606982646,-0.8134799885136719,0.0,True
mp_is_metal,3,mb-mp-is-metal-027271,-0.19235566934064613,-0.6922918985868927,1.0,True
mp_is_metal,3,mb-mp-is-metal-027718,2.1577071076198737,-0.9605011949688104,0.0,True
mp_is_metal,3,mb-mp-is-metal-028168,1.6076945654275687,-0.5353741140425264,0.0,True
mp_is_metal,3,mb-mp-is-metal-028352,-2.8351348434865873,1.6367914789995701,1.0,True
mp_is_metal,3,mb-mp-is-metal-028581,-0.963051657503807,-0.20347677925261384,1.0,True
mp_is_metal,3,mb-mp-is-metal-028838,-0.4261083504929706,-0.5710729217987207,1.0,True
mp_is_metal,3,mb-mp-is-metal-029510,-0.5751774655110762,-0.4954717058376785,1.0,True
mp_is_metal,3,mb-mp-is-metal-029800,1.3033773765674856,-0.7255445354191167,0.0,True
mp_is_metal,3,mb-mp-is-metal-030515,1.3211982511274025,-0.8026681642258702,0.0,True
mp_is_metal,3,mb-mp-is-metal-030958,0.29499600335207543,-0.7528876535645562,0.0,True
mp_is_metal,3,mb-mp-is-metal-031002,5.179786566909819,-0.7024450943076452,0.0,True
mp_is_metal,3,mb-mp-is-metal-031046,2.2827449176034422,-0.7235635293132544,0.0,True
mp_is_metal,3,mb-mp-is-metal-031252,-1.7219101197563436,0.07300021158583896,1.0,True
mp_is_metal,3,mb-mp-is-metal-031476,-2.9443163973175484,0.6490140931731155,1.0,True
mp_is_metal,3,mb-mp-is-metal-031696,-3.751666911579516,1.5800497531415567,1.0,True
mp_is_metal,3,mb-mp-is-metal-031854,-3.780366817446245,1.0057431500319147,1.0,True
mp_is_metal,3,mb-mp-is-metal-031978,0.03247502654380706,-0.7697675585471592,1.0,True
mp_is_metal,3,mb-mp-is-metal-032001,-0.5607970938769162,-0.5019108597768933,1.0,True
mp_is_metal,3,mb-mp-is-metal-032718,-3.8074940661409653,1.430046345062623,1.0,True
mp_is_metal,3,mb-mp-is-metal-033080,-0.19813215859992103,-0.716028157942855,1.0,True
mp_is_metal,3,mb-mp-is-metal-033084,-0.08693177866958975,-0.7082689782044915,1.0,True
mp_is_metal,3,mb-mp-is-metal-033417,1.6309485078343922,-0.6743091498622913,0.0,True
mp_is_metal,3,mb-mp-is-metal-033442,1.2699479621052867,-0.8367866522562495,0.0,True
mp_is_metal,3,mb-mp-is-metal-034101,0.5406759038981749,-0.7868976832982779,1.0,True
mp_is_metal,3,mb-mp-is-metal-034179,-0.9752715516402154,-0.1694150519215248,1.0,True
mp_is_metal,3,mb-mp-is-metal-034295,0.6755598535488346,-0.7369239392163971,0.0,True
mp_is_metal,3,mb-mp-is-metal-035308,-2.3819910094365895,0.37298984493799836,1.0,True
mp_is_metal,3,mb-mp-is-metal-035362,1.6670782800667205,-0.5929977200943928,0.0,True
mp_is_metal,3,mb-mp-is-metal-036582,-3.664121375153006,1.1662404826933117,1.0,True
mp_is_metal,3,mb-mp-is-metal-036701,3.813566572756172,1.5266465899504542,0.0,True
mp_is_metal,3,mb-mp-is-metal-037068,-0.2128764451148315,-0.7169701469859708,1.0,True
mp_is_metal,3,mb-mp-is-metal-037245,-1.1196752540950472,-0.19918351145747354,1.0,True
mp_is_metal,3,mb-mp-is-metal-037915,0.0907225778575511,-0.7675330868096445,0.0,True
mp_is_metal,3,mb-mp-is-metal-038127,1.750536686622762,-0.6668946186235385,0.0,True
mp_is_metal,3,mb-mp-is-metal-038841,0.7866997612056748,-0.7154697303750143,0.0,True
mp_is_metal,3,mb-mp-is-metal-039675,-0.7073058147397774,-0.43774555193031983,1.0,True
mp_is_metal,3,mb-mp-is-metal-039889,-0.051901393443642856,-0.4600622026415476,1.0,True
mp_is_metal,3,mb-mp-is-metal-040278,0.3819759939174309,-0.7102961809734074,0.0,True
mp_is_metal,3,mb-mp-is-metal-040518,3.99659679408819,-0.23923001283504228,0.0,True
mp_is_metal,3,mb-mp-is-metal-041204,1.642663120598163,-0.6749101050214822,0.0,True
mp_is_metal,3,mb-mp-is-metal-041509,3.416260791238468,-0.6775720748998455,0.0,True
mp_is_metal,3,mb-mp-is-metal-041538,-1.4112317225665623,0.14716311062736046,1.0,True
mp_is_metal,3,mb-mp-is-metal-042053,0.7207760533112776,-0.705645022313887,0.0,True
mp_is_metal,3,mb-mp-is-metal-042129,3.008947106237581,1.6588129752764622,0.0,True
mp_is_metal,3,mb-mp-is-metal-042140,-0.18528352206042198,-0.7141787031721137,0.0,True
mp_is_metal,3,mb-mp-is-metal-043817,-1.4276622041688274,0.03187870353274671,1.0,True
mp_is_metal,3,mb-mp-is-metal-044286,0.7082386156695162,-0.7143945989006559,0.0,True
mp_is_metal,3,mb-mp-is-metal-044317,1.4343916181432348,-0.8552531031968782,0.0,True
mp_is_metal,3,mb-mp-is-metal-044382,0.690106426618577,-0.7334833241819776,0.0,True
mp_is_metal,3,mb-mp-is-metal-044453,-1.0064946432611552,-0.31534671842080353,1.0,True
mp_is_metal,3,mb-mp-is-metal-044709,0.6301375371496509,-0.7637035320124337,0.0,True
mp_is_metal,3,mb-mp-is-metal-045921,2.2435834579890397,-0.6642737524878972,0.0,True
mp_is_metal,3,mb-mp-is-metal-045956,1.2830624800322032,-0.816331311550377,0.0,True
mp_is_metal,3,mb-mp-is-metal-046087,0.8203747944692211,-0.7134065783189028,0.0,True
mp_is_metal,3,mb-mp-is-metal-046219,-1.3214553507681934,0.022049282992096773,1.0,True
mp_is_metal,3,mb-mp-is-metal-046236,0.026644744763941734,-0.7490474239552871,0.0,True
mp_is_metal,3,mb-mp-is-metal-046365,0.39849645971194747,-0.728415927694559,0.0,True
mp_is_metal,3,mb-mp-is-metal-046915,-0.14881096501690627,-0.6929334549777975,0.0,True
mp_is_metal,3,mb-mp-is-metal-047065,1.2393864841027002,-0.5828571112987601,0.0,True
mp_is_metal,3,mb-mp-is-metal-047288,-4.171509376731318,1.5078562920355263,1.0,True
mp_is_metal,3,mb-mp-is-metal-047408,-2.9032222415115596,0.8654151176982958,1.0,True
mp_is_metal,3,mb-mp-is-metal-047911,-0.5350843879030174,-0.4518946233552754,1.0,True
mp_is_metal,3,mb-mp-is-metal-048179,-4.404298830106278,1.5501756899825583,1.0,True
mp_is_metal,3,mb-mp-is-metal-048452,-1.3364302261280174,-0.05455451615976181,1.0,True
mp_is_metal,3,mb-mp-is-metal-048519,-3.513065017854577,1.155098778683622,1.0,True
mp_is_metal,3,mb-mp-is-metal-048720,-0.40784888354566484,-0.602537263116719,1.0,True
mp_is_metal,3,mb-mp-is-metal-049541,0.43504078752301056,-0.6353998973708102,0.0,True
mp_is_metal,3,mb-mp-is-metal-050716,3.785965371718655,-0.7197917785507469,0.0,True
mp_is_metal,3,mb-mp-is-metal-050810,1.3379480352293718,-0.679852928475425,0.0,True
mp_is_metal,3,mb-mp-is-metal-051039,0.3687301412350404,-0.7478488788172082,0.0,True
mp_is_metal,3,mb-mp-is-metal-051366,-2.7185898858407476,1.5336183508268622,1.0,True
mp_is_metal,3,mb-mp-is-metal-051790,-0.3703847499510862,-0.594857217934969,1.0,True
mp_is_metal,3,mb-mp-is-metal-052121,1.5577316787384927,-0.5097809549991728,0.0,True
mp_is_metal,3,mb-mp-is-metal-052427,2.406674729055256,-0.629373467190216,0.0,True
mp_is_metal,3,mb-mp-is-metal-052543,-0.46004081477518327,-0.5784543955669625,0.0,True
mp_is_metal,3,mb-mp-is-metal-053007,-0.8325652779658892,-0.28423588068310285,1.0,True
mp_is_metal,3,mb-mp-is-metal-053361,1.937201550951389,-0.6829717234884157,0.0,True
mp_is_metal,3,mb-mp-is-metal-053452,3.7690557297232097,-0.6558554318800783,0.0,True
mp_is_metal,3,mb-mp-is-metal-053743,1.5903622959410664,-0.881715292462935,0.0,True
mp_is_metal,3,mb-mp-is-metal-054616,1.812408337621637,-0.7520881164215735,0.0,True
mp_is_metal,3,mb-mp-is-metal-054834,0.07209386790819268,-0.7698457877262719,1.0,True
mp_is_metal,3,mb-mp-is-metal-055260,0.3523230768994462,-0.4001950358624044,0.0,True
mp_is_metal,3,mb-mp-is-metal-055441,-0.33875634411098987,-0.6299083323250535,1.0,True
mp_is_metal,3,mb-mp-is-metal-055645,-1.3660543294135299,-0.03114817992664249,1.0,True
mp_is_metal,3,mb-mp-is-metal-055687,-2.4443616742498593,0.7519228877331855,1.0,True
mp_is_metal,3,mb-mp-is-metal-055770,-1.12244334672606,0.00798235314589746,1.0,True
mp_is_metal,3,mb-mp-is-metal-055825,17.001967530396037,26.474160783879267,0.0,True
mp_is_metal,3,mb-mp-is-metal-056480,-0.023995058550724764,-0.7649209864583949,0.0,True
mp_is_metal,3,mb-mp-is-metal-056569,1.865098959574026,-0.749443668892548,0.0,True
mp_is_metal,3,mb-mp-is-metal-056857,-6.734707623707082,11.045265780106668,1.0,True
mp_is_metal,3,mb-mp-is-metal-057131,0.4619841547570145,-0.7251064044224081,0.0,True
mp_is_metal,3,mb-mp-is-metal-057203,-1.5548531824153449,0.11433934064107965,1.0,True
mp_is_metal,3,mb-mp-is-metal-057471,-0.6289049981534591,-0.45925466728572206,1.0,True
mp_is_metal,3,mb-mp-is-metal-057662,-4.1165069588094925,1.3968704029568568,1.0,True
mp_is_metal,3,mb-mp-is-metal-057726,-0.26640748139860004,-0.5399489961133918,1.0,True
mp_is_metal,3,mb-mp-is-metal-058791,1.248670662442598,-0.4792780761142041,0.0,True
mp_is_metal,3,mb-mp-is-metal-059249,-2.161705053844811,0.24983132850940065,1.0,True
mp_is_metal,3,mb-mp-is-metal-059610,-1.926305893064691,0.25333134815567887,1.0,True
mp_is_metal,3,mb-mp-is-metal-059614,2.659920315168317,-0.9258296163876757,0.0,True
mp_is_metal,3,mb-mp-is-metal-059684,-2.7523604801529102,0.7257359787260719,1.0,True
mp_is_metal,3,mb-mp-is-metal-059793,0.7170916070351444,-0.7751022578123278,0.0,True
mp_is_metal,3,mb-mp-is-metal-060134,0.9762148690437142,-0.6860279552732179,0.0,True
mp_is_metal,3,mb-mp-is-metal-060553,-0.5483481882515485,-0.5121527483990943,1.0,True
mp_is_metal,3,mb-mp-is-metal-060825,-1.2898614280492129,-0.07577745232918348,1.0,True
mp_is_metal,3,mb-mp-is-metal-061538,1.356244678152227,-0.8146183436449485,0.0,True
mp_is_metal,3,mb-mp-is-metal-062098,1.3039181648051725,-0.5622243543270526,0.0,True
mp_is_metal,3,mb-mp-is-metal-062139,3.0157740057078404,-0.7666165182093376,0.0,True
mp_is_metal,3,mb-mp-is-metal-062551,2.6323138007239213,-0.6509911043602771,0.0,True
mp_is_metal,3,mb-mp-is-metal-062579,3.1519937325091623,-0.9052826613444277,0.0,True
mp_is_metal,3,mb-mp-is-metal-063731,1.9770496630093024,0.5934076703864165,0.0,True
mp_is_metal,3,mb-mp-is-metal-063885,1.5025853356081618,-0.7443802170696542,0.0,True
mp_is_metal,3,mb-mp-is-metal-064145,1.1895042588010771,-0.6730648424022574,0.0,True
mp_is_metal,3,mb-mp-is-metal-064358,-2.5535587174967636,0.6165118825153684,1.0,True
mp_is_metal,3,mb-mp-is-metal-064613,-2.778907784890469,0.6260827342911369,1.0,True
mp_is_metal,3,mb-mp-is-metal-064869,0.6213813321802262,-0.7576369813578652,0.0,True
mp_is_metal,3,mb-mp-is-metal-065729,-3.76120645093586,1.0817991332981798,1.0,True
mp_is_metal,3,mb-mp-is-metal-065889,-1.3581832229463244,-0.06260090520248632,1.0,True
mp_is_metal,3,mb-mp-is-metal-066592,1.8734866658170755,-0.8205438903813421,0.0,True
mp_is_metal,3,mb-mp-is-metal-066648,-0.5581781083532772,-0.5318639963696412,1.0,True
mp_is_metal,3,mb-mp-is-metal-067254,-1.2787551377116022,-0.13708407134599113,1.0,True
mp_is_metal,3,mb-mp-is-metal-067322,-3.153481975169348,0.9292600677534426,1.0,True
mp_is_metal,3,mb-mp-is-metal-067531,-3.0556537928834384,1.0666388051485722,1.0,True
mp_is_metal,3,mb-mp-is-metal-067935,2.647987001804513,-0.7925407086165651,0.0,True
mp_is_metal,3,mb-mp-is-metal-068420,-0.9917706553274862,-0.35398120810007555,1.0,True
mp_is_metal,3,mb-mp-is-metal-069018,-0.5580889195624368,-0.4974986006455163,1.0,True
mp_is_metal,3,mb-mp-is-metal-069519,-0.340570167405764,-0.6362062428275658,1.0,True
mp_is_metal,3,mb-mp-is-metal-069807,5.840452724914251,-0.786635982436395,0.0,True
mp_is_metal,3,mb-mp-is-metal-069921,5.33863315900638,-0.6329085767147051,0.0,True
mp_is_metal,3,mb-mp-is-metal-070057,2.9639765363430666,-0.6995867411540352,0.0,True
mp_is_metal,3,mb-mp-is-metal-070203,-2.4635887842056343,0.524769621043258,1.0,True
mp_is_metal,3,mb-mp-is-metal-070294,-1.8102806068563988,0.27578037511906545,1.0,True
mp_is_metal,3,mb-mp-is-metal-070446,-0.6799603503394038,-0.4416000121391317,1.0,True
mp_is_metal,3,mb-mp-is-metal-070562,-3.230631935330752,0.8513454429126733,1.0,True
mp_is_metal,3,mb-mp-is-metal-070682,-0.3152994482149139,-0.6666140151946717,1.0,True
mp_is_metal,3,mb-mp-is-metal-071145,-0.9369408699778293,-0.2661308102801465,1.0,True
mp_is_metal,3,mb-mp-is-metal-071526,1.0650452987756673,-0.5974678480365763,0.0,True
mp_is_metal,3,mb-mp-is-metal-071797,0.2832537563556159,-0.755134413681628,0.0,True
mp_is_metal,3,mb-mp-is-metal-072021,-1.6522026200270283,0.3448626709004936,1.0,True
mp_is_metal,3,mb-mp-is-metal-072084,1.3534405286651439,-0.27126498195004645,0.0,True
mp_is_metal,3,mb-mp-is-metal-072134,-0.5799491532771138,-0.46634937570944324,1.0,True
mp_is_metal,3,mb-mp-is-metal-073368,-3.4098035412984378,1.1046573263368271,1.0,True
mp_is_metal,3,mb-mp-is-metal-073461,0.8575243926189584,-0.7955315822803399,0.0,True
mp_is_metal,3,mb-mp-is-metal-073743,-0.5993460112653854,-0.42838594118793943,1.0,True
mp_is_metal,3,mb-mp-is-metal-073781,-0.9318482980075179,-0.23672563110229375,1.0,True
mp_is_metal,3,mb-mp-is-metal-073982,-2.0172368653497097,0.3244989768839806,1.0,True
mp_is_metal,3,mb-mp-is-metal-074194,-2.3958572155572138,0.3660911297098306,1.0,True
mp_is_metal,3,mb-mp-is-metal-075016,1.1581030081785377,-0.6485843896352217,0.0,True
mp_is_metal,3,mb-mp-is-metal-075550,-0.8524000442308832,-0.3519784937547801,1.0,True
mp_is_metal,3,mb-mp-is-metal-075839,2.910213641103261,-0.4547320211496428,0.0,True
mp_is_metal,3,mb-mp-is-metal-076372,-2.0016097434467017,0.14329835852382347,1.0,True
mp_is_metal,3,mb-mp-is-metal-076618,-1.146599638458238,-0.206763007379535,1.0,True
mp_is_metal,3,mb-mp-is-metal-076636,-1.198396453244121,-0.18772819742146551,1.0,True
mp_is_metal,3,mb-mp-is-metal-076665,-1.8717091998141107,1.0923647235272091,1.0,True
mp_is_metal,3,mb-mp-is-metal-076879,2.024743040188705,-0.6191463074477099,0.0,True
mp_is_metal,3,mb-mp-is-metal-076962,1.5585105418919827,-0.5995389764638446,0.0,True
mp_is_metal,3,mb-mp-is-metal-077024,-2.304287036524449,0.5943077792961075,1.0,True
mp_is_metal,3,mb-mp-is-metal-077304,-1.1143989005551829,-0.10846921401300211,1.0,True
mp_is_metal,3,mb-mp-is-metal-078839,-0.21467438276367629,-0.6696641919283409,1.0,True
mp_is_metal,3,mb-mp-is-metal-078850,1.9958342064643322,-1.0298521031447547,0.0,True
mp_is_metal,3,mb-mp-is-metal-079161,2.296309403293133,0.4682528511574708,0.0,True
mp_is_metal,3,mb-mp-is-metal-079351,-1.0100038093728392,-0.28128495875749454,1.0,True
mp_is_metal,3,mb-mp-is-metal-079393,-1.0871961826432954,-0.12645449169354606,1.0,True
mp_is_metal,3,mb-mp-is-metal-079434,1.4484952844310282,-0.6137342897167445,0.0,True
mp_is_metal,3,mb-mp-is-metal-079829,0.8810813170485936,-0.7861870424881316,0.0,True
mp_is_metal,3,mb-mp-is-metal-080034,1.6503678683931087,-0.6896849958681475,0.0,True
mp_is_metal,3,mb-mp-is-metal-080954,2.538554939048623,-0.8585685519139431,0.0,True
mp_is_metal,3,mb-mp-is-metal-081043,-1.6739367473115432,0.09225498184808553,1.0,True
mp_is_metal,3,mb-mp-is-metal-081664,-0.47638277527394507,-0.5306962505683134,1.0,True
mp_is_metal,3,mb-mp-is-metal-081692,-2.363532731851932,0.607344783038123,1.0,True
mp_is_metal,3,mb-mp-is-metal-081850,-4.894204476110783,1.779815521391629,1.0,True
mp_is_metal,3,mb-mp-is-metal-081861,-3.0128489076319602,0.8353540839302448,1.0,True
mp_is_metal,3,mb-mp-is-metal-082074,-3.321260578946138,1.102275230050466,1.0,True
mp_is_metal,3,mb-mp-is-metal-082114,-2.89248751217685,0.6929328175927236,1.0,True
mp_is_metal,3,mb-mp-is-metal-082797,-1.8238081788490283,0.24051345788190714,1.0,True
mp_is_metal,3,mb-mp-is-metal-082829,-2.3241528802875417,0.5006771047331542,1.0,True
mp_is_metal,3,mb-mp-is-metal-082888,-1.183500173511886,-0.16556811983122166,1.0,True
mp_is_metal,3,mb-mp-is-metal-083118,-1.419411769199279,-0.0625959180436671,1.0,True
mp_is_metal,3,mb-mp-is-metal-083228,2.1874246273262767,-0.369062715681441,0.0,True
mp_is_metal,3,mb-mp-is-metal-083259,-2.3629371529912007,0.7368310696431775,1.0,True
mp_is_metal,3,mb-mp-is-metal-083817,1.7315959669449568,-0.7013943594516641,0.0,True
mp_is_metal,3,mb-mp-is-metal-083872,-2.5641037877065083,0.5844028940774554,1.0,True
mp_is_metal,3,mb-mp-is-metal-083988,2.6752399115023624,-0.43014275085497466,0.0,True
mp_is_metal,3,mb-mp-is-metal-084286,-0.8364427073151774,-0.2847331903145699,1.0,True
mp_is_metal,3,mb-mp-is-metal-084925,-1.0905142979221563,-0.13414800176617925,1.0,True
mp_is_metal,3,mb-mp-is-metal-085114,-3.1312324393933433,1.3375084289215349,1.0,True
mp_is_metal,3,mb-mp-is-metal-085579,-4.64642603768861,1.6234473073952735,1.0,True
mp_is_metal,3,mb-mp-is-metal-085581,-0.6960268203764586,-0.4304383009721302,1.0,True
mp_is_metal,3,mb-mp-is-metal-085672,-1.8127389675028802,0.28584689409098263,1.0,True
mp_is_metal,3,mb-mp-is-metal-085753,-0.6108679508396198,-0.4516824446348349,1.0,True
mp_is_metal,3,mb-mp-is-metal-085875,-0.13731928866785925,-0.7250854888375209,1.0,True
mp_is_metal,3,mb-mp-is-metal-085976,1.7428162423892724,-0.3151508009089757,0.0,True
mp_is_metal,3,mb-mp-is-metal-086233,-0.8727265591053189,-0.2646177252153765,1.0,True
mp_is_metal,3,mb-mp-is-metal-086235,-2.8829740970425703,0.5786932340358534,1.0,True
mp_is_metal,3,mb-mp-is-metal-086897,3.93917918935117,-0.49277651106683534,0.0,True
mp_is_metal,3,mb-mp-is-metal-087197,2.0124660811589306,-0.7297598232505168,0.0,True
mp_is_metal,3,mb-mp-is-metal-087543,-0.9448369560683014,-0.35066766114640624,1.0,True
mp_is_metal,3,mb-mp-is-metal-088074,-1.5347483574365952,0.020392905677820556,1.0,True
mp_is_metal,3,mb-mp-is-metal-088699,1.953324756651886,-0.9102519270626109,0.0,True
mp_is_metal,3,mb-mp-is-metal-089106,-3.3022186082470872,1.0088271511035132,1.0,True
mp_is_metal,3,mb-mp-is-metal-089142,-1.7771305550594654,0.20158532004099336,1.0,True
mp_is_metal,3,mb-mp-is-metal-089521,-2.410289417331094,0.8091145721822973,1.0,True
mp_is_metal,3,mb-mp-is-metal-089733,3.3252528788034943,-0.4580733430408337,0.0,True
mp_is_metal,3,mb-mp-is-metal-090316,-0.6593381488355404,-0.4636506381777151,1.0,True
mp_is_metal,3,mb-mp-is-metal-090510,-2.2684232358123553,0.37969076069194185,1.0,True
mp_is_metal,3,mb-mp-is-metal-090716,-5.313524853094077,1.9907514820242147,1.0,True
mp_is_metal,3,mb-mp-is-metal-091180,-1.3981375554995117,-0.0030783444111875716,1.0,True
mp_is_metal,3,mb-mp-is-metal-091330,3.6652937028723835,-1.0132643295182817,0.0,True
mp_is_metal,3,mb-mp-is-metal-091564,-0.6314005305735352,-0.4898952098637205,0.0,True
mp_is_metal,3,mb-mp-is-metal-091578,-0.784344260563639,-0.33074492990640136,1.0,True
mp_is_metal,3,mb-mp-is-metal-092351,-8.999417460020384,12.537080544069344,1.0,True
mp_is_metal,3,mb-mp-is-metal-092408,2.9930102358253348,-0.530317715630707,0.0,True
mp_is_metal,3,mb-mp-is-metal-092990,2.099466574656802,-0.7086815829289241,0.0,True
mp_is_metal,3,mb-mp-is-metal-094196,-0.6264533938250414,-0.4333340746826262,1.0,True
mp_is_metal,3,mb-mp-is-metal-094294,-1.2954727574037241,0.006008391834457993,1.0,True
mp_is_metal,3,mb-mp-is-metal-094312,3.002408617095061,-0.6988905874319254,0.0,True
mp_is_metal,3,mb-mp-is-metal-094354,1.899209433084768,-0.5366358020681289,0.0,True
mp_is_metal,3,mb-mp-is-metal-094453,3.0053594405618345,-0.5580859668400884,0.0,True
mp_is_metal,3,mb-mp-is-metal-094827,-0.15081650570555807,-0.7309734305071683,1.0,True
mp_is_metal,3,mb-mp-is-metal-095134,-5.206770505026917,2.0584465565079597,1.0,True
mp_is_metal,3,mb-mp-is-metal-095373,3.9858712088268833,4.219964015626232,0.0,True
mp_is_metal,3,mb-mp-is-metal-095668,1.2789343136328228,-0.6288282757458638,0.0,True
mp_is_metal,3,mb-mp-is-metal-095742,-2.951648249415996,0.7895533530773161,1.0,True
mp_is_metal,3,mb-mp-is-metal-095839,-1.3879246836361112,-0.09397157554596197,1.0,True
mp_is_metal,3,mb-mp-is-metal-096028,4.053652605715226,-0.7704198243416062,0.0,True
mp_is_metal,3,mb-mp-is-metal-096177,1.3085200538273007,-0.8235128837403198,0.0,True
mp_is_metal,3,mb-mp-is-metal-096193,3.182787870044812,1.1970220330517058,0.0,True
mp_is_metal,3,mb-mp-is-metal-096515,0.5579353964402525,-0.7256839770611015,0.0,True
mp_is_metal,3,mb-mp-is-metal-097248,-1.9599548209088558,0.31694392912663305,1.0,True
mp_is_metal,3,mb-mp-is-metal-097590,-2.5674912554892733,0.9637563823951093,1.0,True
mp_is_metal,3,mb-mp-is-metal-097728,0.7133757277074784,-0.6096326992554113,0.0,True
mp_is_metal,3,mb-mp-is-metal-097784,1.1685071264307483,-0.7994171163701782,0.0,True
mp_is_metal,3,mb-mp-is-metal-097797,1.7606352016934366,-0.8182983905283477,0.0,True
mp_is_metal,3,mb-mp-is-metal-098067,-2.110349040087859,0.46681343321850327,1.0,True
mp_is_metal,3,mb-mp-is-metal-098156,-1.491293737597597,-0.04087462263945964,1.0,True
mp_is_metal,3,mb-mp-is-metal-098436,-1.3540098285051005,0.2657781722463106,1.0,True
mp_is_metal,3,mb-mp-is-metal-099316,-0.25151247308352187,-0.957437104816067,1.0,True
mp_is_metal,3,mb-mp-is-metal-099544,4.427477849618024,-0.5685107556892848,0.0,True
mp_is_metal,3,mb-mp-is-metal-099585,3.6666138374773953,-0.5524483155237822,0.0,True
mp_is_metal,3,mb-mp-is-metal-100060,-4.530908318265424,1.4062094031285768,1.0,True
mp_is_metal,3,mb-mp-is-metal-100124,0.2759026214434839,-0.7774948821182899,0.0,True
mp_is_metal,3,mb-mp-is-metal-100628,2.329070196217511,-0.7385364201863455,0.0,True
mp_is_metal,3,mb-mp-is-metal-101500,2.1522533055664015,-0.7250040939545352,0.0,True
mp_is_metal,3,mb-mp-is-metal-101651,0.787594725701602,-0.8141762702788911,0.0,True
mp_is_metal,3,mb-mp-is-metal-101699,-0.010656110597571985,-0.7268471569670114,1.0,True
mp_is_metal,3,mb-mp-is-metal-102381,4.146653572902386,2.5512858039926343,0.0,True
mp_is_metal,3,mb-mp-is-metal-102867,1.2923830819656108,-0.6277176130611668,0.0,True
mp_is_metal,3,mb-mp-is-metal-102876,0.7198174196675805,-0.8476325236535336,0.0,True
mp_is_metal,3,mb-mp-is-metal-103045,-1.7181593021877983,0.043947831926721824,1.0,True
mp_is_metal,3,mb-mp-is-metal-104017,3.032594806365334,-0.5804590181536052,0.0,True
mp_is_metal,3,mb-mp-is-metal-104457,-1.2618967540557247,-0.18617250531539833,1.0,True
mp_is_metal,3,mb-mp-is-metal-104464,0.009677326703056897,-0.7461022841167775,1.0,True
mp_is_metal,3,mb-mp-is-metal-104585,-9.722463602582488,4.477901710278957,1.0,True
mp_is_metal,3,mb-mp-is-metal-104684,0.8826191602581795,-0.7307979872888424,0.0,True
mp_is_metal,3,mb-mp-is-metal-104883,3.1556030859870514,-0.4240360961885157,0.0,True
mp_is_metal,3,mb-mp-is-metal-104988,1.8119598062098332,-0.5887920790582827,0.0,True
mp_is_metal,3,mb-mp-is-metal-105032,1.5272777596847324,-0.535304563738943,0.0,True
mp_is_metal,3,mb-mp-is-metal-105418,2.8833417375407246,-0.6208336568497712,0.0,True
mp_is_metal,3,mb-mp-is-metal-105420,-0.5942990889647398,-0.5287352082320698,1.0,True
mp_is_metal,3,mb-mp-is-metal-105757,2.2256961532541464,-0.7972938179130747,0.0,True
mp_is_metal,3,mb-mp-is-metal-106082,-1.4518929717642501,-0.13263122595990848,1.0,True
mp_e_form,1,mb-mp-e-form-000157,-27.20976871681162,55.768695874890504,2.0310227950000006,True
mp_e_form,1,mb-mp-e-form-000170,-26.007211353156126,53.47294268389804,1.8910820083333322,True
mp_e_form,1,mb-mp-e-form-000171,-26.19319565988154,50.93198365527877,1.8411045291666661,True
mp_e_form,1,mb-mp-e-form-000822,-22.155147390789473,35.17392855165526,2.163257789745715,True
mp_e_form,1,mb-mp-e-form-001940,-13.243143525038336,1.5418059432352182,0.6780391469832763,True
mp_e_form,1,mb-mp-e-form-002519,-20.766918794077956,34.31620837433034,0.9278272648216669,True
mp_e_form,1,mb-mp-e-form-003496,-14.799670447124461,6.8056422484389065,0.5113102181666662,True
mp_e_form,1,mb-mp-e-form-003522,-16.342545841405595,8.380978102755877,0.6017288666666666,True
mp_e_form,1,mb-mp-e-form-005077,-13.442832052688974,-0.3921949003522739,0.28158260499999965,True
mp_e_form,1,mb-mp-e-form-005301,-12.950875217429754,-0.9021090901432045,0.23390038250000048,True
mp_e_form,1,mb-mp-e-form-005449,-14.041711016363722,0.311602236020402,0.25485951500000015,True
mp_e_form,1,mb-mp-e-form-005626,-14.526347387510123,3.3593176437992462,0.24482974616379272,True
mp_e_form,1,mb-mp-e-form-006137,-13.109088034954446,-0.6470806884838758,0.2103346336458336,True
mp_e_form,1,mb-mp-e-form-006930,-13.843556246624452,-2.1329546685108958,0.130679035,True
mp_e_form,1,mb-mp-e-form-007043,-12.499405527894037,-3.3387895653671555,0.14041074875000037,True
mp_e_form,1,mb-mp-e-form-007521,-13.411136267796817,-2.6802541072452466,0.14671544866666675,True
mp_e_form,1,mb-mp-e-form-007634,-13.413693328539763,-2.225731557068933,0.1364393125000003,True
mp_e_form,1,mb-mp-e-form-007670,-14.211641627594808,5.633191572200316,0.13975500459125012,True
mp_e_form,1,mb-mp-e-form-007807,-12.37013636078101,-2.8142241323448807,0.13369539090909074,True
mp_e_form,1,mb-mp-e-form-008064,-12.130077887111753,-4.218105536076287,0.10612872020833342,True
mp_e_form,1,mb-mp-e-form-009232,-11.843927607445751,-0.8957620272425759,0.0835560437500007,True
mp_e_form,1,mb-mp-e-form-009643,-12.286548015469762,-4.3636092650508616,0.08577656928571524,True
mp_e_form,1,mb-mp-e-form-010819,-11.542792440435218,-1.6763295995627976,0.04887707500000005,True
mp_e_form,1,mb-mp-e-form-011803,-12.136630435812027,-1.6488438250085444,0.015282167115384045,True
mp_e_form,1,mb-mp-e-form-011902,-12.22035108728299,-6.239913836759432,0.025372053750000845,True
mp_e_form,1,mb-mp-e-form-012485,-11.857140945526952,-3.7096325237852388,0.004305233333333547,True
mp_e_form,1,mb-mp-e-form-012827,-12.225000423846128,-5.994273817051431,0.005286380000000035,True
mp_e_form,1,mb-mp-e-form-012886,-11.587782640679373,-6.728963044958021,0.002496050000000416,True
mp_e_form,1,mb-mp-e-form-013825,-12.020224438359179,-5.621822585045793,-0.006633047857143026,True
mp_e_form,1,mb-mp-e-form-013839,-11.227148327285052,-5.006951543958082,-0.0290667133333334,True
mp_e_form,1,mb-mp-e-form-013864,-10.307062661044613,-6.922617248585562,-0.014134620000000986,True
mp_e_form,1,mb-mp-e-form-014272,-11.679124227430878,-5.224573201985174,-0.04281426250000009,True
mp_e_form,1,mb-mp-e-form-014795,-11.264119956414733,-5.666795383566321,-0.04256924333333245,True
mp_e_form,1,mb-mp-e-form-015898,-11.829210743445007,-4.662896718049648,-0.06581121500000009,True
mp_e_form,1,mb-mp-e-form-016069,-10.554494763275077,-5.778610103076279,-0.08509153473684257,True
mp_e_form,1,mb-mp-e-form-016255,-11.323388239952507,-6.539965109472751,-0.105020018695652,True
mp_e_form,1,mb-mp-e-form-016463,-10.41031551841717,-5.49249437677294,-0.1065726037500001,True
mp_e_form,1,mb-mp-e-form-017316,-10.866193600384548,-4.743096521405828,-0.1156435250000003,True
mp_e_form,1,mb-mp-e-form-017597,-10.30261422795826,-6.500938192247034,-0.11709925972857096,True
mp_e_form,1,mb-mp-e-form-017867,-10.35326956205817,-5.068656048234125,-0.12069605624999902,True
mp_e_form,1,mb-mp-e-form-017951,-10.536442215039033,-6.300064846878437,-0.13677980500000014,True
mp_e_form,1,mb-mp-e-form-017968,-10.34779304571735,-5.496472564677358,-0.1494542266666663,True
mp_e_form,1,mb-mp-e-form-018060,-11.565780320251626,-3.339205285626023,-0.13239854833333276,True
mp_e_form,1,mb-mp-e-form-018240,-10.248216945369938,-6.538196678720777,-0.14848635330188695,True
mp_e_form,1,mb-mp-e-form-018735,-10.91414552277731,-5.738530847487788,-0.1357076198616075,True
mp_e_form,1,mb-mp-e-form-019135,-11.508202183802945,-5.344030714913645,-0.18000127,True
mp_e_form,1,mb-mp-e-form-020137,-10.438362924315385,-5.652701655789867,-0.19606918999999978,True
mp_e_form,1,mb-mp-e-form-020542,-10.58843692989202,-5.803257788359504,-0.20254641238095264,True
mp_e_form,1,mb-mp-e-form-021229,-9.841903890924884,-5.689023625050362,-0.22971635649999983,True
mp_e_form,1,mb-mp-e-form-022419,-10.145529854977354,-5.213757903298504,-0.23979128232142877,True
mp_e_form,1,mb-mp-e-form-022430,-9.579133078639755,-5.073446018922808,-0.24452277041666695,True
mp_e_form,1,mb-mp-e-form-022790,-10.576819840336897,-3.539331584337441,-0.2366194350000006,True
mp_e_form,1,mb-mp-e-form-023048,-8.279989656421337,-0.5355359535612725,-0.26031636764000066,True
mp_e_form,1,mb-mp-e-form-023507,-10.43537406542658,-2.855858822585316,-0.26099249666666563,True
mp_e_form,1,mb-mp-e-form-024054,-10.603966717910225,-0.7980177688720099,-0.280525527065,True
mp_e_form,1,mb-mp-e-form-024269,-10.230391137926453,3.443130550820239,-0.2724903447265632,True
mp_e_form,1,mb-mp-e-form-024860,-9.106220903558736,-2.889759301765538,-0.2856836012500006,True
mp_e_form,1,mb-mp-e-form-025513,-8.805215475794084,-7.555756704235298,-0.2970659049999984,True
mp_e_form,1,mb-mp-e-form-025795,-9.736999354243824,-6.0104949836544135,-0.29586564833333373,True
mp_e_form,1,mb-mp-e-form-026550,-9.180283528610605,-6.489485522682284,-0.3145119206730774,True
mp_e_form,1,mb-mp-e-form-026558,-9.530358990450184,-0.8691083720895907,-0.3119106866666665,True
mp_e_form,1,mb-mp-e-form-026890,-8.273543714199668,-7.238891973576571,-0.3209597423958333,True
mp_e_form,1,mb-mp-e-form-027097,-9.18823653748185,-6.113293209355748,-0.32420799375,True
mp_e_form,1,mb-mp-e-form-027496,-8.813063839208523,-6.794797215740137,-0.3386413766666667,True
mp_e_form,1,mb-mp-e-form-027740,-8.989164521934418,-6.208386639386627,-0.3304335812499999,True
mp_e_form,1,mb-mp-e-form-028622,-10.48796936356049,-5.220842230750928,-0.3560587549999994,True
mp_e_form,1,mb-mp-e-form-028725,-8.673938844866592,-6.162020371007413,-0.34307498760000044,True
mp_e_form,1,mb-mp-e-form-029791,-9.185333806291649,-5.678837260824502,-0.3564518956249998,True
mp_e_form,1,mb-mp-e-form-029807,-9.10777516659772,-3.727429008800484,-0.3614333297619063,True
mp_e_form,1,mb-mp-e-form-030741,-8.044766986064884,-7.739951322113086,-0.37594094572265657,True
mp_e_form,1,mb-mp-e-form-031138,-8.371089350259464,-6.0153146033753995,-0.394496676296296,True
mp_e_form,1,mb-mp-e-form-031420,-7.975199390309851,-7.259869392431539,-0.3922100300000004,True
mp_e_form,1,mb-mp-e-form-032640,-8.675152286724911,-5.708947833888677,-0.4095791405555558,True
mp_e_form,1,mb-mp-e-form-032659,-8.814018413580177,6.2499083733901015,-0.4208173163042862,True
mp_e_form,1,mb-mp-e-form-032811,-9.02607377187026,-5.984082050161034,-0.4150153954166669,True
mp_e_form,1,mb-mp-e-form-032838,-8.546542345661285,-6.359353897389928,-0.41321160083333375,True
mp_e_form,1,mb-mp-e-form-033215,-7.591325164531341,-7.248126951789068,-0.43970754723958283,True
mp_e_form,1,mb-mp-e-form-033276,-8.393664992272791,-2.4434668104276644,-0.4400843523366668,True
mp_e_form,1,mb-mp-e-form-033298,-7.124825133564358,8.397597766300676,-0.4423507136818175,True
mp_e_form,1,mb-mp-e-form-034055,-7.816730108016212,-0.2587160025357663,-0.4621458524999994,True
mp_e_form,1,mb-mp-e-form-035003,-7.896850973489404,-5.399003504889628,-0.4680190036363634,True
mp_e_form,1,mb-mp-e-form-035113,-8.350252927882245,-5.907075706895076,-0.4669502397916667,True
mp_e_form,1,mb-mp-e-form-035321,-7.650424413086656,-7.329487145499288,-0.47209382125000054,True
mp_e_form,1,mb-mp-e-form-035509,-8.871669892008759,-0.917982513673061,-0.4628303255783048,True
mp_e_form,1,mb-mp-e-form-035658,-7.176999526932468,-7.714236408054409,-0.47353630539663527,True
mp_e_form,1,mb-mp-e-form-036566,-7.86508345451612,-6.756788779202142,-0.4872963813888891,True
mp_e_form,1,mb-mp-e-form-037545,-7.4922845929584225,-5.422005999529553,-0.5076463472727274,True
mp_e_form,1,mb-mp-e-form-038293,-6.832707082430922,-5.4115477118402255,-0.5298091950000003,True
mp_e_form,1,mb-mp-e-form-038294,-7.299551913536366,-5.780411711467931,-0.5312203608333329,True
mp_e_form,1,mb-mp-e-form-039154,-6.251649959461053,-6.491627970679782,-0.557389202685185,True
mp_e_form,1,mb-mp-e-form-039645,-7.3451687321729535,-6.674556770600856,-0.5525428709090918,True
mp_e_form,1,mb-mp-e-form-041055,-6.703607955249437,-7.306482325663182,-0.5864114121428575,True
mp_e_form,1,mb-mp-e-form-041522,-7.282914839041054,-1.6166795040263564,-0.5934222458035718,True
mp_e_form,1,mb-mp-e-form-041581,-7.261726613895387,-4.557782851174507,-0.5909379044444442,True
mp_e_form,1,mb-mp-e-form-041819,-5.767833345754575,-7.092996116145086,-0.5923652675,True
mp_e_form,1,mb-mp-e-form-042043,-5.659045338143707,-6.33990914412233,-0.6102067854428564,True
mp_e_form,1,mb-mp-e-form-042176,-7.1784577334842306,-5.831073248948689,-0.6028046053472226,True
mp_e_form,1,mb-mp-e-form-042276,-6.206880227331644,5.952483122824183,-0.6104248677800002,True
mp_e_form,1,mb-mp-e-form-042340,-6.676522634863328,-4.8996987997428985,-0.6025796850000003,True
mp_e_form,1,mb-mp-e-form-042868,-6.764765420050342,-5.334663171438247,-0.5980787474999998,True
mp_e_form,1,mb-mp-e-form-043481,-6.107126744154577,-5.823251552491029,-0.626991824,True
mp_e_form,1,mb-mp-e-form-044606,-6.371061041248865,-4.6968122140406106,-0.6505035733333331,True
mp_e_form,1,mb-mp-e-form-044707,-6.484273028235331,-5.694411375787711,-0.6398742893541668,True
mp_e_form,1,mb-mp-e-form-044948,-6.331318335836728,-1.3748049615263795,-0.661525956041667,True
mp_e_form,1,mb-mp-e-form-046044,-5.781297304178046,-6.792103171475452,-0.7027217063265324,True
mp_e_form,1,mb-mp-e-form-046314,-6.11325801278299,8.22207789391745,-0.6874919803013332,True
mp_e_form,1,mb-mp-e-form-046614,-6.126566127878191,-4.0092092507352035,-0.7035121819444446,True
mp_e_form,1,mb-mp-e-form-046823,-6.313697151228919,-5.082935144611025,-0.6973342906250002,True
mp_e_form,1,mb-mp-e-form-046943,-5.911485587132441,-1.1765056417439712,-0.7197877460199992,True
mp_e_form,1,mb-mp-e-form-047701,-5.666353282594774,-6.0156062945596736,-0.7155191619999997,True
mp_e_form,1,mb-mp-e-form-047705,-5.973500140483688,-4.7984590619355005,-0.7196187900000002,True
mp_e_form,1,mb-mp-e-form-047859,-5.631295128448375,-5.731687048250423,-0.7230342909620452,True
mp_e_form,1,mb-mp-e-form-048205,-5.414228948726214,-6.85483956039325,-0.7498483668253976,True
mp_e_form,1,mb-mp-e-form-048280,-6.5194420345439426,-0.505246820481295,-0.7482518850053879,True
mp_e_form,1,mb-mp-e-form-048573,-5.158562241775294,-5.854194617004145,-0.7509286716666677,True
mp_e_form,1,mb-mp-e-form-049235,-6.555463989302496,6.277444432618903,-0.7816481344279993,True
mp_e_form,1,mb-mp-e-form-050733,-3.7869030535960166,3.058464758229702,-0.8067543213892503,True
mp_e_form,1,mb-mp-e-form-051444,-3.0856560425614825,14.867233985002757,-0.8344160485941752,True
mp_e_form,1,mb-mp-e-form-051555,-5.0591535439275885,-4.714424232019863,-0.8150579011375656,True
mp_e_form,1,mb-mp-e-form-051642,-4.561420303058357,-6.530418716236412,-0.8132641462419872,True
mp_e_form,1,mb-mp-e-form-051793,-3.5046777481870084,10.273469835576465,-0.829882309903846,True
mp_e_form,1,mb-mp-e-form-052412,-4.330442966394228,-5.433808421409585,-0.8388143366666672,True
mp_e_form,1,mb-mp-e-form-053069,-4.242840742975638,-0.7876027615534474,-0.867684251428571,True
mp_e_form,1,mb-mp-e-form-054044,-4.589505609850315,-4.9847688535867745,-0.9087659833333334,True
mp_e_form,1,mb-mp-e-form-054429,-3.7668122932008403,-1.3678072123727967,-0.9052042686250005,True
mp_e_form,1,mb-mp-e-form-055097,-2.926409835115863,0.6147898527119563,-0.9393746307499995,True
mp_e_form,1,mb-mp-e-form-055259,-3.3051145653393785,-6.366596077678119,-0.9603016408571434,True
mp_e_form,1,mb-mp-e-form-056284,-1.709333962107965,-0.8366140987255375,-0.998224787948,True
mp_e_form,1,mb-mp-e-form-058154,-3.7293819560065837,-1.6819565805935932,-1.06222681066,True
mp_e_form,1,mb-mp-e-form-058225,-2.467387010126712,-4.666364204730442,-1.0703437344244804,True
mp_e_form,1,mb-mp-e-form-058552,-3.398139620128668,-4.899620660686918,-1.065526063035714,True
mp_e_form,1,mb-mp-e-form-058560,-3.1951719489365953,-0.4817857921634141,-1.0532820006249999,True
mp_e_form,1,mb-mp-e-form-058851,-3.5329166864244232,-4.717345594304594,-1.0797700974279991,True
mp_e_form,1,mb-mp-e-form-059370,-2.4318034197065814,-4.381331108851516,-1.111721267263394,True
mp_e_form,1,mb-mp-e-form-060386,-2.526264023384348,-5.431409831986082,-1.1287316045312508,True
mp_e_form,1,mb-mp-e-form-060894,-1.5919546704298422,-3.7644345940739927,-1.2008670643911117,True
mp_e_form,1,mb-mp-e-form-061043,-2.909636829869708,-1.1315019060285807,-1.1644022370689653,True
mp_e_form,1,mb-mp-e-form-061082,-0.12198777664203651,2.0883762539362456,-1.1748555175000008,True
mp_e_form,1,mb-mp-e-form-061239,-0.18068991835253853,12.017060729588637,-1.1837474738281248,True
mp_e_form,1,mb-mp-e-form-061280,-2.092430452768051,-2.043567603968959,-1.1692028267022927,True
mp_e_form,1,mb-mp-e-form-061505,-2.658388572994715,-3.079761400923437,-1.1785478023214293,True
mp_e_form,1,mb-mp-e-form-061767,-0.7514800540639209,7.346253593110543,-1.1645623427678566,True
mp_e_form,1,mb-mp-e-form-061843,-3.2290138711489162,-5.076713774041865,-1.1935509219279994,True
mp_e_form,1,mb-mp-e-form-062112,-0.28616937513613094,20.204721277137903,-1.2297815420673335,True
mp_e_form,1,mb-mp-e-form-062724,-0.8737839320011169,-2.0661739237819123,-1.2035606804995547,True
mp_e_form,1,mb-mp-e-form-063503,-1.8396088683834866,-2.5188878746528576,-1.2499665327777778,True
mp_e_form,1,mb-mp-e-form-063663,-2.002274413861621,-2.6674734967289395,-1.2657731495443347,True
mp_e_form,1,mb-mp-e-form-063904,0.018530223844646643,1.7852272832237122,-1.3169300547222231,True
mp_e_form,1,mb-mp-e-form-065121,-0.7184173716663209,17.015753863696222,-1.3739420378866676,True
mp_e_form,1,mb-mp-e-form-065141,0.6374127447723197,4.732192045727351,-1.3628708023063643,True
mp_e_form,1,mb-mp-e-form-066430,1.2652975532209998,0.8735886117758049,-1.3825851131249993,True
mp_e_form,1,mb-mp-e-form-066486,-1.6174332134033074,-3.8207152099661155,-1.3809411887351193,True
mp_e_form,1,mb-mp-e-form-066699,0.7899254521302113,-0.205898493065562,-1.3871836879687502,True
mp_e_form,1,mb-mp-e-form-066729,-0.6676809370007618,5.551243746408583,-1.3906490008650003,True
mp_e_form,1,mb-mp-e-form-067176,1.4265314631514814,0.840088591282799,-1.4448867324583337,True
mp_e_form,1,mb-mp-e-form-067677,0.9067650697212812,-1.3288223743558163,-1.4309692285116233,True
mp_e_form,1,mb-mp-e-form-067938,1.1057396651693636,0.18558824564806242,-1.465968546071428,True
mp_e_form,1,mb-mp-e-form-067971,0.8080807926349127,-0.24514846916194313,-1.4791416452893331,True
mp_e_form,1,mb-mp-e-form-068255,0.6372820957813233,9.14906836199807,-1.4775420897140001,False
mp_e_form,1,mb-mp-e-form-068261,1.2647614593380825,0.14052206164955178,-1.4951493334615384,True
mp_e_form,1,mb-mp-e-form-068513,0.9633529463064793,9.091697202498832,-1.4939479325961544,True
mp_e_form,1,mb-mp-e-form-068867,1.8259108752727597,-0.6476971608242108,-1.505821154642857,True
mp_e_form,1,mb-mp-e-form-069430,1.5527383820533176,-2.4634860992996352,-1.5305422257142862,True
mp_e_form,1,mb-mp-e-form-069758,1.466284577729151,-0.24098517364296151,-1.5061504875000005,True
mp_e_form,1,mb-mp-e-form-070195,1.8526030038129147,6.429325720794007,-1.5653673844907408,True
mp_e_form,1,mb-mp-e-form-071075,1.5116944804461343,-3.582923175285547,-1.596184118596666,True
mp_e_form,1,mb-mp-e-form-071781,2.044186897151946,-3.861611724066093,-1.5916635835422035,True
mp_e_form,1,mb-mp-e-form-071805,1.0559683245726257,1.2816424451484751,-1.5785251347140001,True
mp_e_form,1,mb-mp-e-form-072793,2.444772463134244,8.74433830082166,-1.6351951862500003,True
mp_e_form,1,mb-mp-e-form-073406,2.690706233991413,1.7103924886000745,-1.6543089569419998,True
mp_e_form,1,mb-mp-e-form-073474,1.5403419411457249,-1.6008754675444736,-1.6715975281977373,True
mp_e_form,1,mb-mp-e-form-073501,3.0447412443688697,-2.4309402054453715,-1.6802083767153344,True
mp_e_form,1,mb-mp-e-form-073894,3.4849414590456713,0.1022507138556874,-1.6890691783499996,True
mp_e_form,1,mb-mp-e-form-074764,2.955530759189118,0.9427130723214895,-1.6970329127113322,True
mp_e_form,1,mb-mp-e-form-074908,3.8527522939599432,2.257615407175165,-1.7401543182500006,True
mp_e_form,1,mb-mp-e-form-075310,2.801139241616895,0.17864624181972108,-1.7161106681850002,True
mp_e_form,1,mb-mp-e-form-075665,2.719000455297131,-3.878300338914046,-1.7153265343421045,True
mp_e_form,1,mb-mp-e-form-076364,3.3713457324545186,-2.6526480973934765,-1.7763636962723077,True
mp_e_form,1,mb-mp-e-form-076573,2.096086715322981,-2.627454392264962,-1.7526624622222218,True
mp_e_form,1,mb-mp-e-form-076803,2.9027337015229437,-2.344408882815876,-1.7760749352499992,True
mp_e_form,1,mb-mp-e-form-077181,3.730042984338754,10.50931406247806,-1.807803121714,True
mp_e_form,1,mb-mp-e-form-077264,3.759110524075967,-0.6701723811827461,-1.7934889832894738,True
mp_e_form,1,mb-mp-e-form-077486,3.4571449132811334,-2.012925266580491,-1.7839723225000002,True
mp_e_form,1,mb-mp-e-form-077800,3.458900819303343,-3.2801191253360042,-1.7960194692499996,True
mp_e_form,1,mb-mp-e-form-078696,3.541122913026853,-1.827567359508675,-1.8126496987085707,True
mp_e_form,1,mb-mp-e-form-078802,3.7533077632457057,-2.839797811165931,-1.8306307007291664,True
mp_e_form,1,mb-mp-e-form-078959,3.624464892713553,-1.1910534120069645,-1.8372067217649999,True
mp_e_form,1,mb-mp-e-form-079689,3.6937896552968685,-0.7881379419993316,-1.8422973603684214,True
mp_e_form,1,mb-mp-e-form-079919,3.3887283503782903,1.4999478344460901,-1.8732680359559999,True
mp_e_form,1,mb-mp-e-form-080083,3.779226999966557,-1.613944606327837,-1.8614260366224995,True
mp_e_form,1,mb-mp-e-form-080683,4.3138399363501385,-1.1461467004925818,-1.8794829346590907,True
mp_e_form,1,mb-mp-e-form-080849,4.068653487268739,-2.557095440738947,-1.8897282649999991,True
mp_e_form,1,mb-mp-e-form-080872,5.0003413528830984,0.6673802127178474,-1.8806711490000005,True
mp_e_form,1,mb-mp-e-form-081159,5.222728422473584,-1.1490343760460662,-1.8975298777552483,True
mp_e_form,1,mb-mp-e-form-081331,3.729873422989372,0.5463905755042736,-1.8911821066717236,True
mp_e_form,1,mb-mp-e-form-081479,5.456894248627255,0.9295302063823593,-1.9001690345031055,True
mp_e_form,1,mb-mp-e-form-081599,4.164402495267644,-1.643509029976444,-1.9101890293063641,True
mp_e_form,1,mb-mp-e-form-082046,4.615732398676298,-2.010762025878461,-1.9367105492857146,True
mp_e_form,1,mb-mp-e-form-082215,3.068400579098834,-0.2522964244535338,-1.9399219753708339,True
mp_e_form,1,mb-mp-e-form-082769,2.775579109431825,-1.4722502163829678,-1.9337635800689654,True
mp_e_form,1,mb-mp-e-form-082927,4.650516911633458,0.21725269790371826,-1.9474087436674288,True
mp_e_form,1,mb-mp-e-form-082936,4.236241243588546,-1.3114507448855617,-1.9463724827209994,True
mp_e_form,1,mb-mp-e-form-083360,4.60110191808346,0.03319764563765591,-1.950350383541667,True
mp_e_form,1,mb-mp-e-form-083591,4.874037146409892,-2.0170305074532675,-1.9692603294097226,True
mp_e_form,1,mb-mp-e-form-084269,1.9790670448704855,0.007406684433954063,-1.9939844657031252,True
mp_e_form,1,mb-mp-e-form-084685,6.138297184907294,0.8852550653854734,-1.9886106845748306,True
mp_e_form,1,mb-mp-e-form-084771,5.459669335337885,-1.6506824666379671,-1.974673178120301,True
mp_e_form,1,mb-mp-e-form-086314,5.489986371485378,-2.5541788586136205,-2.053999175104211,True
mp_e_form,1,mb-mp-e-form-086675,6.206968876511679,2.9494045197887426,-2.0411305201488097,True
mp_e_form,1,mb-mp-e-form-086849,3.16174222461656,1.1385282420298648,-2.0758344410416676,True
mp_e_form,1,mb-mp-e-form-087503,5.324041447853641,-0.8374588568079804,-2.0852101667399996,True
mp_e_form,1,mb-mp-e-form-087755,6.8197561333790055,0.895409997432533,-2.0698519543035707,True
mp_e_form,1,mb-mp-e-form-089202,5.709741791682852,-1.6796766730342465,-2.128045377454023,True
mp_e_form,1,mb-mp-e-form-089216,5.4827853551668015,-0.5233701186120044,-2.1236405671919996,True
mp_e_form,1,mb-mp-e-form-089489,5.378242485456666,-2.027743048292772,-2.1248132966342856,True
mp_e_form,1,mb-mp-e-form-089903,6.179462451968485,-1.958340205365183,-2.148005509369048,True
mp_e_form,1,mb-mp-e-form-091756,5.0634899649071405,2.538465209178057,-2.1928939512499994,True
mp_e_form,1,mb-mp-e-form-092346,5.146845088585882,0.3258517258236386,-2.220719966372857,True
mp_e_form,1,mb-mp-e-form-092416,6.344388020161272,2.918605075201169,-2.21071451074375,True
mp_e_form,1,mb-mp-e-form-092645,5.502293806755315,-2.1926859468652355,-2.2229038428666676,True
mp_e_form,1,mb-mp-e-form-093390,6.2384622993087575,2.061463576604618,-2.2483384399815276,True
mp_e_form,1,mb-mp-e-form-093471,7.4564327560876045,2.6182773421118806,-2.226679520957793,True
mp_e_form,1,mb-mp-e-form-093718,7.28067534426995,0.3818296642189927,-2.2454182030890806,True
mp_e_form,1,mb-mp-e-form-093770,6.789393769115921,1.318168330684099,-2.2782163540277773,True
mp_e_form,1,mb-mp-e-form-093902,6.5563577922131415,-1.0165228245240685,-2.252024918081112,True
mp_e_form,1,mb-mp-e-form-093903,7.710840086536451,0.9154693516791944,-2.268255455298254,True
mp_e_form,1,mb-mp-e-form-095287,7.802433772139923,-0.3842525497612628,-2.2894428255952373,True
mp_e_form,1,mb-mp-e-form-095472,6.814288882004007,-1.2084336431367384,-2.297780323777778,True
mp_e_form,1,mb-mp-e-form-095730,5.468560260855635,-2.0780386580066383,-2.294863859714,True
mp_e_form,1,mb-mp-e-form-096499,8.183054458058372,-0.844747529501004,-2.32732794031746,True
mp_e_form,1,mb-mp-e-form-096597,8.329365501212067,0.05135593834134469,-2.327629320131362,True
mp_e_form,1,mb-mp-e-form-096912,7.528093423849525,-1.4696240580300481,-2.3568612253714285,True
mp_e_form,1,mb-mp-e-form-097257,7.590738392463347,-0.2517882232587667,-2.3379906074454766,True
mp_e_form,1,mb-mp-e-form-097530,7.559906849048689,-1.389046381253429,-2.3444756339285706,True
mp_e_form,1,mb-mp-e-form-098159,8.587513247673273,-0.2358180739382655,-2.361779906553571,True
mp_e_form,1,mb-mp-e-form-098402,7.5863406909098625,-0.18271594892331428,-2.369398763214286,True
mp_e_form,1,mb-mp-e-form-098531,8.329689651450241,-0.10983500318195134,-2.360949354821429,True
mp_e_form,1,mb-mp-e-form-098552,8.13436876611766,-0.30272733530727436,-2.360953701338028,True
mp_e_form,1,mb-mp-e-form-099609,7.540686533619125,-1.1542783571784347,-2.382116448700219,True
mp_e_form,1,mb-mp-e-form-099802,8.278358649962838,-0.7098889159591513,-2.4091874236850646,True
mp_e_form,1,mb-mp-e-form-100060,8.28325202095082,1.745939388381185,-2.4227226367672414,True
mp_e_form,1,mb-mp-e-form-100133,5.669570443042117,3.100644660214603,-2.4028164848611118,True
mp_e_form,1,mb-mp-e-form-100289,7.68250058209683,-0.14684862545596586,-2.42313014455,True
mp_e_form,1,mb-mp-e-form-100701,7.605817398428792,-0.2928300954534988,-2.414021059185556,True
mp_e_form,1,mb-mp-e-form-101961,7.870123793276552,0.9673343827127225,-2.4575163068399997,True
mp_e_form,1,mb-mp-e-form-102099,8.458640665449185,-1.01528711161989,-2.4622518504917585,True
mp_e_form,1,mb-mp-e-form-102180,7.87709759782925,-1.0086683755715975,-2.460207072153845,True
mp_e_form,1,mb-mp-e-form-103464,9.088975529585277,-0.6727260561235585,-2.468118950667294,True
mp_e_form,1,mb-mp-e-form-103585,8.67883832126902,-0.5201577211853625,-2.478971812252778,True
mp_e_form,1,mb-mp-e-form-103685,8.861858575410535,-0.3189034410831535,-2.482899912848116,True
mp_e_form,1,mb-mp-e-form-103785,7.98050521995785,0.3354708866918811,-2.4988476043749994,True
mp_e_form,1,mb-mp-e-form-104753,8.148427562288607,0.8495566280130319,-2.48978121975,True
mp_e_form,1,mb-mp-e-form-104898,9.561821208822284,-0.05485973583570746,-2.5100656821428577,True
mp_e_form,1,mb-mp-e-form-104971,9.553686426507538,-0.5401288448446485,-2.513155754099248,True
mp_e_form,1,mb-mp-e-form-105195,9.623885602049878,-0.14188341204061805,-2.518949461309524,True
mp_e_form,1,mb-mp-e-form-105620,8.339149548642133,-0.18793364187124195,-2.522149664413266,True
mp_e_form,1,mb-mp-e-form-105667,8.850190041053516,-0.3701315597123417,-2.5077267777094434,True
mp_e_form,1,mb-mp-e-form-106175,9.762334689902971,-0.3887861396448248,-2.5335174630535713,True
mp_e_form,1,mb-mp-e-form-106366,9.124243372591655,-0.34783136929504016,-2.54135596244898,True
mp_e_form,1,mb-mp-e-form-106440,9.169295698587081,-0.6902069141434622,-2.548123683756083,True
mp_e_form,1,mb-mp-e-form-106460,9.713143037943567,0.2323901242304686,-2.536748244613788,True
mp_e_form,1,mb-mp-e-form-106474,7.558313128932197,-0.20589275699548482,-2.52908937886,True
mp_e_form,1,mb-mp-e-form-106634,6.600443912741747,0.07962869209057177,-2.5408522112019996,True
mp_e_form,1,mb-mp-e-form-107229,10.163072340712654,-0.12455302726081931,-2.560450271309523,True
mp_e_form,1,mb-mp-e-form-107366,7.912658210029068,-1.2851938752028738,-2.5594276714036366,True
mp_e_form,1,mb-mp-e-form-107504,9.008815514865194,-0.4666036997982734,-2.5636566868718353,True
mp_e_form,1,mb-mp-e-form-107956,8.80957488962316,3.55930436047145,-2.5926854144047624,True
mp_e_form,1,mb-mp-e-form-108006,9.775087082059287,1.5071599345738753,-2.591716497475369,True
mp_e_form,1,mb-mp-e-form-108269,10.01348009046129,-0.1128607323941044,-2.5896951719770405,True
mp_e_form,1,mb-mp-e-form-109203,9.188624491632527,-0.2602668433238592,-2.6113595346153855,True
mp_e_form,1,mb-mp-e-form-109270,9.795493088912167,-0.3049297459494567,-2.6146920289123368,True
mp_e_form,1,mb-mp-e-form-109297,9.378807427839496,-0.40136440692912506,-2.6079066753214284,True
mp_e_form,1,mb-mp-e-form-109759,10.553816606832958,0.19316321459865465,-2.6384495870833335,True
mp_e_form,1,mb-mp-e-form-110562,9.385443696195638,-0.009490913971783088,-2.637530888152175,True
mp_e_form,1,mb-mp-e-form-110594,9.304252692032076,-0.6251084366204027,-2.6235364976666657,True
mp_e_form,1,mb-mp-e-form-110624,9.251456816276136,-0.548792814995503,-2.6396047119387753,True
mp_e_form,1,mb-mp-e-form-110640,9.555345288958955,-0.8174196164680508,-2.6258667605277544,True
mp_e_form,1,mb-mp-e-form-112304,8.928203017892432,3.704678409559946,-2.687389591122485,True
mp_e_form,1,mb-mp-e-form-112684,8.761561620213477,-0.058723676311575254,-2.6885563476255547,True
mp_e_form,1,mb-mp-e-form-113024,11.585132387814422,4.0574121293621515,-2.6997622889233335,True
mp_e_form,1,mb-mp-e-form-113288,8.264374104019057,-1.1262984681050263,-2.7012348165642863,True
mp_e_form,1,mb-mp-e-form-114145,9.024770360020346,8.29375236470987,-2.7418459522500007,True
mp_e_form,1,mb-mp-e-form-114591,8.868956950183579,0.41545109643627204,-2.7355447901680003,True
mp_e_form,1,mb-mp-e-form-114909,10.001533375121502,1.995307819131871,-2.762280361876563,True
mp_e_form,1,mb-mp-e-form-114924,10.638058882787332,2.5981595074989765,-2.767615437749999,True
mp_e_form,1,mb-mp-e-form-115158,11.025908240097914,-0.11089954528099158,-2.7704100377158376,True
mp_e_form,1,mb-mp-e-form-115975,10.383155248089718,2.8237525186485817,-2.7873058458928575,True
mp_e_form,1,mb-mp-e-form-116152,8.094503917313519,5.1061205080996634,-2.7877516151851847,True
mp_e_form,1,mb-mp-e-form-116237,10.315446953872337,7.012785210135488,-2.7943793797222205,True
mp_e_form,1,mb-mp-e-form-116937,10.638896734084227,4.027966831613305,-2.8466486923844996,True
mp_e_form,1,mb-mp-e-form-117780,10.76494670329257,-0.6899750632824825,-2.8523875506249996,True
mp_e_form,1,mb-mp-e-form-119524,11.396132045085382,0.4337768591338517,-2.8870569956541354,True
mp_e_form,1,mb-mp-e-form-120300,11.33764287904911,7.62219734245847,-2.9262190309255556,True
mp_e_form,1,mb-mp-e-form-120327,11.458819649381095,7.78821487982685,-2.9251369377881815,True
mp_e_form,1,mb-mp-e-form-120500,10.657363700150558,0.49689082543170043,-2.9472648686544822,True
mp_e_form,1,mb-mp-e-form-120617,11.6523804085219,8.14179091673953,-2.9389702846063632,True
mp_e_form,1,mb-mp-e-form-120721,11.276668877659723,3.98718692582481,-2.9386226721969706,True
mp_e_form,1,mb-mp-e-form-121245,12.570312933492259,5.336844126223129,-2.970211450990259,True
mp_e_form,1,mb-mp-e-form-121315,10.451444933893633,1.519034655988961,-2.961396439619091,True
mp_e_form,1,mb-mp-e-form-121401,12.825057894138826,1.0911311566412394,-2.963339327036458,True
mp_e_form,1,mb-mp-e-form-121427,12.601338460664097,2.762423530427866,-2.9595392957539683,True
mp_e_form,1,mb-mp-e-form-121781,11.781487436833865,-0.7876532556859857,-2.9849742661458327,True
mp_e_form,1,mb-mp-e-form-122063,12.248711985436755,5.438162922662348,-2.987091110097827,True
mp_e_form,1,mb-mp-e-form-122192,11.830848104074223,0.12946291168964214,-2.9892153418290914,True
mp_e_form,1,mb-mp-e-form-122292,11.868639486987286,2.278383118029529,-2.992682374642858,True
mp_e_form,1,mb-mp-e-form-122573,11.798776411826159,0.6146805304810458,-2.9982563434,True
mp_e_form,1,mb-mp-e-form-122987,11.942854916019856,9.747931004160883,-3.0496901025,True
mp_e_form,1,mb-mp-e-form-124597,11.97712381005924,1.267312390595467,-3.1104264766068423,True
mp_e_form,1,mb-mp-e-form-125191,12.766937179104552,0.9261264155102648,-3.151868073088234,True
mp_e_form,1,mb-mp-e-form-125846,12.071628625874665,1.3679317709775767,-3.2220139344553784,True
mp_e_form,1,mb-mp-e-form-126631,13.978596962642275,4.586250074437376,-3.180421272622182,True
mp_e_form,1,mb-mp-e-form-126713,11.18668781353389,8.970021367063357,-3.1878465937500007,True
mp_e_form,1,mb-mp-e-form-127159,14.445077904381742,1.6283578426427168,-3.2698401214583335,True
mp_e_form,1,mb-mp-e-form-128245,14.233235896895486,3.9900328466394592,-3.3728525420312514,True
mp_e_form,1,mb-mp-e-form-128322,12.87493819211748,1.6455255952803611,-3.3821341254419046,True
mp_e_form,1,mb-mp-e-form-128361,14.776419668721543,6.696862967260516,-3.3683819991666684,True
mp_e_form,1,mb-mp-e-form-128446,13.401324104230321,9.211551709121636,-3.3623141185937495,True
mp_e_form,1,mb-mp-e-form-128558,12.754092272406275,1.4349460864763437,-3.318677984655263,True
mp_e_form,1,mb-mp-e-form-128852,12.855133133769428,8.358780588731362,-3.4081420142140004,True
mp_e_form,1,mb-mp-e-form-129349,11.886424044831736,9.374229369556687,-3.4825653600841675,True
mp_e_form,1,mb-mp-e-form-130117,15.951795622832531,6.493464878689362,-3.58213196475,True
mp_e_form,1,mb-mp-e-form-130358,15.97342241973826,2.5258315903232815,-3.5505397870833333,True
mp_e_form,1,mb-mp-e-form-131639,17.04854679901416,8.066246447012908,-3.6832609216666654,True
