task,outer_fold,feature,weight_standardized_log_odds,mean_abs_linear_shap_log_odds,median_abs_linear_shap_log_odds,p99_abs_linear_shap_log_odds,p99_trimmed_mean_abs_linear_shap_log_odds,max_abs_linear_shap_log_odds,fraction_abs_shap_gt_10,mean_signed_linear_shap_log_odds
steels,0,anchor_prediction,0.24509379267692566,0.18133139376476767,0.152018550564343,0.8319799385017356,0.17328928317994213,0.8456342050111719,0.0,-1.783490802610693e-18
steels,0,raw_proposal_prediction,0.24284735321998596,0.1796921876193245,0.1485958177264204,0.8207772631508399,0.17165897747492723,0.8449409274290567,0.0,8.578590760557435e-16
steels,0,proposal_residual,-0.04510340094566345,0.034554409335511474,0.02481591743093769,0.11398104325500914,0.033294934924592394,0.15303985667243938,0.0,6.6880905097901e-19
steels,0,abs_proposal_residual,-0.42999467253685,0.3385582298658531,0.3021541599833533,1.2230431454340354,0.3240694573559049,1.661258511865376,0.0,-1.7121511705062656e-16
steels,0,proposal_ensemble_std,-0.2696842551231384,0.1868921116789283,0.1539741211908368,0.9922735897844281,0.17419793224609711,1.5544685415280748,0.0,2.318538043393901e-17
steels,0,directional_agreement,-0.18986797332763672,0.11496431322174364,0.0655872952832868,0.7486746130024351,0.10645532263824296,0.8759993908436187,0.0,3.267549595467545e-11
steels,0,route_consensus,-0.02079695835709572,0.020736324961891612,0.019266212371309745,0.022449325719613097,0.020736324961891612,0.022449325719613097,0.0,-1.783490802610693e-18
steels,0,data_minus_relation_prediction,0.0027923742309212685,0.0019162922779859537,0.0013036344976604046,0.008641902634305372,0.0017729236633334774,0.016484168393898636,0.0,-6.96676094769802e-21
steels,0,abs_data_minus_relation_prediction,0.17641712725162506,0.11941667234237716,0.09914448350930337,0.5758287892341348,0.10853590410571647,1.2756949362747219,0.0,1.2484435618274852e-17
steels,0,route_anchor_probability,0.0,0.0,0.0,0.0,0.0,0.0,0.0,0.0
steels,0,route_data_probability,0.020528078079223633,0.010409928802988853,0.005019401308016109,0.11629695926668779,0.009105710870178026,0.11783800906730836,0.0,-4.737397444434654e-18
steels,0,route_relation_probability,-0.020581334829330444,0.010436934942233344,0.005032416179168861,0.11659867607713846,0.009129333425265248,0.11814371346013211,0.0,6.075015546392674e-18
steels,0,route_max_probability,0.41738566756248474,0.22995599670204397,0.17191261792081536,2.51063653910916,0.20184083842745867,2.546676001156744,0.0,-3.566981605221386e-18
steels,0,route_entropy,0.6180288195610046,0.20382753040418228,0.12488269571656187,4.536060678101562,0.14895060585120004,4.783071936005694,0.0,-7.304822110875394e-09
steels,0,data_attention_max,0.0,0.0,0.0,0.0,0.0,0.0,0.0,0.0
steels,0,relation_attention_max,0.0,0.0,0.0,0.0,0.0,0.0,0.0,0.0
steels,0,data_attention_entropy,-3.805727135798635e-21,1.4941912060537413e-37,1.4941912060537415e-37,1.4941912060537415e-37,1.4941912060537413e-37,1.4941912060537415e-37,0.0,1.4941912060537413e-37
steels,0,relation_attention_entropy,-3.805727135798635e-21,1.4941912060537413e-37,1.4941912060537415e-37,1.4941912060537415e-37,1.4941912060537413e-37,1.4941912060537415e-37,0.0,1.4941912060537413e-37
steels,0,anchor_standardized,0.20728106796741486,0.1521211288563731,0.12366302037398004,0.7156702624188865,0.1448899561348406,0.7562792589101774,0.0,7.133963210442772e-18
steels,0,abs_anchor_standardized,-0.1424044668674469,0.09489231021850929,0.07479417517643087,0.5699813626620361,0.08873645265121895,0.6109828720739678,0.0,-2.67523620391604e-18
steels,0,available_expert_fraction,0.0,0.0,0.0,0.0,0.0,0.0,0.0,0.0
steels,0,expert_prediction_disagreement,-0.28652527928352356,0.2256802008307094,0.19704367574402784,0.8402573300206516,0.2174104195628146,0.9395088415765479,0.0,2.853585284177109e-17
steels,0,anchor_vs_expert_mean_abs,-0.42962151765823364,0.3386189130463252,0.3016990581059161,1.2635315259190227,0.32616027954488075,1.4177494564773723,0.0,0.0
steels,0,mean_expert_uncertainty,0.5264446139335632,0.4400146988471994,0.4065048449443189,1.2577564209560617,0.42977096550903104,1.301545943932283,0.0,-1.2484435618274852e-17
steels,0,max_expert_uncertainty,-0.5248143672943115,0.40917652073419736,0.3463041721799902,1.2898797729923188,0.39630463970597724,1.5716582537282788,0.0,-6.420566889398495e-17
steels,0,max_abs_expert_prediction,0.5299603343009949,0.36374841088454546,0.2438681675422469,1.714694382211398,0.34604620949831344,1.8548410879499768,0.0,-5.707170568354218e-17
steels,1,anchor_prediction,0.1610552966594696,0.12283165437904131,0.1020909290956256,0.5295928849498797,0.11773130428082945,0.5470897774678131,0.0,5.35047240783208e-18
steels,1,raw_proposal_prediction,0.15544593334197998,0.11863460434707138,0.09865306036800933,0.5180469947524038,0.11364629318867249,0.5317812192902748,0.0,-2.7465758360204677e-16
steels,1,proposal_residual,-0.03350025415420532,0.024203977943786394,0.018127037540973865,0.10402281267014775,0.022929160321818284,0.14919001661099476,0.0,-2.786704379079208e-19
steels,1,abs_proposal_residual,-0.9451712369918823,0.6907927157707112,0.6031579547356978,3.2583129342969834,0.6474230369741758,5.04611992601895,0.0,-1.8548304347151209e-16
steels,1,proposal_ensemble_std,0.17608162760734558,0.1186488184068472,0.09666638582662715,0.7674015108290145,0.10915811561579615,1.0421752534263466,0.0,-2.140188963132832e-17
steels,1,directional_agreement,0.09511981904506683,0.04999211702462234,0.02829099354098615,0.44392718044466095,0.0450923975560516,0.4609552341022866,0.0,7.591543413532833e-11
steels,1,route_consensus,-0.22921571135520935,0.22879942444130294,0.21579945714350166,0.2434660542131813,0.22879942444130294,0.2434660542131813,0.0,-3.2102834446992477e-17
steels,1,data_minus_relation_prediction,0.26258403062820435,0.17021537644846016,0.1263364075786009,1.0440065366648767,0.15580062847452683,1.6041144011614692,0.0,-3.566981605221386e-18
steels,1,abs_data_minus_relation_prediction,0.2419968545436859,0.15004193669857083,0.11069243040339592,1.0906708430530414,0.13434949360001416,1.7667560955590402,0.0,3.566981605221386e-18
steels,1,route_anchor_probability,0.0,0.0,0.0,0.0,0.0,0.0,0.0,0.0
steels,1,route_data_probability,0.1427115797996521,0.06766271726457043,0.02786404205184111,0.6422677326874273,0.058287416889490656,0.9006724510718457,0.0,3.566981605221386e-18
steels,1,route_relation_probability,-0.14271143078804016,0.0676626491914263,0.02786412723229239,0.642267067266767,0.058287358351473,0.9006715803973994,0.0,-9.809199414358813e-17
steels,1,route_max_probability,-0.23115721344947815,0.12046869206691727,0.08351453099194167,1.0504158316734094,0.10461582254649106,1.5374018293899538,0.0,-1.0344246655142021e-16
steels,1,route_entropy,-0.3355492651462555,0.11700486745830574,0.06816725091047403,1.350977871068645,0.08560685059863132,3.2410588000758205,0.0,2.3278359869780855e-08
steels,1,data_attention_max,0.0,0.0,0.0,0.0,0.0,0.0,0.0,0.0
steels,1,relation_attention_max,0.0,0.0,0.0,0.0,0.0,0.0,0.0,0.0
steels,1,data_attention_entropy,-9.023808621981879e-21,3.5428960109216483e-37,3.5428960109216483e-37,3.5428960109216483e-37,3.5428960109216483e-37,3.5428960109216483e-37,0.0,3.5428960109216483e-37
steels,1,relation_attention_entropy,-9.023808621981879e-21,3.5428960109216483e-37,3.5428960109216483e-37,3.5428960109216483e-37,3.5428960109216483e-37,3.5428960109216483e-37,0.0,3.5428960109216483e-37
steels,1,anchor_standardized,-0.5592228174209595,0.42488516607706456,0.34659872181932067,1.8748885065768164,0.4067726705034995,1.9362645003134895,0.0,1.070094481566416e-17
steels,1,abs_anchor_standardized,0.4982357621192932,0.3377642672732264,0.2771883578460474,1.9870310480011717,0.317063661656766,2.070993662137832,0.0,3.566981605221386e-18
steels,1,available_expert_fraction,0.0,0.0,0.0,0.0,0.0,0.0,0.0,0.0
steels,1,expert_prediction_disagreement,-0.1956547349691391,0.15036625218250393,0.12779067680822673,0.5931881785264114,0.14457061708253877,0.67167133487218,0.0,1.7834908026106932e-17
steels,1,anchor_vs_expert_mean_abs,0.3488369584083557,0.26854166362260856,0.22833715086000436,1.0514253345520586,0.258248820925607,1.20727416825995,0.0,-2.853585284177109e-17
steels,1,mean_expert_uncertainty,-0.3679918348789215,0.27988197818350014,0.22538497468205512,1.0676665804923902,0.2659680473964573,1.7785073169014851,0.0,0.0
steels,1,max_expert_uncertainty,0.5702959895133972,0.41104905564003824,0.3362966366871092,1.9515284854349337,0.38046869892689866,3.3115100321632798,0.0,0.0
steels,1,max_abs_expert_prediction,-0.3919810950756073,0.26761448850093167,0.17054808424267098,1.2680940908376237,0.25415340639309647,1.4248959378716526,0.0,-7.133963210442772e-18
steels,2,anchor_prediction,0.10521106421947479,0.08032404315481731,0.0669030844674938,0.3441693568476841,0.0770888815523017,0.351202531329868,0.0,0.0
steels,2,raw_proposal_prediction,0.10674025863409042,0.08114837920097484,0.06617068129312124,0.34965995887997803,0.07776542073862645,0.36600140313660184,0.0,-8.79296635503124e-17
steels,2,proposal_residual,-0.008864108473062515,0.006397889370948866,0.004572745232572763,0.02719082021651255,0.006087401689112249,0.039259597301370144,0.0,-5.551115123125783e-20
steels,2,abs_proposal_residual,-0.8468080163002014,0.6235952669409828,0.5605384647657107,2.828885336404213,0.5883804684889007,4.6083430332653315,0.0,-5.968558980384842e-16
steels,2,proposal_ensemble_std,0.14576727151870728,0.10660766724246719,0.09412332964711224,0.4986258979005358,0.10035413765163753,0.7039773477671639,0.0,-2.4868995751603507e-17
steels,2,directional_agreement,0.2707350552082062,0.16349326313988363,0.09556078572921194,1.0698506654049935,0.15199114496464206,1.1682266991761157,0.0,-1.8272311219647008e-10
steels,2,route_consensus,-0.041262295097112656,0.04121473352189537,0.03932703580333527,0.043292787312915304,0.04121473352189537,0.043292787312915304,0.0,-3.3306690738754695e-18
steels,2,data_minus_relation_prediction,-0.02476617321372032,0.015980591400444354,0.010611629652282125,0.10064488310998555,0.014658272079526077,0.14394413636524298,0.0,1.1102230246251566e-19
steels,2,abs_data_minus_relation_prediction,0.053153250366449356,0.03443150321080323,0.026055914317836125,0.24347963411124585,0.031142944365059825,0.36378826340682885,0.0,-1.7763568394002505e-18
steels,2,route_anchor_probability,0.0,0.0,0.0,0.0,0.0,0.0,0.0,0.0
steels,2,route_data_probability,0.19266028702259064,0.1419865254884815,0.0853176918070146,0.5142453474623601,0.13547179968716014,0.9338162636611426,0.0,-8.881784197001253e-19
steels,2,route_relation_probability,-0.19266784191131592,0.14199209380677932,0.08532103851406175,0.5142654960608604,0.13547711243160102,0.9338528392337925,0.0,2.3092638912203255e-17
steels,2,route_max_probability,0.8875671029090881,0.708827973734753,0.5178983839262683,2.256209019498189,0.6827843294765549,3.6959206383310357,0.0,4.760636329592672e-16
steels,2,route_entropy,1.525418996810913,1.0572128667930638,0.6923103121359951,4.374876109343212,0.9746394645300048,13.386062263335269,0.004,9.205013697055619e-09
steels,2,data_attention_max,0.0,0.0,0.0,0.0,0.0,0.0,0.0,0.0
steels,2,relation_attention_max,0.0,0.0,0.0,0.0,0.0,0.0,0.0,0.0
steels,2,data_attention_entropy,-3.507729261674655e-21,1.3771923285592514e-37,1.3771923285592514e-37,1.3771923285592514e-37,1.3771923285592514e-37,1.3771923285592514e-37,0.0,1.3771923285592514e-37
steels,2,relation_attention_entropy,-3.507729261674655e-21,1.3771923285592514e-37,1.3771923285592514e-37,1.3771923285592514e-37,1.3771923285592514e-37,1.3771923285592514e-37,0.0,1.3771923285592514e-37
steels,2,anchor_standardized,0.0929686650633812,0.07046641050978042,0.058890440046195563,0.30494925376571397,0.06746183798372747,0.3269784670110696,0.0,2.4424906541753442e-18
steels,2,abs_anchor_standardized,0.039018284529447556,0.026845115498509216,0.02139452691403628,0.1509203601377689,0.02523757483603588,0.1650652120273688,0.0,3.3306690738754695e-18
steels,2,available_expert_fraction,0.0,0.0,0.0,0.0,0.0,0.0,0.0,0.0
steels,2,expert_prediction_disagreement,-0.3288010358810425,0.2551705663805217,0.22361747570535728,0.9487659155130947,0.24613790299888072,1.0181755261053935,0.0,2.842170943040401e-17
steels,2,anchor_vs_expert_mean_abs,-0.2842680811882019,0.22134799206028857,0.19293273480291745,0.8145200880799571,0.21369145346850044,0.8904480357619956,0.0,3.1974423109204506e-17
steels,2,mean_expert_uncertainty,0.15456987917423248,0.12595299521832523,0.10856805670147995,0.37018124334968444,0.12229768556780071,0.4750983856014235,0.0,-3.552713678800501e-18
steels,2,max_expert_uncertainty,-0.24445009231567383,0.19938314800137716,0.18478481474706118,0.6967220367427704,0.19309675973375007,0.7472364388696493,0.0,7.105427357601002e-18
steels,2,max_abs_expert_prediction,0.8257585763931274,0.6053349748831265,0.4036599290318142,2.4413073865233197,0.5809887947700042,2.7180402503721326,0.0,-4.9737991503207014e-17
steels,3,anchor_prediction,-0.5884507298469543,0.4547021504266871,0.38006836979288094,2.0120102612260227,0.4350071125709368,2.1098077772172417,0.0,-2.2737367544323206e-16
steels,3,raw_proposal_prediction,-0.5949675440788269,0.4582376742861665,0.3842856239837957,2.0643926001147013,0.4379817290127825,2.1653654788979333,0.0,9.308109838457313e-16
steels,3,proposal_residual,0.024726158007979393,0.018902500418377374,0.014166110950365752,0.06264149874760895,0.018238446245141662,0.09116737364676696,0.0,0.0
steels,3,abs_proposal_residual,-0.47994741797447205,0.3888222004895171,0.3549387353356014,1.3183507683571576,0.3739558379909224,2.1167129994499594,0.0,-2.0605739337042906e-16
steels,3,proposal_ensemble_std,0.4995543360710144,0.36904692977901116,0.31177159242564934,1.8562706460921445,0.3461441690233883,2.476085847588532,0.0,-1.4210854715202004e-17
steels,3,directional_agreement,0.06925950199365616,0.03539738984467543,0.019799108617115375,0.3318708511987955,0.03140746828683864,0.39503604736062825,0.0,1.0255327209662824e-10
steels,3,route_consensus,-0.0006010698270983994,0.0005991433162866727,0.0005547623298950673,0.0006512427350942096,0.0005991433162866727,0.0006512427350942096,0.0,7.632783294297951e-20
steels,3,data_minus_relation_prediction,-0.25362223386764526,0.18625176178831382,0.13781933812278713,0.8681299951909197,0.17668984536430565,1.0111883614032908,0.0,-3.552713678800501e-18
steels,3,abs_data_minus_relation_prediction,-0.3877801299095154,0.29372226729472234,0.26493547513527027,1.4268970112068182,0.2766462734195519,1.768993702304303,0.0,-1.0658141036401503e-17
steels,3,route_anchor_probability,0.0,0.0,0.0,0.0,0.0,0.0,0.0,0.0
steels,3,route_data_probability,-0.03885350748896599,0.026459576025883846,0.013030070453485535,0.1000332230600098,0.025397909047470708,0.13119686947223497,0.0,8.881784197001253e-19
steels,3,route_relation_probability,0.03885041922330856,0.026457472568778246,0.013029045750445556,0.10002528069538405,0.025395889915434178,0.1311864373458553,0.0,-6.772360450213455e-18
steels,3,route_max_probability,0.6060298681259155,0.4812094430172628,0.38150354339362214,1.567359486285114,0.4664704772600481,1.8779048744534867,0.0,3.099742684753437e-16
steels,3,route_entropy,0.2614002227783203,0.19268984214536275,0.13235803944251492,0.8451809806694992,0.1830049732140962,1.2046632035177525,0.0,-1.4700732906547387e-08
steels,3,data_attention_max,0.0,0.0,0.0,0.0,0.0,0.0,0.0,0.0
steels,3,relation_attention_max,0.0,0.0,0.0,0.0,0.0,0.0,0.0,0.0
steels,3,data_attention_entropy,-3.0563047319998597e-21,1.1999556170535335e-37,1.1999556170535335e-37,1.1999556170535335e-37,1.1999556170535335e-37,1.1999556170535335e-37,0.0,1.1999556170535335e-37
steels,3,relation_attention_entropy,-3.0563047319998597e-21,1.1999556170535335e-37,1.1999556170535335e-37,1.1999556170535335e-37,1.1999556170535335e-37,1.1999556170535335e-37,0.0,1.1999556170535335e-37
steels,3,anchor_standardized,1.1444627046585083,0.883840172643252,0.7460200720200948,3.9546862035052333,0.8450503083844751,4.141897093092669,0.0,3.552713678800501e-18
steels,3,abs_anchor_standardized,-0.2991146147251129,0.20826615925079986,0.17872022890186617,1.2633915549000407,0.19483722447270962,1.3403825766222897,0.0,-2.2204460492503132e-17
steels,3,available_expert_fraction,0.0,0.0,0.0,0.0,0.0,0.0,0.0,0.0
steels,3,expert_prediction_disagreement,-0.37792935967445374,0.29302643719076704,0.2432000713721147,1.1510578265127618,0.2815114038725929,1.348463174041589,0.0,-1.4210854715202004e-17
steels,3,anchor_vs_expert_mean_abs,0.49568605422973633,0.3845871637314559,0.32001681233080614,1.5264062943962722,0.3695192117128315,1.780510093796546,0.0,3.552713678800501e-17
steels,3,mean_expert_uncertainty,-0.007693546358495951,0.006287880533658228,0.00562930182452019,0.019062944281447364,0.006110315304019344,0.022091695239480787,0.0,-5.551115123125783e-20
steels,3,max_expert_uncertainty,-0.15424716472625732,0.11558681397164593,0.09315440117632359,0.43678666544132155,0.11088379287227344,0.5484169367240588,0.0,5.3290705182007515e-18
steels,3,max_abs_expert_prediction,-0.023623036220669746,0.016589329995387977,0.011375247596521514,0.07641394418046311,0.01583414195778088,0.08248194280249659,0.0,-2.220446049250313e-19
steels,4,anchor_prediction,0.10938459634780884,0.08376303143449641,0.07267604046894385,0.3587764943538394,0.08034883857481695,0.36727297990973456,0.0,-8.881784197001253e-18
steels,4,raw_proposal_prediction,0.10477057099342346,0.07978929105792447,0.06774595665598679,0.3469868343899721,0.0764095466585174,0.3659214245652241,0.0,1.056932319443149e-16
steels,4,proposal_residual,-0.12802667915821075,0.09413566082613209,0.07040946325077233,0.416295537120889,0.08989392297549245,0.4673829899934302,0.0,-8.881784197001253e-19
steels,4,abs_proposal_residual,-0.8388202786445618,0.6190536882037366,0.4994538541671164,3.119703066265149,0.5858351026360141,3.586798848359674,0.0,-1.7053025658242405e-16
steels,4,proposal_ensemble_std,0.372290700674057,0.25903397868429706,0.22221052590931273,1.1904194081682302,0.2391796842206984,2.231301389047699,0.0,-2.531308496145357e-17
steels,4,directional_agreement,-0.02145993709564209,0.01224884560186083,0.0069715389936277315,0.09178417236311129,0.011219683261859218,0.09870952286021495,0.0,5.231692856710879e-14
steels,4,route_consensus,0.12600821256637573,0.1254262227144883,0.1144399842285477,0.13874582158682333,0.1254262227144883,0.13874582158682333,0.0,1.7763568394002505e-18
steels,4,data_minus_relation_prediction,-0.3826087415218353,0.26149557948178254,0.16848680512563705,1.167959651252795,0.24572781289040968,1.7935844629624307,0.0,-5.3290705182007515e-18
steels,4,abs_data_minus_relation_prediction,0.03439898043870926,0.024322762648308037,0.019442199622405495,0.11161915940188463,0.022667497466070517,0.18948285322227917,0.0,1.1102230246251566e-18
steels,4,route_anchor_probability,0.0,0.0,0.0,0.0,0.0,0.0,0.0,0.0
steels,4,route_data_probability,0.20650184154510498,0.08664549991707463,0.02399175788251041,1.224887616381343,0.07155261962729753,1.331933814740052,0.0,-4.263256414560601e-17
steels,4,route_relation_probability,-0.20648972690105438,0.08664041108930363,0.023990392571191087,1.224815681225381,0.07154841613562554,1.3318557578984407,0.0,-7.105427357601002e-17
steels,4,route_max_probability,-0.08606614917516708,0.04606263116292724,0.03185581933622433,0.5238959877322196,0.039677773863473875,0.5729598111157966,0.0,5.88418203051333e-17
steels,4,route_entropy,-0.16448408365249634,0.05061489875885743,0.029888058590915617,1.1106563593634031,0.03441022110705403,1.3968987656497318,0.0,2.1107545928877867e-09
steels,4,data_attention_max,0.0,0.0,0.0,0.0,0.0,0.0,0.0,0.0
steels,4,relation_attention_max,0.0,0.0,0.0,0.0,0.0,0.0,0.0,0.0
steels,4,data_attention_entropy,-1.117204190922184e-20,4.386327810367322e-37,4.386327810367322e-37,4.386327810367322e-37,4.386327810367322e-37,4.386327810367322e-37,0.0,4.386327810367322e-37
steels,4,relation_attention_entropy,-1.117204190922184e-20,4.386327810367322e-37,4.386327810367322e-37,4.386327810367322e-37,4.386327810367322e-37,4.386327810367322e-37,0.0,4.386327810367322e-37
steels,4,anchor_standardized,-0.18243804574012756,0.1389861368108017,0.11994002175081148,0.604735258134458,0.13309834938368617,0.6370982290110465,0.0,-1.7763568394002505e-18
steels,4,abs_anchor_standardized,0.39235633611679077,0.2688062597598332,0.21610656338438594,1.5463523392253633,0.25252310006057826,1.6537646367601238,0.0,-1.4210854715202004e-17
steels,4,available_expert_fraction,0.0,0.0,0.0,0.0,0.0,0.0,0.0,0.0
steels,4,expert_prediction_disagreement,0.12690630555152893,0.1011185452122635,0.0912084707609879,0.3583207351333689,0.09734385959153616,0.47930078152551336,0.0,-3.552713678800501e-18
steels,4,anchor_vs_expert_mean_abs,-0.14363831281661987,0.11453353401948543,0.10310997865018678,0.40477677902376125,0.11020787230758859,0.54379394912539,0.0,-5.3290705182007515e-18
steels,4,mean_expert_uncertainty,-0.4269922375679016,0.33570421235992487,0.26007300692580915,0.9817250820847351,0.32752558581524305,1.023863664490333,0.0,7.105427357601002e-18
steels,4,max_expert_uncertainty,0.7354267835617065,0.6071646610837546,0.48717874077805656,1.5472104352888811,0.5933477172194652,2.0193900688567354,0.0,-1.4210854715202004e-17
steels,4,max_abs_expert_prediction,-0.28477174043655396,0.20408869925383408,0.13596940445160066,0.892190892564654,0.19560876995364623,0.9127299392237043,0.0,-3.552713678800501e-18
expt_gap,0,anchor_prediction,0.08649509400129318,0.06669309642675,0.060747061174811025,0.28945892525202066,0.06317479129476244,0.7024531878293445,0.0,0.0
expt_gap,0,raw_proposal_prediction,0.02701347880065441,0.02151392632505459,0.0188843048052684,0.09025904857045244,0.020524261042875417,0.19432719812416058,0.0,8.199312047190947e-18
expt_gap,0,proposal_residual,-0.26377758383750916,0.15397696058251303,0.04416771840805819,0.9759005176218174,0.1453577905588677,1.0243228773976838,0.0,4.413159131282186e-17
expt_gap,0,abs_proposal_residual,0.34121131896972656,0.2458872468595933,0.20532156211829905,1.2263313043675224,0.23581779369503927,1.2573740300045346,0.0,-1.630216159970906e-16
expt_gap,0,proposal_ensemble_std,-0.04704514890909195,0.02800855300858161,0.022611025718913692,0.21953339334465488,0.025219823009839958,0.4353935234086663,0.0,-6.78854806260074e-17
expt_gap,0,directional_agreement,0.12876805663108826,0.10314541583954526,0.07251828306891203,0.3578015542521235,0.10049776370730455,0.37154552741213687,0.0,7.174840225367659e-11
expt_gap,0,route_consensus,-0.019583938643336296,0.019583816644787557,0.019514934172822657,0.01965318711246664,0.019583816644787557,0.01965318711246664,0.0,-3.1953201360376484e-18
expt_gap,0,data_minus_relation_prediction,-0.03268754854798317,0.01625424272039981,0.002687722291588734,0.13782962846371122,0.014655835071665832,0.2987081713488425,0.0,-3.6173435502313e-19
expt_gap,0,abs_data_minus_relation_prediction,-0.09509483724832535,0.06250703959852805,0.05178362299016296,0.4093477140932458,0.05778290954829066,0.949943888981175,0.0,-1.1213765005717032e-16
expt_gap,0,route_anchor_probability,0.0,0.0,0.0,0.0,0.0,0.0,0.0,0.0
expt_gap,0,route_data_probability,0.01030129473656416,0.006611419253635366,0.0025475127017694915,0.028213884626277847,0.006386804032724259,0.028938924124034815,0.0,1.3263593017514767e-18
expt_gap,0,route_relation_probability,-0.010300174355506897,0.006610700187646026,0.0025472339944512643,0.028210816768732383,0.006386109395331076,0.028935775775461768,0.0,-2.2156229245166713e-18
expt_gap,0,route_max_probability,0.11702051013708115,0.0949902295839711,0.07924101995023891,0.30367567106855253,0.09286596494239031,0.3045013604474454,0.0,-1.2057811834104334e-17
expt_gap,0,route_entropy,0.10904213786125183,0.07587906029084134,0.054070876089537534,0.39555894271086045,0.07259353783112743,0.4009705999164985,0.0,5.287661677262565e-11
expt_gap,0,data_attention_max,0.002779780887067318,0.002398014272752135,0.002358607575882603,0.0059805184724519254,0.0023610148479459828,0.006116759389345141,0.0,3.7680661981576043e-19
expt_gap,0,relation_attention_max,0.019458340480923653,0.016838406282182534,0.016913429245913183,0.04106331101481801,0.016586316371522136,0.04212706450645609,0.0,-1.9292498934566934e-18
expt_gap,0,data_attention_entropy,-0.05232503265142441,0.04680841520002459,0.050455216774337376,0.08147664518821367,0.046433779867502384,0.08586028942627877,0.0,1.0259561915144384e-10
expt_gap,0,relation_attention_entropy,0.14876408874988556,0.1332813971878348,0.14694321289052917,0.2361504414408188,0.13219886524346844,0.2490013022864586,0.0,2.606883330194218e-10
expt_gap,0,anchor_standardized,0.07355526089668274,0.0566942480509964,0.051422418934747006,0.24769778074245835,0.05369558511479494,0.6010338484187352,0.0,1.9292498934566934e-18
expt_gap,0,abs_anchor_standardized,-0.2650197148323059,0.1322392597608702,0.03331778524490534,1.0798205098285196,0.116423896850766,3.145578892204562,0.0,-2.990337334857875e-17
expt_gap,0,available_expert_fraction,0.0,0.0,0.0,0.0,0.0,0.0,0.0,0.0
expt_gap,0,expert_prediction_disagreement,-0.18277063965797424,0.11294550964416035,0.06916704225586207,0.6719839872191443,0.10380543543075826,1.9080317814736116,0.0,-6.752374627098427e-18
expt_gap,0,anchor_vs_expert_mean_abs,0.11730615049600601,0.09181037554160183,0.08410931651766605,0.38445884224467625,0.08726260217125575,0.9495278550509725,0.0,9.646249467283467e-18
expt_gap,0,mean_expert_uncertainty,0.22960630059242249,0.17956423306643213,0.15094161136412373,0.6951799530196465,0.1731758373761474,1.0684165355875566,0.0,1.9292498934566934e-18
expt_gap,0,max_expert_uncertainty,0.032622430473566055,0.027735108504421947,0.026373125122246155,0.08188069386339057,0.02703110890346738,0.1378690275928007,0.0,3.6173435502313e-19
expt_gap,0,max_abs_expert_prediction,0.13928087055683136,0.0834220805126858,0.05998654356896715,0.5720084338385768,0.0754606502122983,1.7069655872460057,0.0,-4.8231247336417335e-18
expt_gap,1,anchor_prediction,0.17111730575561523,0.13346313713263472,0.1209220721526165,0.5694820184559412,0.12698357255996437,1.431939309718662,0.0,-2.89387484018504e-18
expt_gap,1,raw_proposal_prediction,0.125392884016037,0.09899685727643447,0.08644611490439116,0.41607067468389247,0.09423660184380003,1.0645274772016164,0.0,-3.713806044904135e-16
expt_gap,1,proposal_residual,-0.24321573972702026,0.13322163981206994,0.032165809967237634,0.919365771545703,0.12503542960525602,0.9681536250962297,0.0,3.472649808222048e-17
expt_gap,1,abs_proposal_residual,0.31649020314216614,0.22006286363398092,0.18110602859774722,1.1673022945477867,0.21026135235746327,1.213839681632203,0.0,-4.630199744296064e-16
expt_gap,1,proposal_ensemble_std,-0.05308704823255539,0.03244986031098774,0.026137386364200127,0.2340408788065323,0.02935177909974031,0.6143147262933402,0.0,3.798210727742865e-17
expt_gap,1,directional_agreement,-0.09657168388366699,0.07946845360354418,0.05693295152924741,0.2602047666398719,0.07760108934176296,0.2670397487906335,0.0,-1.5309324749476223e-11
expt_gap,1,route_consensus,0.006713205948472023,0.006564460562356774,0.005428133868693309,0.008302509701634615,0.006564460562356774,0.008302509701634615,0.0,2.3550413738485027e-19
expt_gap,1,data_minus_relation_prediction,-0.050743866711854935,0.025753369372466084,0.005151376337173622,0.19651301564642007,0.023177135077209927,0.5375994243566028,0.0,-2.17040613013878e-18
expt_gap,1,abs_data_minus_relation_prediction,-0.060077004134655,0.03936635222272964,0.03323898757535807,0.23299107270357158,0.03623293241571217,0.7034873009621763,0.0,-1.736324904111024e-17
expt_gap,1,route_anchor_probability,0.0,0.0,0.0,0.0,0.0,0.0,0.0,0.0
expt_gap,1,route_data_probability,-0.03245871141552925,0.022156347195162126,0.00734705395307107,0.07378982614513716,0.021631598802573294,0.07390290079244179,0.0,5.42601532534695e-18
expt_gap,1,route_relation_probability,0.03245991840958595,0.022157171080217593,0.007347327208027724,0.07379256897668762,0.02163240316225009,0.0739056512274738,0.0,2.17040613013878e-18
expt_gap,1,route_max_probability,0.08065821975469589,0.07032508165552548,0.06355171278473147,0.15429914367050498,0.06947274659521392,0.15432480907368143,0.0,1.3504749254196854e-17
expt_gap,1,route_entropy,0.03337220475077629,0.026664525234240448,0.0203980877011379,0.0808924671877244,0.026113668755713713,0.08098374432378466,0.0,4.420741083363471e-12
expt_gap,1,data_attention_max,-0.29511353373527527,0.25409098244905665,0.25172620846446875,0.6507401147679641,0.24993566784505028,0.6757978243958177,0.0,-5.78774968037008e-18
expt_gap,1,relation_attention_max,0.1838276982307434,0.15212134925619614,0.14118592649707,0.4349093422052427,0.14917815876993656,0.4480951054368364,0.0,1.736324904111024e-17
expt_gap,1,data_attention_entropy,-0.5775184631347656,0.5195065325623259,0.5592526875637065,0.8471579315414818,0.5162649291906523,0.854051669893705,0.0,1.4813364800950735e-09
expt_gap,1,relation_attention_entropy,0.38519516587257385,0.3317301248212863,0.3375521039577165,0.6388113127929715,0.32857793336268604,0.6455856267299416,0.0,9.877862958755055e-11
expt_gap,1,anchor_standardized,0.09245596826076508,0.0720155597402621,0.06489613204366343,0.30937276581223666,0.06849723780385412,0.7773372178485949,0.0,-1.9292498934566934e-18
expt_gap,1,abs_anchor_standardized,-0.267333060503006,0.13932697896533605,0.03804373314837154,1.0960316573628364,0.12434991298890441,3.317911969000536,0.0,-2.9421060875214574e-17
expt_gap,1,available_expert_fraction,0.0,0.0,0.0,0.0,0.0,0.0,0.0,0.0
expt_gap,1,expert_prediction_disagreement,-0.2657640278339386,0.16361203555230208,0.09856541255910255,0.9646732180316341,0.1512477478667094,2.867587397590605,0.0,1.9292498934566934e-17
expt_gap,1,anchor_vs_expert_mean_abs,0.026948485523462296,0.02080958852925075,0.01867271390121089,0.08787169823244888,0.01979611989865375,0.2377797900522975,0.0,1.5675155384335634e-18
expt_gap,1,mean_expert_uncertainty,0.23971198499202728,0.18792390761180863,0.16692986840401505,0.7575904063967126,0.18123698410092004,1.1127219825966077,0.0,-2.89387484018504e-18
expt_gap,1,max_expert_uncertainty,0.041184812784194946,0.03583033417199998,0.035533789114222065,0.0931032995505273,0.03502958225055967,0.18738775862761678,0.0,-1.5675155384335634e-18
expt_gap,1,max_abs_expert_prediction,0.09497830271720886,0.05693129012297121,0.04063567898610797,0.3880172695584082,0.051963797317693884,1.1604537113375661,0.0,1.2057811834104334e-18
expt_gap,2,anchor_prediction,0.17302018404006958,0.13593087940842585,0.12311524672943258,0.6109331219145294,0.12958149296018298,1.297670345786545,0.0,-9.646249467283467e-19
expt_gap,2,raw_proposal_prediction,0.08952131122350693,0.07166525499154544,0.06211996745582791,0.294979993899486,0.06848940810477595,0.6995430503029865,0.0,1.1671961855412995e-16
expt_gap,2,proposal_residual,-0.269950807094574,0.1442218583676593,0.03161369086403735,1.0871135449079445,0.13420192772165476,1.1574355338762894,0.0,-1.55786928896628e-16
expt_gap,2,abs_proposal_residual,0.37769076228141785,0.2592611295263151,0.21307548862407927,1.5421172767356635,0.2459855215719855,1.5871491930553243,0.0,-5.604470940491695e-16
expt_gap,2,proposal_ensemble_std,-0.07616528123617172,0.04778181320483733,0.03866984458971,0.33949610023066257,0.04375006676374981,0.8325184780156966,0.0,5.088396593992029e-17
expt_gap,2,directional_agreement,-0.08127131313085556,0.06721378348492882,0.049094477722106206,0.2124049515666289,0.06570283374514597,0.21894940285425138,0.0,-2.2852917796285663e-11
expt_gap,2,route_consensus,0.05444025620818138,0.05442363602484718,0.053111354393087465,0.055802408541066856,0.05442363602484718,0.055802408541066856,0.0,8.802202638896164e-18
expt_gap,2,data_minus_relation_prediction,-0.016495943069458008,0.008556928148858604,0.0017288505806832605,0.06693277247156983,0.0077890839285617314,0.1279065136980132,0.0,2.2608397188945626e-19
expt_gap,2,abs_data_minus_relation_prediction,0.0021089164074510336,0.0014085643768466376,0.0011811566736461034,0.008745436566866525,0.001308837960011094,0.017542421596512325,0.0,-2.9767722965445074e-19
expt_gap,2,route_anchor_probability,0.0,0.0,0.0,0.0,0.0,0.0,0.0,0.0
expt_gap,2,route_data_probability,-0.03641658276319504,0.025182427700486055,0.010008751992085915,0.08314988183882303,0.024584047293840106,0.08460388070307673,0.0,4.220234141936517e-19
expt_gap,2,route_relation_probability,0.0364166796207428,0.025182494642809757,0.010008778619994867,0.08315010159716964,0.024584112653872548,0.08460410635638858,0.0,-4.8231247336417335e-18
expt_gap,2,route_max_probability,-0.0006972629926167428,0.0006108485223392719,0.0005773491726633499,0.0014560254700356848,0.0006022632902429283,0.0014571325761548227,0.0,4.521679437789125e-20
expt_gap,2,route_entropy,0.1004091128706932,0.07444520438511498,0.06164087928165028,0.2892185118734625,0.07225659844647579,0.2904628648794838,0.0,8.141703584284889e-11
expt_gap,2,data_attention_max,-0.05797453224658966,0.049889729772514095,0.048497174473305926,0.12052116738525459,0.04916171662662866,0.12273589494375398,0.0,3.858499786913387e-18
expt_gap,2,relation_attention_max,-0.20705172419548035,0.17557327973879994,0.1642716972374245,0.4395236265542231,0.17283547885261727,0.45055584631508955,0.0,-3.3761873135492134e-18
expt_gap,2,data_attention_entropy,-0.04319349676370621,0.038208296261471965,0.041438711180175274,0.07168097147279051,0.037854600106206,0.0757935225959878,0.0,3.735717379990951e-11
expt_gap,2,relation_attention_entropy,-0.19405677914619446,0.16634422406845734,0.16451243904911536,0.38122624852499487,0.1640941421484032,0.39731443278935985,0.0,1.147831674942897e-10
expt_gap,2,anchor_standardized,0.17248715460300446,0.13551987391229744,0.12221779774832683,0.6067922818457154,0.1291884193658046,1.2913747361665147,0.0,-9.646249467283467e-19
expt_gap,2,abs_anchor_standardized,-0.35666996240615845,0.18888641684528157,0.04697525326700387,1.5792479713912502,0.16947135569877644,3.924133932857309,0.0,-4.8231247336417335e-18
expt_gap,2,available_expert_fraction,0.0,0.0,0.0,0.0,0.0,0.0,0.0,0.0
expt_gap,2,expert_prediction_disagreement,-0.2368050366640091,0.14919470120511744,0.09198390538153735,0.890770251513966,0.1383946455038572,2.1838589679258895,0.0,1.44693742009252e-17
expt_gap,2,anchor_vs_expert_mean_abs,0.004358549136668444,0.003399668091205829,0.0030521379885473064,0.014591709956742378,0.0032423952546661514,0.031859331846034844,0.0,3.0144529585260834e-20
expt_gap,2,mean_expert_uncertainty,0.19161202013492584,0.15076494690378767,0.12700020353174923,0.5509635891076733,0.1456811792614887,0.8489278045264461,0.0,1.44693742009252e-18
expt_gap,2,max_expert_uncertainty,-0.010067848488688469,0.008578117306217157,0.008381505273695963,0.025668332098459364,0.008372670754596068,0.035743017265894496,0.0,1.2057811834104334e-19
expt_gap,2,max_abs_expert_prediction,0.10426405072212219,0.06458519391205164,0.04794511245764273,0.4295241846074162,0.059184214669855115,1.1807161143963467,0.0,-2.0076256703783716e-17
expt_gap,3,anchor_prediction,0.10057113319635391,0.07859646545620186,0.07201173447095506,0.35004765792367165,0.07495640493868927,0.906095095715855,0.0,1.9292498934566934e-18
expt_gap,3,raw_proposal_prediction,0.07034936547279358,0.056258082125447924,0.04970147646450343,0.2254202082912918,0.05376749411583465,0.6483117340352463,0.0,1.157549936074016e-17
expt_gap,3,proposal_residual,-0.14365126192569733,0.0768189935249228,0.014455638043044096,0.5535850585698824,0.07174996819747148,0.5918202835857753,0.0,2.2306951893093017e-17
expt_gap,3,abs_proposal_residual,0.2705020606517792,0.18858568698820477,0.15503332299962352,1.0409204617037215,0.17959464770770361,1.100309275073452,0.0,-8.585162025882286e-17
expt_gap,3,proposal_ensemble_std,-0.07272390276193619,0.045164492462287646,0.036679589001938954,0.3258774726238703,0.04123600644314209,0.7112525681983743,0.0,-2.2668686248116147e-17
expt_gap,3,directional_agreement,-0.05854962393641472,0.043374554892988436,0.028337495615312437,0.18592413370553046,0.04188209115105169,0.19474737124173674,0.0,2.438426176817775e-11
expt_gap,3,route_consensus,-0.03137320652604103,0.03126259287856628,0.028842717828597094,0.03412570526726723,0.03126259287856628,0.03412570526726723,0.0,2.7280799274661055e-18
expt_gap,3,data_minus_relation_prediction,-0.06624723970890045,0.03438570717974169,0.0075868355918404665,0.2540711166434112,0.031121605127120984,0.7502744515896355,0.0,-8.078733928849904e-18
expt_gap,3,abs_data_minus_relation_prediction,-0.13628613948822021,0.08980835386015545,0.07546516608378284,0.5219905499278759,0.08295017271862133,1.716707505567567,0.0,3.135031076867127e-16
expt_gap,3,route_anchor_probability,0.0,0.0,0.0,0.0,0.0,0.0,0.0,0.0
expt_gap,3,route_data_probability,0.02103268913924694,0.01522025377120697,0.012149244464248995,0.04848791389073398,0.014882371001940191,0.048532356775129216,0.0,1.5675155384335634e-18
expt_gap,3,route_relation_probability,-0.02103070355951786,0.015218816923543509,0.012148100311341484,0.048483333755523016,0.014880966054274773,0.04852777311959697,0.0,-1.3263593017514767e-18
expt_gap,3,route_max_probability,0.5196206569671631,0.448724044149693,0.4684720567977504,1.121863631554792,0.4418830493349052,1.1234409518729496,0.0,-2.315099872148032e-17
expt_gap,3,route_entropy,0.33949026465415955,0.24226859837443243,0.22005386324600834,1.066421858454977,0.23385878154001077,1.074101534220395,0.0,-1.7801142657852457e-09
expt_gap,3,data_attention_max,-0.3674454092979431,0.31719345705652174,0.3106612231553032,0.820789220235891,0.3118967588668249,0.855132047019924,0.0,6.945299616444096e-17
expt_gap,3,relation_attention_max,-0.11532467603683472,0.09754080711492363,0.09217564465193609,0.26216032356456526,0.09582654203950311,0.270149684505233,0.0,-3.858499786913387e-17
expt_gap,3,data_attention_entropy,-0.30669376254081726,0.2765587500150674,0.2928920750677362,0.45891197234289277,0.2745961210161328,0.48767266460704983,0.0,8.008997853848596e-10
expt_gap,3,relation_attention_entropy,-0.07826118916273117,0.06930292544613463,0.07094652915346208,0.12421282120612469,0.06873417675714391,0.12830309916714008,0.0,7.471200597276084e-11
expt_gap,3,anchor_standardized,0.026222577318549156,0.020468148774886098,0.018733009356427275,0.09027617726404669,0.019513624513033564,0.23367803978566784,0.0,-4.823124733641733e-19
expt_gap,3,abs_anchor_standardized,-0.28013908863067627,0.1473327823789934,0.04580549374031308,1.1949414826358504,0.13240289492998258,3.6996997034021732,0.0,3.3761873135492134e-18
expt_gap,3,available_expert_fraction,0.0,0.0,0.0,0.0,0.0,0.0,0.0,0.0
expt_gap,3,expert_prediction_disagreement,-0.20098981261253357,0.12404152138256802,0.07334240988369346,0.7360389717694623,0.1151759318400216,2.4034881203975584,0.0,-4.8231247336417335e-18
expt_gap,3,anchor_vs_expert_mean_abs,0.06326083838939667,0.049107266618423684,0.043238053665761146,0.20832997617658433,0.046857479028237795,0.585045345012471,0.0,-1.6880936567746067e-18
expt_gap,3,mean_expert_uncertainty,0.516718327999115,0.4059423914665779,0.34455244231570026,1.5445917473699031,0.3922969191384592,2.1509719763107165,0.0,9.646249467283467e-19
expt_gap,3,max_expert_uncertainty,-0.0778171718120575,0.0663707935039999,0.06519072047131326,0.1848275895836541,0.06480480945692986,0.3612331610436047,0.0,1.2057811834104334e-19
expt_gap,3,max_abs_expert_prediction,0.12305271625518799,0.07389112886310055,0.04891556799499616,0.510422010089386,0.06755281460245605,1.6845829012303994,0.0,-9.646249467283467e-19
expt_gap,4,anchor_prediction,0.07310239970684052,0.05720696738363254,0.05258609557917961,0.2500498229771627,0.05445200930230422,0.6314725425258945,0.0,1.9287262099894143e-18
expt_gap,4,raw_proposal_prediction,-0.08556521683931351,0.06894945324184,0.06103245782276166,0.29077918294149857,0.06593265033673602,0.6781723945852461,0.0,7.714904839957657e-18
expt_gap,4,proposal_residual,-0.21390824019908905,0.11200228969269983,0.02187125364533861,0.8397162947710627,0.10440873776735264,0.8876462069635843,0.0,1.2536720364931192e-17
expt_gap,4,abs_proposal_residual,0.37129801511764526,0.25523649631520706,0.2049941920362707,1.4445060066103232,0.24279174735492884,1.5089605893395504,0.0,1.8563989771148112e-16
expt_gap,4,proposal_ensemble_std,-0.06126351282000542,0.036888900282004936,0.029912186419504997,0.2813890900185088,0.03351551596469481,0.6484251027034506,0.0,4.6771610592243296e-17
expt_gap,4,directional_agreement,0.0217292383313179,0.01612003024201061,0.010557192529693615,0.067685588176033,0.01557667652820981,0.07151257955703136,0.0,9.640300983600136e-13
expt_gap,4,route_consensus,0.01588567905128002,0.015402164251224626,0.012372780876910497,0.020395964450579267,0.015402164251224626,0.020395964450579267,0.0,-2.4109077624867676e-18
expt_gap,4,data_minus_relation_prediction,-0.04197673872113228,0.020844218591809224,0.0043363497340137575,0.18377115397609123,0.018707903303357983,0.33562490659521677,0.0,1.2506584017900107e-18
expt_gap,4,abs_data_minus_relation_prediction,-0.03967989236116409,0.025662428795016096,0.021400591881770174,0.1770441015621571,0.023597209707818194,0.3431793679201922,0.0,-1.3018901917428545e-17
expt_gap,4,route_anchor_probability,0.0,0.0,0.0,0.0,0.0,0.0,0.0,0.0
expt_gap,4,route_data_probability,0.014536574482917786,0.010367629481950759,0.004059917372289083,0.03761743031989904,0.010091030238509924,0.037633487750051355,0.0,-1.6273627396785682e-18
expt_gap,4,route_relation_probability,-0.014538329094648361,0.010368880877069173,0.004060409468878822,0.03762196880788421,0.01009224824418352,0.03763803027795785,0.0,-1.8081808218650759e-19
expt_gap,4,route_max_probability,0.3322467803955078,0.28883925414575895,0.2606657018610274,0.7212764058370186,0.2844513158148474,0.7213740339422445,0.0,-9.64363104994707e-18
expt_gap,4,route_entropy,0.3457172214984894,0.2514971303796998,0.19994565110941243,1.0304703244839004,0.24358727732612714,1.0314234360101153,0.0,-1.8976991964818185e-10
expt_gap,4,data_attention_max,-0.027450263500213623,0.023147551143719577,0.02210321696211616,0.062423189350755914,0.022731615853768435,0.06554391678696567,0.0,-6.991632511211626e-18
expt_gap,4,relation_attention_max,-0.03274755924940109,0.028069776446775496,0.027432269377995915,0.07111418802319805,0.027622919385993497,0.07307806319934801,0.0,-5.545087853719566e-18
expt_gap,4,data_attention_entropy,-0.2637375593185425,0.23208042081364294,0.23402044043426767,0.4270523784480683,0.23009120971854571,0.4299026957145735,0.0,2.7362769885594124e-10
expt_gap,4,relation_attention_entropy,0.11215014010667801,0.09890974165862741,0.10119634955276437,0.19446123036748714,0.09793395709232482,0.1961825568704369,0.0,-2.8240301157997242e-11
expt_gap,4,anchor_standardized,0.14229361712932587,0.11126545633284274,0.10215861300101499,0.4974176446916771,0.10588039545770765,1.2550381443206144,0.0,0.0
expt_gap,4,abs_anchor_standardized,-0.1754426509141922,0.09074957863421247,0.026737387929500325,0.7653243077093709,0.08093656300254809,2.298322151615028,0.0,1.5911991232412668e-17
expt_gap,4,available_expert_fraction,0.0,0.0,0.0,0.0,0.0,0.0,0.0,0.0
expt_gap,4,expert_prediction_disagreement,-0.16008467972278595,0.10005343324449104,0.06168067853572877,0.612796739484771,0.09255366824937557,1.7556644105391144,0.0,-1.9769443652391495e-17
expt_gap,4,anchor_vs_expert_mean_abs,0.04862671345472336,0.037583721184412396,0.03280046204702057,0.1646546598755178,0.03577962203617088,0.42052852940286,0.0,2.1698169862380908e-18
expt_gap,4,mean_expert_uncertainty,0.17501629889011383,0.14183356274119838,0.12845293636309568,0.511757807451097,0.13758076086050164,0.6693832894521365,0.0,-4.821815524973536e-19
expt_gap,4,max_expert_uncertainty,-0.011953827925026417,0.010350910027387063,0.010799938307000281,0.026157039518316487,0.010115265331705493,0.05532050404183251,0.0,9.040904109325379e-20
expt_gap,4,max_abs_expert_prediction,0.08035250753164291,0.048554133114891505,0.03592665895985366,0.3415284710352046,0.04423424966283222,1.090992935105984,0.0,1.205453881243384e-17
jdft2d,0,anchor_prediction,0.02980133518576622,0.015172878398242084,0.009554972677305424,0.14401384349559873,0.012975680045529642,0.31935092881265176,0.0,-6.556435184794231e-19
jdft2d,0,raw_proposal_prediction,0.029176898300647736,0.014731035519405656,0.009293587678264388,0.14258777564060418,0.012573962822614028,0.31530141540390616,0.0,-6.22861342555452e-18
jdft2d,0,proposal_residual,-0.002428965177386999,0.0009544154742536253,0.000396228730888563,0.009699452912347332,0.000767338876264479,0.02954690807596137,0.0,-3.6196985916051485e-19
jdft2d,0,abs_proposal_residual,0.5307726263999939,0.22814458443231764,0.15147564658628973,2.13710894949912,0.1860378631710401,6.774855449238984,0.0,-2.0718335183949772e-16
jdft2d,0,proposal_ensemble_std,0.10079287737607956,0.04099053573936681,0.028693754050225867,0.37836334205263594,0.033060838087388515,1.4691590493765156,0.0,5.245148147835385e-17
jdft2d,0,directional_agreement,0.12508901953697205,0.06644712004949904,0.037037480680139,0.5968257152617245,0.059869584650087244,0.6448774952974825,0.0,1.1687213532909585e-11
jdft2d,0,route_consensus,0.09394480288028717,0.09394407480378748,0.09357566666730205,0.0943153952575574,0.09394407480378748,0.0943153952575574,0.0,-8.741913579725642e-19
jdft2d,0,data_minus_relation_prediction,0.12400925159454346,0.04468285436197454,0.02334305860277152,0.5046054232002817,0.03414642894239951,1.7936333043665367,0.0,8.741913579725642e-19
jdft2d,0,abs_data_minus_relation_prediction,0.06425345689058304,0.023343815023436857,0.01623791110867722,0.24540450490824334,0.017832204793870716,0.9777424922548973,0.0,2.5351549381204363e-17
jdft2d,0,route_anchor_probability,0.0,0.0,0.0,0.0,0.0,0.0,0.0,0.0
jdft2d,0,route_data_probability,-0.08237458020448685,0.057018034793634244,0.04223754466882347,0.32294721865590004,0.05311573144481536,0.4618308226817898,0.0,6.687563888490117e-17
jdft2d,0,route_relation_probability,0.08236244320869446,0.05700963619505987,0.042231270988598045,0.32289958108579464,0.05310790822492046,0.46176269849443724,0.0,5.900791666314809e-18
jdft2d,0,route_max_probability,-0.08945880830287933,0.058938112177479005,0.04571989291685175,0.4102495909155236,0.053824861456222436,0.6164670599118701,0.0,-3.977570678775167e-17
jdft2d,0,route_entropy,-0.1433640718460083,0.06093398760633137,0.043187986082604976,0.7675312643826011,0.0488658417692281,1.6345525364139812,0.0,-1.3643475444995027e-09
jdft2d,0,data_attention_max,0.38070642948150635,0.3158432284756056,0.2926426875486615,0.8628517230826293,0.30914270298722163,0.9147934405442928,0.0,-6.993530863780514e-18
jdft2d,0,relation_attention_max,-0.3684421181678772,0.2792912669232034,0.21402309938433245,1.0137199572570872,0.26974459754191366,1.1777632989321516,0.0,3.933861110876539e-17
jdft2d,0,data_attention_entropy,0.5247889757156372,0.41034063341173416,0.3355219135831714,1.3931348539553392,0.3981343446521691,1.5363309229122109,0.0,1.9397113206981146e-09
jdft2d,0,relation_attention_entropy,-0.23401030898094177,0.17344715768894914,0.1345472821794553,0.678062894440652,0.16648377576869083,0.8843740171026448,0.0,-1.53108887248411e-09
jdft2d,0,anchor_standardized,-0.7623636722564697,0.3799819187212258,0.2423033200692689,3.347887492899819,0.3231229090376548,8.735306082599271,0.0,-1.049029629567077e-17
jdft2d,0,abs_anchor_standardized,0.0704851970076561,0.029450420911075272,0.01834913984489358,0.3165267967541248,0.023741919075194847,0.890210647174099,0.0,1.0927391974657052e-18
jdft2d,0,available_expert_fraction,0.0,0.0,0.0,0.0,0.0,0.0,0.0,0.0
jdft2d,0,expert_prediction_disagreement,-0.25360074639320374,0.1763212511355138,0.13791042569255746,0.9112137231891647,0.16418897239528857,1.6770280088487355,0.0,2.9722506171067186e-17
jdft2d,0,anchor_vs_expert_mean_abs,0.1306696981191635,0.06465807814915842,0.04545347278047547,0.58356329227359,0.05456491888912649,1.6266071601047356,0.0,4.15240895036968e-18
jdft2d,0,mean_expert_uncertainty,-0.07999229431152344,0.06447193635115657,0.05639095313759282,0.19979889977176118,0.06235451447808891,0.29163817002406217,0.0,-6.556435184794231e-19
jdft2d,0,max_expert_uncertainty,0.1437809020280838,0.10851168269228535,0.08561677955579108,0.44347026984209115,0.10383699848454911,0.5839621907787107,0.0,-1.049029629567077e-17
jdft2d,0,max_abs_expert_prediction,0.06679635494947433,0.03972315526327298,0.030911590563780712,0.2750167487991815,0.03569521560581964,0.5447699028110388,0.0,1.7483827159451284e-18
jdft2d,1,anchor_prediction,0.7727481722831726,0.37502148555323267,0.23612908538085745,4.079845906875928,0.31441255574559546,8.090917405227012,0.0,1.3959582234972498e-17
jdft2d,1,raw_proposal_prediction,0.7759215235710144,0.3738915340728412,0.23518992001496325,4.132369714521884,0.312685683837045,8.141905828756357,0.0,1.3261603123223875e-16
jdft2d,1,proposal_residual,-0.17541654407978058,0.10447248925823327,0.06370524209791835,0.5775167729313162,0.09529871944183149,1.6468293131996492,0.0,1.1778397510758045e-17
jdft2d,1,abs_proposal_residual,0.42544829845428467,0.25444855830175267,0.18139251671084744,1.443235601069477,0.23091858935034462,4.194071250313639,0.0,-1.3087108345286718e-17
jdft2d,1,proposal_ensemble_std,-0.407542884349823,0.12426665661292126,0.08456647095901429,0.8292161074158287,0.09004568699864891,6.401212915857453,0.0,-5.452961810536132e-17
jdft2d,1,directional_agreement,-0.09381043165922165,0.052261579083281065,0.02961536169625677,0.43921816497495636,0.047483382455750296,0.462318472973865,0.0,-2.918168719110912e-11
jdft2d,1,route_consensus,0.15501999855041504,0.15495267003968582,0.15051700200419868,0.15965771062793538,0.15495267003968582,0.15965771062793538,0.0,3.4462718642588354e-17
jdft2d,1,data_minus_relation_prediction,0.27227649092674255,0.07462651208375111,0.0347697043117287,0.5593631757079724,0.051513210648389575,3.646881219898609,0.0,3.4898955587431244e-18
jdft2d,1,abs_data_minus_relation_prediction,-0.6235880851745605,0.17362226405194695,0.11818126331953749,1.1772282557817135,0.12056448472542922,8.515612474852528,0.0,9.684460175512171e-17
jdft2d,1,route_anchor_probability,0.0,0.0,0.0,0.0,0.0,0.0,0.0,0.0
jdft2d,1,route_data_probability,0.03372015058994293,0.022231918634437978,0.013164713208877112,0.11276058644969289,0.020950018305206854,0.1614439717365267,0.0,1.0251568203807928e-17
jdft2d,1,route_relation_probability,-0.03371346369385719,0.022227510393908464,0.013162115749867916,0.11273823416620793,0.020945864210258437,0.16141196997818658,0.0,-1.0415157058124013e-17
jdft2d,1,route_max_probability,0.027137136086821556,0.01928923524727469,0.015211893219353803,0.0960666576776645,0.018144143183604678,0.14432272189240164,0.0,-6.216376464011191e-18
jdft2d,1,route_entropy,-0.14337781071662903,0.07703063065219548,0.054741077684687105,0.6061067883879748,0.06757735364915354,1.3164243309391255,0.0,1.2296096033970063e-09
jdft2d,1,data_attention_max,-0.1828172206878662,0.14489249315640693,0.12039702554439156,0.46690346862922016,0.14073873598945164,0.521200860895805,0.0,-2.181184724214453e-18
jdft2d,1,relation_attention_max,0.4010058045387268,0.31915479654394285,0.2891477549717273,1.0021575922827917,0.3097821701317889,1.1898137938912365,0.0,-9.597212786543593e-18
jdft2d,1,data_attention_entropy,-0.27070730924606323,0.20392699915572646,0.15300196239163985,0.7326319410167148,0.19672336165837484,0.8928059555431901,0.0,-8.623108662396158e-10
jdft2d,1,relation_attention_entropy,0.5837880969047546,0.445768075572412,0.35166367605268534,1.510072358420558,0.4294322266997911,2.0194605224621363,0.0,1.3146392562202356e-09
jdft2d,1,anchor_standardized,-1.9072026014328003,0.837500025720408,0.5267449327801091,8.196117530880727,0.6812501323700394,22.639442731654288,0.007858546168958742,-1.7449477793715623e-17
jdft2d,1,abs_anchor_standardized,0.07627721130847931,0.028274916144606685,0.01786941129534141,0.3283766761719632,0.02167643509506426,0.9651317276104814,0.0,3.053658613900234e-18
jdft2d,1,available_expert_fraction,0.0,0.0,0.0,0.0,0.0,0.0,0.0,0.0
jdft2d,1,expert_prediction_disagreement,0.2722755968570709,0.1782343355139725,0.13422072198887197,1.081750241532509,0.16287134609075746,2.1133998629781803,0.0,1.6577003904029843e-17
jdft2d,1,anchor_vs_expert_mean_abs,0.17689138650894165,0.07679858497430632,0.05595948249004639,0.7298941011471165,0.06193604300871131,2.2345809375016628,0.0,1.7449477793715622e-18
jdft2d,1,mean_expert_uncertainty,0.22136346995830536,0.1795722982858437,0.1664620525484693,0.5627780523342012,0.17393417057957603,0.7913776036367841,0.0,5.234843338114687e-18
jdft2d,1,max_expert_uncertainty,-0.1741657853126526,0.1342419045330072,0.12470318300276581,0.5293891604371755,0.12791140066480866,0.7106077196926851,0.0,1.9194425573087186e-17
jdft2d,1,max_abs_expert_prediction,-0.6043744683265686,0.3404041253925629,0.2663355250760146,2.756072381228055,0.2991688254923864,5.421078591538892,0.0,1.0469686676229374e-17
jdft2d,2,anchor_prediction,0.6576356887817383,0.324336511771661,0.20492427700248173,2.62222885108293,0.2812857358661158,9.058971838889676,0.0,2.7919164469944995e-17
jdft2d,2,raw_proposal_prediction,0.732952892780304,0.365286523909042,0.23098178786256546,2.9439376587001087,0.31844553222827904,10.176006806781663,0.0019646365422396855,4.641561093128355e-16
jdft2d,2,proposal_residual,0.858244001865387,0.1516286269218107,0.06324721149396705,0.7675944525976944,0.10253014814757927,18.69011652510645,0.0019646365422396855,1.570453001434406e-17
jdft2d,2,abs_proposal_residual,-1.024290680885315,0.18578019271354143,0.12129359816619244,0.8108427128143612,0.1280925868600431,22.465599016929136,0.0019646365422396855,3.140906002868812e-17
jdft2d,2,proposal_ensemble_std,-0.2522304356098175,0.06936923545466102,0.04649413118612643,0.4052242840496763,0.05060327079686504,4.548302495319937,0.0,-6.412683089190492e-17
jdft2d,2,directional_agreement,-0.1022738665342331,0.056163252383823206,0.03147669149201593,0.4541463376335258,0.05119100956847601,0.49718329705537473,0.0,-6.35095404557184e-11
jdft2d,2,route_consensus,-0.12904483079910278,0.12903860456367866,0.12778336521967396,0.13031874945022306,0.12903860456367866,0.13031874945022306,0.0,-1.1342160565915155e-17
jdft2d,2,data_minus_relation_prediction,-1.8262790441513062,0.19486748967032497,0.08310113967551222,0.6608054554589016,0.09447208107861324,40.672000317733875,0.0019646365422396855,-6.979791117486249e-18
jdft2d,2,abs_data_minus_relation_prediction,1.0722275972366333,0.12688644266004398,0.07219302990644247,0.31590997053562514,0.06894042655508614,23.907873915271296,0.0019646365422396855,-3.4898955587431246e-17
jdft2d,2,route_anchor_probability,0.0,0.0,0.0,0.0,0.0,0.0,0.0,0.0
jdft2d,2,route_data_probability,0.1339188665151596,0.08258774431724651,0.05071353542565698,0.49342580793463925,0.07559745353971957,1.268762311604234,0.0,-1.2389129233538092e-16
jdft2d,2,route_relation_probability,-0.13391613960266113,0.08258606640492745,0.05071265899737562,0.4934158390892516,0.07559591780650557,1.2687363459845145,0.0,-5.758327671926156e-17
jdft2d,2,route_max_probability,0.4647029936313629,0.28697972510299585,0.2297933415192443,1.7784856861989102,0.2597497252833016,5.192348722206667,0.0,-5.94154718876017e-16
jdft2d,2,route_entropy,1.4653353691101074,0.3728801089357059,0.2556901062485582,3.192695373875405,0.275036762496991,30.116778059428924,0.0019646365422396855,9.578244785394356e-09
jdft2d,2,data_attention_max,-0.9500200748443604,0.8332179968788042,0.861591261463367,1.7065535681805222,0.8217281275207031,2.0610466612126217,0.0,-4.8858537822403747e-17
jdft2d,2,relation_attention_max,0.4568125307559967,0.3683515952976275,0.31461620095344217,1.1468437116761732,0.3586354488745483,1.2323720756571412,0.0,5.322090727083265e-17
jdft2d,2,data_attention_entropy,-1.1055086851119995,0.923359786941324,0.8765957719901212,2.1899397120924338,0.9055047942152687,3.0310689250791785,0.0,9.256552843590977e-09
jdft2d,2,relation_attention_entropy,0.6082013845443726,0.4644249491029724,0.3564478308280494,1.7304108753544751,0.44877467616201644,1.8497429529443403,0.0,5.49573941474116e-10
jdft2d,2,anchor_standardized,-1.734485387802124,0.8162190233855543,0.5060872327507612,6.512159439310524,0.7024240344232416,26.06782577667669,0.0019646365422396855,6.979791117486249e-18
jdft2d,2,abs_anchor_standardized,1.002453088760376,0.4003132768680533,0.25049810412019186,3.7352941401497466,0.330587130163843,16.50690188681641,0.0019646365422396855,3.140906002868812e-17
jdft2d,2,available_expert_fraction,0.0,0.0,0.0,0.0,0.0,0.0,0.0,0.0
jdft2d,2,expert_prediction_disagreement,-0.15034811198711395,0.10011977948186974,0.07842073574309412,0.44535003940389845,0.09240781660588482,1.4432587917952011,0.0,-1.7449477793715623e-17
jdft2d,2,anchor_vs_expert_mean_abs,-0.3990757167339325,0.1859077654073655,0.13715282761112424,1.3618835291474953,0.15956264855404326,6.455477492033249,0.0,6.107317227800468e-18
jdft2d,2,mean_expert_uncertainty,0.12666374444961548,0.10325333103068117,0.09234027514714184,0.32142060108893533,0.10002634855122014,0.42809552664071515,0.0,3.926132503586015e-18
jdft2d,2,max_expert_uncertainty,-0.07243210077285767,0.054676745681407825,0.04261971980474324,0.2250071169811095,0.052116835750837746,0.3452414020502434,0.0,-1.526829306950117e-18
jdft2d,2,max_abs_expert_prediction,0.4407009482383728,0.2560584161862487,0.20677414223123586,1.320644211261244,0.23046265206430538,4.959621770176889,0.0,1.9194425573087186e-17
jdft2d,3,anchor_prediction,0.5636205077171326,0.27522664942522995,0.1717043040770933,2.835329702805628,0.23320545826609776,6.114696439994996,0.0,1.9194425573087186e-17
jdft2d,3,raw_proposal_prediction,0.5614613890647888,0.27243731883961836,0.1688116652118552,2.8327833009518826,0.23026921960376762,6.139510051731074,0.0,1.0120697120355061e-16
jdft2d,3,proposal_residual,0.2398599088191986,0.07087144517124204,0.025630455228732398,0.6452494508545458,0.04844603832790211,2.7219213193996663,0.0,1.7449477793715622e-18
jdft2d,3,abs_proposal_residual,0.5378791689872742,0.1845064050376672,0.12154316808270856,1.3511587703638104,0.13403915979185296,6.2193680000742155,0.0,9.422718008606436e-17
jdft2d,3,proposal_ensemble_std,0.11637507379055023,0.05062850004464151,0.03651053736049794,0.4537573434248058,0.04064905643814664,1.282150973122686,0.0,1.1778397510758045e-17
jdft2d,3,directional_agreement,-0.07409320026636124,0.04204680375091259,0.023867416683208582,0.31385212462791984,0.03860106075179243,0.3395230596620467,0.0,1.6474873113848197e-10
jdft2d,3,route_consensus,0.032774973660707474,0.032747067485965425,0.03144954217048377,0.03415626506220574,0.032747067485965425,0.03415626506220574,0.0,-2.835540141478789e-18
jdft2d,3,data_minus_relation_prediction,-0.8474570512771606,0.17182927252009272,0.06476462538233446,1.792131626472477,0.09807285376215007,14.607300913418795,0.0019646365422396855,-3.4898955587431244e-18
jdft2d,3,abs_data_minus_relation_prediction,-1.6712486743927002,0.37631905465192,0.23589355134739565,3.2510990547058527,0.2322722196268903,29.0832081053128,0.005893909626719057,8.375749340983499e-17
jdft2d,3,route_anchor_probability,0.0,0.0,0.0,0.0,0.0,0.0,0.0,0.0
jdft2d,3,route_data_probability,-0.02454112097620964,0.014567417073917696,0.008897643504644392,0.09737168975310027,0.013211603791224567,0.1785539931182011,0.0,-7.743205770961307e-18
jdft2d,3,route_relation_probability,0.024541273713111877,0.014567507667964052,0.008897700418580295,0.09737230918261774,0.013211685940089759,0.17855511289348472,0.0,1.1669338274547322e-17
jdft2d,3,route_max_probability,-0.11504125595092773,0.06791991567456038,0.049892828300842816,0.4848058328430352,0.060833684633525814,0.9548602493812617,0.0,8.899233674794968e-17
jdft2d,3,route_entropy,-0.11864851415157318,0.04071931350766105,0.026036650495104306,0.41562440138653006,0.030937656871994703,1.8054402833867238,0.0,5.764533116292329e-10
jdft2d,3,data_attention_max,-0.5844674110412598,0.4806156470632366,0.44705667117136916,1.355931412549295,0.4692415430864643,1.5894802328441682,0.0,9.422718008606436e-17
jdft2d,3,relation_attention_max,0.11036817729473114,0.08865486511281953,0.07527467087638343,0.28425430560455806,0.08610721414155623,0.31368556129884684,0.0,-6.979791117486249e-18
jdft2d,3,data_attention_entropy,-0.5760448575019836,0.46710768743094794,0.41572267316497946,1.4378930224831796,0.4536413757791408,1.917553770731596,0.0,1.0498438327365692e-08
jdft2d,3,relation_attention_entropy,0.13955913484096527,0.10562532104996104,0.08220062610478415,0.4002577971668038,0.10158511113877848,0.4831454876282588,0.0,5.614779699901454e-10
jdft2d,3,anchor_standardized,-0.7178675532341003,0.34496963071173714,0.21615104095893847,3.7310942106292,0.29091413325748866,8.288832006588546,0.0,-1.7449477793715622e-18
jdft2d,3,abs_anchor_standardized,0.08219175785779953,0.03375990340148596,0.021122375083662652,0.4419739647222899,0.02711021734082612,1.0358034097612208,0.0,-3.217247468216318e-18
jdft2d,3,available_expert_fraction,0.0,0.0,0.0,0.0,0.0,0.0,0.0,0.0
jdft2d,3,expert_prediction_disagreement,0.26285627484321594,0.1889737463640558,0.14096862241132643,0.8592388663917251,0.17847826912605358,1.8601240311231146,0.0,-3.053658613900234e-18
jdft2d,3,anchor_vs_expert_mean_abs,-0.24665537476539612,0.12204464616295134,0.0878425214984161,1.3409492359656339,0.10305953139014118,2.993063825236299,0.0,-1.3087108345286718e-18
jdft2d,3,mean_expert_uncertainty,-0.1488923281431198,0.12033848251507814,0.10443963908001719,0.3446154911406111,0.11712751139787271,0.4654303021760893,0.0,-4.362369448428906e-18
jdft2d,3,max_expert_uncertainty,0.15879040956497192,0.11686189899547392,0.09278310214644263,0.47759191983855454,0.11141291811723253,0.7209296762109907,0.0,-3.1627178501109566e-18
jdft2d,3,max_abs_expert_prediction,-0.45913317799568176,0.29705845692685595,0.25464495060183995,1.6837603634624652,0.2741122782357629,4.048130594242833,0.0,5.147595949146109e-17
jdft2d,4,anchor_prediction,-1.1280851364135742,0.5982054053022884,0.38987003167185746,5.669874857700188,0.5147047282651313,9.103624247631267,0.0,6.281812005737624e-17
jdft2d,4,raw_proposal_prediction,-1.0993541479110718,0.5878092247246158,0.38414866491494154,5.50275363177164,0.5070327847148559,8.80170406770869,0.0,-1.5006550902595436e-15
jdft2d,4,proposal_residual,-0.38559234142303467,0.22395172030640095,0.13247891388128313,1.4513003442628436,0.20293655076583653,3.045935267704527,0.0,-6.979791117486249e-18
jdft2d,4,abs_proposal_residual,1.1630065441131592,0.6885340387844755,0.507362804364682,4.331752053579319,0.6202313757465595,10.063787594165664,0.0019646365422396855,-1.3610592679098185e-16
jdft2d,4,proposal_ensemble_std,-1.0665878057479858,0.27150493685600635,0.17902354250306093,2.0017522396841105,0.19551161116679783,20.67905547760843,0.0019646365422396855,-3.140906002868812e-17
jdft2d,4,directional_agreement,0.020518191158771515,0.010501276130065079,0.005879131319752607,0.09962751327851585,0.009391307360828362,0.1106595737261218,0.0,-1.9128602871072204e-13
jdft2d,4,route_consensus,-0.18001165986061096,0.17887938256027466,0.16086502777946957,0.20143718080349515,0.17887938256027466,0.20143718080349515,0.0,-3.838885114617437e-17
jdft2d,4,data_minus_relation_prediction,0.3552834987640381,0.08712897218428191,0.04623803957339765,0.6425367994827799,0.06449097150121492,7.421271492207801,0.0,1.7449477793715622e-18
jdft2d,4,abs_data_minus_relation_prediction,-0.4521012604236603,0.10315233436300654,0.06858243149315535,0.7259153187540844,0.07466898910928926,9.623081271908772,0.0,-3.0536586139002344e-17
jdft2d,4,route_anchor_probability,0.0,0.0,0.0,0.0,0.0,0.0,0.0,0.0
jdft2d,4,route_data_probability,-0.13265086710453033,0.07159719425667128,0.04333208825132607,0.5789636746150493,0.06244355736275837,1.1406007601019235,0.0,1.439581917981539e-17
jdft2d,4,route_relation_probability,0.13265681266784668,0.07160040203604821,0.043334030103676244,0.5789896438811731,0.06244635458939416,1.1406518616391133,0.0,-6.718048950580516e-17
jdft2d,4,route_max_probability,-0.11259972304105759,0.059267114914806324,0.0454627643555823,0.5208281844664,0.05074981758137354,1.0842495479750618,0.0,-2.6610453635416324e-17
jdft2d,4,route_entropy,0.16285456717014313,0.03909328503238364,0.024337207194419678,0.44729295962263266,0.02511216785016584,2.3511951399981976,0.0,-4.7953713390477285e-09
jdft2d,4,data_attention_max,-0.372313529253006,0.31877772641315577,0.2914860202639803,0.8169354945504282,0.3124175450221897,0.9029618282116367,0.0,1.0469686676229374e-17
jdft2d,4,relation_attention_max,0.48769065737724304,0.3926456751531307,0.3354486191616178,1.2421250801640549,0.3817787437520671,1.3590569769897483,0.0,9.204599536184991e-17
jdft2d,4,data_attention_entropy,-0.14156535267829895,0.11567613065368772,0.1014085707809521,0.363485301822981,0.11242586438664359,0.42748288972365317,0.0,1.8586041921836973e-09
jdft2d,4,relation_attention_entropy,0.298382043838501,0.23729093197565707,0.20909755267687585,0.7548263127649679,0.23084033704592308,0.8395883958825222,0.0,-1.902216476454457e-11
jdft2d,4,anchor_standardized,2.119455575942993,1.1108532843045145,0.7223128739553458,10.511330502539192,0.9526265897596755,18.000632974509035,0.011787819253438114,2.7919164469944995e-17
jdft2d,4,abs_anchor_standardized,0.5382051467895508,0.23822731033922534,0.1493803627838354,2.80201483187686,0.19393200993572104,5.030154890444249,0.0,-6.979791117486249e-18
jdft2d,4,available_expert_fraction,0.0,0.0,0.0,0.0,0.0,0.0,0.0,0.0
jdft2d,4,expert_prediction_disagreement,-0.014627400785684586,0.009950711494430182,0.0075019390814467886,0.05198863175629677,0.009249299941913496,0.12439353045250101,0.0,1.0360627440018652e-18
jdft2d,4,anchor_vs_expert_mean_abs,-0.4843432903289795,0.25690727101156163,0.1882833434941449,2.539225677851231,0.2188979776015749,4.32670219703014,0.0,1.3959582234972498e-17
jdft2d,4,mean_expert_uncertainty,0.06730438768863678,0.05118447535487825,0.043818017531376485,0.16898249502832224,0.04869532175755338,0.521408722458752,0.0,1.9630662517930075e-18
jdft2d,4,max_expert_uncertainty,0.06090191379189491,0.03926381703612878,0.028534417998487674,0.1704209887683721,0.036194537006123864,0.7552380515340871,0.0,5.671080282957578e-18
jdft2d,4,max_abs_expert_prediction,-0.07071042060852051,0.042575913414731,0.031464464253863476,0.28336852747562735,0.03847057455864483,0.6901279915045931,0.0,0.0
dielectric,0,anchor_prediction,0.08358585834503174,0.050475782584570014,0.04057559842614089,0.3117155786134753,0.04570195101481237,1.5705558376973783,0.0,-4.661130515350959e-18
dielectric,0,raw_proposal_prediction,0.005290042608976364,0.0033579196970996918,0.0027327077301385412,0.019658240745760433,0.0030802593089245063,0.09951357954898342,0.0,-1.1070184973958527e-17
dielectric,0,proposal_residual,-0.2622443735599518,0.09681906417566127,0.040780283020299415,1.6531040343981538,0.07874126361904969,2.0630070393657713,0.0,6.339137500877304e-17
dielectric,0,abs_proposal_residual,-0.10190486907958984,0.04426544259641355,0.028182539616765888,0.6488249946391158,0.03721723871314155,0.8133475074634084,0.0,-2.0975087319079316e-17
dielectric,0,proposal_ensemble_std,0.03543480113148689,0.014386534876878023,0.009580957039852837,0.17448846760475958,0.011689383153765356,0.6422463771169796,0.0,-5.0544134025836964e-18
dielectric,0,directional_agreement,0.049066752195358276,0.03833658640684722,0.026530420950098672,0.1405839904562805,0.03724945705738927,0.1469801084800505,0.0,-4.677347870224757e-12
dielectric,0,route_consensus,-0.03920028731226921,0.03920028596274336,0.039190002571882196,0.03921057475170996,0.03920028596274336,0.03921057475170996,0.0,3.437583755071332e-18
dielectric,0,data_minus_relation_prediction,0.01960858143866062,0.00609572291796668,0.0015678370722489398,0.08472811813202806,0.004673731400073038,0.394712444495126,0.0,-8.739619716283048e-20
dielectric,0,abs_data_minus_relation_prediction,-0.015590116381645203,0.006278428269498098,0.004163420392098166,0.06603681038902685,0.005155148001945605,0.32491244911370354,0.0,5.272903895490772e-18
dielectric,0,route_anchor_probability,0.0,0.0,0.0,0.0,0.0,0.0,0.0,0.0
dielectric,0,route_data_probability,-0.02780253440141678,0.019580477220592824,0.012939991216298817,0.09455653941602933,0.01871847223004557,0.1086704760632496,0.0,7.1664881673521e-18
dielectric,0,route_relation_probability,0.027806425467133522,0.0195832175579984,0.012941802275596397,0.09456978064043892,0.018721091949922292,0.1086856814155876,0.0,-9.467921359306636e-19
dielectric,0,route_max_probability,0.020143410190939903,0.01492634929851471,0.01267846643886213,0.07501062994434765,0.014238684051135722,0.08569388299551192,0.0,-8.448299059073614e-18
dielectric,0,route_entropy,-0.11123844236135483,0.06117617234060866,0.04601619320061869,0.5794237744749803,0.05436071738012526,0.834226682916804,0.0,-2.531192065766214e-10
dielectric,0,data_attention_max,0.5216113924980164,0.4470958646822708,0.4222273560885216,1.0496233786470608,0.4406337997319758,1.1229283055362151,0.0,4.4746852947369207e-17
dielectric,0,relation_attention_max,-0.09731306880712509,0.07597414263283965,0.0617155187238292,0.26893864665419587,0.07389540652506545,0.28911662886090395,0.0,1.3459014363075894e-17
dielectric,0,data_attention_entropy,0.493770033121109,0.4022162001701431,0.3439360574307011,1.1298797791818491,0.394321478162674,1.2745551671801139,0.0,2.691735817591585e-10
dielectric,0,relation_attention_entropy,-0.1157730370759964,0.08642948406855698,0.06691337597024685,0.36380579178023575,0.08333054886646916,0.41840533903300103,0.0,2.405490865828928e-10
dielectric,0,anchor_standardized,-0.2505226731300354,0.15116084381885114,0.12138726164858542,0.9396781211657679,0.1368573580434846,4.720609702232444,0.0,2.7966783092105754e-18
dielectric,0,abs_anchor_standardized,0.1272706687450409,0.05993199672156011,0.03537932681607666,0.5003165933469578,0.051420511124378156,2.9334690563100483,0.0,-1.8644522061403835e-18
dielectric,0,available_expert_fraction,0.0,0.0,0.0,0.0,0.0,0.0,0.0,0.0
dielectric,0,expert_prediction_disagreement,-0.11504458636045456,0.07660744326675045,0.05948073312148304,0.44850803546918816,0.07063812616119285,1.5768498899016163,0.0,-1.351727849451778e-17
dielectric,0,anchor_vs_expert_mean_abs,0.05214523896574974,0.03160931591213834,0.025908241573102606,0.18924628184509645,0.028574852094231766,1.1389175228515727,0.0,1.0487543659539657e-18
dielectric,0,mean_expert_uncertainty,0.11457506567239761,0.08864686036521653,0.07656052918175708,0.3263455042025525,0.08494509562235242,1.0969290341349456,0.0,6.991695773026439e-19
dielectric,0,max_expert_uncertainty,-0.045054174959659576,0.032088353780233184,0.027434327487202193,0.15163604136838557,0.03028933734608757,0.4447025354751884,0.0,-2.8986405392338777e-18
dielectric,0,max_abs_expert_prediction,0.07212773710489273,0.043484298467287304,0.03216502395220187,0.3187598149099633,0.03912813352208784,1.0735057593492165,0.0,3.787168543722654e-18
dielectric,1,anchor_prediction,-0.04835347458720207,0.028517941740463265,0.022908179047162004,0.16973775202371252,0.02572022347435791,0.827463724183829,0.0,5.243771829769829e-18
dielectric,1,raw_proposal_prediction,-0.15369240939617157,0.0948270604976538,0.07704930029905906,0.503248277674661,0.08677039099518162,2.6373230868520983,0.0,-8.16163953237953e-16
dielectric,1,proposal_residual,-0.20300497114658356,0.07662560517620177,0.03400021767290839,1.2138361192308427,0.06221730712247719,1.65388935733419,0.0,-2.3305652576754795e-17
dielectric,1,abs_proposal_residual,0.007709783501923084,0.0032906576759997347,0.0021004962349298164,0.04617911142192739,0.0027430021330579414,0.06364033349011397,0.0,4.384375891001996e-18
dielectric,1,proposal_ensemble_std,-0.019642287865281105,0.007703017659893616,0.005294771994808761,0.08055716019519299,0.006287023657523809,0.4137681076169472,0.0,3.0297348349781233e-18
dielectric,1,directional_agreement,-0.060887791216373444,0.05014583730692464,0.037098556013551796,0.15911672070526556,0.04898803780041442,0.16493475736098545,0.0,-5.748908017466185e-11
dielectric,1,route_consensus,0.014895454980432987,0.014418163040866572,0.011524249024484585,0.019252844901451474,0.014418163040866572,0.019252844901451474,0.0,-1.4566032860471747e-18
dielectric,1,data_minus_relation_prediction,0.07552340626716614,0.025457040067944237,0.007275444424877182,0.30401369508781345,0.01988834234423674,1.199142321365368,0.0,-5.476828355537377e-18
dielectric,1,abs_data_minus_relation_prediction,0.005315781570971012,0.002201351064009203,0.0015156122567984698,0.020963652970859226,0.0018074200735912038,0.08778819913834078,0.0,5.411281207665254e-18
dielectric,1,route_anchor_probability,0.0,0.0,0.0,0.0,0.0,0.0,0.0,0.0
dielectric,1,route_data_probability,-0.05180209502577782,0.03749851973492509,0.024711113727755637,0.13443650615099387,0.03645617544014417,0.14052288592057738,0.0,2.965644290392048e-17
dielectric,1,route_relation_probability,0.0518014170229435,0.03749802892990778,0.024710790262709524,0.13443473470816536,0.03645569830614168,0.14052104280667946,0.0,-1.2235467602796268e-18
dielectric,1,route_max_probability,-0.061062268912792206,0.048180522765954054,0.042255283048072634,0.16854110584320434,0.04693589715173061,0.16856136273192754,0.0,7.34128056167776e-18
dielectric,1,route_entropy,0.013532222248613834,0.008916469141189508,0.006770392884632293,0.0532261491776695,0.008457975198001764,0.05326836683454279,0.0,-5.0964009245301094e-12
dielectric,1,data_attention_max,-0.012098178267478943,0.009689228402156256,0.00818623132399974,0.030581019205938576,0.009458847401037206,0.03363609437103244,0.0,1.4930183681983541e-19
dielectric,1,relation_attention_max,-0.02640664391219616,0.020836456323200744,0.01712417087447226,0.07534422608055676,0.0202219566750349,0.08632381939101544,0.0,4.719394646792846e-18
dielectric,1,data_attention_entropy,-0.025142852216959,0.019157962981794688,0.014590762371780933,0.07252445517502978,0.018543210557963912,0.08592270225624139,0.0,1.0215995922912055e-10
dielectric,1,relation_attention_entropy,0.01452132873237133,0.011029589225495271,0.00884156105164518,0.0477717545419382,0.01059579978329547,0.059708660111089704,0.0,1.2942898729507283e-10
dielectric,1,anchor_standardized,0.39479705691337585,0.22797999550815015,0.18164577333162382,1.3230174291658425,0.2049624057609002,7.0012441497752524,0.0,1.8644522061403835e-18
dielectric,1,abs_anchor_standardized,-0.11545579880475998,0.05119124132291284,0.0316917116422661,0.39031746681129176,0.043468074121385,2.4375866977572462,0.0,1.2818108917215138e-18
dielectric,1,available_expert_fraction,0.0,0.0,0.0,0.0,0.0,0.0,0.0,0.0
dielectric,1,expert_prediction_disagreement,-0.07513413578271866,0.05101358602688509,0.040783590731845024,0.22939230368085864,0.0472269301110446,0.990524950216438,0.0,8.972676242050596e-18
dielectric,1,anchor_vs_expert_mean_abs,0.04148115962743759,0.025014851407523027,0.021048420338894456,0.12213267429187609,0.022675907372057175,0.7914539995203114,0.0,1.2818108917215138e-18
dielectric,1,mean_expert_uncertainty,0.037065356969833374,0.02895595762375911,0.025663867444221274,0.10769362383809288,0.027681087782460197,0.3248999677405203,0.0,4.952451172560394e-19
dielectric,1,max_expert_uncertainty,0.09443537145853043,0.06512152078013844,0.056285876505005626,0.3696977873158429,0.06045566874339914,1.0636999691775733,0.0,2.6801500463268015e-18
dielectric,1,max_abs_expert_prediction,0.06357597559690475,0.03884336158518176,0.02909064165401866,0.2169554301729558,0.03505431418639388,0.9759526274926849,0.0,-4.777658778234733e-18
dielectric,2,anchor_prediction,-0.08745153248310089,0.053624091990259595,0.043853950457146844,0.27230844621781924,0.04906014571520791,1.8650268421493994,0.0,1.0487543659539658e-17
dielectric,2,raw_proposal_prediction,-0.15183807909488678,0.09549682257361113,0.07862342211047495,0.4974616817020586,0.08790959834005184,3.2076455657525194,0.0,-4.2789178130921802e-16
dielectric,2,proposal_residual,-0.18776120245456696,0.06702500142697806,0.024605550373037594,1.2000503533292808,0.05396783558994656,1.5456122995983084,0.0,-4.055183548355334e-17
dielectric,2,abs_proposal_residual,0.010602853260934353,0.004638669876661462,0.00303896527774632,0.06714488331328816,0.003903505686956525,0.08683762005012222,0.0,4.515470186746241e-19
dielectric,2,proposal_ensemble_std,-0.011600339785218239,0.004489007171101526,0.003058467347574318,0.05207141217927986,0.003598261818404934,0.2335966541841756,0.0,-3.379319623629445e-18
dielectric,2,directional_agreement,0.0532565712928772,0.043262016925985455,0.03176374864953503,0.1440642212668182,0.04219750283717694,0.14794803853403196,0.0,3.576603414728928e-11
dielectric,2,route_consensus,0.0948914960026741,0.09469839965956095,0.08902210189999675,0.1011478702641779,0.09469839965956095,0.1011478702641779,0.0,-8.5065631905155e-18
dielectric,2,data_minus_relation_prediction,-0.10014308989048004,0.033850886188688145,0.009363312614136442,0.46197468763920785,0.026452386249395297,1.4314075996202587,0.0,3.728904412280767e-18
dielectric,2,abs_data_minus_relation_prediction,-0.03952838480472565,0.016767656351794436,0.011526908173208655,0.18048350428420262,0.013841451708584952,0.5865067874011053,0.0,-2.050897426754422e-17
dielectric,2,route_anchor_probability,0.0,0.0,0.0,0.0,0.0,0.0,0.0,0.0
dielectric,2,route_data_probability,0.016772674396634102,0.011015318718218852,0.006631492868715083,0.06148531508824509,0.010490450054028882,0.06183207727943054,0.0,4.340677792420581e-18
dielectric,2,route_relation_probability,-0.016775690019130707,0.011017299294103378,0.006632688752260788,0.061496369127480514,0.010492336266188937,0.06184319498066707,0.0,-1.8644522061403835e-18
dielectric,2,route_max_probability,0.09441013634204865,0.06751405177816044,0.05588632600525364,0.36967988610921265,0.0643695287865769,0.3719924340265588,0.0,-2.1557728633498185e-17
dielectric,2,route_entropy,0.08158617466688156,0.04170907455766256,0.02953858198949251,0.45637920234993923,0.03731128666106675,0.4691986044550864,0.0,4.094712083906678e-10
dielectric,2,data_attention_max,-0.15974600613117218,0.13646430943692567,0.13012403433777409,0.3542708790827362,0.13386507465240335,0.42536041363631927,0.0,-6.991695773026439e-19
dielectric,2,relation_attention_max,0.05012743920087814,0.03965943566023748,0.03359088297857081,0.13971741605274582,0.03853468203188749,0.1663914644636886,0.0,-9.205732767818144e-18
dielectric,2,data_attention_entropy,-0.11727715283632278,0.09447580987502936,0.08161028039147102,0.3002156227867997,0.09180269099508567,0.4174132419521377,0.0,2.605872730200138e-10
dielectric,2,relation_attention_entropy,0.04497832432389259,0.034688917501568196,0.02812121163553062,0.13432650223525303,0.033490649807980694,0.1851142323013365,0.0,-3.320112184246688e-10
dielectric,2,anchor_standardized,0.3728681206703186,0.22974070446467917,0.18660495903226618,1.1846371821938944,0.21020099272983558,7.541375020785625,0.0,9.322261030701917e-19
dielectric,2,abs_anchor_standardized,0.029144085943698883,0.014061320953184915,0.009011889153754575,0.09436377280481387,0.012266248179898466,0.7288060343656939,0.0,7.283016430235873e-19
dielectric,2,available_expert_fraction,0.0,0.0,0.0,0.0,0.0,0.0,0.0,0.0
dielectric,2,expert_prediction_disagreement,-0.044039204716682434,0.02747539700219956,0.021724366848776086,0.1193202704726753,0.02500606087603055,0.7680475725103416,0.0,-2.534489717722084e-18
dielectric,2,anchor_vs_expert_mean_abs,-0.1430097371339798,0.0896392704028706,0.07439832191800758,0.43334128841265973,0.08208271745860476,3.162611118861694,0.0,7.690865350329082e-18
dielectric,2,mean_expert_uncertainty,0.0007731523946858943,0.0006082686908866248,0.0005482563556752621,0.0021538414299357256,0.0005832614581638216,0.005449025084186464,0.0,1.8207541075589682e-21
dielectric,2,max_expert_uncertainty,0.08890218287706375,0.060752045698009544,0.05413727706212461,0.3439141829514565,0.056369443480603666,0.953299251152897,0.0,5.942941407072473e-18
dielectric,2,max_abs_expert_prediction,0.10682398825883865,0.0597696081953317,0.0439989314976425,0.30270433695693244,0.05304821419249136,2.0407979898896307,0.0,6.525582721491342e-18
dielectric,3,anchor_prediction,-0.0032069715671241283,0.002069518473945922,0.0016930489236297822,0.012601930978838613,0.0018977020864704602,0.03671691558496688,0.0,-4.369809858141524e-20
dielectric,3,raw_proposal_prediction,-0.09163445979356766,0.06033401280134369,0.04908240340557932,0.35039747066296295,0.05565972959182861,0.9166404165055761,0.0,-4.0272167652632285e-16
dielectric,3,proposal_residual,-0.2700520157814026,0.09802107265872088,0.040591892670663314,1.7160400467146648,0.07975259485429374,2.1013947849332295,0.0,2.796678309210575e-17
dielectric,3,abs_proposal_residual,-0.11098051816225052,0.04741873917301614,0.030240712619643357,0.7099325602824619,0.039918586296953,0.8751155441998598,0.0,-2.3538709102522344e-17
dielectric,3,proposal_ensemble_std,0.07682221382856369,0.031839672562974326,0.02200555394472245,0.3608976530770478,0.02600037795178388,1.1143455784012166,0.0,-4.457206055304355e-18
dielectric,3,directional_agreement,0.0205626729875803,0.0169900635308888,0.012561725537838846,0.0529566030675257,0.01660667553329729,0.0548074085653112,0.0,-6.785575549073265e-12
dielectric,3,route_consensus,0.01198427565395832,0.011965893262431613,0.011338145008236418,0.012667227561979692,0.011965893262431613,0.012667227561979692,0.0,-1.9299993540125065e-18
dielectric,3,data_minus_relation_prediction,-0.06502436846494675,0.021671975745641555,0.006676638711381554,0.29787492357165085,0.0166768417336376,1.0376947722648624,0.0,-8.390034927631725e-18
dielectric,3,abs_data_minus_relation_prediction,-0.02078153006732464,0.00835573169260562,0.005785461874311421,0.09387500814395255,0.006747084068551741,0.3448102339173646,0.0,8.710487650562104e-18
dielectric,3,route_anchor_probability,0.0,0.0,0.0,0.0,0.0,0.0,0.0,0.0
dielectric,3,route_data_probability,0.02059818245470524,0.01361006290386181,0.007235017399394949,0.06984505215426118,0.013028297187107575,0.06988363813083123,0.0,2.184904929070762e-18
dielectric,3,route_relation_probability,-0.020595679059624672,0.013608408850941191,0.007234133968207972,0.0698365668016474,0.01302671384380354,0.06987514979639589,0.0,4.661130515350959e-19
dielectric,3,route_max_probability,-0.036383967846632004,0.027946270362995285,0.024463410640996018,0.1298090388836755,0.02689228994038619,0.129900199909474,0.0,3.0879989664200103e-18
dielectric,3,route_entropy,-0.03907181695103645,0.02260167237899903,0.01670391865140779,0.21798038937048567,0.020574146134872715,0.2188582461893891,0.0,-1.2918008987355076e-10
dielectric,3,data_attention_max,0.13227257132530212,0.10510216212738081,0.08671700275304611,0.33587772149908657,0.10249773607419116,0.3938984977479754,0.0,1.7479239432566096e-17
dielectric,3,relation_attention_max,-0.05330197885632515,0.04304192600834805,0.037704351179375005,0.14588371599427444,0.04187410859403643,0.17763964745112998,0.0,-4.195017463815863e-18
dielectric,3,data_attention_entropy,0.08910783380270004,0.07153514356153963,0.06095876669142641,0.2398212624011792,0.06954216486505965,0.30920314802665727,0.0,-5.46040013811076e-10
dielectric,3,relation_attention_entropy,-0.06189199537038803,0.046608797975875575,0.036581179934254526,0.19663342686407606,0.04479040794509938,0.28097325190184874,0.0,-1.870610188803782e-11
dielectric,3,anchor_standardized,0.2701805830001831,0.1735815544404703,0.14136508571437412,1.0561457796833555,0.15897122309093956,3.0917367344141855,0.0,-9.322261030701917e-19
dielectric,3,abs_anchor_standardized,-0.21120698750019073,0.11188818640814745,0.07167302706121013,0.8981249875261721,0.09810379379075738,2.996812721863015,0.0,3.728904412280767e-18
dielectric,3,available_expert_fraction,0.0,0.0,0.0,0.0,0.0,0.0,0.0,0.0
dielectric,3,expert_prediction_disagreement,0.1283239871263504,0.08030064086792424,0.06514884321981355,0.33791164596988194,0.07491362456823637,3.945902242573561,0.0,-9.322261030701919e-18
dielectric,3,anchor_vs_expert_mean_abs,0.03162025287747383,0.02138946713880627,0.01794639114251917,0.11494943835442231,0.01970156361099275,0.3952999877198068,0.0,5.243771829769828e-19
dielectric,3,mean_expert_uncertainty,0.13239672780036926,0.10466466119332939,0.09293389989231998,0.39546835825234594,0.10059932831736354,0.7566899476890682,0.0,1.3983391546052877e-18
dielectric,3,max_expert_uncertainty,0.0010074295569211245,0.0007054157676882478,0.0006114584231130313,0.0037532377238354226,0.0006608606929420966,0.008850885814838467,0.0,8.375468894771255e-20
dielectric,3,max_abs_expert_prediction,-0.03363063558936119,0.01880119091423221,0.015032016273441454,0.08947184115042445,0.017148629633989162,1.1443050974350064,0.0,2.9132065720943494e-18
dielectric,4,anchor_prediction,0.2467578947544098,0.15754615427714147,0.12824956098267148,0.9615529939377107,0.14441173194273565,4.049690388646981,0.0,1.9571612606193736e-17
dielectric,4,raw_proposal_prediction,0.13684716820716858,0.08982039929925087,0.07373172904763228,0.5315597681058901,0.08282867386431812,2.0564876820548323,0.0,-2.4604312990643555e-16
dielectric,4,proposal_residual,-0.2857990860939026,0.09540058782174808,0.03369411351585827,1.5587035285206217,0.07407126543755876,2.573673444142113,0.0,4.054119754140131e-17
dielectric,4,abs_proposal_residual,-0.10774515569210052,0.04466797590938442,0.02862495604976923,0.5771143987133345,0.036662104854410335,0.9855556179343979,0.0,2.0270598770700654e-17
dielectric,4,proposal_ensemble_std,0.0059158680960536,0.0024180413986543458,0.0016213855733037009,0.027483760268714044,0.001962255949476432,0.08977888698287517,0.0,-2.1333640229221594e-18
dielectric,4,directional_agreement,-0.043698329478502274,0.03563872002233313,0.026271311136197,0.11835268175935308,0.03476232420558096,0.12236992019010756,0.0,-1.4369755298228209e-11
dielectric,4,route_consensus,0.0574360266327858,0.05733499726979959,0.05412605487678951,0.06094841316019967,0.05733499726979959,0.06094841316019967,0.0,-2.213456187605244e-18
dielectric,4,data_minus_relation_prediction,0.0498945526778698,0.015157776484400691,0.00349142589215445,0.20923900082071767,0.011403628546666617,0.9385546422888238,0.0,-8.154838585914056e-19
dielectric,4,abs_data_minus_relation_prediction,0.00035401820787228644,0.000140774712467647,9.469038271791807e-05,0.0014504071191494797,0.00011426982017231362,0.00688110612147886,0.0,-1.6336981318879164e-19
dielectric,4,route_anchor_probability,0.0,0.0,0.0,0.0,0.0,0.0,0.0,0.0
dielectric,4,route_data_probability,-0.03844870999455452,0.026182219869336394,0.015213499620699315,0.11788886846018715,0.025150137053169878,0.13106469714831917,0.0,2.067834069999636e-18
dielectric,4,route_relation_probability,0.038448844105005264,0.026182311215678756,0.015213556461320752,0.11788929202602179,0.025150224805964787,0.13106515775889807,0.0,6.98986164506919e-18
dielectric,4,route_max_probability,0.013619917444884777,0.010118798180246937,0.008629426338884975,0.04526112812023229,0.00974769277865203,0.04651133871037149,0.0,-3.713363998943008e-18
dielectric,4,route_entropy,0.05963542312383652,0.035529205856618215,0.02541205118339359,0.2824256344167625,0.03280603736929672,0.3112819424900607,0.0,-1.4377438810443397e-10
dielectric,4,data_attention_max,-0.09655162692070007,0.08512118783251582,0.08392405673468226,0.19194795341740456,0.08393899981291117,0.21085377054027582,0.0,1.8464884512391113e-17
dielectric,4,relation_attention_max,-0.04036014899611473,0.0320827004308228,0.027175034667694248,0.11534926401953259,0.031087192406850685,0.1502801351908015,0.0,1.0484792467603788e-18
dielectric,4,data_attention_entropy,-0.0718231052160263,0.06081648740833953,0.056785509977793844,0.16287343367150592,0.059655077103563686,0.197577707983689,0.0,-2.0104795119723916e-10
dielectric,4,relation_attention_entropy,-0.05871496722102165,0.044244412788398246,0.034595109669855253,0.18169752669344366,0.042496866245080166,0.27828611338884107,0.0,2.3405656825646233e-10
dielectric,4,anchor_standardized,-0.2522564232349396,0.1612437257634734,0.13055936025884984,0.9564735939622212,0.14778513855234482,3.7664759340919702,0.0,-3.727926210703569e-18
dielectric,4,abs_anchor_standardized,-0.11982666701078415,0.06211259089723325,0.039566374401291765,0.489487334393504,0.05441774009302116,2.2474098688624515,0.0,-7.455852421407138e-18
dielectric,4,available_expert_fraction,0.0,0.0,0.0,0.0,0.0,0.0,0.0,0.0
dielectric,4,expert_prediction_disagreement,-0.0541539266705513,0.03536476004979314,0.028266952848027695,0.1724608797968811,0.032418858683904005,0.7730809534519283,0.0,3.4075575519712305e-18
dielectric,4,anchor_vs_expert_mean_abs,0.029506901279091835,0.020387864003351495,0.017379337345698423,0.10378981879438536,0.01892745238562328,0.43258071711856777,0.0,-5.242396233801894e-19
dielectric,4,mean_expert_uncertainty,-0.02452574297785759,0.018679162617285517,0.015683846902757568,0.06684182484105161,0.01783955912765077,0.20729146906048998,0.0,-5.53364046901311e-19
dielectric,4,max_expert_uncertainty,0.13136965036392212,0.08297938966980595,0.06016395494666674,0.5297450365891896,0.07595238424605454,1.6333324467609676,0.0,4.077419292957028e-18
dielectric,4,max_abs_expert_prediction,0.02284075692296028,0.013470599590582832,0.01030146276313367,0.08192406655057312,0.012036858086099722,0.36007704946845,0.0,-1.0776036702815003e-18
log_kvrh,0,anchor_prediction,0.01777949184179306,0.014085891082556807,0.01233414954902435,0.05323275319133773,0.013583884842834244,0.08942793725604724,0.0,-2.084273513063498e-18
log_kvrh,0,raw_proposal_prediction,0.01788363978266716,0.014139372008342282,0.012394601191273918,0.053471250564655896,0.0136195427138681,0.09186932302510659,0.0,-2.1853291985453644e-17
log_kvrh,0,proposal_residual,0.0238586887717247,0.010513928019252624,0.00497829445384588,0.08562026686333762,0.008910746574409135,0.5584913761956487,0.0,-3.2590458567901967e-18
log_kvrh,0,abs_proposal_residual,0.07485321909189224,0.03436231036959115,0.026355078832367037,0.26538866435554076,0.02912269540166243,1.9119854149007796,0.0,-1.3720835696300433e-16
log_kvrh,0,proposal_ensemble_std,-0.0328739657998085,0.016610038191378372,0.012573039968321945,0.14838856295385458,0.014384587221452349,0.6386210334336838,0.0,-1.0956962698371383e-16
log_kvrh,0,directional_agreement,-0.008517174981534481,0.006777908577178835,0.004783081260909032,0.024046155200455468,0.006598874774469662,0.025005853675398815,0.0,2.844861948573117e-12
log_kvrh,0,route_consensus,-0.01632828265428543,0.01621066967068624,0.014476282842477277,0.01841721506407204,0.01621066967068624,0.01841721506407204,0.0,-3.224307964905805e-18
log_kvrh,0,data_minus_relation_prediction,-0.014306467957794666,0.008078785191746886,0.00471430352024213,0.06064383711259469,0.00728672241251131,0.19767665390809888,0.0,1.2631960685233321e-20
log_kvrh,0,abs_data_minus_relation_prediction,0.0009051417000591755,0.0005080193610174531,0.0003900296585492686,0.004020588711490435,0.0004524350879098599,0.014545674955108199,0.0,-7.468646755144201e-19
log_kvrh,0,route_anchor_probability,0.0,0.0,0.0,0.0,0.0,0.0,0.0,0.0
log_kvrh,0,route_data_probability,-0.027624156326055527,0.02312625065597228,0.021213287168802598,0.06069494897269876,0.02266622828166537,0.085008315499285,0.0,1.0484527368743657e-18
log_kvrh,0,route_relation_probability,0.027624111622571945,0.023126213229237417,0.021213248494421407,0.06069485155132258,0.0226661916021292,0.08500818273822357,0.0,4.673825453536329e-19
log_kvrh,0,route_max_probability,0.07650864124298096,0.06351617332542454,0.058781602826061964,0.18193654585783592,0.06223804539127949,0.20544121227405623,0.0,9.751873649000123e-18
log_kvrh,0,route_entropy,0.0582558698952198,0.04365485900202352,0.037587476859046905,0.2000568322856528,0.04185840016939033,0.27271012850504467,0.0,1.0264761152671538e-10
log_kvrh,0,data_attention_max,-0.04079769179224968,0.03141673452998047,0.02600011934165969,0.1230383406615098,0.03045147241955282,0.13422217208705886,0.0,5.684382308354994e-18
log_kvrh,0,relation_attention_max,-0.017195750027894974,0.012234092629383077,0.009290638849732084,0.06175880844205656,0.01169453054388222,0.07368380587059968,0.0,6.947578376878326e-20
log_kvrh,0,data_attention_entropy,-0.02959423139691353,0.022585939611258956,0.01891881565564822,0.09662185891766628,0.021781862628732256,0.11294260239194859,0.0,4.7759899813695176e-11
log_kvrh,0,relation_attention_entropy,0.004131542518734932,0.002920965988223328,0.0022731744951842146,0.015424788852680161,0.0027784269224857606,0.020786542528230097,0.0,-1.4888431218406732e-11
log_kvrh,0,anchor_standardized,0.062243930995464325,0.049299845568634086,0.043222846966514884,0.186041126127664,0.047541232323459304,0.31120020960717115,0.0,1.1116125403005322e-18
log_kvrh,0,abs_anchor_standardized,-0.0004428848624229431,0.0003285838108742451,0.0002778436989764323,0.0015936253203590613,0.000311410785356337,0.0030525431235116107,0.0,-3.5922138198632255e-20
log_kvrh,0,available_expert_fraction,0.0,0.0,0.0,0.0,0.0,0.0,0.0,0.0
log_kvrh,0,expert_prediction_disagreement,0.16609099507331848,0.05223775157584456,0.04094065861415811,0.28155834585927375,0.04784063840307836,14.04894000782707,0.00011377858686995108,-9.095011693367991e-18
log_kvrh,0,anchor_vs_expert_mean_abs,-0.019624896347522736,0.013297626423028688,0.011369322479460492,0.061990022230074035,0.0125285910544798,0.7945978306689884,0.0,-1.2379321471528654e-18
log_kvrh,0,mean_expert_uncertainty,0.14716163277626038,0.09637879858042618,0.07660612706771952,0.42375162130522886,0.09129210993072222,6.894051759386718,0.0,-7.07389798373066e-19
log_kvrh,0,max_expert_uncertainty,-0.08719708770513535,0.0413460160569106,0.032289657668916324,0.166364240548486,0.038675621653224655,6.353666779632867,0.0,1.2126682257823987e-18
log_kvrh,0,max_abs_expert_prediction,-0.2654359042644501,0.06497616921006245,0.04927025150520673,0.4152889949635859,0.05739781773569398,23.19271754744704,0.00011377858686995108,1.2126682257823987e-18
log_kvrh,1,anchor_prediction,0.022136664018034935,0.017471917731413007,0.015210219931238776,0.06572292958284721,0.01684043407558766,0.11824604245940128,0.0,4.080123301330363e-18
log_kvrh,1,raw_proposal_prediction,0.023634575307369232,0.01861535831415142,0.01624366429511427,0.07002755796794205,0.017929530907059905,0.1325764115741525,0.0,2.1405488979162124e-16
log_kvrh,1,proposal_residual,0.0014610515208914876,0.0006317051719995761,0.00031080537967475874,0.005581220707963107,0.0005346808217770168,0.029683917378453998,0.0,-1.3263558719494986e-19
log_kvrh,1,abs_proposal_residual,0.008921203203499317,0.003923826467301836,0.002896239811219037,0.03332176351124216,0.00330647281821817,0.1965833188193812,0.0,-2.1284853754618144e-18
log_kvrh,1,proposal_ensemble_std,-0.02027002163231373,0.010785961287138178,0.008039959288179991,0.09147345455561369,0.00944887589222877,0.28436567501142956,0.0,-5.206894194453175e-17
log_kvrh,1,directional_agreement,0.04463089630007744,0.03522489063453079,0.024694294818771598,0.12766684218908614,0.03426752491969212,0.1320441326808908,0.0,-8.910449892752291e-12
log_kvrh,1,route_consensus,0.023344816640019417,0.023196545886326865,0.02085032131263314,0.02613774894806754,0.023196545886326865,0.02613774894806754,0.0,2.046377631007798e-18
log_kvrh,1,data_minus_relation_prediction,-0.03402014076709747,0.017295914130883033,0.009590537464914655,0.14524920812343403,0.015231310340923416,0.8609821941726367,0.0,5.0527842740933285e-20
log_kvrh,1,abs_data_minus_relation_prediction,-0.011180422268807888,0.005653837298662731,0.004260544628776647,0.04874600198953121,0.00492345417751449,0.3225219182673708,0.0,5.608590544243594e-18
log_kvrh,1,route_anchor_probability,0.0,0.0,0.0,0.0,0.0,0.0,0.0,0.0
log_kvrh,1,route_data_probability,-0.02316662110388279,0.01902922483983135,0.017205320072619337,0.05392923812970689,0.0186371015869244,0.06090480601666573,0.0,4.1180191833860624e-18
log_kvrh,1,route_relation_probability,0.023166006430983543,0.0190287199493924,0.01720486360471407,0.0539278068060517,0.01863660710921814,0.060903190625906226,0.0,-1.2316161668102488e-18
log_kvrh,1,route_max_probability,-0.04584108665585518,0.03887097328038773,0.037081393489254336,0.10467463779228166,0.03818132744303698,0.10891785554996203,0.0,1.55815235052353e-17
log_kvrh,1,route_entropy,-0.05548983812332153,0.042016254300102744,0.03799752496440291,0.1947595007644472,0.040341602254339665,0.2198299525120725,0.0,-6.916948550192301e-11
log_kvrh,1,data_attention_max,-0.117522694170475,0.09461829368626616,0.0828439662001184,0.33169793335371955,0.09196982614544,0.3875588006767981,0.0,1.677524378998985e-17
log_kvrh,1,relation_attention_max,0.03168151527643204,0.025129229521629156,0.021634132874563394,0.09190230627494607,0.024322782490566984,0.12849152145034495,0.0,-1.0358207761891322e-18
log_kvrh,1,data_attention_entropy,-0.10386708378791809,0.07952078345783874,0.06499898004766232,0.32493957874391527,0.07658369382479456,0.432336101465146,0.0,3.942477761303054e-10
log_kvrh,1,relation_attention_entropy,0.05268535017967224,0.04165127937441297,0.03479311226838943,0.1505262099311895,0.04022204051731113,0.25466604041956636,0.0,-1.536966476770614e-10
log_kvrh,1,anchor_standardized,0.04661565274000168,0.03679147245943288,0.032106964741528174,0.13842563477771302,0.03546168094426954,0.24917241321347983,0.0,1.301091950579032e-18
log_kvrh,1,abs_anchor_standardized,0.08152015507221222,0.060451638624247704,0.05133830867910554,0.28911825252323964,0.05727845543445361,0.604792202617902,0.0,2.9053509576036637e-18
log_kvrh,1,available_expert_fraction,0.0,0.0,0.0,0.0,0.0,0.0,0.0,0.0
log_kvrh,1,expert_prediction_disagreement,-0.03509843721985817,0.023802058371702132,0.01829230395628345,0.13855646663179452,0.022238139699241512,0.4513738114612092,0.0,-1.894794102784998e-18
log_kvrh,1,anchor_vs_expert_mean_abs,-0.02716459520161152,0.019515446601312898,0.016249367877863942,0.10019918691831128,0.018394584879124997,0.2103595563032189,0.0,3.4106293850129964e-19
log_kvrh,1,mean_expert_uncertainty,-0.08582118153572083,0.06895307265858851,0.06972998701241402,0.2534297381613321,0.0662512123108162,0.5844365452737497,0.0,-7.07389798373066e-19
log_kvrh,1,max_expert_uncertainty,0.16618071496486664,0.13116332341740256,0.12876908687718475,0.5488747723522934,0.12455949586013311,1.4402592845876572,0.0,-2.627447822528531e-18
log_kvrh,1,max_abs_expert_prediction,0.005089292768388987,0.0032272246002147268,0.0026827981422672766,0.021296503050852643,0.002938654529446862,0.0862557949879407,0.0,4.926464667240995e-19
log_kvrh,2,anchor_prediction,-0.008545455522835255,0.006729245149132969,0.005845529241566351,0.025855923454832064,0.006480396364446801,0.04361912937645635,0.0,-1.8314259223054347e-18
log_kvrh,2,raw_proposal_prediction,-0.00854085199534893,0.006705142300398043,0.005848364172793979,0.026424892847153013,0.0064480984328712816,0.04833646894862927,0.0,6.046231648328355e-17
log_kvrh,2,proposal_residual,-0.004546565003693104,0.0019424094498668532,0.0009527215037868645,0.018344095850829724,0.001629446375193742,0.08930879119957838,0.0,-1.0925402915822076e-18
log_kvrh,2,abs_proposal_residual,-0.09528257697820663,0.0415044018259466,0.030119244892742685,0.37828131576497903,0.034668089057401534,2.026115550285357,0.0,-4.491414192909052e-17
log_kvrh,2,proposal_ensemble_std,0.006146254483610392,0.0031939737123239617,0.002400327175586101,0.025317976351638873,0.002800616698936392,0.14383804072992312,0.0,-1.6830172699806838e-17
log_kvrh,2,directional_agreement,-0.020501969382166862,0.017107371651512136,0.013102113614794087,0.05232138965694865,0.01674195387959329,0.05423741688248971,0.0,1.0201196050191413e-11
log_kvrh,2,route_consensus,-0.039714962244033813,0.039587380110383874,0.03665189289764843,0.04303401820062753,0.039587380110383874,0.04303401820062753,0.0,6.441567037074287e-19
log_kvrh,2,data_minus_relation_prediction,0.00031653870246373117,0.00016252436642493498,9.109306743664613e-05,0.0011987249265178162,0.00014375972940860297,0.007260416436105008,0.0,1.776167381546219e-21
log_kvrh,2,abs_data_minus_relation_prediction,-0.04416999965906143,0.022345994427815683,0.01698758300089641,0.16896090258523497,0.019520849064582447,1.1536520993783914,0.0,5.491751662195882e-17
log_kvrh,2,route_anchor_probability,0.0,0.0,0.0,0.0,0.0,0.0,0.0,0.0
log_kvrh,2,route_data_probability,-0.02934287302196026,0.02369888107079661,0.020715676252799776,0.06339724521762863,0.023276149694534853,0.06835020703528634,0.0,3.7481078789250875e-18
log_kvrh,2,route_relation_probability,0.029343821108341217,0.02369964678706365,0.020716347541836995,0.0633992920823268,0.023276901748925247,0.06835241791115042,0.0,3.094478282516079e-18
log_kvrh,2,route_max_probability,-0.032828204333782196,0.027654471139045105,0.02621724273054701,0.07516164625802509,0.02713686328552107,0.08333527531415992,0.0,9.851808409643028e-19
log_kvrh,2,route_entropy,-0.034004684537649155,0.025745299839225723,0.022949662402078668,0.11389061907711757,0.024711198021301277,0.14880047482795147,0.0,-8.0434522511085e-11
log_kvrh,2,data_attention_max,-0.024562958627939224,0.020210356384021404,0.017992089236393408,0.06286587431583177,0.01974080463184059,0.07525913582537716,0.0,-2.5829420766307683e-18
log_kvrh,2,relation_attention_max,-0.0028031026013195515,0.002233139074916002,0.001931417859490553,0.007945252359485816,0.002167071758418612,0.010308938426477843,0.0,-3.41024137256874e-19
log_kvrh,2,data_attention_entropy,-0.005940654315054417,0.004801003398439208,0.0042476719965921965,0.01615698397911555,0.004669688917898602,0.02160446800321635,0.0,6.899203354993738e-12
log_kvrh,2,relation_attention_entropy,-0.029149938374757767,0.023197466357081552,0.019358290993241878,0.08129285788348334,0.022464906733349638,0.12736553449186494,0.0,7.797330329125141e-11
log_kvrh,2,anchor_standardized,-0.04707185924053192,0.037058221240169005,0.0321679773929818,0.14259577011997007,0.03568592164395669,0.23854135167893303,0.0,3.7891570806319336e-19
log_kvrh,2,abs_anchor_standardized,0.009257527999579906,0.006817703237235991,0.005770114854838098,0.033618741682876464,0.006449281150816645,0.06425245817217466,0.0,6.441567037074287e-19
log_kvrh,2,available_expert_fraction,0.0,0.0,0.0,0.0,0.0,0.0,0.0,0.0
log_kvrh,2,expert_prediction_disagreement,0.03254196047782898,0.020843094017115912,0.015890625404793895,0.11748579423653852,0.01928583248345301,0.5425844919592036,0.0,-1.7177512098864766e-18
log_kvrh,2,anchor_vs_expert_mean_abs,-0.025461841374635696,0.018146523994458607,0.014835317858026772,0.09410398671099054,0.01706491051819732,0.218073178621831,0.0,-1.4019881198338154e-18
log_kvrh,2,mean_expert_uncertainty,-0.18190525472164154,0.1433819214443379,0.1362966022187116,0.6002338090113921,0.1368059830541661,1.927750843217528,0.0,-4.0417675526740624e-19
log_kvrh,2,max_expert_uncertainty,0.15747635066509247,0.11707680166334064,0.1068983283920178,0.5481468094240075,0.10966591630388772,2.317783098635525,0.0,4.951165252025727e-18
log_kvrh,2,max_abs_expert_prediction,-0.02264130860567093,0.013188502158758792,0.010875120884411667,0.08357195187717474,0.011886564281244467,0.4726023409923409,0.0,-8.588756049432383e-19
log_kvrh,3,anchor_prediction,0.030523013323545456,0.024117786962241913,0.021124964936610723,0.09053896455333169,0.023247084808737627,0.16018815859777752,0.0,6.6436554147079904e-18
log_kvrh,3,raw_proposal_prediction,0.030351528897881508,0.023936678196162665,0.021000236060483176,0.09096048005771236,0.023045813931105358,0.1742852694554273,0.0,-1.7531166759723745e-17
log_kvrh,3,proposal_residual,0.015427250415086746,0.006612928049470815,0.0029724727512512325,0.06011284023048018,0.005517636335457839,0.29912395866963476,0.0,-4.420683260737256e-20
log_kvrh,3,abs_proposal_residual,0.04730083793401718,0.021340762864809792,0.0158782400227291,0.1813313448634586,0.01784005254782107,0.992558041790356,0.0,-3.1323698533223984e-18
log_kvrh,3,proposal_ensemble_std,-0.030352458357810974,0.016547644300966044,0.012591414799113635,0.12964344576876294,0.014591782020247515,0.5126974335503758,0.0,2.3265424475080073e-17
log_kvrh,3,directional_agreement,-0.018163839355111122,0.014553232620777965,0.010447063067897906,0.0505741891351185,0.014178906100088437,0.052470059761569626,0.0,6.617749452968654e-13
log_kvrh,3,route_consensus,0.01627018302679062,0.016244883369304873,0.015387125518985977,0.017203918652552993,0.016244883369304873,0.017203918652552993,0.0,1.5914459738654122e-18
log_kvrh,3,data_minus_relation_prediction,-0.07303852587938309,0.04521000425620949,0.02806408414583776,0.2768881736454366,0.041669198618265305,1.015205250904856,0.0,5.052209440842578e-20
log_kvrh,3,abs_data_minus_relation_prediction,0.007207093294709921,0.004473268738520923,0.0035454410961632257,0.029102152625607832,0.004073668424087608,0.12186130502866861,0.0,9.460262177977727e-18
log_kvrh,3,route_anchor_probability,0.0,0.0,0.0,0.0,0.0,0.0,0.0,0.0
log_kvrh,3,route_data_probability,-0.015030886977910995,0.011847511632203777,0.009709264513400252,0.03616145319641145,0.011596631300519857,0.03688450247941221,0.0,1.894578540315967e-18
log_kvrh,3,route_relation_probability,0.015030783601105213,0.011847430113777063,0.009709197721537435,0.03616120464163568,0.011596551506490275,0.036884247927840494,0.0,1.1888480340482692e-18
log_kvrh,3,route_max_probability,-0.13965092599391937,0.11584304471538218,0.10807884993578759,0.3357502927909245,0.11357654409816584,0.3426295136111287,0.0,4.344900119124617e-18
log_kvrh,3,route_entropy,-0.15471689403057098,0.11343317874575064,0.09664794182761974,0.5559904462351453,0.10872233891479574,0.5963775056835172,0.0,2.4842699324805327e-10
log_kvrh,3,data_attention_max,0.11821132898330688,0.09385370730790846,0.07953585844601074,0.34348253889243835,0.09098092567382039,0.4390686102297805,0.0,-6.719438556320629e-18
log_kvrh,3,relation_attention_max,-0.017686400562524796,0.013764940799104038,0.011456617981779287,0.052343016336121824,0.01333902645813892,0.06348095665737853,0.0,3.688112891815082e-18
log_kvrh,3,data_attention_entropy,0.13684935867786407,0.10690837675800703,0.08990701755069247,0.4113968475979355,0.10315911718564219,0.6078609345311567,0.0,-2.064373695372539e-11
log_kvrh,3,relation_attention_entropy,-0.0034320265986025333,0.002640717350896231,0.002121931903041114,0.01042918912157316,0.0025497900623056118,0.014307808990752699,0.0,1.234898381883613e-11
log_kvrh,3,anchor_standardized,0.024572692811489105,0.019413923587831207,0.017039790340114616,0.0731964625031536,0.018711977847968464,0.130138607218849,0.0,3.7891570806319336e-20
log_kvrh,3,abs_anchor_standardized,0.1056334525346756,0.07827259670612446,0.06653477336357441,0.37670069738933,0.07414525386517122,0.7763797562474408,0.0,-6.315261801053222e-18
log_kvrh,3,available_expert_fraction,0.0,0.0,0.0,0.0,0.0,0.0,0.0,0.0
log_kvrh,3,expert_prediction_disagreement,0.09570402652025223,0.05905790350507118,0.044374497283322795,0.3315218583389287,0.05466638391503217,2.2484751767616458,0.0,6.062651329011094e-19
log_kvrh,3,anchor_vs_expert_mean_abs,-0.11934219300746918,0.08443357222882142,0.06915138455475509,0.44395480176267954,0.07922018692361922,1.0489524817463083,0.0,-2.6271489092381405e-18
log_kvrh,3,mean_expert_uncertainty,0.07696432620286942,0.06243362309165467,0.06396855593883527,0.23071914989351167,0.060171579057214555,0.5503603613180521,0.0,1.162008171393793e-18
log_kvrh,3,max_expert_uncertainty,0.008194114081561565,0.006459101527045923,0.006390208914645171,0.026837360702219155,0.006141687562663848,0.09204559909616397,0.0,-3.315512445552942e-19
log_kvrh,3,max_abs_expert_prediction,-0.08716122061014175,0.04926032567044661,0.04021940044152886,0.28359118319239707,0.04464209533691639,2.4821009120746598,0.0,-5.860562951377391e-18
log_kvrh,4,anchor_prediction,0.041752301156520844,0.03287999510131709,0.028780008994050442,0.12414348360911757,0.03166188895963359,0.2295277812697665,0.0,-4.597510591166746e-18
log_kvrh,4,raw_proposal_prediction,0.04006496071815491,0.03148541769179258,0.02751656456129568,0.1196088417415647,0.030288286856317362,0.25278404309425906,0.0,-5.668831603097415e-16
log_kvrh,4,proposal_residual,-0.01572790928184986,0.007112157689153844,0.0035816736611338734,0.06429318864395836,0.006047114523720417,0.3153810875752527,0.0,-2.526104720421289e-20
log_kvrh,4,abs_proposal_residual,-0.01009833812713623,0.0046196273548855735,0.0034689037428620915,0.04109942948887378,0.003899589331985412,0.22186047485476929,0.0,-1.6817542176204732e-17
log_kvrh,4,proposal_ensemble_std,-0.0719422847032547,0.03937745702949501,0.03012383455658513,0.3213325549467732,0.03484495484633276,1.5058212220900757,0.0,2.0284620904982951e-16
log_kvrh,4,directional_agreement,-0.027476532384753227,0.022143954719189812,0.015929556627706756,0.07557489351779477,0.021586437371712418,0.07880430005584804,0.0,8.745350818817546e-12
log_kvrh,4,route_consensus,0.02822338044643402,0.028065651106605936,0.025385580698401543,0.03137841175617734,0.028065651106605936,0.03137841175617734,0.0,-9.09397699351664e-19
log_kvrh,4,data_minus_relation_prediction,-0.012368936091661453,0.006608235991518561,0.003994099252868881,0.047391692248448705,0.005871575251740166,0.23704757665189158,0.0,-1.0814885834303644e-18
log_kvrh,4,abs_data_minus_relation_prediction,-0.06255906075239182,0.031559200496804524,0.024060766355811024,0.24044118995810806,0.027467748836415718,1.3865222687480843,0.0,-1.4280069984541548e-16
log_kvrh,4,route_anchor_probability,0.0,0.0,0.0,0.0,0.0,0.0,0.0,0.0
log_kvrh,4,route_data_probability,-0.021937690675258636,0.01772803813697262,0.01562566776459768,0.057930607297819056,0.017294939981604408,0.06301043377963247,0.0,-1.8819480167138603e-18
log_kvrh,4,route_relation_probability,0.02193843200802803,0.017728637216572037,0.015626194226842548,0.057932563527546325,0.01729552442486498,0.06301256315552262,0.0,-1.3009439310169639e-18
log_kvrh,4,route_max_probability,-0.019884521141648293,0.016944868305625974,0.016384369625336865,0.04435612514187497,0.016647430629510768,0.04884655041404259,0.0,-3.984930196464584e-18
log_kvrh,4,route_entropy,-0.02621198631823063,0.020516825905790036,0.019079253577263908,0.09008736594577216,0.019709288110320945,0.11575464373773016,0.0,2.1203835618809366e-11
log_kvrh,4,data_attention_max,0.08751440048217773,0.06969739284402038,0.06005585842994526,0.23396630284926334,0.06792578641436074,0.26812712993338295,0.0,-1.4348274811992923e-17
log_kvrh,4,relation_attention_max,-0.0020754211582243443,0.0016412552612350625,0.0013837222630860369,0.0058395294992252935,0.0015939477889229002,0.007958998216160189,0.0,-1.3340990554724933e-19
log_kvrh,4,data_attention_entropy,0.11739327013492584,0.09162924331025937,0.07462655080711719,0.33806264185951895,0.0888560655459041,0.43593465679204735,0.0,-3.582597234928194e-10
log_kvrh,4,relation_attention_entropy,0.03507084399461746,0.028155728188600036,0.024199122703864075,0.09057256583044428,0.02739647095277989,0.14365603899004173,0.0,-8.120535276951225e-12
log_kvrh,4,anchor_standardized,0.01472664624452591,0.011595701098410212,0.010142046800409716,0.0440279891194721,0.01116565307649515,0.0813527386253408,0.0,2.27349424837916e-19
log_kvrh,4,abs_anchor_standardized,0.0148733239620924,0.010984086321879933,0.009345687625585247,0.05307326388540879,0.01039106036571521,0.11428401750401035,0.0,-3.7891570806319336e-19
log_kvrh,4,available_expert_fraction,0.0,0.0,0.0,0.0,0.0,0.0,0.0,0.0
log_kvrh,4,expert_prediction_disagreement,-0.19087520241737366,0.12551634343537563,0.09653118223754104,0.6822162138880252,0.11670451984007316,2.8152153305795173,0.0,-6.4668280842785e-18
log_kvrh,4,anchor_vs_expert_mean_abs,0.05976073816418648,0.04212793045745749,0.03499866774479081,0.23037189405824735,0.03949158821673247,0.5346466328277757,0.0,-1.2883134074148575e-18
log_kvrh,4,mean_expert_uncertainty,-0.0206905547529459,0.016937360504891075,0.017301290816209694,0.06273908565828519,0.016299412826012234,0.13700968766591387,0.0,-2.0208837763370312e-19
log_kvrh,4,max_expert_uncertainty,0.15368090569972992,0.12457706785542273,0.1243329618549057,0.4992910431629517,0.11835693466810472,1.3063121290640063,0.0,-5.254297818476281e-18
log_kvrh,4,max_abs_expert_prediction,0.12067943811416626,0.07440062130377899,0.06173659204789025,0.43899775096751303,0.06758663184355326,2.188762789904241,0.0,1.0710684014586266e-17
log_gvrh,0,anchor_prediction,-0.006059980019927025,0.0048090656078870085,0.00411609650152519,0.017331467927819432,0.004651591756758363,0.026397361948041462,0.0,-9.710819776773115e-19
log_gvrh,0,raw_proposal_prediction,-0.005538867320865393,0.004391543410139132,0.0037616341951791092,0.015839951091875498,0.004244331242811277,0.025639882408633217,0.0,7.972977785502141e-17
log_gvrh,0,proposal_residual,0.008029754273593426,0.004143624873739737,0.002123135477558886,0.033485659475597715,0.0036583443624195328,0.11548740277652407,0.0,-2.3684926284812474e-19
log_gvrh,0,abs_proposal_residual,-0.051074519753456116,0.027271186655581054,0.020917909684295556,0.21791841110206833,0.02393915502771139,0.8271993838758575,0.0,1.0787694425189256e-16
log_gvrh,0,proposal_ensemble_std,-0.026177074760198593,0.014814361526461234,0.011518845534795088,0.10634482101991222,0.013277497202429352,0.6624986465550663,0.0,7.043581278086099e-17
log_gvrh,0,directional_agreement,0.03680434823036194,0.029148087284309804,0.020420793018678187,0.10441245060837381,0.028365853546654465,0.1087595994614304,0.0,2.2519374514468356e-11
log_gvrh,0,route_consensus,0.008786612190306187,0.008767788113766035,0.008229398732581127,0.009381554630130226,0.008767788113766035,0.009381554630130226,0.0,-4.121177173557371e-19
log_gvrh,0,data_minus_relation_prediction,0.010196194052696228,0.00605467238019599,0.0036588798052231307,0.039741021057342424,0.00552857328740352,0.1398959281364981,0.0,2.400072530194331e-19
log_gvrh,0,abs_data_minus_relation_prediction,-0.01694534160196781,0.01006339060551247,0.007893648568409415,0.0697924616841148,0.009078548215640567,0.27630701893624027,0.0,8.217090425744275e-18
log_gvrh,0,route_anchor_probability,0.0,0.0,0.0,0.0,0.0,0.0,0.0,0.0
log_gvrh,0,route_data_probability,-0.02303619123995304,0.018874807432409737,0.016366804396831205,0.05117045780083835,0.018491429257403533,0.06173131903995971,0.0,-4.332762515035029e-18
log_gvrh,0,route_relation_probability,0.02303561009466648,0.018874331278758934,0.016366388337368653,0.05116916819735237,0.01849096277403737,0.061729766412782806,0.0,2.400072530194331e-18
log_gvrh,0,route_max_probability,-0.16950072348117828,0.13967279654562698,0.12725563869392814,0.38529905266544334,0.1371206175303971,0.40134734751981427,0.0,-9.903457177222923e-18
log_gvrh,0,route_entropy,-0.16354712843894958,0.12088046865225786,0.10268791045423276,0.5286527404592888,0.11649085591272228,0.5985573237097144,0.0,1.698419743930619e-11
log_gvrh,0,data_attention_max,0.09515607357025146,0.07317208387297987,0.06094911508883505,0.28459715713581657,0.07096063047135484,0.3062094118227963,0.0,5.305423487797995e-18
log_gvrh,0,relation_attention_max,0.060415320098400116,0.04404912493904045,0.034576715567305745,0.22397204532038112,0.04205866196593541,0.2664789400160687,0.0,-8.134982681290259e-18
log_gvrh,0,data_attention_entropy,0.04716333746910095,0.036317060485199136,0.030463385411376897,0.1514739076305436,0.035077053278288486,0.17314849179082645,0.0,1.3617205617546714e-10
log_gvrh,0,relation_attention_entropy,0.0730670616030693,0.05137657393140897,0.03836234712822101,0.2876280453251286,0.048612089300943025,0.3879811562282736,0.0,4.172860209102969e-11
log_gvrh,0,anchor_standardized,0.04316489398479462,0.034250148516709086,0.02930081039215468,0.1238602684894642,0.03312781814000889,0.1877356379268627,0.0,3.789588205569996e-20
log_gvrh,0,abs_anchor_standardized,0.07673455029726028,0.058683434660019226,0.05099360291718596,0.2615497186201843,0.056000343524473535,0.4481719805830925,0.0,1.3137239112642654e-18
log_gvrh,0,available_expert_fraction,0.0,0.0,0.0,0.0,0.0,0.0,0.0,0.0
log_gvrh,0,expert_prediction_disagreement,-0.016265956684947014,0.011462937705422595,0.009016647612036896,0.06275015586193113,0.010829907095125988,0.11913352207497571,0.0,1.0610846975595989e-18
log_gvrh,0,anchor_vs_expert_mean_abs,-0.03149833902716637,0.02418513104654499,0.021017149049582826,0.10778111287151249,0.023073139092452535,0.19372580000000877,0.0,8.337094052253991e-19
log_gvrh,0,mean_expert_uncertainty,0.03667886555194855,0.026564704486840698,0.021064964545761004,0.12371999139111033,0.025059619340332528,0.3050586948305549,0.0,5.810701915207328e-19
log_gvrh,0,max_expert_uncertainty,0.0004423248756211251,0.0003022033574328602,0.00023619815647540893,0.0013339678087378628,0.00028117372793627936,0.005381342221822276,0.0,-2.0132187342090605e-20
log_gvrh,0,max_abs_expert_prediction,-0.010887651704251766,0.00696859362412199,0.005352201396463722,0.04675578037601218,0.006398941402049211,0.1128097719608863,0.0,-6.947578376878326e-19
log_gvrh,1,anchor_prediction,-0.004799955058842897,0.003809270813009116,0.0032356705217947523,0.013581618641809966,0.003685393588543531,0.02049177216950209,0.0,6.3159803426166606e-21
log_gvrh,1,raw_proposal_prediction,-0.005412907339632511,0.004289748683778146,0.0036466217414841415,0.015406778327124176,0.004146824051891557,0.025362371011167388,0.0,6.378192748991435e-17
log_gvrh,1,proposal_residual,0.007854907773435116,0.00383057455122207,0.001828268417463703,0.03405695943099707,0.003349477372942514,0.14081647175953474,0.0,-3.6948485004307463e-19
log_gvrh,1,abs_proposal_residual,-0.12941165268421173,0.06728462510244734,0.05085832921610959,0.5693455723919594,0.05888532919617749,2.584725811644116,0.0,2.940720447522317e-16
log_gvrh,1,proposal_ensemble_std,-0.0029419483616948128,0.001716466847991626,0.0013301080176130976,0.01273205447506892,0.001542463095525317,0.04359275187430758,0.0,-3.663268598717663e-19
log_gvrh,1,directional_agreement,0.01042100042104721,0.008720480711539313,0.006642496745395754,0.02658491777745003,0.008535682776634452,0.027428938723537542,0.0,-1.3530181008399778e-12
log_gvrh,1,route_consensus,0.03575323894619942,0.034939026709045966,0.028822893349521785,0.04434995750228264,0.034939026709045966,0.04434995750228264,0.0,5.5327987801321945e-18
log_gvrh,1,data_minus_relation_prediction,-0.0015446420293301344,0.000860338717580709,0.000461418462651271,0.006396119061340755,0.0007776915795210569,0.022564881023872864,0.0,5.131734028376037e-21
log_gvrh,1,abs_data_minus_relation_prediction,-0.016908729448914528,0.00976265460914173,0.0075822850840614325,0.0728580512940994,0.00877219508832573,0.2859145234474623,0.0,6.61914739906226e-18
log_gvrh,1,route_anchor_probability,0.0,0.0,0.0,0.0,0.0,0.0,0.0,0.0
log_gvrh,1,route_data_probability,-0.0018837623065337539,0.0015991936907876212,0.0015526541893694876,0.0037819228175807944,0.001575948051179954,0.003967300109828543,0.0,-2.5846175808301613e-19
log_gvrh,1,route_relation_probability,0.0018840687116608024,0.0015994538102360807,0.0015529067366417196,0.0037825379641768246,0.0015762043899408362,0.003967945551106725,0.0,-1.7566320327902587e-19
log_gvrh,1,route_max_probability,-0.0715026929974556,0.06263792150135823,0.0645712607757037,0.12084625651898616,0.06204197966290789,0.12223765420002938,0.0,1.038347168326179e-17
log_gvrh,1,route_entropy,-0.031089624390006065,0.026150422668597788,0.025028679164615406,0.07431214064845913,0.0256479480078724,0.07745877582577676,0.0,6.5685240271186445e-12
log_gvrh,1,data_attention_max,-0.11877422779798508,0.09543349097464876,0.08305213502033629,0.34313420814005813,0.09274538366051735,0.3936379065915759,0.0,2.627447822528531e-18
log_gvrh,1,relation_attention_max,-0.004484887700527906,0.003538691092730088,0.003072895181629251,0.013761974049903975,0.003417358491968497,0.018794844890709282,0.0,-8.210774445401658e-19
log_gvrh,1,data_attention_entropy,-0.0978693813085556,0.07484897831949408,0.06110020298950406,0.3139742284895399,0.07209249196295073,0.4033203004225777,0.0,7.183778993598048e-11
log_gvrh,1,relation_attention_entropy,0.03782381862401962,0.02978084826027937,0.024818447870088106,0.11593554382601497,0.028682423148012615,0.19050304379064184,0.0,-7.333729010982466e-11
log_gvrh,1,anchor_standardized,-0.03336220607161522,0.026475610870475702,0.022543843054375453,0.09447278894810768,0.025613852585570192,0.14319787029204945,0.0,-3.53694899186533e-19
log_gvrh,1,abs_anchor_standardized,0.04842744767665863,0.0371305377725439,0.032175529956388595,0.16215463509977474,0.03545073633401174,0.2784079111680646,0.0,2.3495446874533976e-18
log_gvrh,1,available_expert_fraction,0.0,0.0,0.0,0.0,0.0,0.0,0.0,0.0
log_gvrh,1,expert_prediction_disagreement,-0.1345635950565338,0.09191514184058518,0.07257409378874775,0.5257122849146607,0.08593536880488147,1.7092440633871582,0.0,-1.2379321471528654e-17
log_gvrh,1,anchor_vs_expert_mean_abs,0.003988283686339855,0.0029845540303584032,0.002510674698568518,0.013718941749283882,0.0028341570988278456,0.02970653331119041,0.0,2.0447986359221437e-19
log_gvrh,1,mean_expert_uncertainty,-0.011492195539176464,0.009369260331233906,0.008982229787626602,0.032713411238977474,0.00904180013549911,0.1250111329974983,0.0,3.663268598717663e-19
log_gvrh,1,max_expert_uncertainty,0.01515394076704979,0.01223902131868384,0.013206137210174315,0.037652339365092616,0.011806136923211736,0.29508248023911016,0.0,-6.568619556321327e-19
log_gvrh,1,max_abs_expert_prediction,0.13536442816257477,0.08436400583636333,0.07136306019826454,0.5693516147644848,0.07655513019152546,2.314149061514841,0.0,8.589733265958659e-18
log_gvrh,2,anchor_prediction,0.02099229395389557,0.016575201793814047,0.014160709873188092,0.06074969601540078,0.016014530937018236,0.09073878640845486,0.0,6.214217612236371e-18
log_gvrh,2,raw_proposal_prediction,0.02067907527089119,0.016313349546282583,0.013854437824333366,0.05982679787581265,0.015750804940917427,0.09283835328899416,0.0,-1.906956453446031e-16
log_gvrh,2,proposal_residual,0.0100168501958251,0.0054078278486084505,0.0029271834507122287,0.04190931322172275,0.004825497591705822,0.16271328421292347,0.0,3.7575807716266676e-19
log_gvrh,2,abs_proposal_residual,-0.06638430804014206,0.036675693242270824,0.028199537410364402,0.28798929690455183,0.03246217430456514,1.238270428085569,0.0,3.993771562986058e-17
log_gvrh,2,proposal_ensemble_std,-0.06680814176797867,0.040884023306903036,0.03214782435841691,0.29153087216888035,0.03721201705578442,0.8360640189773036,0.0,2.728193098054992e-17
log_gvrh,2,directional_agreement,-0.02434616908431053,0.019750930871259297,0.014411877740357928,0.0658442460729568,0.01927369800396952,0.06793370384784776,0.0,7.302177968601005e-12
log_gvrh,2,route_consensus,0.03899809718132019,0.038926605222515155,0.03670509117205623,0.041434349710088185,0.038926605222515155,0.041434349710088185,0.0,3.953353887459318e-18
log_gvrh,2,data_minus_relation_prediction,-0.025009218603372574,0.015182931237491832,0.009214101944274076,0.1028375614797998,0.013942430034741254,0.26135730624201664,0.0,7.088881371682242e-19
log_gvrh,2,abs_data_minus_relation_prediction,0.0007403275230899453,0.00045066688254657414,0.0003519167798521564,0.003251250042714107,0.00040900633724282097,0.009185361610114845,0.0,9.074241800388348e-19
log_gvrh,2,route_anchor_probability,0.0,0.0,0.0,0.0,0.0,0.0,0.0,0.0
log_gvrh,2,route_data_probability,-0.01279706321656704,0.010495041445170347,0.009571972100746154,0.028616078959627606,0.010301935254632128,0.030189089577319576,0.0,-4.654347947376225e-18
log_gvrh,2,route_relation_probability,0.012797143310308456,0.010495107136913977,0.009572030405037098,0.028616256457597182,0.01030199973711406,0.030189278783920005,0.0,-5.6837356209479e-19
log_gvrh,2,route_max_probability,-0.0404214970767498,0.03417257503317952,0.033101592641674324,0.08752749151615599,0.033608433670923865,0.0914410882415267,0.0,-1.0723314538188372e-17
log_gvrh,2,route_entropy,-0.041679561138153076,0.03232277403413182,0.029344916280683555,0.13654483870920486,0.031156980666999335,0.1557021082598023,0.0,6.977795573051474e-11
log_gvrh,2,data_attention_max,0.04942680895328522,0.040778579500058164,0.0363150958131791,0.12208140760730575,0.03986416925856443,0.1502191339644626,0.0,8.285623482981828e-18
log_gvrh,2,relation_attention_max,-0.04893409460783005,0.038606210077841804,0.03229127516685784,0.13762428322933415,0.037459517755105726,0.17834182047167801,0.0,7.679358350080719e-18
log_gvrh,2,data_attention_entropy,0.09887190163135529,0.08060031679648047,0.07279549543928163,0.25801126689993303,0.07854448621142508,0.3534047387774061,0.0,-4.866142759124237e-10
log_gvrh,2,relation_attention_entropy,-0.03795262798666954,0.02970445545985128,0.02425716609400487,0.10491630479682537,0.028765869452121954,0.16063682889390185,0.0,6.787706648801674e-11
log_gvrh,2,anchor_standardized,0.016809483990073204,0.013269679796245009,0.01133440448216762,0.048749581842125356,0.012820037475081793,0.07320873054433549,0.0,-2.9681730464950145e-19
log_gvrh,2,abs_anchor_standardized,0.06806313991546631,0.051968286074011466,0.04513259001484296,0.23387866016889453,0.04952919691436666,0.39524825462243046,0.0,1.2630523602106445e-19
log_gvrh,2,available_expert_fraction,0.0,0.0,0.0,0.0,0.0,0.0,0.0,0.0
log_gvrh,2,expert_prediction_disagreement,-0.03423146530985832,0.021748622848197834,0.016636855111139572,0.12287104090949254,0.02010374457413159,0.6526619645251363,0.0,-2.0208837763370312e-19
log_gvrh,2,anchor_vs_expert_mean_abs,0.011559590697288513,0.008491641742021635,0.007212726699634889,0.042193783183482894,0.008034117930941416,0.09195768588359685,0.0,-9.757079482627229e-19
log_gvrh,2,mean_expert_uncertainty,-0.028762640431523323,0.023110746835045763,0.02185493817425479,0.08336339865624297,0.02224333811311232,0.22837866753861,0.0,6.567872273095351e-19
log_gvrh,2,max_expert_uncertainty,0.08097626268863678,0.06420128920679848,0.06578651533357392,0.2538729915902126,0.061296595692572384,1.3219006200206151,0.0,-1.4904017850485605e-18
log_gvrh,2,max_abs_expert_prediction,0.02047773264348507,0.011764282171836036,0.009756110073647023,0.0752183164408668,0.01058391823223037,0.48407289084405764,0.0,1.5156628322527734e-19
log_gvrh,3,anchor_prediction,-0.008383040316402912,0.006644210449508721,0.005643087741869935,0.023539359358638025,0.006430547921745829,0.03525623285191889,0.0,2.1866593986146784e-18
log_gvrh,3,raw_proposal_prediction,-0.007585764396935701,0.0060046194784698316,0.005130819207348798,0.02164666797104847,0.0058042356891422,0.03286817458405796,0.0,2.325895133173399e-16
log_gvrh,3,proposal_residual,0.03491021692752838,0.01978294948867374,0.010744217658823881,0.14769108798909322,0.017880808469657256,0.6147085556668596,0.0,7.679358350080719e-18
log_gvrh,3,abs_proposal_residual,-0.043987926095724106,0.025654431313975753,0.01995132789488509,0.19468086681202484,0.02300339260238051,0.9117489157494946,0.0,1.9552050536060777e-16
log_gvrh,3,proposal_ensemble_std,-0.03449830785393715,0.02144123813879343,0.016872384170203307,0.1485937767404731,0.019578382236261984,0.40802042083791296,0.0,1.0041266263674624e-17
log_gvrh,3,directional_agreement,0.013527674600481987,0.010726870812245173,0.007546883834530113,0.03860641244630196,0.010437562855460688,0.039944096015262415,0.0,-2.9263608601184127e-12
log_gvrh,3,route_consensus,-0.012546198442578316,0.012546143557782547,0.012509142680683828,0.012583363974544567,0.012546143557782547,0.012583363974544567,0.0,2.2356026775728407e-18
log_gvrh,3,data_minus_relation_prediction,-0.0016585997072979808,0.0010162096240291644,0.0006030740591487915,0.006579947624065343,0.0009372144251045822,0.01595637700277496,0.0,1.0499122744250983e-19
log_gvrh,3,abs_data_minus_relation_prediction,-0.06534136086702347,0.0412097936538258,0.032922434838718706,0.2755767501963614,0.03769158485798164,0.7483333710483758,0.0,2.3937368330712137e-16
log_gvrh,3,route_anchor_probability,0.0,0.0,0.0,0.0,0.0,0.0,0.0,0.0
log_gvrh,3,route_data_probability,-0.027310475707054138,0.02169281639339453,0.01776000052769543,0.060572812348512396,0.02127495757284694,0.06581741268416065,0.0,-5.1721994150625894e-18
log_gvrh,3,route_relation_probability,0.027310386300086975,0.02169274539689824,0.017759942422382588,0.06057260937643454,0.021274887949016014,0.06581719772567679,0.0,2.715562574452886e-18
log_gvrh,3,route_max_probability,-0.04703867435455322,0.039219754508709,0.036630049744583906,0.10859161926887514,0.038514331383193406,0.10918717643538309,0.0,4.875382110413088e-18
log_gvrh,3,route_entropy,-0.08566590398550034,0.06352244508346964,0.05392289989438127,0.2926349369005146,0.06116395525120635,0.2993181613074998,0.0,-1.3644771445951984e-11
log_gvrh,3,data_attention_max,0.06865527480840683,0.05424182086057825,0.04656677417214287,0.2041739495363734,0.052473419677253566,0.2726140133593997,0.0,6.668916461912203e-18
log_gvrh,3,relation_attention_max,-0.12807422876358032,0.1000962875808371,0.0839203342325479,0.38164819213055573,0.09703688431919164,0.4641682025796478,0.0,-1.2478957318881167e-17
log_gvrh,3,data_attention_entropy,0.11715459823608398,0.09121216843888628,0.07386040801029382,0.3498571936277916,0.08800522190134624,0.5439072713960308,0.0,-1.0746207064136833e-10
log_gvrh,3,relation_attention_entropy,-0.0854765921831131,0.06573321591412443,0.05118552069940058,0.2642523464647266,0.0634750464662972,0.36134651723298855,0.0,-3.093822987458828e-10
log_gvrh,3,anchor_standardized,-0.013684841804206371,0.010846185933603283,0.009229416641172251,0.03847937007407054,0.010497465438597654,0.057576556315841625,0.0,9.472892701579834e-21
log_gvrh,3,abs_anchor_standardized,0.04251610487699509,0.03270568863411702,0.028554977649312765,0.1407197872209806,0.03126028500317108,0.23803470697217408,0.0,3.460763466977166e-18
log_gvrh,3,available_expert_fraction,0.0,0.0,0.0,0.0,0.0,0.0,0.0,0.0
log_gvrh,3,expert_prediction_disagreement,-0.0970800593495369,0.060889486931841014,0.04744967686752155,0.34561847418990665,0.05641901340948775,2.087329403651111,0.0,-5.759518762560539e-18
log_gvrh,3,anchor_vs_expert_mean_abs,0.02170386165380478,0.016016137626152605,0.013756426234883691,0.07447339468484644,0.015151283430935194,0.20039878498193872,0.0,2.008253252734925e-18
log_gvrh,3,mean_expert_uncertainty,-0.07507947832345963,0.061257911033135486,0.05910052913580362,0.21517959151144217,0.05922693469565435,0.4707044142088746,0.0,4.54698849675832e-19
log_gvrh,3,max_expert_uncertainty,0.08239060640335083,0.06662068903829538,0.07107633170592641,0.22571416393465152,0.06426524236245751,0.8070837567003911,0.0,2.4250605316044375e-18
log_gvrh,3,max_abs_expert_prediction,0.04673900455236435,0.026209276039021037,0.02190842065648428,0.1542405773079905,0.023684755276149966,1.2400229578484037,0.0,3.3344582309561014e-18
log_gvrh,4,anchor_prediction,0.005559333134442568,0.004399443614997548,0.003727565914458564,0.01593152488279334,0.004254026487108495,0.023948177811644607,0.0,1.5788154502633056e-20
log_gvrh,4,raw_proposal_prediction,0.005711729638278484,0.004519906195404879,0.0038463332945745205,0.01610921536738227,0.004366287608509929,0.02564079716336997,0.0,4.060555456532196e-17
log_gvrh,4,proposal_residual,0.01858031190931797,0.008674014728181271,0.004065068447869546,0.07674484047842357,0.007483440190764509,0.3593993855475646,0.0,-7.464639448844909e-18
log_gvrh,4,abs_proposal_residual,-0.0795309916138649,0.03936018065868331,0.02911378123163854,0.33403486242416536,0.03399030454780615,1.7040542232295417,0.0,-7.022571122771184e-17
log_gvrh,4,proposal_ensemble_std,0.024301299825310707,0.013894744756830583,0.010655533128724706,0.10919562134006688,0.012424488935212212,0.40326724492880445,0.0,-3.852309698642466e-18
log_gvrh,4,directional_agreement,-0.03062383271753788,0.025136878137824708,0.018610716551917556,0.0811040031139456,0.024557177357332188,0.08385389032530663,0.0,9.752906635500612e-12
log_gvrh,4,route_consensus,0.014789759181439877,0.014667474885181895,0.012999304722801855,0.016826821226931462,0.014667474885181895,0.016826821226931462,0.0,4.111235432485648e-18
log_gvrh,4,data_minus_relation_prediction,-0.0055864606983959675,0.0032139648351514837,0.0018386507871626604,0.021841728866681728,0.0029187889421600126,0.10063444010339245,0.0,7.578314161263867e-20
log_gvrh,4,abs_data_minus_relation_prediction,-0.05113530531525612,0.02982638448616965,0.023199020836400512,0.208774475039777,0.026823730503402664,1.0890490791617968,0.0,-2.1901327926052577e-17
log_gvrh,4,route_anchor_probability,0.0,0.0,0.0,0.0,0.0,0.0,0.0,0.0
log_gvrh,4,route_data_probability,-0.0031383666209876537,0.002485231195613495,0.0020984184125470403,0.007552552069435894,0.0024328224286579627,0.007742263579911295,0.0,4.2943780247161916e-19
log_gvrh,4,route_relation_probability,0.0031399137806147337,0.0024864563644886872,0.002099452672191227,0.007556275655204536,0.0024340217607936106,0.007746080412716056,0.0,1.5630272957606726e-19
log_gvrh,4,route_max_probability,0.04627875238656998,0.03804196157390142,0.03511897699743964,0.12118048147743075,0.037173330353387546,0.12563419812526372,0.0,2.7408236216570986e-18
log_gvrh,4,route_entropy,0.027014190331101418,0.019114093094849786,0.01627988416147568,0.1085483836675792,0.018133889690678407,0.12171645895868105,0.0,-1.348541752858152e-10
log_gvrh,4,data_attention_max,0.026802781969308853,0.021054708312833632,0.017879205022153614,0.07710308831992567,0.020445023141383124,0.08917668135630859,0.0,-1.9451006347243924e-18
log_gvrh,4,relation_attention_max,-0.042701322585344315,0.034579870739516086,0.03078354279627827,0.11331697885146233,0.033664474850674614,0.14944416259294557,0.0,6.8710048395459066e-18
log_gvrh,4,data_attention_entropy,-0.0024880636483430862,0.001922185693880809,0.0015604989647916376,0.007472494182562378,0.001858807360768219,0.009446704944306971,0.0,3.61896763188905e-12
log_gvrh,4,relation_attention_entropy,0.0011779507622122765,0.0009632019935634939,0.000859416887835006,0.0030283478921374024,0.0009373958017472931,0.004598696004567765,0.0,-7.026197182295245e-12
log_gvrh,4,anchor_standardized,0.021663930267095566,0.01714245933634323,0.014529784637039533,0.061800772312675716,0.016574990748653356,0.09395338595764462,0.0,-1.8945785403159668e-19
log_gvrh,4,abs_anchor_standardized,0.038265008479356766,0.02933904199242491,0.025454907256041832,0.12896002707987217,0.027996869911101986,0.22185121039687825,0.0,5.557430384926836e-19
log_gvrh,4,available_expert_fraction,0.0,0.0,0.0,0.0,0.0,0.0,0.0,0.0
log_gvrh,4,expert_prediction_disagreement,-0.05955341458320618,0.039474411716328324,0.03143562675230808,0.21273680476905266,0.03673003863762053,0.840057752498396,0.0,6.416305989870074e-18
log_gvrh,4,anchor_vs_expert_mean_abs,-0.030808012932538986,0.02269065936274449,0.019240493171186777,0.11142146394661721,0.021455472986283673,0.28390704901064207,0.0,-1.641968068273838e-18
log_gvrh,4,mean_expert_uncertainty,-0.08440802991390228,0.06978766199170085,0.06812847851020795,0.23673959687197374,0.0675045136160453,0.9694071439102763,0.0,2.020883776337031e-18
log_gvrh,4,max_expert_uncertainty,0.07824624329805374,0.0632739880563861,0.06950939115737967,0.19813497463024501,0.061004817354923635,1.8162643277982697,0.0,3.031325664505547e-18
log_gvrh,4,max_abs_expert_prediction,0.08336247503757477,0.05061193433926085,0.04264922842503517,0.30552740620889934,0.045849541567802646,1.4813025621467828,0.0,-7.78040253889757e-18
perovskites,0,anchor_prediction,-0.019120827317237854,0.014450633845040719,0.011601919268549282,0.060102471762511836,0.01390022004802235,0.09429042183708708,0.0,1.3481561745977796e-05
perovskites,0,raw_proposal_prediction,-0.018876781687140465,0.01426505611003214,0.011441048074718156,0.05917432729645764,0.013723249215943157,0.09277202592061114,0.0,1.1999496947245324e-05
perovskites,0,proposal_residual,0.08981901407241821,0.07129864206461384,0.055488369641085875,0.2568152673495325,0.06904862857187703,0.44262326958989945,0.0,0.0009470328284002772
perovskites,0,abs_proposal_residual,0.3842633366584778,0.30616641780613746,0.26940587112777614,1.2411759761268795,0.2941592364166826,2.4945976381182775,0.0,0.018315719099231423
perovskites,0,proposal_ensemble_std,0.03985823690891266,0.03122312739177527,0.02756620313350491,0.12402713614044303,0.029923902667643863,0.4701956825063532,0.0,0.0002490101123312207
perovskites,0,directional_agreement,0.06861099600791931,0.04766531299053711,0.030792203675439583,0.23182001559129053,0.04573046775831345,0.24535193550240428,0.0,0.001779179112038463
perovskites,0,route_consensus,0.03493237867951393,0.03430450609717771,0.028838435832996938,0.04231405223485714,0.03430450609717771,0.04231405223485714,0.0,-2.2915488675213776e-05
perovskites,0,data_minus_relation_prediction,0.00976141169667244,0.007697509893066754,0.006302179072250747,0.026731792077514114,0.007458324299357631,0.052232210448033445,0.0,2.6600265058515754e-05
perovskites,0,abs_data_minus_relation_prediction,-0.00888358149677515,0.007012003609286297,0.00622354988665089,0.027865782746015207,0.006734171553568902,0.06220564038364527,0.0,-0.00011772192624217808
perovskites,0,route_anchor_probability,0.0,0.0,0.0,0.0,0.0,0.0,0.0,0.0
perovskites,0,route_data_probability,-0.04618985578417778,0.036237049962007224,0.02893964956971818,0.11250805480538828,0.03539203787579232,0.13472442064846235,0.0,0.00013985272086521386
perovskites,0,route_relation_probability,0.046189725399017334,0.03623694765491873,0.028939563208838746,0.11250773185116467,0.035391937938514355,0.1347240360058869,0.0,0.00013985238104507284
perovskites,0,route_max_probability,-0.008404694497585297,0.006732902520248865,0.005963886050674492,0.023913916200949285,0.006540123904725569,0.029600339458928475,0.0,1.7119549540728884e-05
perovskites,0,route_entropy,-0.11397884041070938,0.07748508832531754,0.06208659551421872,0.45273841864116987,0.07286615075711524,0.7495845195238106,0.0,-0.00013150398554244056
perovskites,0,data_attention_max,-0.03813088312745094,0.03027866159449484,0.025814575540585277,0.11706354321845962,0.029278554838826444,0.1558156012578359,0.0,-0.00020500530621422498
perovskites,0,relation_attention_max,-0.0389595702290535,0.030766715968180938,0.02614786223225946,0.11031688204486002,0.02972974181114611,0.20037571251755695,0.0,-8.6874328376535e-05
perovskites,0,data_attention_entropy,-0.020283685997128487,0.016176358400967737,0.01398898048258504,0.06585461228767461,0.015568030237661882,0.10463610580679451,0.0,0.00011367903983427922
perovskites,0,relation_attention_entropy,-0.017541227862238884,0.014014947769716221,0.011649896129308134,0.04445141857899672,0.013644032584861885,0.08259825064012241,0.0,0.00013495758477017245
perovskites,0,anchor_standardized,-0.006288688629865646,0.0047525617773455505,0.003820029548202339,0.01978490966835369,0.004571392101816202,0.031033858515220697,0.0,4.0978574950425006e-06
perovskites,0,abs_anchor_standardized,-0.08834778517484665,0.06582383316042166,0.05660792186248194,0.3256876329819176,0.06256442356501475,0.5700648471195203,0.0,0.0009710270269290497
perovskites,0,available_expert_fraction,0.0,0.0,0.0,0.0,0.0,0.0,0.0,0.0
perovskites,0,expert_prediction_disagreement,0.0060174353420734406,0.004244736628975583,0.0032323484443742257,0.02238755459192227,0.004001794116827579,0.043141630007658964,0.0,-3.0503666129844395e-06
perovskites,0,anchor_vs_expert_mean_abs,0.008008943870663643,0.006004739965876317,0.005174895039875186,0.028461652363669487,0.00573094283852808,0.043515635683796815,0.0,-8.873799906878822e-05
perovskites,0,mean_expert_uncertainty,0.04370541870594025,0.0345534857636004,0.02988986124642459,0.11827578354096027,0.03331208207691951,0.32291607744221673,0.0,-0.0002360327939047868
perovskites,0,max_expert_uncertainty,-0.024001987650990486,0.014094655737559102,0.009844777071344733,0.08637440661680887,0.012740137999386041,0.3838039949391741,0.0,0.00019899359335093602
perovskites,0,max_abs_expert_prediction,-0.04172275960445404,0.02737993042026564,0.021290743008185738,0.1851772696218497,0.02533572129744908,0.35585158666101446,0.0,-9.030143471500537e-05
perovskites,1,anchor_prediction,-0.029304657131433487,0.022234971294629986,0.017973829450768593,0.0920174274522958,0.021382373409920205,0.14528257969455918,0.0,-0.00022752859625209992
perovskites,1,raw_proposal_prediction,-0.030788782984018326,0.0233821168956093,0.018951981798512624,0.09625114955458204,0.02249046833993151,0.15228462554070019,0.0,-0.0002443254295794714
perovskites,1,proposal_residual,0.008117951452732086,0.006369216547242647,0.0050472862922643245,0.024705576819849306,0.006134295939997104,0.047043291906874056,0.0,0.00021294288534757095
perovskites,1,abs_proposal_residual,0.4502560794353485,0.35182110034673786,0.303598794373808,1.5253795680127988,0.3358990381162592,3.491171470298084,0.0,0.022165580380895073
perovskites,1,proposal_ensemble_std,0.006433454807847738,0.004793918740872644,0.004173577038953049,0.02106081966406489,0.004540091992698269,0.0648249287162497,0.0,3.178073802257785e-05
perovskites,1,directional_agreement,0.054840318858623505,0.03606223758244976,0.022567693615945097,0.19530682534336755,0.03437156287413723,0.20947876951527017,0.0,0.00121569888203346
perovskites,1,route_consensus,0.02649254910647869,0.02600296809083611,0.02189967799925856,0.03204865195657106,0.02600296809083611,0.03204865195657106,0.0,8.804968136205084e-05
perovskites,1,data_minus_relation_prediction,-0.048548728227615356,0.0365151229357299,0.02828678444805715,0.15509594600147963,0.034904217898641184,0.37869014497572423,0.0,-8.677969459176784e-05
perovskites,1,abs_data_minus_relation_prediction,0.0005162078305147588,0.0003783000463370293,0.0003199185319892215,0.0018835538469077812,0.0003569964894007183,0.005309601436678699,0.0,6.259607398963962e-06
perovskites,1,route_anchor_probability,0.0,0.0,0.0,0.0,0.0,0.0,0.0,0.0
perovskites,1,route_data_probability,0.014065216295421124,0.011035736467085307,0.009142031332406986,0.03749533363611962,0.010751889093311229,0.04549441591544513,0.0,4.785785628130541e-05
perovskites,1,route_relation_probability,-0.014064664021134377,0.01103530313590836,0.009141672368762944,0.03749386089953019,0.010751466902201818,0.04549263029224518,0.0,4.7855984419706384e-05
perovskites,1,route_max_probability,-0.051696840673685074,0.04120830108488659,0.03753102776215811,0.16339546972653007,0.039900741319992,0.17727672244679316,0.0,0.00021937566294295453
perovskites,1,route_entropy,-0.07764401286840439,0.0492601272762989,0.04035246200609089,0.37078791685955365,0.045580271797598076,0.4645879260901506,0.0,-0.00036968825561054213
perovskites,1,data_attention_max,0.10618461668491364,0.08793178506776675,0.08082721706949876,0.245614155561573,0.08619909338868087,0.2894479447734758,0.0,9.85002601281012e-05
perovskites,1,relation_attention_max,0.03187909349799156,0.025274898244541814,0.021108636930751976,0.08812961660870935,0.02454828691264628,0.12239353596573994,0.0,0.00018183682600887442
perovskites,1,data_attention_entropy,0.10865724086761475,0.08539082206739548,0.0714834156906754,0.2968990544961429,0.08299036836910412,0.3863169312320235,0.0,0.00026738819625270346
perovskites,1,relation_attention_entropy,0.026998555287718773,0.020772804981645788,0.016143357421318102,0.07720746222708781,0.02009884020808472,0.12105286471649516,0.0,-8.182095645648118e-05
perovskites,1,anchor_standardized,0.012269977480173111,0.009308851579829157,0.007515767202705973,0.03850823342836499,0.008951631918692459,0.06119277100105292,0.0,9.464024698403502e-05
perovskites,1,abs_anchor_standardized,0.0020490216556936502,0.0015234333119534217,0.0013133783281680262,0.007501314453670455,0.0014470090146464067,0.01336696480090005,0.0,-1.1564953933248557e-05
perovskites,1,available_expert_fraction,0.0,0.0,0.0,0.0,0.0,0.0,0.0,0.0
perovskites,1,expert_prediction_disagreement,-0.011076955124735832,0.006430500877868667,0.00471134865938061,0.03783978881399909,0.005793932915425386,0.656632226461659,0.0,-3.185544994434963e-05
perovskites,1,anchor_vs_expert_mean_abs,-0.07698650658130646,0.05746025046711675,0.049227864710344016,0.278102790833411,0.05463001319822337,1.4456676185784652,0.0,0.0004477983607379684
perovskites,1,mean_expert_uncertainty,0.10258562862873077,0.08859576615615075,0.08736163572001246,0.1885913235729439,0.08739507697684105,0.2802250664823215,0.0,0.0006020538159769981
perovskites,1,max_expert_uncertainty,-0.10986823588609695,0.09316856325137683,0.09023554729623315,0.3075298601139262,0.09044389465855228,0.5037947462230296,0.0,-0.0001283237240118869
perovskites,1,max_abs_expert_prediction,-0.006769248284399509,0.0033598332243769914,0.0026093242220691917,0.023662516718059426,0.002936524018468364,0.4545391619473912,0.0,-3.2352582475333446e-05
perovskites,2,anchor_prediction,-0.0008469281019642949,0.0006484363888818864,0.0005225238316392367,0.002663775236817826,0.0006240741571528845,0.003966901797688946,0.0,4.148573224583151e-06
perovskites,2,raw_proposal_prediction,-0.000983844860456884,0.0007525993145391887,0.0006074151571886197,0.0031106416109485373,0.0007240791563576181,0.004634581365628526,0.0,4.901148303489024e-06
perovskites,2,proposal_residual,-0.023716114461421967,0.01878494961375194,0.015127649616187847,0.07276855119887213,0.018117784993970848,0.1243626502168293,0.0,0.00023124454322930857
perovskites,2,abs_proposal_residual,0.5027155876159668,0.3843849751819611,0.32918850043179537,1.8023186485737466,0.3661646906934464,3.491800006954977,0.0,0.022987080263660857
perovskites,2,proposal_ensemble_std,-0.005990221630781889,0.004506431681374034,0.003926870423659265,0.020885598200301045,0.0042808332751528575,0.06308389131393892,0.0,4.6481938369226415e-06
perovskites,2,directional_agreement,0.025549301877617836,0.015129386622951808,0.009026614884999716,0.1040261288481845,0.014176032722262151,0.11370084384043935,0.0,0.0004581304404530867
perovskites,2,route_consensus,0.018701406195759773,0.01858701511266162,0.016822669141091682,0.020789958523555602,0.01858701511266162,0.020789958523555602,0.0,9.545776255946592e-05
perovskites,2,data_minus_relation_prediction,0.011744248680770397,0.008924638305299151,0.006947378573481627,0.03450211340979145,0.008602292777816106,0.09215623732470186,0.0,4.5647443566552946e-05
perovskites,2,abs_data_minus_relation_prediction,0.011237738654017448,0.008538834951126834,0.0074210538257131545,0.03768035174648143,0.008150829348244312,0.12325937211758763,0.0,1.3615516991567084e-05
perovskites,2,route_anchor_probability,0.0,0.0,0.0,0.0,0.0,0.0,0.0,0.0
perovskites,2,route_data_probability,0.022530367597937584,0.018402530070828635,0.015829222860461394,0.05318038565838837,0.01793222806971025,0.08343686821335701,0.0,0.0001949536936232798
perovskites,2,route_relation_probability,-0.022535040974617004,0.01840634716435989,0.015832506234224733,0.053191420646203164,0.017935947612914664,0.08345417246900252,0.0,0.00019499409813340373
perovskites,2,route_max_probability,0.019580066204071045,0.016499931771737947,0.016169063016699445,0.05179912930919026,0.016057294925401606,0.07487048509980496,0.0,1.3309696648342189e-05
perovskites,2,route_entropy,0.05046473443508148,0.036287523986047523,0.032376415245553826,0.190630991628941,0.03399978817920454,0.4325296438405892,0.0,-7.109323249077077e-05
perovskites,2,data_attention_max,-0.063125841319561,0.05249947457465734,0.048737909395068495,0.153808959287369,0.05131657497940996,0.189053808723695,0.0,-0.0007061540602667962
perovskites,2,relation_attention_max,-0.012128411792218685,0.010066535276739922,0.009207115454398599,0.028192765935701573,0.009865473913026753,0.033837672877674585,0.0,9.725290601094306e-05
perovskites,2,data_attention_entropy,-0.06143574416637421,0.048606304683479755,0.04093597033419352,0.17855893162711295,0.04702365750185634,0.24407866994622548,0.0,0.0006110779793736488
perovskites,2,relation_attention_entropy,-0.041929833590984344,0.03255181292669389,0.025546697414317025,0.11466885229447087,0.0316065320914602,0.15475649364069663,0.0,-0.0002840690208400749
perovskites,2,anchor_standardized,-0.06940498948097229,0.05313567186950189,0.042830229017781274,0.21842399132354365,0.05113862771343077,0.3253599353924264,0.0,0.00034072797405094253
perovskites,2,abs_anchor_standardized,-0.07324322313070297,0.055158890046369716,0.047271244800594345,0.2721040695833366,0.052431331226674927,0.44790075035453897,0.0,0.00020020847770736743
perovskites,2,available_expert_fraction,0.0,0.0,0.0,0.0,0.0,0.0,0.0,0.0
perovskites,2,expert_prediction_disagreement,-0.081201933324337,0.04876702924728777,0.03571532239773784,0.29010269540528527,0.044907296232889644,3.1880142410333896,0.0,0.0005799507291453092
perovskites,2,anchor_vs_expert_mean_abs,0.05154621973633766,0.03882494270855635,0.033575842746458834,0.18334127880272189,0.037035892939259824,0.5726486868735241,0.0,-0.0001943487839489618
perovskites,2,mean_expert_uncertainty,-0.041904207319021225,0.0362320993724215,0.03635005886496008,0.07751638429070423,0.03571584539230849,0.11782370502400369,0.0,-0.00014045226650180706
perovskites,2,max_expert_uncertainty,0.03346594423055649,0.02827382528676941,0.028580664979327715,0.09754697805257714,0.0273809937953553,0.18269572438707665,0.0,8.84873921105468e-05
perovskites,2,max_abs_expert_prediction,-0.0034569636918604374,0.0018548788900626075,0.0013066727363893397,0.012678197024887981,0.0016806957947407544,0.16035736922702276,0.0,2.0212992849579378e-05
perovskites,3,anchor_prediction,-0.06544218957424164,0.05032291489648217,0.040133963309129696,0.20889182336867257,0.04839395260304506,0.3310233919117079,0.0,-0.0009297320477062543
perovskites,3,raw_proposal_prediction,-0.06530506163835526,0.05024455806228613,0.04022390300221879,0.20795347070986775,0.0483241244616683,0.329640412071874,0.0,-0.0009052963727328753
perovskites,3,proposal_residual,-0.04673462361097336,0.034634224464688494,0.02516913372833081,0.16256886758901942,0.03301579852039101,0.42077190306313067,0.0,0.0021310830762579685
perovskites,3,abs_proposal_residual,0.7630736827850342,0.5635580213682971,0.45203180347962507,2.982909217990759,0.5327977689922245,7.961601417510704,0.0,0.04044157370868827
perovskites,3,proposal_ensemble_std,0.013299099169671535,0.01030000042681345,0.009144865538133198,0.043772995985391326,0.009833383976228894,0.20438252951508806,0.0,-2.730919772932735e-06
perovskites,3,directional_agreement,-0.000682736630551517,0.000358738453676603,0.00020741841591967903,0.003109355378800708,0.00032930349814371175,0.003428149216051365,0.0,-1.3462205987589611e-05
perovskites,3,route_consensus,-0.07082444429397583,0.07073620007063318,0.06680480048416795,0.07508595000953212,0.07073620007063318,0.07508595000953212,0.0,0.0005565285324872582
perovskites,3,data_minus_relation_prediction,-0.009326804429292679,0.007088190782951438,0.005565500826272989,0.0305797176773781,0.006763583263920959,0.08880246485766194,0.0,8.209046158732126e-06
perovskites,3,abs_data_minus_relation_prediction,-0.05056706443428993,0.03765314465326247,0.031854525036426495,0.18904467730898417,0.03545526211629992,0.6390270862123449,0.0,-0.0008848021050778043
perovskites,3,route_anchor_probability,0.0,0.0,0.0,0.0,0.0,0.0,0.0,0.0
perovskites,3,route_data_probability,0.048907358199357986,0.03685033714627434,0.02785525221952605,0.14880397972531026,0.03558707142917212,0.19973541551231147,0.0,-3.086857644141818e-05
perovskites,3,route_relation_probability,-0.04890744015574455,0.036850398877632605,0.02785529883180682,0.14880422918154237,0.035587131040918735,0.19973574740265887,0.0,-3.086857523064467e-05
perovskites,3,route_max_probability,0.09176592528820038,0.07284312557289235,0.0676136776918385,0.30092420351710464,0.07038061178011759,0.3297151283727857,0.0,-9.979880934824033e-05
perovskites,3,route_entropy,0.1483219563961029,0.09169482419704071,0.0733395851621372,0.7269523762058505,0.08426600013781628,0.9368714389881229,0.0,0.0005905201399649439
perovskites,3,data_attention_max,-0.07486842572689056,0.06102224466441073,0.05435126201051673,0.18847540312327565,0.0595561146554055,0.2525612984370801,0.0,-0.00030852882942594467
perovskites,3,relation_attention_max,0.107716403901577,0.08488242143054954,0.0723303217406537,0.3207449747288229,0.08207183145261368,0.4571712707278907,0.0,0.0005820611874549825
perovskites,3,data_attention_entropy,-0.12576237320899963,0.09721921216456361,0.07761888407085052,0.35106826564946336,0.09418415624319833,0.5550778533610586,0.0,0.000811203365588792
perovskites,3,relation_attention_entropy,0.07024936378002167,0.052065122237410215,0.039437256867316896,0.22235488489023106,0.04978772352506428,0.4110516742600137,0.0,-0.00014919814429118134
perovskites,3,anchor_standardized,-0.09218446910381317,0.07088509520584804,0.0564642452805034,0.294132739195245,0.06816624006483483,0.4683282008413886,0.0,-0.0013075827795360083
perovskites,3,abs_anchor_standardized,-0.22706356644630432,0.17079133174979608,0.14429537238217402,0.8486689639659284,0.1621881062810181,1.5106023733477312,0.0,-0.0028799499449881495
perovskites,3,available_expert_fraction,0.0,0.0,0.0,0.0,0.0,0.0,0.0,0.0
perovskites,3,expert_prediction_disagreement,-0.0566469244658947,0.03891120771482441,0.029465882081276904,0.19745378042409908,0.036323756559649416,0.5358790100896904,0.0,-4.4879589590067044e-05
perovskites,3,anchor_vs_expert_mean_abs,0.06895951181650162,0.05238372126932242,0.04485892850405592,0.24475725950608904,0.049995346608831835,0.414929239424161,0.0,0.0004285788701084664
perovskites,3,mean_expert_uncertainty,0.06298603862524033,0.05452409374840902,0.054280479035429416,0.1154321310538595,0.053772654561933454,0.16524984895237813,0.0,2.8224956246349055e-05
perovskites,3,max_expert_uncertainty,-0.057367704808712006,0.04893109836389208,0.0508461157178687,0.1634333451802446,0.04748156065637931,0.2997515946517665,0.0,-0.00011037824643354225
perovskites,3,max_abs_expert_prediction,0.0031772744841873646,0.0020225482717583535,0.0014414766231355797,0.01179654912164059,0.0018544656795837714,0.03951975372556927,0.0,3.870267937058255e-06
perovskites,4,anchor_prediction,-0.02332054264843464,0.017784228638325194,0.014331783446652351,0.07368890780736136,0.01710634133678692,0.11647513974627013,0.0,0.00014202205298192064
perovskites,4,raw_proposal_prediction,-0.022933967411518097,0.017503799266285543,0.014109135967176223,0.07214425732433709,0.016840435533687973,0.11417516326720278,0.0,0.00014347665885422928
perovskites,4,proposal_residual,-0.023588119074702263,0.019351249525705015,0.01599275051710721,0.06645315903910866,0.018765061232424662,0.12383482400253637,0.0,0.00043082824006645246
perovskites,4,abs_proposal_residual,0.6096377372741699,0.48783375473968627,0.42797956461570624,2.003247339565337,0.46779352176786393,4.405607885606669,0.0,0.0410033595865959
perovskites,4,proposal_ensemble_std,-0.014851806685328484,0.011511522094656806,0.010119194979104944,0.04770554081808733,0.011026774171633521,0.13393400576995815,0.0,-8.574471282529158e-05
perovskites,4,directional_agreement,0.01258322037756443,0.006822813157980066,0.004058447977673484,0.05472172433109553,0.006308646742880136,0.060522715922469286,0.0,0.00038031579386023264
perovskites,4,route_consensus,-0.022181401029229164,0.02129633070637591,0.01661241034471703,0.0296172886059199,0.02129633070637591,0.0296172886059199,0.0,-3.797452464662475e-05
perovskites,4,data_minus_relation_prediction,-0.05764607712626457,0.043995977482445055,0.03433648364270461,0.17393312049575246,0.042319738770914564,0.3818292464428251,0.0,-0.00020515181087665747
perovskites,4,abs_data_minus_relation_prediction,-0.01452245470136404,0.011086104346298845,0.009614962589709383,0.05036229106116358,0.010551370055050297,0.13171377567967038,0.0,-0.00013316549209829343
perovskites,4,route_anchor_probability,0.0,0.0,0.0,0.0,0.0,0.0,0.0,0.0
perovskites,4,route_data_probability,0.0059887426905334,0.004541251847492771,0.003445234876569642,0.018442938673638228,0.004360838988709432,0.031032696881666814,0.0,-3.227180465223686e-05
perovskites,4,route_relation_probability,-0.00598578155040741,0.004539006430025849,0.0034435313760934525,0.01843381879796941,0.0043586827777025655,0.031017355734888296,0.0,-3.225583104410137e-05
perovskites,4,route_max_probability,0.08882665634155273,0.07143060739464487,0.0662455304429084,0.27775572523041386,0.06860357918320019,0.47896763864094705,0.0,-0.0004453436170133716
perovskites,4,route_entropy,0.12630252540111542,0.0770635588673423,0.0632958207475797,0.5141316495581699,0.06941256758080594,1.6594464668875628,0.0,0.0005666610406400433
perovskites,4,data_attention_max,0.07425196468830109,0.061680883850078576,0.05647549458536976,0.16912427317991344,0.06047417872195788,0.21122457526734253,0.0,-0.0002141906786862871
perovskites,4,relation_attention_max,-0.05456419661641121,0.04561684363633033,0.04252837464929948,0.11623698283777405,0.04483966335246377,0.1399006524964305,0.0,7.339818213189318e-05
perovskites,4,data_attention_entropy,0.0018465369939804077,0.0014670435402482384,0.001210205505212064,0.0048423144887806725,0.0014279959158474617,0.0067054582416506865,0.0,5.5077049682406476e-09
perovskites,4,relation_attention_entropy,-0.000888232549186796,0.0007078748290641675,0.0005950699386311558,0.0022049045167780016,0.0006905356710811318,0.003097042547584181,0.0,-1.8831540299666522e-06
perovskites,4,anchor_standardized,-0.024591686204075813,0.01875327273559746,0.01512412613101373,0.07759962229995775,0.018038692630944514,0.12301526338118832,0.0,0.00014935165389367533
perovskites,4,abs_anchor_standardized,-0.15460632741451263,0.11562933893823356,0.09896593245309376,0.5747317528315637,0.1098259433391193,1.01704070749182,0.0,0.0005270596680751749
perovskites,4,available_expert_fraction,0.0,0.0,0.0,0.0,0.0,0.0,0.0,0.0
perovskites,4,expert_prediction_disagreement,-0.12562084197998047,0.08673892813747133,0.06534641941025476,0.47008025065165016,0.08111415750744731,1.237830357245129,0.0,-0.000270421718387162
perovskites,4,anchor_vs_expert_mean_abs,0.10688285529613495,0.08053251374972423,0.06960802980935817,0.3845467308954883,0.0768561539302788,0.6376589618879858,0.0,0.00018667824528240874
perovskites,4,mean_expert_uncertainty,-0.021582450717687607,0.017852063904447407,0.015473603453989465,0.04530953467159574,0.017565508853709635,0.05342417913259121,0.0,1.6306419679102013e-06
perovskites,4,max_expert_uncertainty,0.026629241183400154,0.022550215381666617,0.021578822431885296,0.06382387686057157,0.022010908437472426,0.10737618103672357,0.0,2.0126832731091656e-05
perovskites,4,max_abs_expert_prediction,0.04917310178279877,0.030825080942491725,0.023317958176665675,0.20428743928405252,0.028257813918374567,0.5935242473349949,0.0,0.00014105175248355306
phonons,0,anchor_prediction,0.09378461539745331,0.061695553542199376,0.04919133208174198,0.3800278686800548,0.05667617354159298,0.6083486440753219,0.0,2.632939979348197e-18
phonons,0,raw_proposal_prediction,0.09399218112230301,0.06198218861158024,0.04939519558276686,0.38055368812492907,0.056987690588304496,0.6057300461577253,0.0,-2.896233977283017e-17
phonons,0,proposal_residual,-0.025028573349118233,0.014039383154138402,0.009337471466212402,0.06889479977731822,0.012472364560242859,0.30779354730936653,0.0,-2.194116649456831e-19
phonons,0,abs_proposal_residual,0.3748798668384552,0.19397297794099544,0.14961904867603823,1.025245826835914,0.16798151133366676,5.280723431467858,0.0,4.616421430457173e-16
phonons,0,proposal_ensemble_std,-0.15303733944892883,0.08915891159479662,0.0704124903005993,0.5873666306859303,0.07911096611059157,1.7227621577329113,0.0,-1.1716582908099477e-16
phonons,0,directional_agreement,0.10572116822004318,0.06365366928701552,0.036884961303887506,0.4368080432169674,0.0593896991874827,0.47040763283781123,0.0,-1.050812708696149e-12
phonons,0,route_consensus,0.03809230029582977,0.03806819077163197,0.03676050482909499,0.039472345349274116,0.03806819077163197,0.039472345349274116,0.0,-6.582349948370493e-18
phonons,0,data_minus_relation_prediction,0.08844345808029175,0.04706181077815508,0.032487947687099415,0.29899142107072296,0.041726561420793104,1.7120017905448979,0.0,-1.0970583247284156e-18
phonons,0,abs_data_minus_relation_prediction,0.22994060814380646,0.10402446125347421,0.08020798412228208,0.7908853257171937,0.08872175193503522,5.064074313046035,0.0,7.02117327826186e-17
phonons,0,route_anchor_probability,0.0,0.0,0.0,0.0,0.0,0.0,0.0,0.0
phonons,0,route_data_probability,0.040920428931713104,0.027600485009316438,0.017529310342725438,0.13606055304234593,0.026061071395957213,0.23638303819326603,0.0,1.3164699896740986e-17
phonons,0,route_relation_probability,-0.040915317833423615,0.02759703777489269,0.017527107243944517,0.1360435299122705,0.026057816475653146,0.2363535187598946,0.0,1.2396759069431095e-17
phonons,0,route_max_probability,-0.18307317793369293,0.13119931755857753,0.11048298947860219,0.6470270767118157,0.12345842795118958,1.1741779870030706,0.0,8.776466597827325e-18
phonons,0,route_entropy,0.030846793204545975,0.015129982071191993,0.010947057807210048,0.11824912878445559,0.012990678591023841,0.4247891344879979,0.0,-7.730278829219525e-11
phonons,0,data_attention_max,-0.06527208536863327,0.05485364998441494,0.050858117677243825,0.13929752647678587,0.053869517139481016,0.14851333521143845,0.0,-1.5249110713724978e-17
phonons,0,relation_attention_max,0.0891864001750946,0.07279073124936426,0.06412811561069237,0.22469762267792434,0.07105404158232421,0.23736441670532568,0.0,-1.261617073437678e-18
phonons,0,data_attention_entropy,0.12236481159925461,0.09665400549454418,0.07619588058383947,0.3005189270197343,0.09425922069461823,0.33024614447736517,0.0,5.681278642526512e-10
phonons,0,relation_attention_entropy,0.06054339185357094,0.04738793318816997,0.03862699677997239,0.1744825155581162,0.04589555248661812,0.19460803384636352,0.0,-1.2146356208929163e-10
phonons,0,anchor_standardized,-0.2662377655506134,0.1744989517199938,0.1375255937023952,1.0611876369638917,0.16012359818393535,1.79416440998664,0.0,0.0
phonons,0,abs_anchor_standardized,0.2461584210395813,0.13673759725218967,0.09347274089226244,1.0856160570883653,0.12064419660397631,1.9823336721242983,0.0,1.1409406577175522e-17
phonons,0,available_expert_fraction,0.0,0.0,0.0,0.0,0.0,0.0,0.0,0.0
phonons,0,expert_prediction_disagreement,0.05196124315261841,0.03659740031961595,0.02973304689277994,0.17470510633448233,0.03406190511726577,0.4058127532691792,0.0,6.582349948370493e-18
phonons,0,anchor_vs_expert_mean_abs,-0.044714536517858505,0.025275779564736638,0.01802696701488553,0.19920323323954686,0.02229516263332753,0.3826933411869401,0.0,3.0717633092395635e-18
phonons,0,mean_expert_uncertainty,-0.07246950268745422,0.055140670293798995,0.04572827672545728,0.21756517249845592,0.05259542372391607,0.5274850135771927,0.0,0.0
phonons,0,max_expert_uncertainty,0.11447746306657791,0.07197447791434866,0.055883328446261135,0.4060664365291673,0.06532884951824282,1.2583818443121995,0.0,3.729998304076613e-18
phonons,0,max_abs_expert_prediction,-0.20649847388267517,0.1237758998186729,0.0962622399950194,0.8554768319509437,0.11049302815261962,1.9270641036086598,0.0,7.240584943207542e-18
phonons,1,anchor_prediction,0.3866491913795471,0.2546545973688338,0.20131403503776424,1.5813888167354906,0.23399993523973497,2.3287629087226005,0.0,-4.739291962826755e-17
phonons,1,raw_proposal_prediction,0.4008435606956482,0.26321476116302744,0.20776302783986023,1.6285127816610148,0.24157802338420853,2.4402471234437098,0.0,-4.388233298913662e-17
phonons,1,proposal_residual,0.2767604887485504,0.13638895680276963,0.07502389192280409,1.5321341589904258,0.11581280323745843,2.5254215598802694,0.0,3.773880637065749e-17
phonons,1,abs_proposal_residual,0.8767400979995728,0.42122241984967773,0.30568492679204884,4.818363122419622,0.3508879985794044,8.748306718739528,0.0,1.9132697183263568e-16
phonons,1,proposal_ensemble_std,-0.14916692674160004,0.08682810110133361,0.07117859198679856,0.48424475887876833,0.07898915294579392,2.877020099836704,0.0,9.939348422039445e-17
phonons,1,directional_agreement,0.1322767734527588,0.07811435029520374,0.04477912169382421,0.5363201373568584,0.07288924909640541,0.5745011943826355,0.0,1.3263117437875704e-10
phonons,1,route_consensus,-0.04031181335449219,0.04025438342263221,0.038215230791466985,0.04252341964896013,0.04025438342263221,0.04252341964896013,0.0,-3.5105866391309295e-18
phonons,1,data_minus_relation_prediction,-0.2120048999786377,0.10718501283356746,0.07368717546478037,0.5873743769886121,0.0940863491378323,4.192743147008468,0.0,1.3164699896740986e-18
phonons,1,abs_data_minus_relation_prediction,0.11028945446014404,0.048014725135103895,0.038008682483607434,0.2957323197460803,0.04061423935150378,2.4510586516939985,0.0,-3.027880976250427e-17
phonons,1,route_anchor_probability,0.0,0.0,0.0,0.0,0.0,0.0,0.0,0.0
phonons,1,route_data_probability,-0.056149356067180634,0.03858097860348412,0.024711781747491456,0.19360688677929022,0.036730995142870815,0.22789581679779455,0.0,2.1118372751022e-17
phonons,1,route_relation_probability,0.05615202337503433,0.03858281128349506,0.024712938789664386,0.19361608110116332,0.036732739797332124,0.22790664697320948,0.0,-8.995878262773008e-18
phonons,1,route_max_probability,0.23883119225502014,0.17649177256613627,0.15287444939795575,0.9009788507518712,0.16763210302779083,1.115419852895263,0.0,9.303054593696964e-17
phonons,1,route_entropy,0.28270065784454346,0.15968340055570335,0.11925760694001497,1.4639215607330804,0.142212131508305,2.2593753425925063,0.0,8.546375316050887e-09
phonons,1,data_attention_max,0.19916316866874695,0.16113591463126953,0.14203074547106975,0.5296272888281931,0.1566098742520841,0.6280335924530877,0.0,-1.5797639876089185e-17
phonons,1,relation_attention_max,0.03350262716412544,0.02726478573101113,0.02407690020148418,0.08910231216442845,0.026526655085437265,0.10562089025342479,0.0,-4.5527920476229245e-18
phonons,1,data_attention_entropy,0.1788083165884018,0.13835826946471286,0.10580358919144606,0.5091834299323044,0.13360708320271822,0.6674708997346493,0.0,-3.029262477882886e-09
phonons,1,relation_attention_entropy,-0.03210419788956642,0.02497742667023773,0.020197040282815295,0.09994382498096842,0.024067865685891195,0.12859115694203452,0.0,5.2285432900252495e-11
phonons,1,anchor_standardized,-0.9268879294395447,0.6076442569699292,0.4807353274415976,3.837001622381628,0.5575808593744348,5.717647201817518,0.0,0.0
phonons,1,abs_anchor_standardized,-0.1747216284275055,0.0975017589894765,0.06747363681138037,0.8060808823677033,0.08607496840622438,1.275754348408201,0.0,-4.388233298913662e-18
phonons,1,available_expert_fraction,0.0,0.0,0.0,0.0,0.0,0.0,0.0,0.0
phonons,1,expert_prediction_disagreement,-0.03367230296134949,0.024499698182287304,0.021203005081082228,0.11022589551643028,0.023082882594331236,0.3266412968144121,0.0,-1.4261758221469403e-18
phonons,1,anchor_vs_expert_mean_abs,0.15170519053936005,0.10020602630591861,0.08048225519295826,0.7268670968646123,0.09117503480626085,1.0445787893087657,0.0,-1.7552933195654648e-18
phonons,1,mean_expert_uncertainty,-0.18227386474609375,0.15127279906403254,0.14316078769405283,0.42757356260682494,0.14743296741479342,0.5972751481870753,0.0,8.776466597827324e-19
phonons,1,max_expert_uncertainty,0.08891500532627106,0.0731957150958206,0.08009964886439594,0.29575584919679937,0.07031337633354935,0.4122683892562071,0.0,-4.607644963859346e-18
phonons,1,max_abs_expert_prediction,-0.08372625708580017,0.055270595962377767,0.0456455919365783,0.3423530507961629,0.05058651068502777,0.9569764556940752,0.0,7.679408273098909e-18
phonons,2,anchor_prediction,-0.13462084531784058,0.08900500436844817,0.06955417999065924,0.5421204504625619,0.08192259404039622,0.86727034844787,0.0,-1.7552933195654648e-18
phonons,2,raw_proposal_prediction,-0.13557951152324677,0.08970151453077485,0.07040235027483278,0.5476435958572257,0.0825970609224865,0.8689971090423363,0.0,-4.388233298913662e-18
phonons,2,proposal_residual,-0.24291302263736725,0.14094635678893067,0.09498459573925391,1.0048790603254354,0.12558286253697018,2.109708930858554,0.0,-7.021173278261859e-18
phonons,2,abs_proposal_residual,0.8149497509002686,0.41536525678571184,0.290673851344848,3.5158249939813255,0.3565545993497866,8.172450744665566,0.0,-2.8084693113047436e-17
phonons,2,proposal_ensemble_std,-0.08647006750106812,0.04252687353515295,0.03259373952273613,0.25099903088133235,0.03666399641782839,1.24244688691889,0.0,2.632939979348197e-18
phonons,2,directional_agreement,0.13301898539066315,0.06330018006997734,0.03465894699304263,0.7555584928792585,0.055470631529768874,0.8043590096182895,0.0,1.7117177679662552e-10
phonons,2,route_consensus,-0.06695174425840378,0.06667451017208166,0.061118300991074855,0.07334196118928982,0.06667451017208166,0.07334196118928982,0.0,-2.413528314402514e-18
phonons,2,data_minus_relation_prediction,-0.13256347179412842,0.08223679108099896,0.05649505452703778,0.4871432788819714,0.07484887434720223,1.4673467324252314,0.0,3.949409969022296e-18
phonons,2,abs_data_minus_relation_prediction,-0.07610215246677399,0.042894637856480504,0.031538644508457184,0.3002196800175161,0.037967098044569644,1.0123535569335664,0.0,1.623646320598055e-17
phonons,2,route_anchor_probability,0.0,0.0,0.0,0.0,0.0,0.0,0.0,0.0
phonons,2,route_data_probability,-0.008094764314591885,0.005341537592126949,0.003265253364618306,0.03135581988869815,0.00500949072787268,0.03849756677342411,0.0,4.93676246127787e-19
phonons,2,route_relation_probability,0.008095319382846355,0.005341903940643298,0.003265474927509994,0.031357972814223395,0.005009834305921058,0.03850020457489338,0.0,4.388233298913662e-19
phonons,2,route_max_probability,0.16979464888572693,0.12013446354530409,0.1027899051162269,0.7358746629001615,0.11209017224170036,0.933523257147808,0.0,-1.040011291842538e-16
phonons,2,route_entropy,0.14390921592712402,0.06520810658970136,0.04711576576208809,0.7778193258930659,0.0537222315733379,1.3976771586839576,0.0,-3.736660260087612e-09
phonons,2,data_attention_max,-0.03597526624798775,0.029951586009549436,0.02736231927586648,0.07754538175700357,0.0293690115041712,0.09102103345056746,0.0,1.3109846980504566e-17
phonons,2,relation_attention_max,0.14344754815101624,0.11565988953441937,0.10225897445875828,0.3677373354281247,0.11270013004324374,0.40979951702963596,0.0,1.4042346556523718e-17
phonons,2,data_attention_entropy,-0.09269937127828598,0.07317554479847728,0.0616322842273172,0.22936195897241327,0.07099414428772527,0.3178016241303059,0.0,5.502722262260984e-10
phonons,2,relation_attention_entropy,0.05579593405127525,0.04328939422972237,0.03603840250812046,0.168025405691795,0.04177010537612762,0.2024582450037655,0.0,1.7270342720699267e-10
phonons,2,anchor_standardized,-0.1451493352651596,0.09564780554776646,0.07530105878717779,0.5619744078520087,0.08791883300633552,0.9592969002015261,0.0,0.0
phonons,2,abs_anchor_standardized,-0.10560323297977448,0.060216920675997494,0.04286078379434981,0.45115310732553104,0.05340361548956996,0.8351728700802615,0.0,2.632939979348197e-18
phonons,2,available_expert_fraction,0.0,0.0,0.0,0.0,0.0,0.0,0.0,0.0
phonons,2,expert_prediction_disagreement,0.2748430669307709,0.17421397105438569,0.1336860898388229,0.7662583480328972,0.1592920372402159,3.9060412006498586,0.0,-3.5105866391309295e-18
phonons,2,anchor_vs_expert_mean_abs,0.232633575797081,0.1489905569487874,0.11527555699688344,1.0038823483486636,0.13511442214326932,1.7441955090513113,0.0,-8.776466597827325e-18
phonons,2,mean_expert_uncertainty,0.08834661543369293,0.0747060037248776,0.0719781957007874,0.20647578242695708,0.07298876585296679,0.2809400515464394,0.0,4.388233298913662e-19
phonons,2,max_expert_uncertainty,-0.1184171810746193,0.09878572417661553,0.10964859235894431,0.35218432378219644,0.09522689542877903,0.51017836576096,0.0,-8.337643267935958e-18
phonons,2,max_abs_expert_prediction,-0.2710365951061249,0.1535299137178501,0.1188111070564712,1.0326530666698603,0.13583626054262918,4.213997387122551,0.0,2.3696459814133775e-17
phonons,3,anchor_prediction,0.11186427623033524,0.07304243565364112,0.05759087148315836,0.47190857273102704,0.06702377322648505,0.6880465415378744,0.0,1.1409406577175522e-17
phonons,3,raw_proposal_prediction,0.11247377097606659,0.07379921098665548,0.05801323069864355,0.47536343267439535,0.06779598701426819,0.6878569106360504,0.0,7.635525940109773e-17
phonons,3,proposal_residual,0.12621472775936127,0.05728664693803926,0.02760698409090672,0.6029639165197005,0.04812170285432962,1.5217571193493868,0.0,-1.7552933195654648e-18
phonons,3,abs_proposal_residual,0.19637809693813324,0.09323786776527648,0.06742463492670786,0.9573857628783019,0.0782274693718949,2.556403195990034,0.0,7.986584604022865e-17
phonons,3,proposal_ensemble_std,-0.049500349909067154,0.026378069995992084,0.020058564193285493,0.2004737902890194,0.022980447201522917,0.6018238982583184,0.0,-2.4574106473916508e-17
phonons,3,directional_agreement,0.09381898492574692,0.057780404258890125,0.03365379665443753,0.37419957626591965,0.054041994692230325,0.41853375134703985,0.0,-5.0315292007489717e-11
phonons,3,route_consensus,-0.11318836361169815,0.11315652938380294,0.11053514260271097,0.11590527098826775,0.11315652938380294,0.11590527098826775,0.0,-1.4481169886415085e-17
phonons,3,data_minus_relation_prediction,-0.1374017298221588,0.06730120638396883,0.04135517052940594,0.4778876254963699,0.05745098465071961,1.642073795382151,0.0,1.5358816546197818e-18
phonons,3,abs_data_minus_relation_prediction,0.01285144779831171,0.005733678017702137,0.00416587175173153,0.04513610531371238,0.004731721321354791,0.1694673312469565,0.0,-3.8397041365494544e-19
phonons,3,route_anchor_probability,0.0,0.0,0.0,0.0,0.0,0.0,0.0,0.0
phonons,3,route_data_probability,0.056255318224430084,0.036621337125257294,0.021870427746962677,0.20276681017529452,0.03427965409940803,0.28316390502524935,0.0,-3.729998304076613e-18
phonons,3,route_relation_probability,-0.05624730512499809,0.03661611992330146,0.02186731243227799,0.202737928599279,0.03427477040737867,0.28312355471730355,0.0,7.898819938044593e-18
phonons,3,route_max_probability,0.07378625869750977,0.051435252904213156,0.042868537685721464,0.2946394150356056,0.04801975499068697,0.41880615281829736,0.0,3.329572015550741e-17
phonons,3,route_entropy,0.07681934535503387,0.03556468978159887,0.025197129591410093,0.35303720232758623,0.02966203973963037,0.8117521015003555,0.0,-1.6482535935586564e-09
phonons,3,data_attention_max,-0.12499940395355225,0.10361149633964946,0.09387080535425413,0.26783970783553346,0.1015184904834314,0.32258507287684224,0.0,3.2692338076906786e-17
phonons,3,relation_attention_max,0.05613433197140694,0.04574297452355338,0.03922651071415184,0.13948930271525137,0.04453674198417606,0.17647503952808155,0.0,1.206764157201257e-18
phonons,3,data_attention_entropy,-0.13028855621814728,0.10552739364778799,0.09077769172930931,0.3168058129884098,0.10267512251538359,0.4179214048487415,0.0,-3.3938560525814546e-10
phonons,3,relation_attention_entropy,-0.0556880384683609,0.04270757589357962,0.03359743539608376,0.15305089905250602,0.04123249546873774,0.21948512278595186,0.0,4.988577749174825e-10
phonons,3,anchor_standardized,-0.17620228230953217,0.11471820847854812,0.09034374764589481,0.7305406816339183,0.10516282992838416,1.1165465537902388,0.0,-8.776466597827324e-19
phonons,3,abs_anchor_standardized,0.10963752120733261,0.061294729774922695,0.04238272604978649,0.5048538953126814,0.05413547727266848,0.8212035859047198,0.0,7.021173278261859e-18
phonons,3,available_expert_fraction,0.0,0.0,0.0,0.0,0.0,0.0,0.0,0.0
phonons,3,expert_prediction_disagreement,-0.7138967514038086,0.3222284296860952,0.2506658693562197,1.203512980717906,0.2851911149129072,15.784201465899459,0.001976284584980237,7.021173278261859e-18
phonons,3,anchor_vs_expert_mean_abs,-0.017399756237864494,0.010580299472894008,0.008040465086642981,0.09580379896479484,0.009462252887016966,0.1656455316280975,0.0,1.0970583247284155e-19
phonons,3,mean_expert_uncertainty,0.3659055829048157,0.3074930344793242,0.2927321595922274,0.8430569209225501,0.30035590694600206,1.1083548096782025,0.0,1.2287053236958254e-17
phonons,3,max_expert_uncertainty,-0.37027400732040405,0.31352052380491874,0.346357846323735,0.9998032271507318,0.3020220890825142,1.5569722791620704,0.0,1.7552933195654648e-18
phonons,3,max_abs_expert_prediction,0.6154622435569763,0.23750379126213855,0.18417948443818596,1.2899132613373574,0.20199936712887898,14.268400295056113,0.0009881422924901185,-5.265879958696394e-18
phonons,4,anchor_prediction,0.08406643569469452,0.054727858328838544,0.04365653295809986,0.44114559086313865,0.05016426572247549,0.5056005293856423,0.0,4.388233298913662e-18
phonons,4,raw_proposal_prediction,0.08245037496089935,0.053245068832404666,0.042422115544529966,0.43856235257532833,0.048704657824664814,0.5008348993205792,0.0,1.7552933195654648e-18
phonons,4,proposal_residual,-0.020549528300762177,0.007792875962644759,0.0041326171198249745,0.13101801255884177,0.0060587239200874,0.1914704142609532,0.0,2.194116649456831e-18
phonons,4,abs_proposal_residual,1.3760777711868286,0.5076873503268136,0.3285954311251805,8.917994690665182,0.3887480688154649,13.136339720614297,0.007905138339920948,8.706254865044706e-16
phonons,4,proposal_ensemble_std,0.0682663694024086,0.040977685125450795,0.03237146781262461,0.31662351608169764,0.03671737416624449,0.5996944989456838,0.0,-1.1519112409648363e-17
phonons,4,directional_agreement,0.11547281593084335,0.07035198014504515,0.04077518048151845,0.45155447619356726,0.06598325199217818,0.48709267940816087,0.0,-7.895886404084267e-12
phonons,4,route_consensus,0.12140297144651413,0.12109532357721355,0.11305209175289678,0.13037071006397885,0.12109532357721355,0.13037071006397885,0.0,4.168821633967979e-18
phonons,4,data_minus_relation_prediction,0.049018558114767075,0.02700970421887791,0.017621126981752354,0.1772245992920317,0.02380593640600576,0.6001029594084006,0.0,-9.87352492255574e-19
phonons,4,abs_data_minus_relation_prediction,-0.4109487235546112,0.19994833343755583,0.15592910310437125,1.5639047389908356,0.16975202835197112,5.748352650693556,0.0,-2.1414578498698671e-16
phonons,4,route_anchor_probability,0.0,0.0,0.0,0.0,0.0,0.0,0.0,0.0
phonons,4,route_data_probability,-0.04294925555586815,0.03192606998369048,0.021916441628716782,0.10987775654069966,0.030770310720791134,0.2044831764308451,0.0,1.974704984511148e-17
phonons,4,route_relation_probability,0.042948491871356964,0.031925501983637285,0.021916051641643577,0.1098758006291854,0.03076976326120703,0.20447951883399246,0.0,5.265879958696394e-18
phonons,4,route_max_probability,0.07448586076498032,0.060785999965625954,0.056460770561103976,0.19279631968605399,0.058573263697127106,0.4191184355626856,0.0,-4.563762630870209e-17
phonons,4,route_entropy,0.10290022194385529,0.06199875757214154,0.05151965846769029,0.28950933896635545,0.05623055170451896,1.437736494093494,0.0,-4.332580223441051e-10
phonons,4,data_attention_max,-0.37081006169319153,0.3263464290393476,0.31572375491130844,0.7055106117128195,0.32189143551188265,0.7886065381101289,0.0,9.654113257610057e-18
phonons,4,relation_attention_max,0.06542517989873886,0.0541111729679354,0.04958481419016263,0.1541345272415748,0.0528839566627972,0.18740408908959008,0.0,-2.4244988976497982e-17
phonons,4,data_attention_entropy,-0.2924960255622864,0.2460993768664485,0.22190435193546182,0.664018332529021,0.24107412392749147,0.7872694659501897,0.0,-8.124279753552119e-10
phonons,4,relation_attention_entropy,0.060002390295267105,0.04725220911604883,0.03852271230288674,0.1570189905038566,0.04588478659673331,0.20122814151454968,0.0,-7.107540847045941e-10
phonons,4,anchor_standardized,-0.2850721776485443,0.18527796012689116,0.1476377567898362,1.4920347591323566,0.16969244829041852,1.7482400641683677,0.0,-1.7552933195654648e-18
phonons,4,abs_anchor_standardized,-0.15313902497291565,0.0839132628464495,0.05716460631591325,0.9237217468172121,0.07381792332473247,1.1049034520863052,0.0,-1.7552933195654648e-18
phonons,4,available_expert_fraction,0.0,0.0,0.0,0.0,0.0,0.0,0.0,0.0
phonons,4,expert_prediction_disagreement,0.13497920334339142,0.09278471145099935,0.07272116757185523,0.4335251929666002,0.08597558363532373,1.2368678420897827,0.0,1.4919993216306452e-17
phonons,4,anchor_vs_expert_mean_abs,-0.0470082089304924,0.02992597377294143,0.023607965817408382,0.25301615869824656,0.027141906669548337,0.31954727038618363,0.0,0.0
phonons,4,mean_expert_uncertainty,-0.004175352863967419,0.0034611790548798728,0.002956172926385176,0.009133353289724533,0.0033947462493986178,0.010377945315883682,0.0,4.113968717731558e-20
phonons,4,max_expert_uncertainty,-0.005528338719159365,0.004837028887089505,0.005245465310320804,0.012540817559916793,0.004742262949795846,0.01637546859155846,0.0,-3.222608828889721e-19
phonons,4,max_abs_expert_prediction,-0.08771882206201553,0.05280516417070379,0.042099843570552166,0.3666503427819711,0.04735744193071911,0.9216651128755541,0.0,-4.388233298913662e-18
mp_gap,0,anchor_prediction,-0.06862423568964005,0.05754848408011219,0.05172832370737131,0.1982152213797272,0.05577524961195936,0.3570112987675606,0.0,-0.0012965596482213564
mp_gap,0,raw_proposal_prediction,-0.07490658760070801,0.062790783975225,0.05630423259741575,0.21696557749694928,0.06085807720901506,0.3926732154430546,0.0,-0.0013942177503091695
mp_gap,0,proposal_residual,-0.3554714620113373,0.30458593432656683,0.26374475489197835,1.1641099519411764,0.2941177206525354,1.9703318984061975,0.0,0.012420804762513976
mp_gap,0,abs_proposal_residual,-0.06128259748220444,0.05257745094754422,0.0475628877340099,0.20319830671678174,0.05074187385761861,0.3450771454610875,0.0,-0.002026930102038379
mp_gap,0,proposal_ensemble_std,-0.04682467132806778,0.03423624870055412,0.029267096047606647,0.1771766241880078,0.032279795065451686,0.5733781432939354,0.0,9.15091532883652e-05
mp_gap,0,directional_agreement,0.22257837653160095,0.16405749503570766,0.10883256622803658,0.6917022909122623,0.15856328521921884,0.7247846723934886,0.0,0.005333614398777282
mp_gap,0,route_consensus,-0.10923398286104202,0.10801566593200461,0.09579818454217423,0.12455416633114204,0.10801566593200461,0.12455416633114204,0.0,0.002177637493665603
mp_gap,0,data_minus_relation_prediction,-0.027544260025024414,0.016141396293417015,0.005598498068649487,0.10033428174911126,0.014937987318679069,0.3093714158048257,0.0,-0.000612654036498764
mp_gap,0,abs_data_minus_relation_prediction,0.007672096602618694,0.005452638574163315,0.004445383908967832,0.028778319742373368,0.005092154062299548,0.10161995059908192,0.0,5.734009586642886e-05
mp_gap,0,route_anchor_probability,0.0,0.0,0.0,0.0,0.0,0.0,0.0,0.0
mp_gap,0,route_data_probability,-0.009399744682013988,0.006546854853021533,0.0038599193700111214,0.028948946757892863,0.006271791169419103,0.04373134664369158,0.0,0.00014332848167606375
mp_gap,0,route_relation_probability,0.009398669004440308,0.006546105649284045,0.0038594789787245905,0.028945638015592846,0.006271073444047253,0.04372634380459532,0.0,0.00014331208401440097
mp_gap,0,route_max_probability,0.011419085785746574,0.008802391100880276,0.007462644211377307,0.03721674905694826,0.008433535018395954,0.06237360069944759,0.0,9.827545722331421e-05
mp_gap,0,route_entropy,-0.052948348224163055,0.03286868765402928,0.024185887474898426,0.223903589038991,0.02978109770331946,0.7100386349953309,0.0,0.0005372120907903014
mp_gap,0,data_attention_max,-0.1395013928413391,0.10774313696000258,0.09087061704374957,0.3987614084871835,0.10424786829520966,0.7191260851878118,0.0,0.002404203107681298
mp_gap,0,relation_attention_max,0.15894712507724762,0.12762189975270796,0.11096610012295666,0.4662435643923486,0.12342051432730652,0.8623150909855367,0.0,0.0034362750673798976
mp_gap,0,data_attention_entropy,-0.05524639040231705,0.04389817940665713,0.0378116926393592,0.1470609704739071,0.04270252319219127,0.27002436688470116,0.0,-0.0009026927439506816
mp_gap,0,relation_attention_entropy,0.16121017932891846,0.13182396414931566,0.11898140146913816,0.39718855286126487,0.12855199725789374,0.7447922930437426,0.0,-0.0016813470572344664
mp_gap,0,anchor_standardized,-0.072188600897789,0.0605347428898041,0.0543951072584803,0.20831506878456257,0.05866945112665162,0.3752825073683026,0.0,-0.0013634995205719818
mp_gap,0,abs_anchor_standardized,0.012340734712779522,0.007786879549263771,0.0018961163128439085,0.04529140606954366,0.007293936979992949,0.09643478818160184,0.0,0.0002349685848975328
mp_gap,0,available_expert_fraction,0.0,0.0,0.0,0.0,0.0,0.0,0.0,0.0
mp_gap,0,expert_prediction_disagreement,0.14102411270141602,2141883.731062546,0.07600820401425337,0.42462627407694237,0.08840032745888894,181824501878.17947,1.1779950524207799e-05,2141883.6354564247
mp_gap,0,anchor_vs_expert_mean_abs,0.0765601098537445,211295.2498529408,0.04306066440474038,0.25288044626035533,0.05476880182520794,17936848898.996807,1.1779950524207799e-05,211295.19346586696
mp_gap,0,mean_expert_uncertainty,0.019122779369354248,0.014834882906480993,0.011559735149490248,0.05723368644788037,0.014175775688749746,4.425417843760658,0.0,0.00023072882364055507
mp_gap,0,max_expert_uncertainty,-0.03629665449261665,0.027782671529539688,0.022240643183584867,0.10466246251688036,0.02622189153654359,19.242536656356084,1.1779950524207799e-05,-0.00026941246395598644
mp_gap,0,max_abs_expert_prediction,-0.2166333943605423,3494711.5741648953,0.11048610154782859,0.632968262387412,0.12007899586877016,296666054337.9188,1.1779950524207799e-05,-3494711.4393745954
mp_gap,1,anchor_prediction,-0.13713756203651428,0.11478464731903933,0.10746082820349474,0.38579893516596525,0.11138809886963552,0.78230130665482,0.0,0.0030313308653284704
mp_gap,1,raw_proposal_prediction,-0.13708315789699554,0.11476961632698268,0.10716363024009926,0.38512829902119394,0.11136497829485295,0.7772234429678779,0.0,0.003042203590194957
mp_gap,1,proposal_residual,-0.0522875040769577,0.04009119400130183,0.02986895489156227,0.18255036953393278,0.0383453399679606,0.3958376270808499,0.0,-0.0001086442811009453
mp_gap,1,abs_proposal_residual,0.2841889560222626,0.22196406483187553,0.1970805741926429,1.0225529043675727,0.21209572053742914,2.2553242431106404,0.0,-0.0019419389646546268
mp_gap,1,proposal_ensemble_std,-0.07842139899730682,0.059353612422056494,0.05360991294097089,0.27887271923773915,0.056390533748487,0.6965584787160288,0.0,0.0022811079750350797
mp_gap,1,directional_agreement,0.06897353380918503,0.048091643328917195,0.031541946600481104,0.2289708830202246,0.0461973627303952,0.24255099933235907,0.0,0.0015516728040490682
mp_gap,1,route_consensus,0.058887507766485214,0.05887751799857783,0.058243269005426666,0.059538872562675794,0.05887751799857783,0.059538872562675794,0.0,0.0005842696280484836
mp_gap,1,data_minus_relation_prediction,-0.021208707243204117,0.012503870316964935,0.004401641173996509,0.0769767033882839,0.01164916872934466,0.2227083144863676,0.0,-0.00013192704090419287
mp_gap,1,abs_data_minus_relation_prediction,-0.03169551491737366,0.023324184179641654,0.01971142687855062,0.1202352279790368,0.02196662349315537,0.3925447504678126,0.0,0.0004998699534809292
mp_gap,1,route_anchor_probability,0.0,0.0,0.0,0.0,0.0,0.0,0.0,0.0
mp_gap,1,route_data_probability,0.06368821859359741,0.050130160567166446,0.04242173718550999,0.14982998304274742,0.049100071370844024,0.1658489561592902,0.0,0.002402763053909591
mp_gap,1,route_relation_probability,-0.06368649750947952,0.05012880584819805,0.042420590803469244,0.14982592394382727,0.04909874448157081,0.16584446455603327,0.0,0.0024026981517612017
mp_gap,1,route_max_probability,0.20008516311645508,0.15801347431536397,0.1394496003250601,0.5263244850399268,0.15419539298880428,0.5488285020194132,0.0,-0.00069145770130305
mp_gap,1,route_entropy,0.12807293236255646,0.08433491886515884,0.06951718046300848,0.48705227546916974,0.08000530521127316,0.5544368295341804,0.0,0.0013410537914316924
mp_gap,1,data_attention_max,0.1341993510723114,0.10923197876372927,0.0971166791222888,0.34388657314450083,0.10648175392037564,0.517998081525181,0.0,-0.0014292255459995601
mp_gap,1,relation_attention_max,0.060070231556892395,0.047123512645677566,0.03952983511931486,0.17696715507788213,0.045539026783176825,0.2983151123425074,0.0,-0.000278409069214521
mp_gap,1,data_attention_entropy,0.3005749583244324,0.2386489073536927,0.20335385038553616,0.7839426449697618,0.23213990365240636,1.3859457821091614,0.0,0.006001596357754713
mp_gap,1,relation_attention_entropy,-0.010000674054026604,0.00800636389604827,0.006595399984659099,0.02555225416740496,0.007788255509280582,0.049207647446434605,0.0,-0.00019295847902077703
mp_gap,1,anchor_standardized,-0.09868285804986954,0.08259653648291809,0.07724551904473742,0.2776003868297482,0.08015234647004689,0.5623747835745867,0.0,0.0021795694251372094
mp_gap,1,abs_anchor_standardized,0.026219693943858147,0.016099449461849578,0.004178738685964446,0.09337470224604036,0.015096309690360016,0.2269817616003011,0.0,0.00022952516889777742
mp_gap,1,available_expert_fraction,0.0,0.0,0.0,0.0,0.0,0.0,0.0,0.0
mp_gap,1,expert_prediction_disagreement,0.16567128896713257,0.10998010086636485,0.08744244147459833,0.4688769027440199,0.10302014913601483,2.952404684451407,0.0,-0.0023490310909377145
mp_gap,1,anchor_vs_expert_mean_abs,0.26107949018478394,0.18753374134358008,0.14033037048324648,0.8566966244172782,0.17877663731555082,1.7248983371846653,0.0,0.004071416782381827
mp_gap,1,mean_expert_uncertainty,-0.0355929397046566,0.029403490117210235,0.030380651340651467,0.0984617815102051,0.028477602573142826,0.7279798892476486,0.0,0.0011643938237423707
mp_gap,1,max_expert_uncertainty,-0.06359986215829849,0.04944022972228308,0.05185796153073148,0.18565735524569082,0.04692896647731021,2.658229370580949,0.0,0.0018509450146880074
mp_gap,1,max_abs_expert_prediction,-0.24283671379089355,0.1477817721705703,0.11795027597856331,0.6189205333595642,0.13642909674612452,5.044110343302229,0.0,0.00537624927096792
mp_gap,2,anchor_prediction,-0.3665202260017395,0.3100208510501084,0.31525692976979264,0.9737006676821628,0.30152056401544247,1.8374988878894585,0.0,0.04363691745210314
mp_gap,2,raw_proposal_prediction,-0.3659099042415619,0.30965447480445935,0.315193892167761,0.9719988572894794,0.3012102055460626,1.8352485998320511,0.0,0.043607958583725646
mp_gap,2,proposal_residual,-0.018789319321513176,0.011322881511702902,0.0036768374447038532,0.061451437452783954,0.010703581039045056,0.14365105409052045,0.0,0.00033521534273704006
mp_gap,2,abs_proposal_residual,0.20532065629959106,0.16171996446236536,0.15002606841861993,0.6740791601511701,0.1549255147978757,1.7357129146344306,0.0,-0.015738373474196335
mp_gap,2,proposal_ensemble_std,-0.030525406822562218,0.023216890789117327,0.02217769046049478,0.10126201134361058,0.02214826866373961,0.26908083069869526,0.0,0.0033389331984450643
mp_gap,2,directional_agreement,0.27080079913139343,0.1607324993064915,0.10480274919236356,0.994354183455179,0.15192500670519887,1.0708288925136968,0.0,0.02078563722917682
mp_gap,2,route_consensus,0.19099028408527374,0.1866677222899797,0.16017421542952864,0.22773508530797773,0.1866677222899797,0.22773508530797773,0.0,0.008058386565694865
mp_gap,2,data_minus_relation_prediction,0.024928279221057892,0.014545646839047289,0.0071425145452300755,0.08566406472593167,0.013622543946804868,0.23695154525326434,0.0,-0.00030383846977842505
mp_gap,2,abs_data_minus_relation_prediction,-0.05185014009475708,0.03844793126274272,0.034394198058618826,0.18823130367491175,0.036380071653385825,0.5977416638785943,0.0,0.004331719284431893
mp_gap,2,route_anchor_probability,0.0,0.0,0.0,0.0,0.0,0.0,0.0,0.0
mp_gap,2,route_data_probability,0.1921810656785965,0.16282538465388557,0.1598361399854687,0.36626807546602974,0.16074543567082133,0.4061933275464136,0.0,0.021422839668937575
mp_gap,2,route_relation_probability,-0.192180797457695,0.16282515785703963,0.15983592968752416,0.3662675889679041,0.1607452117828225,0.40619281712814953,0.0,0.021422809841031766
mp_gap,2,route_max_probability,-0.008185596205294132,0.006496623288581639,0.005844149703666989,0.017445646271373776,0.006384381637503226,0.017775394134391952,0.0,0.0002870546165611435
mp_gap,2,route_entropy,-0.26122257113456726,0.18723970292183167,0.1610853859105455,0.7866974128154968,0.18094599060744107,0.8389953717244698,0.0,-0.012761285950740386
mp_gap,2,data_attention_max,-0.07297369092702866,0.05885073842896609,0.05112459333056866,0.18975375197156458,0.05726210204236575,0.30539662793814953,0.0,0.0009954716349255754
mp_gap,2,relation_attention_max,0.0991675928235054,0.08144729864956667,0.07235243071520112,0.2526089246883529,0.0794967912702417,0.35916980420749567,0.0,-0.0006535752698282037
mp_gap,2,data_attention_entropy,-0.015664583072066307,0.01278306996611126,0.01112107550127757,0.039737839411577096,0.012450036652042928,0.07616886709991684,0.0,-0.00027665405021104874
mp_gap,2,relation_attention_entropy,0.08052156865596771,0.06486515866226429,0.05632182427545754,0.20439447470312727,0.06318521255465633,0.35230664827484454,0.0,0.0007600484276744191
mp_gap,2,anchor_standardized,-0.3646984100341797,0.3084854713545092,0.31351024588412457,0.9701908156123291,0.30002648739283705,1.8259434537206518,0.0,0.04341790838744692
mp_gap,2,abs_anchor_standardized,0.5632538199424744,0.3296187157451683,0.08815217039906294,1.8851056491047493,0.3092175705906258,4.145809069324211,0.0,-0.006075872801193614
mp_gap,2,available_expert_fraction,0.0,0.0,0.0,0.0,0.0,0.0,0.0,0.0
mp_gap,2,expert_prediction_disagreement,0.16268332302570343,0.0931571324164496,0.071596913517165,0.39911569196636654,0.08602768682150304,5.950049428279523,0.0,-0.004703673796028184
mp_gap,2,anchor_vs_expert_mean_abs,0.2156519889831543,0.14501128842870606,0.10687682615817357,0.6652787018970574,0.1374379991649308,2.923215153389622,0.0,0.0005868170646465469
mp_gap,2,mean_expert_uncertainty,-0.10852183401584625,0.09377797258506802,0.1038264139484476,0.25703854376493074,0.09192124179946443,0.3458715819936596,0.0,0.009180435118845358
mp_gap,2,max_expert_uncertainty,-0.03946399688720703,0.03406571633613141,0.03357246892648279,0.10910065955285699,0.033173706645089514,0.17093758494538233,0.0,0.0028537582374161675
mp_gap,2,max_abs_expert_prediction,-0.19268371164798737,0.09983794902696322,0.08027268918954522,0.3948815421472291,0.09093525963179463,7.787853682718261,0.0,0.007239375558691019
mp_gap,3,anchor_prediction,0.26268380880355835,0.21787531004749525,0.21411651599725912,0.7084425050921117,0.21166459694292128,1.4540759140933723,0.0,-0.02047540672826282
mp_gap,3,raw_proposal_prediction,0.2626963257789612,0.21797953981605145,0.21424779708495864,0.7049423914935755,0.21181650230305582,1.447125783822742,0.0,-0.020493170381682083
mp_gap,3,proposal_residual,0.022759312763810158,0.011527092321481181,0.0017848111204213535,0.0785216593965802,0.010706129196098589,0.1427528232038692,0.0,-5.806834390519773e-05
mp_gap,3,abs_proposal_residual,0.32128891348838806,0.23528023048226523,0.21593893947749634,1.1260749534826666,0.22382164081611758,2.222577871516202,0.0,-0.02436002420758786
mp_gap,3,proposal_ensemble_std,-0.05093401297926903,0.037701694360894836,0.03458549365259354,0.17457120858582167,0.03587084658036305,0.46279895298827534,0.0,0.003186527432943589
mp_gap,3,directional_agreement,-0.28213372826576233,0.21753334388452453,0.15206805197903864,0.8342162373729074,0.2111292134117153,0.8694978828015569,0.0,0.003330437452811164
mp_gap,3,route_consensus,-3.687792741402518e-06,3.5003541147078567e-06,2.685315561986542e-06,5.06451289973508e-06,3.5003541147078567e-06,5.06451289973508e-06,0.0,-3.0466856053916954e-08
mp_gap,3,data_minus_relation_prediction,0.07803018391132355,0.0454265343897176,0.02078556693819279,0.2708853803364853,0.04235165008261311,0.6623113950072024,0.0,-0.0005698882129146476
mp_gap,3,abs_data_minus_relation_prediction,0.07597367465496063,0.05326281889319106,0.04853646954613498,0.26962657439088084,0.05009571263188661,0.7273539812259732,0.0,-0.005159080053257744
mp_gap,3,route_anchor_probability,0.0,0.0,0.0,0.0,0.0,0.0,0.0,0.0
mp_gap,3,route_data_probability,-0.14863291382789612,0.13104338588010753,0.1267242004596026,0.28774922968324274,0.1293812401524405,0.37996494255229524,0.0,-0.012080855677678439
mp_gap,3,route_relation_probability,0.1486329436302185,0.1310434123064605,0.12672422593898,0.28774926474277407,0.12938126623662838,0.3799650063546363,0.0,-0.012080857997182311
mp_gap,3,route_max_probability,0.18061870336532593,0.14601656568664656,0.13616492747158632,0.4280434312381615,0.14305361214645174,0.448327999318373,0.0,-0.009926634071949854
mp_gap,3,route_entropy,0.304568886756897,0.2158190558168727,0.19395942233140298,1.0828157839532222,0.2062422440307233,1.2413400803397232,0.0,0.01648208935585125
mp_gap,3,data_attention_max,-0.10201483964920044,0.07971757890374591,0.0675431365506569,0.29631616038725145,0.07711464570873368,0.44242314036105224,0.0,-0.000699675089453504
mp_gap,3,relation_attention_max,-0.09005214273929596,0.07236672927018457,0.06147546929066553,0.2710033406702758,0.07007082149477223,0.3940207361786079,0.0,8.193807413637038e-05
mp_gap,3,data_attention_entropy,-0.06103464215993881,0.04657808823570249,0.037379175921978314,0.17710763893983023,0.044916545578760486,0.3125941776358668,0.0,-0.0002964056536006422
mp_gap,3,relation_attention_entropy,-0.08441589027643204,0.06579962966969527,0.052881573061750155,0.2581296007695093,0.06341533637828882,0.4831728847012358,0.0,-0.0017147642351176841
mp_gap,3,anchor_standardized,0.2601359486579895,0.21576038109451487,0.21203077916460678,0.7016589006312686,0.2096096469546464,1.44101651528755,0.0,-0.020278316402922627
mp_gap,3,abs_anchor_standardized,-0.40420714020729065,0.24262222400866099,0.0656735475227788,1.372977786429822,0.2278454075039779,3.3716692469599177,0.0,0.009507378404925774
mp_gap,3,available_expert_fraction,0.0,0.0,0.0,0.0,0.0,0.0,0.0,0.0
mp_gap,3,expert_prediction_disagreement,-0.0492166131734848,0.03280544084833923,0.025840733378922537,0.1357847888191899,0.03066332396400268,1.7902359657380098,0.0,0.0007496888425665932
mp_gap,3,anchor_vs_expert_mean_abs,-0.2720848619937897,0.1899465588697285,0.14445369673490105,0.8663621905707477,0.18059336246484606,3.1967675242794393,0.0,0.004606952625417471
mp_gap,3,mean_expert_uncertainty,0.14598073065280914,0.1253964898400016,0.14362038612827796,0.3348608523519596,0.12299904584062264,0.4368121542818221,0.0,-0.008423196533691878
mp_gap,3,max_expert_uncertainty,-0.029706474393606186,0.02530199299300479,0.02539592436350452,0.08618837684805568,0.024584843686695203,0.13308778705697177,0.0,0.0015808345540687756
mp_gap,3,max_abs_expert_prediction,0.11921217292547226,0.07527622540220749,0.061601586275116894,0.2899185015955239,0.0699381683620687,4.919044181259061,0.0,-0.001606593751295419
mp_gap,4,anchor_prediction,-0.09304073452949524,0.07824131033604952,0.07156984104450165,0.26433719193572175,0.07590958046693672,0.4853011811959048,0.0,4.9881994468736274e-05
mp_gap,4,raw_proposal_prediction,-0.09289049357175827,0.07794707763324187,0.0712244888815377,0.2654521357797928,0.0755987705558961,0.4907964411177126,0.0,5.6042203606142285e-05
mp_gap,4,proposal_residual,-0.00510750338435173,0.003269765647729444,0.0014613346853733884,0.019892774904481707,0.0030665271070182305,0.040312955420167045,0.0,3.968909214297267e-05
mp_gap,4,abs_proposal_residual,0.11646638810634613,0.08677372059507638,0.07234726130127395,0.4465870824002508,0.08219133140373869,0.9549185256907754,0.0,0.001124461479626636
mp_gap,4,proposal_ensemble_std,-0.06499778479337692,0.04747009690485623,0.040418755457243424,0.24040499825164913,0.04482248762024548,0.8841083854642187,0.0,0.0004905766514505749
mp_gap,4,directional_agreement,0.352880597114563,0.27192571101278856,0.19115259597540948,1.043837676417978,0.2638593252891164,1.0975833432803241,0.0,0.011590857287349588
mp_gap,4,route_consensus,0.053936444222927094,0.05206840897485491,0.040973233488327876,0.07100098693069616,0.05206840897485491,0.07100098693069616,0.0,-0.0004009448330904967
mp_gap,4,data_minus_relation_prediction,0.0813060849905014,0.0531899844102114,0.030079503125553072,0.28685292127490647,0.050177003087214726,0.676606987441105,0.0,0.0006476752289172569
mp_gap,4,abs_data_minus_relation_prediction,0.0016091193538159132,0.0011743032984679914,0.0009628823974747035,0.006098622556118565,0.0011076501621658246,0.0158738253573162,0.0,-7.968473386766158e-06
mp_gap,4,route_anchor_probability,0.0,0.0,0.0,0.0,0.0,0.0,0.0,0.0
mp_gap,4,route_data_probability,-0.04161131754517555,0.03455796700520395,0.03543215360343171,0.08767104003694376,0.03401481009412961,0.08885310089608928,0.0,-0.0003719403966283932
mp_gap,4,route_relation_probability,0.041609279811382294,0.034556274683495834,0.03543041837390139,0.08766674029138538,0.034013144371244836,0.08884875484844305,0.0,-0.00037192212976734217
mp_gap,4,route_max_probability,-0.36398160457611084,0.3025408183845257,0.27790391939828474,0.8689304352588537,0.29671009218024064,0.8883984863887756,0.0,0.010372226169294079
mp_gap,4,route_entropy,-0.029459310695528984,0.021162936003914855,0.019173664854101675,0.11384843480835091,0.020182592716272964,0.1223579809959844,0.0,-0.0006811891498964064
mp_gap,4,data_attention_max,-0.2246493101119995,0.17769873151671925,0.1506055080167929,0.6079499771229956,0.17244923152797928,0.9403323379203632,0.0,0.003224682327454082
mp_gap,4,relation_attention_max,0.05722487345337868,0.04659689173848298,0.04140947172451662,0.14362416562740016,0.045455489885315815,0.2159691716820821,0.0,-0.00162202863001569
mp_gap,4,data_attention_entropy,-0.35717079043388367,0.2746088783096017,0.21625826761631214,0.9490857183163764,0.2657333238179793,1.8699996499505156,0.0,-0.0037058405839831905
mp_gap,4,relation_attention_entropy,0.27929627895355225,0.2223980958088283,0.1870936308294802,0.6674569655261281,0.21691657461779315,1.2545614392450246,0.0,0.006720406215371569
mp_gap,4,anchor_standardized,0.09316442161798477,0.07833939038195291,0.07160179179792799,0.26461590226800114,0.07600439147539419,0.48588405487100483,0.0,-4.727733436936021e-05
mp_gap,4,abs_anchor_standardized,0.13939268887043,0.08817427032148928,0.022453321915533894,0.5082417305495113,0.08270007635730171,1.10905856749759,0.0,0.0014022939313727534
mp_gap,4,available_expert_fraction,0.0,0.0,0.0,0.0,0.0,0.0,0.0,0.0
mp_gap,4,expert_prediction_disagreement,-0.05316130816936493,0.03441727556376324,0.026071682883211874,0.1549116789551307,0.03189659699675872,0.9667702824904868,0.0,-0.000329200934521866
mp_gap,4,anchor_vs_expert_mean_abs,-0.0015337727963924408,0.0011375583752733856,0.0008683207274732176,0.005037555099411404,0.0010845351178152655,0.010376519506091022,0.0,-2.4612701173882618e-05
mp_gap,4,mean_expert_uncertainty,-0.05236157774925232,0.0456194266260972,0.051967223421473134,0.11724951297889426,0.044811584579168104,0.15560000285175643,0.0,0.0002010026595529174
mp_gap,4,max_expert_uncertainty,0.022476645186543465,0.020650744535937304,0.02196267047652539,0.04950794445202543,0.020297469284887185,0.0751084490977641,0.0,-1.7146084937560653e-08
mp_gap,4,max_abs_expert_prediction,0.10803383588790894,0.06319040421223787,0.05042800694104033,0.2597762011248462,0.05773792317737324,2.182568032280883,0.0,-0.0001342360359575551
mp_e_form,0,anchor_prediction,-0.036031290888786316,0.03100177220818574,0.03032914291404849,0.08614992064101308,0.030311185583325663,0.12175732217317099,0.0,-0.0002934721085670915
mp_e_form,0,raw_proposal_prediction,-0.036300793290138245,0.03122340499667368,0.0305224293285462,0.08700000422601513,0.030526522139512687,0.1226357557898379,0.0,-0.0002982314396113783
mp_e_form,0,proposal_residual,-0.1919659972190857,0.14146183839893317,0.10287520537415543,0.7146165926794692,0.13365329645863486,1.6692991329071214,0.0,-0.003126717759372884
mp_e_form,0,abs_proposal_residual,0.4035051465034485,0.293045176929401,0.24513997888129496,1.6997329946551993,0.2727919914134866,4.556626583940739,0.0,0.015731757377696998
mp_e_form,0,proposal_ensemble_std,0.009318354539573193,0.006577133854335753,0.005401979161314892,0.03736029254333856,0.006133972777255704,0.11881679953097561,0.0,0.00012085419632741914
mp_e_form,0,directional_agreement,0.010128514841198921,0.005891058619733211,0.0035380613586672434,0.04098159481238325,0.005519562095913052,0.04431159492753545,0.0,0.00026948633521647826
mp_e_form,0,route_consensus,-0.05060521140694618,0.049828469291430186,0.04270325683066625,0.05996937029175309,0.049828469291430186,0.05996937029175309,0.0,-0.00033331157339795844
mp_e_form,0,data_minus_relation_prediction,0.024091683328151703,0.017321950355668216,0.012892131219180087,0.07838790690457759,0.01647172122766909,0.2625675969333265,0.0,-1.7972319927173512e-05
mp_e_form,0,abs_data_minus_relation_prediction,0.00020722746558021754,0.00014706033213904656,0.0001246314678701146,0.0007671062071620212,0.00013783157120510678,0.0030924739303101936,0.0,-1.140189415057847e-06
mp_e_form,0,route_anchor_probability,0.0,0.0,0.0,0.0,0.0,0.0,0.0,0.0
mp_e_form,0,route_data_probability,3.3864256693050265e-05,2.822245619787573e-05,2.315849117312293e-05,7.373372016238623e-05,2.7689947488254537e-05,0.00010374590298226595,0.0,1.606997365823756e-07
mp_e_form,0,route_relation_probability,-3.2826421374920756e-05,2.7357524691058277e-05,2.244875468639846e-05,7.147400081005204e-05,2.6841335736353723e-05,0.00010056640218079333,0.0,1.5577485187455857e-07
mp_e_form,0,route_max_probability,0.024632511660456657,0.020373179778378502,0.019072120304799985,0.05527284504556482,0.02001463808353468,0.05680850101698017,0.0,0.00016827560582029737
mp_e_form,0,route_entropy,-0.0031597388442605734,0.0023262120283408226,0.002046809304855881,0.010618483324294046,0.002239007289435089,0.011595644643421684,0.0,2.4833042515326262e-05
mp_e_form,0,data_attention_max,0.02202807180583477,0.018274551584150575,0.01672285514697137,0.05217655331606687,0.01791944856816304,0.056592777348099706,0.0,-0.0001936452276680724
mp_e_form,0,relation_attention_max,0.04655681177973747,0.0362757529055793,0.031181378068238452,0.14856625335151633,0.0349792327509072,0.19396641835957673,0.0,-0.00040035464686682476
mp_e_form,0,data_attention_entropy,0.021139301359653473,0.016778930432956005,0.014751594126485407,0.05608557344238393,0.016356273811217167,0.06568343408896687,0.0,0.00021097432608493903
mp_e_form,0,relation_attention_entropy,0.09230975806713104,0.07035632639521942,0.05786225595433729,0.3136808448298196,0.06736958067665608,0.483121777281685,0.0,0.0005910351726568313
mp_e_form,0,anchor_standardized,-0.024442773312330246,0.021030908583873405,0.02057753528402715,0.05846695673744105,0.02056240766988088,0.08264477883702183,0.0,-0.00019869492980161845
mp_e_form,0,abs_anchor_standardized,-0.06463535130023956,0.049841239302318055,0.04208870237422792,0.19698798631916725,0.04788294679731477,0.3238804050860926,0.0,0.0007136196460787584
mp_e_form,0,available_expert_fraction,0.0,0.0,0.0,0.0,0.0,0.0,0.0,0.0
mp_e_form,0,expert_prediction_disagreement,-0.09777988493442535,0.07105987914675933,0.05704058844740003,0.31579233754340086,0.06645529822236074,47.45453365099015,9.416107192964285e-06,0.00022515627462507012
mp_e_form,0,anchor_vs_expert_mean_abs,0.040173377841711044,0.031207342870360612,0.026727873204470332,0.12506147645771168,0.029958549140722695,4.35625749215866,0.0,-0.00039460030840447985
mp_e_form,0,mean_expert_uncertainty,0.03106142207980156,0.02175956436051967,0.01659332042398867,0.12296715557889083,0.020376591398058336,0.5293230280356969,0.0,-0.00012652830269085447
mp_e_form,0,max_expert_uncertainty,-0.03175157308578491,0.018742659643850506,0.013959397724177237,0.17721945226542835,0.01688413176141606,0.7882251885787857,0.0,7.54171317482262e-05
mp_e_form,0,max_abs_expert_prediction,0.07578727602958679,0.05128764835389566,0.04472771602319665,0.26795540545446117,0.04689899064747604,41.0029758189812,9.416107192964285e-06,-0.00024773390513939457
mp_e_form,1,anchor_prediction,-0.000619084166828543,0.0005350131800138626,0.0005242873082079045,0.0014871076643707833,0.0005231396980986703,0.0020768060058251854,0.0,-1.1399251408176287e-05
mp_e_form,1,raw_proposal_prediction,-0.0011970322811976075,0.0010341547155298088,0.0010131176221325352,0.002880835915609535,0.0010110518485337053,0.0040473974179664005,0.0,-2.203083156128148e-05
mp_e_form,1,proposal_residual,-0.1529764086008072,0.10222280230646644,0.07046342633107915,0.6238356191157666,0.09482080057679192,1.726126277303066,0.0,-0.0012072059231178853
mp_e_form,1,abs_proposal_residual,0.5335050821304321,0.3254240384597184,0.24095475006270384,2.3371261003225725,0.29498376581075997,7.259031465847499,0.0,0.019621658785647714
mp_e_form,1,proposal_ensemble_std,-0.06917944550514221,0.04466317426860532,0.03654668492281851,0.2690254028207791,0.04072906982444119,1.2406041303270698,0.0,-0.00046295996407346487
mp_e_form,1,directional_agreement,0.01351279579102993,0.008427294791496736,0.005072269287337503,0.05223276733891345,0.007966971949650781,0.05587916439407326,0.0,0.00019292780331742516
mp_e_form,1,route_consensus,-0.05734150484204292,0.05629637593645285,0.047463963607686635,0.06927462284286463,0.05629637593645285,0.06927462284286463,0.0,-0.00018967817272031161
mp_e_form,1,data_minus_relation_prediction,0.09521551430225372,0.06296696988145291,0.04538604008356925,0.34765844346016167,0.05830624180947124,1.600867516731453,0.0,-0.0014495742515475947
mp_e_form,1,abs_data_minus_relation_prediction,-0.007709861733019352,0.004743098385534541,0.0037886676729625103,0.02950673166343334,0.004302261559208403,0.15990317871359275,0.0,-6.445693365002435e-05
mp_e_form,1,route_anchor_probability,0.0,0.0,0.0,0.0,0.0,0.0,0.0,0.0
mp_e_form,1,route_data_probability,0.0018527003703638911,0.0014354633414818592,0.0010956918220207542,0.004629371188226921,0.0014005682126725955,0.00535937859244874,0.0,2.4627819949812342e-05
mp_e_form,1,route_relation_probability,-0.0018502094317227602,0.0014335333761374624,0.0010942186825674519,0.004623147267234048,0.0013986851634488781,0.005352173021750107,0.0,2.4594711310516438e-05
mp_e_form,1,route_max_probability,0.10486716032028198,0.08939008062243876,0.08730987681175542,0.27303650982107147,0.08737957054908639,0.3048304482293462,0.0,0.0014917664013957361
mp_e_form,1,route_entropy,0.06739673018455505,0.04997213969529082,0.04292552001018748,0.2677100220281095,0.047372491642645016,0.3603185698897704,0.0,-0.0009740881936760496
mp_e_form,1,data_attention_max,0.0600404292345047,0.046434363709136776,0.03867178372373511,0.16941822123743358,0.04511512423370978,0.19164530737684618,0.0,-0.0009542491023856143
mp_e_form,1,relation_attention_max,-0.015829313546419144,0.012628885282738039,0.011022472374197224,0.04352472523613744,0.012270798838331,0.05667037331939706,0.0,0.00022008566601239388
mp_e_form,1,data_attention_entropy,0.030748339369893074,0.0229033904157695,0.017943826113178636,0.09512667273562746,0.022093014483420444,0.12020662516449819,0.0,0.0006416321654191384
mp_e_form,1,relation_attention_entropy,0.07797092944383621,0.06049694043202863,0.04946248896350043,0.21971052433322794,0.058521599346709585,0.33809722521254926,0.0,0.001268457717484048
mp_e_form,1,anchor_standardized,0.008551852777600288,0.007390451467680848,0.007242377599460552,0.020541973549969606,0.007226426433147316,0.028690037588080756,0.0,0.00015745416215237913
mp_e_form,1,abs_anchor_standardized,-0.1575610488653183,0.12176614384294827,0.10279854055271033,0.47950309642562416,0.11701727096523853,0.7758801301893269,0.0,0.00043267865792855694
mp_e_form,1,available_expert_fraction,0.0,0.0,0.0,0.0,0.0,0.0,0.0,0.0
mp_e_form,1,expert_prediction_disagreement,0.12752781808376312,0.09162508403211415,0.07367672049511229,0.4563078966286863,0.08623535214590325,3.531803132664877,0.0,-7.839344819938411e-05
mp_e_form,1,anchor_vs_expert_mean_abs,0.09808484464883804,0.07720770238585237,0.06695727055938624,0.299402537611163,0.0743662338601269,0.733950741956859,0.0,-0.00042268216034925657
mp_e_form,1,mean_expert_uncertainty,-0.023826884105801582,0.018454545379427804,0.01595953565713953,0.06711089146148243,0.01756445727194581,0.4736566057948159,0.0,-7.11738228523689e-05
mp_e_form,1,max_expert_uncertainty,-0.0639113187789917,0.04211600629135929,0.03408627953132721,0.19681340918852708,0.03829268872822914,2.221569561185329,0.0,-0.0005379554268728689
mp_e_form,1,max_abs_expert_prediction,-0.15802566707134247,0.10646832055113148,0.08511065149271238,0.5971388763286208,0.09843519071550852,5.309187142806533,0.0,0.0008640660537631741
mp_e_form,2,anchor_prediction,-0.032984212040901184,0.028662923568944374,0.02800725683466921,0.07963426343509611,0.028024225374353905,0.11248750047428803,0.0,-2.8361927220629102e-05
mp_e_form,2,raw_proposal_prediction,-0.0328378863632679,0.02854017077078811,0.02789576027686662,0.07914112311898537,0.027905009473478015,0.11190266739751178,0.0,-2.9456936918817933e-05
mp_e_form,2,proposal_residual,0.05501747876405716,0.03849322676829642,0.028129385276271648,0.20053446986104054,0.03626717026376825,0.5286341161839709,0.0,0.0007098653488973265
mp_e_form,2,abs_proposal_residual,0.25960811972618103,0.171830476981151,0.1379338596917971,1.0770346127574526,0.15898251554232093,3.1713379649569626,0.0,0.0034220864444322423
mp_e_form,2,proposal_ensemble_std,-0.07218852639198303,0.04822022479968673,0.04014354371146525,0.2535695081773834,0.04490909816271562,1.4049032943508952,0.0,0.0003765728542227026
mp_e_form,2,directional_agreement,0.06838378310203552,0.04666164965783104,0.029404060756622098,0.23861882916299457,0.04465072621514225,0.2526539950270628,0.0,0.0009800624459089383
mp_e_form,2,route_consensus,0.014578086324036121,0.014577201362345906,0.014466746163394679,0.01469028338997048,0.014577201362345906,0.01469028338997048,0.0,5.954630019112848e-05
mp_e_form,2,data_minus_relation_prediction,0.014622488990426064,0.010714101655155905,0.008146711980139016,0.049705392847398146,0.010165404943625533,0.17462118914212627,0.0,-0.00014485149548748282
mp_e_form,2,abs_data_minus_relation_prediction,0.01067471131682396,0.007584603229456208,0.006396641305430793,0.040921230372909984,0.0070817630462789785,0.17297121111092026,0.0,0.00013471626089897975
mp_e_form,2,route_anchor_probability,0.0,0.0,0.0,0.0,0.0,0.0,0.0,0.0
mp_e_form,2,route_data_probability,-0.007782458793371916,0.005810313842713347,0.00419948039964647,0.022167257550021642,0.005633978150284793,0.02636206592341721,0.0,0.00013794106891089014
mp_e_form,2,route_relation_probability,0.0077814944088459015,0.005809593816930041,0.004198959968083403,0.022164512013447952,0.005633279975400081,0.026358802995104704,0.0,0.00013792395504050575
mp_e_form,2,route_max_probability,-0.025899164378643036,0.02045530831456614,0.01855988952587965,0.08276995848544089,0.019786144017691052,0.09228226064970979,0.0,8.571638994040697e-05
mp_e_form,2,route_entropy,-0.013911707326769829,0.008623948747220306,0.006901387629723448,0.0646273714593587,0.007978968424602792,0.08658022551588623,0.0,-4.011535818593209e-05
mp_e_form,2,data_attention_max,-0.049946993589401245,0.04211700093439525,0.04056999308379068,0.10716579918328896,0.04139915632424176,0.12688023375370505,0.0,0.0010440930783893914
mp_e_form,2,relation_attention_max,-0.1070176362991333,0.08733975704374157,0.0773690681985273,0.26119336861568543,0.08534408038657502,0.3560101266328936,0.0,0.0010746012864124614
mp_e_form,2,data_attention_entropy,-0.049668990075588226,0.04009040261356714,0.03756573325197833,0.11676620694498999,0.03921070305210787,0.1564834228097402,0.0,-0.0010926485593891315
mp_e_form,2,relation_attention_entropy,-0.09794317930936813,0.07870851368528375,0.0681881512962848,0.24410414601686056,0.07665159131672705,0.41335003404577814,0.0,-0.0017535251374140896
mp_e_form,2,anchor_standardized,-0.036490026861429214,0.03170918008266339,0.030987736352686136,0.0881026035184075,0.031002577619608215,0.12425945965880308,0.0,-3.079427132963674e-05
mp_e_form,2,abs_anchor_standardized,-0.04277903959155083,0.03313474200528711,0.027926470353202018,0.13203333075222468,0.031816164408347516,0.21646640867016834,0.0,-0.00033879860310432697
mp_e_form,2,available_expert_fraction,0.0,0.0,0.0,0.0,0.0,0.0,0.0,0.0
mp_e_form,2,expert_prediction_disagreement,-0.048142220824956894,0.03305536743378885,0.026459370754273737,0.1588950029696109,0.03076142173172637,0.9510314231185939,0.0,-0.0004333141169957041
mp_e_form,2,anchor_vs_expert_mean_abs,0.017948515713214874,0.014220821412706914,0.012205772580392394,0.05516856221093515,0.013689843425692122,0.14103288218684903,0.0,0.0002231266520820941
mp_e_form,2,mean_expert_uncertainty,-0.04739939793944359,0.035950167296978336,0.030896222839751727,0.12445528556392597,0.034184499948856674,0.9967038136989192,0.0,-0.0009670472771364797
mp_e_form,2,max_expert_uncertainty,0.06366310268640518,0.04029187053280596,0.03323763060589102,0.17058975820310093,0.036570135749090765,2.1407643964414107,0.0,0.0006380152080420297
mp_e_form,2,max_abs_expert_prediction,0.059567444026470184,0.03738451620994543,0.03018638547754543,0.1988735889012037,0.034089636894858256,1.3841434808366269,0.0,0.0001797752676046583
mp_e_form,3,anchor_prediction,-0.02629038877785206,0.022617883050327626,0.022043782124812027,0.06320625237039486,0.022111251298423125,0.08889822096617152,0.0,0.00034393547388481205
mp_e_form,3,raw_proposal_prediction,-0.02589225582778454,0.022280525845468947,0.02171493359678771,0.06207469652491873,0.021785056940335317,0.08679672895880904,0.0,0.0003396846689193454
mp_e_form,3,proposal_residual,0.14911504089832306,0.10004725263794037,0.0692529280528192,0.6439773170103978,0.09229002110612437,1.3870157203850426,0.0,-0.00053311567769564
mp_e_form,3,abs_proposal_residual,0.31620973348617554,0.20318944285998505,0.16788246570149212,1.548731819329894,0.18325485569065658,3.630061767320016,0.0,0.005795482547987409
mp_e_form,3,proposal_ensemble_std,-0.01191749144345522,0.008085863721833004,0.0068038038290001435,0.0408373925226365,0.0074639986664589856,0.22569386952354212,0.0,-0.00015641588582579328
mp_e_form,3,directional_agreement,0.06413652747869492,0.0411155472228107,0.02517774184823727,0.23862767512055091,0.039034418790684734,0.25484326341412084,0.0,0.001047778073591462
mp_e_form,3,route_consensus,0.037751924246549606,0.03722468691306089,0.03124884781964381,0.0456083306668751,0.03722468691306089,0.0456083306668751,0.0,-0.0007360179791987358
mp_e_form,3,data_minus_relation_prediction,0.04145723208785057,0.030899955925676847,0.024366043452443836,0.1366998086404409,0.029105311504106203,0.6177534583293913,0.0,-0.00029964386989202396
mp_e_form,3,abs_data_minus_relation_prediction,0.04502282291650772,0.032829105660236675,0.028055435045200874,0.15874053419225853,0.03047097318529993,0.8950529264795678,0.0,0.0007487485163426539
mp_e_form,3,route_anchor_probability,0.0,0.0,0.0,0.0,0.0,0.0,0.0,0.0
mp_e_form,3,route_data_probability,0.006489424500614405,0.005121126802247531,0.00435131486693866,0.015234469708632053,0.005016670946614513,0.015708171393702387,0.0,3.658500444301591e-05
mp_e_form,3,route_relation_probability,-0.0064893001690506935,0.005121028683378885,0.0043512306603043244,0.015234177188790148,0.005016574829032746,0.015707869275245333,0.0,3.658430580858988e-05
mp_e_form,3,route_max_probability,-0.05873772129416466,0.04811383508011044,0.0439558746591261,0.12766068998941332,0.047297797015536595,0.12998175981628035,0.0,0.0010271493027762838
mp_e_form,3,route_entropy,-0.021068954840302467,0.015374969978463984,0.013661855409024192,0.06658609413484523,0.014837474527728942,0.07079618237812517,0.0,-0.00034129089201396433
mp_e_form,3,data_attention_max,-0.007463195826858282,0.006034307284649176,0.005328082004076352,0.019936895013811545,0.005877917503061827,0.025686605132245424,0.0,-0.00014384973092372192
mp_e_form,3,relation_attention_max,-0.028139200061559677,0.021713416512335784,0.017810971686439428,0.08731941464986936,0.020992275853626306,0.10591274178068519,0.0,-0.00027468423338850235
mp_e_form,3,data_attention_entropy,-0.034095391631126404,0.02700916681406288,0.023342693544407368,0.09700774477064478,0.026180543695171966,0.14424146449556183,0.0,0.0006053086574252141
mp_e_form,3,relation_attention_entropy,-0.011307090520858765,0.008240962898558435,0.006014903841495387,0.039394499119956135,0.007882634577107117,0.054765578047847714,0.0,0.00013422279723623114
mp_e_form,3,anchor_standardized,-0.022070344537496567,0.018987675437177557,0.01850428306250137,0.05309945745027251,0.018562353049433773,0.07469613730190287,0.0,0.0002890822496694211
mp_e_form,3,abs_anchor_standardized,-0.1345893144607544,0.10368190107424242,0.08692867154370085,0.4164418688076955,0.09953279434019316,0.6815673954140099,0.0,0.001588730195792161
mp_e_form,3,available_expert_fraction,0.0,0.0,0.0,0.0,0.0,0.0,0.0,0.0
mp_e_form,3,expert_prediction_disagreement,0.18641437590122223,0.13059557327149593,0.10557424864249906,0.6300142378825968,0.12237411615123496,3.64374494186753,0.0,-0.0007747349142734788
mp_e_form,3,anchor_vs_expert_mean_abs,0.06921868026256561,0.05410271327018592,0.04681426827794641,0.20567676170096233,0.05213872709129724,0.4192575927916341,0.0,-0.0004931816037342454
mp_e_form,3,mean_expert_uncertainty,0.0245271734893322,0.018908929130985054,0.016283630158090166,0.06919624842185998,0.017993498729768086,0.46515525276774095,0.0,-0.0003467319090604623
mp_e_form,3,max_expert_uncertainty,-0.07425518333911896,0.04576173909882737,0.034626296157991385,0.27191165332369976,0.04132446200684547,2.2586313585155477,0.0,0.0009065279229635301
mp_e_form,3,max_abs_expert_prediction,-0.16224347054958344,0.10592072681446837,0.08569498442288051,0.5472545132583355,0.09760702723082133,3.8193451696294423,0.0,0.0006205122366837888
mp_e_form,4,anchor_prediction,-0.038428980857133865,0.03345559533227454,0.03266524115427854,0.09345264696099154,0.03270492013091765,0.13263937493603936,0.0,-6.0091291212423395e-05
mp_e_form,4,raw_proposal_prediction,-0.03813127428293228,0.03320982796145659,0.032455237478070276,0.09256582356155689,0.03246785898102303,0.13137564020371234,0.0,-6.288845143816417e-05
mp_e_form,4,proposal_residual,0.10630209743976593,0.0776285662254804,0.058542137459946214,0.34646034957695276,0.07307151525949483,1.0604202093152786,0.0,0.0024475745966549903
mp_e_form,4,abs_proposal_residual,0.3904455006122589,0.27098384826165234,0.22337727844691518,1.414396481904396,0.25103032719574875,4.904880742476972,0.0,0.016605652541955417
mp_e_form,4,proposal_ensemble_std,0.024040203541517258,0.017690535498981922,0.015051975211843302,0.08929071298165171,0.016603636614008477,0.4593620747864395,0.0,-0.00010891883414164236
mp_e_form,4,directional_agreement,0.08114908635616302,0.049782569588467454,0.030300360166892693,0.31408429881829025,0.04699208728698977,0.33752529365927747,0.0,0.001930030959821504
mp_e_form,4,route_consensus,-0.005220845341682434,0.0052206858349304166,0.005171480679267879,0.005270681217285134,0.0052206858349304166,0.005270681217285134,0.0,8.00939047298863e-06
mp_e_form,4,data_minus_relation_prediction,0.013856461271643639,0.009697044323668899,0.0070255811444579624,0.0491023095396641,0.009135619714853735,0.16145772986832965,0.0,9.221867599359944e-05
mp_e_form,4,abs_data_minus_relation_prediction,-0.06633121520280838,0.04570041978088705,0.038241882067870325,0.25303518724818813,0.04249948914234256,1.022458708042539,0.0,-0.00028720560905782117
mp_e_form,4,route_anchor_probability,0.0,0.0,0.0,0.0,0.0,0.0,0.0,0.0
mp_e_form,4,route_data_probability,-0.01667611114680767,0.011629876778776927,0.007498079599627554,0.05335875632746642,0.01116011882194604,0.06133862273380199,0.0,-0.00012727591727951308
mp_e_form,4,route_relation_probability,0.01668516919016838,0.011636193828130555,0.007502152368831909,0.053387732286164974,0.011166180711796918,0.06137193976694557,0.0,-0.00012734500363739318
mp_e_form,4,route_max_probability,-0.007519501727074385,0.00572215496288643,0.004964288385198929,0.026425139052526036,0.005482384973617254,0.03149805759810668,0.0,5.867173911100172e-05
mp_e_form,4,route_entropy,-0.004770476836711168,0.0028216636883797897,0.002119103945060651,0.023585156491927935,0.0025380236893643325,0.03733796253147591,0.0,9.713207165582672e-07
mp_e_form,4,data_attention_max,-0.027290621772408485,0.022252438831678854,0.019919115299302705,0.06249609323800163,0.02181235815006961,0.07514941436438591,0.0,0.000333352443312683
mp_e_form,4,relation_attention_max,-0.0880734771490097,0.07091230481425026,0.061145731761727246,0.22133766713739486,0.06918387081361066,0.3063268103393182,0.0,0.0014544430041924267
mp_e_form,4,data_attention_entropy,-0.06927458941936493,0.05548543094951733,0.04724190764089421,0.16932522109784526,0.05419188029356055,0.228603329924658,0.0,-0.0006675677119459208
mp_e_form,4,relation_attention_entropy,-0.06043516471982002,0.047650925177394436,0.03924184485627606,0.15065837186815895,0.04646091328292961,0.2273691028615915,0.0,-0.0011389735663797959
mp_e_form,4,anchor_standardized,-0.025422776117920876,0.022132058557376207,0.021613220073489176,0.06179240508817272,0.02163543584340443,0.08759538250391785,0.0,-3.95698309095018e-05
mp_e_form,4,abs_anchor_standardized,-0.05533486604690552,0.04264260318771105,0.035909023428531694,0.1710646426391944,0.04093534569669497,0.2815437729669866,0.0,-0.0009531886449857829
mp_e_form,4,available_expert_fraction,0.0,0.0,0.0,0.0,0.0,0.0,0.0,0.0
mp_e_form,4,expert_prediction_disagreement,-0.03526000306010246,0.024304255663972697,0.01943235612438692,0.13380947485160913,0.022722729015142152,0.8040072984408927,0.0,-8.894353961489735e-05
mp_e_form,4,anchor_vs_expert_mean_abs,0.07893232256174088,0.06161741392402665,0.05269265972298641,0.24860104813764256,0.059253707732546346,0.7324624705784635,0.0,0.0012302676989649523
mp_e_form,4,mean_expert_uncertainty,-0.053115297108888626,0.0389814761260378,0.031605970019871366,0.1705703114481955,0.03667445057880602,0.5930851640587748,0.0,0.0003166030641915729
mp_e_form,4,max_expert_uncertainty,-0.017766106873750687,0.010377755184554178,0.007430723881068909,0.0765007099696423,0.009163427648305357,0.30635075962018216,0.0,-1.0377744779859185e-05
mp_e_form,4,max_abs_expert_prediction,0.03532571345567703,0.023055921799973882,0.018604449109747134,0.13464888417085308,0.02126897307137536,0.9708042004369091,0.0,3.374773708167277e-05
