task,endpoint,raw_feature,mean_abs_linear_shap,normalized_mean_abs_linear_shap,mean_signed_linear_shap,standardized_coefficient_sum,surrogate_official_fold_cv_r2,surrogate_fidelity_class,attribution_scope
steels,stage1_anchor_prediction,n_elements,53.946395549349,0.05589013896993678,-8.016379582934464e-15,-62.561449988148695,0.43317148399624494,low,raw_composition_structure_to_endpoint_linear_surrogate
steels,stage1_anchor_prediction,composition_entropy,39.15206302524243,0.0405627516195923,-2.9150471210670776e-15,-45.17959113851492,0.43317148399624494,low,raw_composition_structure_to_endpoint_linear_surrogate
steels,stage1_anchor_prediction,max_atomic_fraction,5.776502973886029,0.005984636242757081,7.287617802667694e-16,6.6120041536368035,0.43317148399624494,low,raw_composition_structure_to_endpoint_linear_surrogate
steels,stage1_anchor_prediction,min_atomic_fraction,7.266612561873185,0.007528435992581931,3.643808901333847e-16,-20.760014741742282,0.43317148399624494,low,raw_composition_structure_to_endpoint_linear_surrogate
steels,stage1_anchor_prediction,metal_fraction,117.64560107137792,0.12188449156100112,1.4575235605335388e-15,182.58930780884194,0.43317148399624494,low,raw_composition_structure_to_endpoint_linear_surrogate
steels,stage1_anchor_prediction,transition_metal_fraction,58.818706699600675,0.060938004439340235,2.4595710084003467e-15,86.9800846123553,0.43317148399624494,low,raw_composition_structure_to_endpoint_linear_surrogate
steels,stage1_anchor_prediction,alkali_fraction,0.0,0.0,0.0,0.0,0.43317148399624494,low,raw_composition_structure_to_endpoint_linear_surrogate
steels,stage1_anchor_prediction,alkaline_fraction,0.0,0.0,0.0,0.0,0.43317148399624494,low,raw_composition_structure_to_endpoint_linear_surrogate
steels,stage1_anchor_prediction,halogen_fraction,0.0,0.0,0.0,0.0,0.43317148399624494,low,raw_composition_structure_to_endpoint_linear_surrogate
steels,stage1_anchor_prediction,chalcogen_fraction,0.0,0.0,0.0,0.0,0.43317148399624494,low,raw_composition_structure_to_endpoint_linear_surrogate
steels,stage1_anchor_prediction,rare_earth_fraction,0.0,0.0,0.0,0.0,0.43317148399624494,low,raw_composition_structure_to_endpoint_linear_surrogate
steels,stage1_anchor_prediction,atomic_number_mean,15.753993830781289,0.016321626228548245,3.643808901333847e-16,20.23530817337064,0.43317148399624494,low,raw_composition_structure_to_endpoint_linear_surrogate
steels,stage1_anchor_prediction,atomic_number_std,0.5200136997078287,0.0005387503214437142,1.1386902816668272e-17,0.8018931763258763,0.43317148399624494,low,raw_composition_structure_to_endpoint_linear_surrogate
steels,stage1_anchor_prediction,atomic_number_min,4.8100584693598325,0.004983369761194113,-6.376665577334232e-16,8.838552711483317,0.43317148399624494,low,raw_composition_structure_to_endpoint_linear_surrogate
steels,stage1_anchor_prediction,atomic_number_max,2.7337218420547402,0.0028322206164418115,1.594166394333558e-16,6.19687982786472,0.43317148399624494,low,raw_composition_structure_to_endpoint_linear_surrogate
steels,stage1_anchor_prediction,atomic_number_range,1.5645248117278288,0.00162089622965436,1.708035422500241e-16,3.6717405419176714,0.43317148399624494,low,raw_composition_structure_to_endpoint_linear_surrogate
steels,stage1_anchor_prediction,atomic_mass_mean,10.885972883661408,0.01127820554265264,0.0,14.347300004089846,0.43317148399624494,low,raw_composition_structure_to_endpoint_linear_surrogate
steels,stage1_anchor_prediction,atomic_mass_std,11.80447615188646,0.012229803416480538,5.465713352000771e-16,-18.653065817669102,0.43317148399624494,low,raw_composition_structure_to_endpoint_linear_surrogate
steels,stage1_anchor_prediction,atomic_mass_min,4.490553509912359,0.004652352713562674,-8.654046140667887e-16,8.254390055772603,0.43317148399624494,low,raw_composition_structure_to_endpoint_linear_surrogate
steels,stage1_anchor_prediction,atomic_mass_max,2.7337218420547558,0.0028322206164418276,-2.50511861966702e-16,6.196879827864755,0.43317148399624494,low,raw_composition_structure_to_endpoint_linear_surrogate
steels,stage1_anchor_prediction,atomic_mass_range,1.8819198913452237,0.0019497273763426103,2.277380563333654e-16,4.358092265313701,0.43317148399624494,low,raw_composition_structure_to_endpoint_linear_surrogate
steels,stage1_anchor_prediction,electronegativity_mean,90.20263307889395,0.09345272556016836,7.287617802667694e-16,108.94970729165414,0.43317148399624494,low,raw_composition_structure_to_endpoint_linear_surrogate
steels,stage1_anchor_prediction,electronegativity_std,114.19714482848222,0.11831178393735874,2.9150471210670776e-15,139.71951288140883,0.43317148399624494,low,raw_composition_structure_to_endpoint_linear_surrogate
steels,stage1_anchor_prediction,electronegativity_min,31.6627444926901,0.0328035853340234,2.1862853408003084e-15,-32.7011418974425,0.43317148399624494,low,raw_composition_structure_to_endpoint_linear_surrogate
steels,stage1_anchor_prediction,electronegativity_max,3.4636772463308207,0.0035884770552900014,-1.8219044506669235e-16,5.787370319203006,0.43317148399624494,low,raw_composition_structure_to_endpoint_linear_surrogate
steels,stage1_anchor_prediction,electronegativity_range,3.954879355824094,0.004097377675662152,-5.465713352000771e-16,6.614243562339993,0.43317148399624494,low,raw_composition_structure_to_endpoint_linear_surrogate
steels,stage1_anchor_prediction,atomic_radius_mean,91.67467017013112,0.09497780164283057,5.830094242134155e-15,-116.98286282517495,0.43317148399624494,low,raw_composition_structure_to_endpoint_linear_surrogate
steels,stage1_anchor_prediction,atomic_radius_std,26.131892003241067,0.027073450612144705,3.643808901333847e-16,28.601942662428115,0.43317148399624494,low,raw_composition_structure_to_endpoint_linear_surrogate
steels,stage1_anchor_prediction,atomic_radius_min,0.26180414114060296,0.00027123721023896693,-1.1386902816668272e-17,-0.48789470635273346,0.43317148399624494,low,raw_composition_structure_to_endpoint_linear_surrogate
steels,stage1_anchor_prediction,atomic_radius_max,0.0,0.0,0.0,0.0,0.43317148399624494,low,raw_composition_structure_to_endpoint_linear_surrogate
steels,stage1_anchor_prediction,atomic_radius_range,0.2618041411405723,0.00027123721023893517,-2.846725704167068e-18,0.4878947063526766,0.43317148399624494,low,raw_composition_structure_to_endpoint_linear_surrogate
steels,stage1_anchor_prediction,period_mean,37.9315684411883,0.039298281376118106,3.643808901333847e-16,-50.58618532296285,0.43317148399624494,low,raw_composition_structure_to_endpoint_linear_surrogate
steels,stage1_anchor_prediction,period_std,45.84671682237536,0.047498620592248623,3.643808901333847e-15,-59.258062393618495,0.43317148399624494,low,raw_composition_structure_to_endpoint_linear_surrogate
steels,stage1_anchor_prediction,period_min,0.043452163559584034,4.5017789143446884e-05,-4.270088556250602e-18,0.08002488362677695,0.43317148399624494,low,raw_composition_structure_to_endpoint_linear_surrogate
steels,stage1_anchor_prediction,period_max,2.7337218420547478,0.0028322206164418193,4.554761126667308e-16,6.196879827864734,0.43317148399624494,low,raw_composition_structure_to_endpoint_linear_surrogate
steels,stage1_anchor_prediction,period_range,1.618568801358272,0.0016768874791192512,-3.985415985833895e-17,3.8173427337939074,0.43317148399624494,low,raw_composition_structure_to_endpoint_linear_surrogate
steels,stage1_anchor_prediction,group_mean,43.076768759560004,0.04462886848752017,-3.643808901333847e-16,53.44396895348285,0.43317148399624494,low,raw_composition_structure_to_endpoint_linear_surrogate
steels,stage1_anchor_prediction,group_std,123.62620639181286,0.12808058416514334,4.372570681600617e-15,176.27673160332552,0.43317148399624494,low,raw_composition_structure_to_endpoint_linear_surrogate
steels,stage1_anchor_prediction,group_min,2.0885338462183403,0.002163785841850712,1.3664283380001927e-16,-2.17135695021409,0.43317148399624494,low,raw_composition_structure_to_endpoint_linear_surrogate
steels,stage1_anchor_prediction,group_max,2.5323420855604875,0.0026235849427961116,1.3664283380001927e-16,3.6731325712545413,0.43317148399624494,low,raw_composition_structure_to_endpoint_linear_surrogate
steels,stage1_anchor_prediction,group_range,4.12810114679667,0.004276840823690686,4.554761126667309e-17,4.962872178188718,0.43317148399624494,low,raw_composition_structure_to_endpoint_linear_surrogate
steels,stage1_anchor_prediction,n_sites,0.0,0.0,0.0,0.0,0.43317148399624494,low,raw_composition_structure_to_endpoint_linear_surrogate
steels,stage1_anchor_prediction,volume,0.0,0.0,0.0,0.0,0.43317148399624494,low,raw_composition_structure_to_endpoint_linear_surrogate
steels,stage1_anchor_prediction,volume_per_atom,0.0,0.0,0.0,0.0,0.43317148399624494,low,raw_composition_structure_to_endpoint_linear_surrogate
steels,stage1_anchor_prediction,density,0.0,0.0,0.0,0.0,0.43317148399624494,low,raw_composition_structure_to_endpoint_linear_surrogate
steels,stage1_anchor_prediction,lattice_a,0.0,0.0,0.0,0.0,0.43317148399624494,low,raw_composition_structure_to_endpoint_linear_surrogate
steels,stage1_anchor_prediction,lattice_b,0.0,0.0,0.0,0.0,0.43317148399624494,low,raw_composition_structure_to_endpoint_linear_surrogate
steels,stage1_anchor_prediction,lattice_c,0.0,0.0,0.0,0.0,0.43317148399624494,low,raw_composition_structure_to_endpoint_linear_surrogate
steels,stage1_anchor_prediction,lattice_length_anisotropy,0.0,0.0,0.0,0.0,0.43317148399624494,low,raw_composition_structure_to_endpoint_linear_surrogate
steels,stage1_anchor_prediction,lattice_alpha,0.0,0.0,0.0,0.0,0.43317148399624494,low,raw_composition_structure_to_endpoint_linear_surrogate
steels,stage1_anchor_prediction,lattice_beta,0.0,0.0,0.0,0.0,0.43317148399624494,low,raw_composition_structure_to_endpoint_linear_surrogate
steels,stage1_anchor_prediction,lattice_gamma,0.0,0.0,0.0,0.0,0.43317148399624494,low,raw_composition_structure_to_endpoint_linear_surrogate
steels,stage1_anchor_prediction,spacegroup_number,0.0,0.0,0.0,0.0,0.43317148399624494,low,raw_composition_structure_to_endpoint_linear_surrogate
steels,stage1_anchor_prediction,crystal_system,0.0,0.0,0.0,0.0,0.43317148399624494,low,raw_composition_structure_to_endpoint_linear_surrogate
steels,hpsafemoe_prediction,n_elements,53.946395549349,0.05589013896993678,-8.016379582934464e-15,-62.561449988148695,0.43317148399624494,low,raw_composition_structure_to_endpoint_linear_surrogate
steels,hpsafemoe_prediction,composition_entropy,39.15206302524243,0.0405627516195923,-2.9150471210670776e-15,-45.17959113851492,0.43317148399624494,low,raw_composition_structure_to_endpoint_linear_surrogate
steels,hpsafemoe_prediction,max_atomic_fraction,5.776502973886029,0.005984636242757081,7.287617802667694e-16,6.6120041536368035,0.43317148399624494,low,raw_composition_structure_to_endpoint_linear_surrogate
steels,hpsafemoe_prediction,min_atomic_fraction,7.266612561873185,0.007528435992581931,3.643808901333847e-16,-20.760014741742282,0.43317148399624494,low,raw_composition_structure_to_endpoint_linear_surrogate
steels,hpsafemoe_prediction,metal_fraction,117.64560107137792,0.12188449156100112,1.4575235605335388e-15,182.58930780884194,0.43317148399624494,low,raw_composition_structure_to_endpoint_linear_surrogate
steels,hpsafemoe_prediction,transition_metal_fraction,58.818706699600675,0.060938004439340235,2.4595710084003467e-15,86.9800846123553,0.43317148399624494,low,raw_composition_structure_to_endpoint_linear_surrogate
steels,hpsafemoe_prediction,alkali_fraction,0.0,0.0,0.0,0.0,0.43317148399624494,low,raw_composition_structure_to_endpoint_linear_surrogate
steels,hpsafemoe_prediction,alkaline_fraction,0.0,0.0,0.0,0.0,0.43317148399624494,low,raw_composition_structure_to_endpoint_linear_surrogate
steels,hpsafemoe_prediction,halogen_fraction,0.0,0.0,0.0,0.0,0.43317148399624494,low,raw_composition_structure_to_endpoint_linear_surrogate
steels,hpsafemoe_prediction,chalcogen_fraction,0.0,0.0,0.0,0.0,0.43317148399624494,low,raw_composition_structure_to_endpoint_linear_surrogate
steels,hpsafemoe_prediction,rare_earth_fraction,0.0,0.0,0.0,0.0,0.43317148399624494,low,raw_composition_structure_to_endpoint_linear_surrogate
steels,hpsafemoe_prediction,atomic_number_mean,15.753993830781289,0.016321626228548245,3.643808901333847e-16,20.23530817337064,0.43317148399624494,low,raw_composition_structure_to_endpoint_linear_surrogate
steels,hpsafemoe_prediction,atomic_number_std,0.5200136997078287,0.0005387503214437142,1.1386902816668272e-17,0.8018931763258763,0.43317148399624494,low,raw_composition_structure_to_endpoint_linear_surrogate
steels,hpsafemoe_prediction,atomic_number_min,4.8100584693598325,0.004983369761194113,-6.376665577334232e-16,8.838552711483317,0.43317148399624494,low,raw_composition_structure_to_endpoint_linear_surrogate
steels,hpsafemoe_prediction,atomic_number_max,2.7337218420547402,0.0028322206164418115,1.594166394333558e-16,6.19687982786472,0.43317148399624494,low,raw_composition_structure_to_endpoint_linear_surrogate
steels,hpsafemoe_prediction,atomic_number_range,1.5645248117278288,0.00162089622965436,1.708035422500241e-16,3.6717405419176714,0.43317148399624494,low,raw_composition_structure_to_endpoint_linear_surrogate
steels,hpsafemoe_prediction,atomic_mass_mean,10.885972883661408,0.01127820554265264,0.0,14.347300004089846,0.43317148399624494,low,raw_composition_structure_to_endpoint_linear_surrogate
steels,hpsafemoe_prediction,atomic_mass_std,11.80447615188646,0.012229803416480538,5.465713352000771e-16,-18.653065817669102,0.43317148399624494,low,raw_composition_structure_to_endpoint_linear_surrogate
steels,hpsafemoe_prediction,atomic_mass_min,4.490553509912359,0.004652352713562674,-8.654046140667887e-16,8.254390055772603,0.43317148399624494,low,raw_composition_structure_to_endpoint_linear_surrogate
steels,hpsafemoe_prediction,atomic_mass_max,2.7337218420547558,0.0028322206164418276,-2.50511861966702e-16,6.196879827864755,0.43317148399624494,low,raw_composition_structure_to_endpoint_linear_surrogate
steels,hpsafemoe_prediction,atomic_mass_range,1.8819198913452237,0.0019497273763426103,2.277380563333654e-16,4.358092265313701,0.43317148399624494,low,raw_composition_structure_to_endpoint_linear_surrogate
steels,hpsafemoe_prediction,electronegativity_mean,90.20263307889395,0.09345272556016836,7.287617802667694e-16,108.94970729165414,0.43317148399624494,low,raw_composition_structure_to_endpoint_linear_surrogate
steels,hpsafemoe_prediction,electronegativity_std,114.19714482848222,0.11831178393735874,2.9150471210670776e-15,139.71951288140883,0.43317148399624494,low,raw_composition_structure_to_endpoint_linear_surrogate
steels,hpsafemoe_prediction,electronegativity_min,31.6627444926901,0.0328035853340234,2.1862853408003084e-15,-32.7011418974425,0.43317148399624494,low,raw_composition_structure_to_endpoint_linear_surrogate
steels,hpsafemoe_prediction,electronegativity_max,3.4636772463308207,0.0035884770552900014,-1.8219044506669235e-16,5.787370319203006,0.43317148399624494,low,raw_composition_structure_to_endpoint_linear_surrogate
steels,hpsafemoe_prediction,electronegativity_range,3.954879355824094,0.004097377675662152,-5.465713352000771e-16,6.614243562339993,0.43317148399624494,low,raw_composition_structure_to_endpoint_linear_surrogate
steels,hpsafemoe_prediction,atomic_radius_mean,91.67467017013112,0.09497780164283057,5.830094242134155e-15,-116.98286282517495,0.43317148399624494,low,raw_composition_structure_to_endpoint_linear_surrogate
steels,hpsafemoe_prediction,atomic_radius_std,26.131892003241067,0.027073450612144705,3.643808901333847e-16,28.601942662428115,0.43317148399624494,low,raw_composition_structure_to_endpoint_linear_surrogate
steels,hpsafemoe_prediction,atomic_radius_min,0.26180414114060296,0.00027123721023896693,-1.1386902816668272e-17,-0.48789470635273346,0.43317148399624494,low,raw_composition_structure_to_endpoint_linear_surrogate
steels,hpsafemoe_prediction,atomic_radius_max,0.0,0.0,0.0,0.0,0.43317148399624494,low,raw_composition_structure_to_endpoint_linear_surrogate
steels,hpsafemoe_prediction,atomic_radius_range,0.2618041411405723,0.00027123721023893517,-2.846725704167068e-18,0.4878947063526766,0.43317148399624494,low,raw_composition_structure_to_endpoint_linear_surrogate
steels,hpsafemoe_prediction,period_mean,37.9315684411883,0.039298281376118106,3.643808901333847e-16,-50.58618532296285,0.43317148399624494,low,raw_composition_structure_to_endpoint_linear_surrogate
steels,hpsafemoe_prediction,period_std,45.84671682237536,0.047498620592248623,3.643808901333847e-15,-59.258062393618495,0.43317148399624494,low,raw_composition_structure_to_endpoint_linear_surrogate
steels,hpsafemoe_prediction,period_min,0.043452163559584034,4.5017789143446884e-05,-4.270088556250602e-18,0.08002488362677695,0.43317148399624494,low,raw_composition_structure_to_endpoint_linear_surrogate
steels,hpsafemoe_prediction,period_max,2.7337218420547478,0.0028322206164418193,4.554761126667308e-16,6.196879827864734,0.43317148399624494,low,raw_composition_structure_to_endpoint_linear_surrogate
steels,hpsafemoe_prediction,period_range,1.618568801358272,0.0016768874791192512,-3.985415985833895e-17,3.8173427337939074,0.43317148399624494,low,raw_composition_structure_to_endpoint_linear_surrogate
steels,hpsafemoe_prediction,group_mean,43.076768759560004,0.04462886848752017,-3.643808901333847e-16,53.44396895348285,0.43317148399624494,low,raw_composition_structure_to_endpoint_linear_surrogate
steels,hpsafemoe_prediction,group_std,123.62620639181286,0.12808058416514334,4.372570681600617e-15,176.27673160332552,0.43317148399624494,low,raw_composition_structure_to_endpoint_linear_surrogate
steels,hpsafemoe_prediction,group_min,2.0885338462183403,0.002163785841850712,1.3664283380001927e-16,-2.17135695021409,0.43317148399624494,low,raw_composition_structure_to_endpoint_linear_surrogate
steels,hpsafemoe_prediction,group_max,2.5323420855604875,0.0026235849427961116,1.3664283380001927e-16,3.6731325712545413,0.43317148399624494,low,raw_composition_structure_to_endpoint_linear_surrogate
steels,hpsafemoe_prediction,group_range,4.12810114679667,0.004276840823690686,4.554761126667309e-17,4.962872178188718,0.43317148399624494,low,raw_composition_structure_to_endpoint_linear_surrogate
steels,hpsafemoe_prediction,n_sites,0.0,0.0,0.0,0.0,0.43317148399624494,low,raw_composition_structure_to_endpoint_linear_surrogate
steels,hpsafemoe_prediction,volume,0.0,0.0,0.0,0.0,0.43317148399624494,low,raw_composition_structure_to_endpoint_linear_surrogate
steels,hpsafemoe_prediction,volume_per_atom,0.0,0.0,0.0,0.0,0.43317148399624494,low,raw_composition_structure_to_endpoint_linear_surrogate
steels,hpsafemoe_prediction,density,0.0,0.0,0.0,0.0,0.43317148399624494,low,raw_composition_structure_to_endpoint_linear_surrogate
steels,hpsafemoe_prediction,lattice_a,0.0,0.0,0.0,0.0,0.43317148399624494,low,raw_composition_structure_to_endpoint_linear_surrogate
steels,hpsafemoe_prediction,lattice_b,0.0,0.0,0.0,0.0,0.43317148399624494,low,raw_composition_structure_to_endpoint_linear_surrogate
steels,hpsafemoe_prediction,lattice_c,0.0,0.0,0.0,0.0,0.43317148399624494,low,raw_composition_structure_to_endpoint_linear_surrogate
steels,hpsafemoe_prediction,lattice_length_anisotropy,0.0,0.0,0.0,0.0,0.43317148399624494,low,raw_composition_structure_to_endpoint_linear_surrogate
steels,hpsafemoe_prediction,lattice_alpha,0.0,0.0,0.0,0.0,0.43317148399624494,low,raw_composition_structure_to_endpoint_linear_surrogate
steels,hpsafemoe_prediction,lattice_beta,0.0,0.0,0.0,0.0,0.43317148399624494,low,raw_composition_structure_to_endpoint_linear_surrogate
steels,hpsafemoe_prediction,lattice_gamma,0.0,0.0,0.0,0.0,0.43317148399624494,low,raw_composition_structure_to_endpoint_linear_surrogate
steels,hpsafemoe_prediction,spacegroup_number,0.0,0.0,0.0,0.0,0.43317148399624494,low,raw_composition_structure_to_endpoint_linear_surrogate
steels,hpsafemoe_prediction,crystal_system,0.0,0.0,0.0,0.0,0.43317148399624494,low,raw_composition_structure_to_endpoint_linear_surrogate
steels,stage2_correction,n_elements,0.0,0.0,0.0,0.0,,low,raw_composition_structure_to_endpoint_linear_surrogate
steels,stage2_correction,composition_entropy,0.0,0.0,0.0,0.0,,low,raw_composition_structure_to_endpoint_linear_surrogate
steels,stage2_correction,max_atomic_fraction,0.0,0.0,0.0,0.0,,low,raw_composition_structure_to_endpoint_linear_surrogate
steels,stage2_correction,min_atomic_fraction,0.0,0.0,0.0,0.0,,low,raw_composition_structure_to_endpoint_linear_surrogate
steels,stage2_correction,metal_fraction,0.0,0.0,0.0,0.0,,low,raw_composition_structure_to_endpoint_linear_surrogate
steels,stage2_correction,transition_metal_fraction,0.0,0.0,0.0,0.0,,low,raw_composition_structure_to_endpoint_linear_surrogate
steels,stage2_correction,alkali_fraction,0.0,0.0,0.0,0.0,,low,raw_composition_structure_to_endpoint_linear_surrogate
steels,stage2_correction,alkaline_fraction,0.0,0.0,0.0,0.0,,low,raw_composition_structure_to_endpoint_linear_surrogate
steels,stage2_correction,halogen_fraction,0.0,0.0,0.0,0.0,,low,raw_composition_structure_to_endpoint_linear_surrogate
steels,stage2_correction,chalcogen_fraction,0.0,0.0,0.0,0.0,,low,raw_composition_structure_to_endpoint_linear_surrogate
steels,stage2_correction,rare_earth_fraction,0.0,0.0,0.0,0.0,,low,raw_composition_structure_to_endpoint_linear_surrogate
steels,stage2_correction,atomic_number_mean,0.0,0.0,0.0,0.0,,low,raw_composition_structure_to_endpoint_linear_surrogate
steels,stage2_correction,atomic_number_std,0.0,0.0,0.0,0.0,,low,raw_composition_structure_to_endpoint_linear_surrogate
steels,stage2_correction,atomic_number_min,0.0,0.0,0.0,0.0,,low,raw_composition_structure_to_endpoint_linear_surrogate
steels,stage2_correction,atomic_number_max,0.0,0.0,0.0,0.0,,low,raw_composition_structure_to_endpoint_linear_surrogate
steels,stage2_correction,atomic_number_range,0.0,0.0,0.0,0.0,,low,raw_composition_structure_to_endpoint_linear_surrogate
steels,stage2_correction,atomic_mass_mean,0.0,0.0,0.0,0.0,,low,raw_composition_structure_to_endpoint_linear_surrogate
steels,stage2_correction,atomic_mass_std,0.0,0.0,0.0,0.0,,low,raw_composition_structure_to_endpoint_linear_surrogate
steels,stage2_correction,atomic_mass_min,0.0,0.0,0.0,0.0,,low,raw_composition_structure_to_endpoint_linear_surrogate
steels,stage2_correction,atomic_mass_max,0.0,0.0,0.0,0.0,,low,raw_composition_structure_to_endpoint_linear_surrogate
steels,stage2_correction,atomic_mass_range,0.0,0.0,0.0,0.0,,low,raw_composition_structure_to_endpoint_linear_surrogate
steels,stage2_correction,electronegativity_mean,0.0,0.0,0.0,0.0,,low,raw_composition_structure_to_endpoint_linear_surrogate
steels,stage2_correction,electronegativity_std,0.0,0.0,0.0,0.0,,low,raw_composition_structure_to_endpoint_linear_surrogate
steels,stage2_correction,electronegativity_min,0.0,0.0,0.0,0.0,,low,raw_composition_structure_to_endpoint_linear_surrogate
steels,stage2_correction,electronegativity_max,0.0,0.0,0.0,0.0,,low,raw_composition_structure_to_endpoint_linear_surrogate
steels,stage2_correction,electronegativity_range,0.0,0.0,0.0,0.0,,low,raw_composition_structure_to_endpoint_linear_surrogate
steels,stage2_correction,atomic_radius_mean,0.0,0.0,0.0,0.0,,low,raw_composition_structure_to_endpoint_linear_surrogate
steels,stage2_correction,atomic_radius_std,0.0,0.0,0.0,0.0,,low,raw_composition_structure_to_endpoint_linear_surrogate
steels,stage2_correction,atomic_radius_min,0.0,0.0,0.0,0.0,,low,raw_composition_structure_to_endpoint_linear_surrogate
steels,stage2_correction,atomic_radius_max,0.0,0.0,0.0,0.0,,low,raw_composition_structure_to_endpoint_linear_surrogate
steels,stage2_correction,atomic_radius_range,0.0,0.0,0.0,0.0,,low,raw_composition_structure_to_endpoint_linear_surrogate
steels,stage2_correction,period_mean,0.0,0.0,0.0,0.0,,low,raw_composition_structure_to_endpoint_linear_surrogate
steels,stage2_correction,period_std,0.0,0.0,0.0,0.0,,low,raw_composition_structure_to_endpoint_linear_surrogate
steels,stage2_correction,period_min,0.0,0.0,0.0,0.0,,low,raw_composition_structure_to_endpoint_linear_surrogate
steels,stage2_correction,period_max,0.0,0.0,0.0,0.0,,low,raw_composition_structure_to_endpoint_linear_surrogate
steels,stage2_correction,period_range,0.0,0.0,0.0,0.0,,low,raw_composition_structure_to_endpoint_linear_surrogate
steels,stage2_correction,group_mean,0.0,0.0,0.0,0.0,,low,raw_composition_structure_to_endpoint_linear_surrogate
steels,stage2_correction,group_std,0.0,0.0,0.0,0.0,,low,raw_composition_structure_to_endpoint_linear_surrogate
steels,stage2_correction,group_min,0.0,0.0,0.0,0.0,,low,raw_composition_structure_to_endpoint_linear_surrogate
steels,stage2_correction,group_max,0.0,0.0,0.0,0.0,,low,raw_composition_structure_to_endpoint_linear_surrogate
steels,stage2_correction,group_range,0.0,0.0,0.0,0.0,,low,raw_composition_structure_to_endpoint_linear_surrogate
steels,stage2_correction,n_sites,0.0,0.0,0.0,0.0,,low,raw_composition_structure_to_endpoint_linear_surrogate
steels,stage2_correction,volume,0.0,0.0,0.0,0.0,,low,raw_composition_structure_to_endpoint_linear_surrogate
steels,stage2_correction,volume_per_atom,0.0,0.0,0.0,0.0,,low,raw_composition_structure_to_endpoint_linear_surrogate
steels,stage2_correction,density,0.0,0.0,0.0,0.0,,low,raw_composition_structure_to_endpoint_linear_surrogate
steels,stage2_correction,lattice_a,0.0,0.0,0.0,0.0,,low,raw_composition_structure_to_endpoint_linear_surrogate
steels,stage2_correction,lattice_b,0.0,0.0,0.0,0.0,,low,raw_composition_structure_to_endpoint_linear_surrogate
steels,stage2_correction,lattice_c,0.0,0.0,0.0,0.0,,low,raw_composition_structure_to_endpoint_linear_surrogate
steels,stage2_correction,lattice_length_anisotropy,0.0,0.0,0.0,0.0,,low,raw_composition_structure_to_endpoint_linear_surrogate
steels,stage2_correction,lattice_alpha,0.0,0.0,0.0,0.0,,low,raw_composition_structure_to_endpoint_linear_surrogate
steels,stage2_correction,lattice_beta,0.0,0.0,0.0,0.0,,low,raw_composition_structure_to_endpoint_linear_surrogate
steels,stage2_correction,lattice_gamma,0.0,0.0,0.0,0.0,,low,raw_composition_structure_to_endpoint_linear_surrogate
steels,stage2_correction,spacegroup_number,0.0,0.0,0.0,0.0,,low,raw_composition_structure_to_endpoint_linear_surrogate
steels,stage2_correction,crystal_system,0.0,0.0,0.0,0.0,,low,raw_composition_structure_to_endpoint_linear_surrogate
steels,benefit_gate_probability,n_elements,0.0003138760447743561,0.046999727067294245,2.2240044563805218e-20,0.00036400097314501245,-0.2641111372400309,low,raw_composition_structure_to_endpoint_linear_surrogate
steels,benefit_gate_probability,composition_entropy,0.00039826268195304176,0.0596357627939973,4.4480089127610437e-20,0.00045957591365660647,-0.2641111372400309,low,raw_composition_structure_to_endpoint_linear_surrogate
steels,benefit_gate_probability,max_atomic_fraction,0.0003001025468683635,0.04493728664496453,-2.2240044563805218e-20,-0.0003435087448895949,-0.2641111372400309,low,raw_composition_structure_to_endpoint_linear_surrogate
steels,benefit_gate_probability,min_atomic_fraction,8.56626502812873e-06,0.0012827105636481235,-3.4750069630945654e-22,2.4472997115423668e-05,-0.2641111372400309,low,raw_composition_structure_to_endpoint_linear_surrogate
steels,benefit_gate_probability,metal_fraction,0.0002054012167624112,0.03075673116138423,0.0,0.00031878851100423293,-0.2641111372400309,low,raw_composition_structure_to_endpoint_linear_surrogate
steels,benefit_gate_probability,transition_metal_fraction,9.156899852906099e-05,0.013711520870556578,4.517509052022935e-21,0.00013541064887066678,-0.2641111372400309,low,raw_composition_structure_to_endpoint_linear_surrogate
steels,benefit_gate_probability,alkali_fraction,0.0,0.0,0.0,0.0,-0.2641111372400309,low,raw_composition_structure_to_endpoint_linear_surrogate
steels,benefit_gate_probability,alkaline_fraction,0.0,0.0,0.0,0.0,-0.2641111372400309,low,raw_composition_structure_to_endpoint_linear_surrogate
steels,benefit_gate_probability,halogen_fraction,0.0,0.0,0.0,0.0,-0.2641111372400309,low,raw_composition_structure_to_endpoint_linear_surrogate
steels,benefit_gate_probability,chalcogen_fraction,0.0,0.0,0.0,0.0,-0.2641111372400309,low,raw_composition_structure_to_endpoint_linear_surrogate
steels,benefit_gate_probability,rare_earth_fraction,0.0,0.0,0.0,0.0,-0.2641111372400309,low,raw_composition_structure_to_endpoint_linear_surrogate
steels,benefit_gate_probability,atomic_number_mean,0.00045968404316784714,0.06883298335688812,2.2240044563805218e-20,0.0005904438186149202,-0.2641111372400309,low,raw_composition_structure_to_endpoint_linear_surrogate
steels,benefit_gate_probability,atomic_number_std,0.00018355169844355378,0.02748498929183062,4.170008355713479e-21,0.0002830480323260892,-0.2641111372400309,low,raw_composition_structure_to_endpoint_linear_surrogate
steels,benefit_gate_probability,atomic_number_min,9.509714497075806e-05,0.014239824710795218,2.7800055704756523e-21,0.0001747423932348748,-0.2641111372400309,low,raw_composition_structure_to_endpoint_linear_surrogate
steels,benefit_gate_probability,atomic_number_max,0.00011349815078210629,0.01699518710717941,5.5600111409513046e-21,0.0002572808945890916,-0.2641111372400309,low,raw_composition_structure_to_endpoint_linear_surrogate
steels,benefit_gate_probability,atomic_number_range,8.61660389837416e-05,0.012902482945511363,9.03501810404587e-21,0.00020222072306009633,-0.2641111372400309,low,raw_composition_structure_to_endpoint_linear_surrogate
steels,benefit_gate_probability,atomic_mass_mean,0.0004576172087698183,0.06852349604742973,0.0,0.0006031221509938688,-0.2641111372400309,low,raw_composition_structure_to_endpoint_linear_surrogate
steels,benefit_gate_probability,atomic_mass_std,0.00017161922171126184,0.025698222958459326,-8.340016711426958e-21,0.00027118735274379196,-0.2641111372400309,low,raw_composition_structure_to_endpoint_linear_surrogate
steels,benefit_gate_probability,atomic_mass_min,9.470077905215005e-05,0.014180472968910148,-2.7800055704756523e-21,0.00017407590559971795,-0.2641111372400309,low,raw_composition_structure_to_endpoint_linear_surrogate
steels,benefit_gate_probability,atomic_mass_max,0.00011349815078210634,0.01699518710717942,1.9460038993329567e-20,0.00025728089458909164,-0.2641111372400309,low,raw_composition_structure_to_endpoint_linear_surrogate
steels,benefit_gate_probability,atomic_mass_range,9.302616137508791e-05,0.013929716101432198,6.255012533570218e-21,0.00021542712642821216,-0.2641111372400309,low,raw_composition_structure_to_endpoint_linear_surrogate
steels,benefit_gate_probability,electronegativity_mean,0.0005405149883354596,0.08093659057610203,5.5600111409513046e-21,0.0006528517822134317,-0.2641111372400309,low,raw_composition_structure_to_endpoint_linear_surrogate
steels,benefit_gate_probability,electronegativity_std,0.00019094542254526948,0.028592123845668047,0.0,0.00023362056437601763,-0.2641111372400309,low,raw_composition_structure_to_endpoint_linear_surrogate
steels,benefit_gate_probability,electronegativity_min,0.00036840315561442364,0.05516460415784644,6.116012255046435e-20,-0.00038048514303597923,-0.2641111372400309,low,raw_composition_structure_to_endpoint_linear_surrogate
steels,benefit_gate_probability,electronegativity_max,2.8684969957494835e-05,0.004295280832613385,-1.3900027852378261e-21,4.792898758540379e-05,-0.2641111372400309,low,raw_composition_structure_to_endpoint_linear_surrogate
steels,benefit_gate_probability,electronegativity_range,3.429010006489934e-05,0.005134591731328419,-5.5600111409513046e-21,5.7347659233209354e-05,-0.2641111372400309,low,raw_composition_structure_to_endpoint_linear_surrogate
steels,benefit_gate_probability,atomic_radius_mean,0.00010507886577732033,0.015734485298568395,5.5600111409513046e-21,-0.00013408749132383876,-0.2641111372400309,low,raw_composition_structure_to_endpoint_linear_surrogate
steels,benefit_gate_probability,atomic_radius_std,5.271298232812152e-07,7.893229902606538e-05,0.0,-5.769554297589794e-07,-0.2641111372400309,low,raw_composition_structure_to_endpoint_linear_surrogate
steels,benefit_gate_probability,atomic_radius_min,7.252237543618811e-05,0.010859483890282427,-5.5600111409513046e-21,0.00013515173179953234,-0.2641111372400309,low,raw_composition_structure_to_endpoint_linear_surrogate
steels,benefit_gate_probability,atomic_radius_max,0.0,0.0,0.0,0.0,-0.2641111372400309,low,raw_composition_structure_to_endpoint_linear_surrogate
steels,benefit_gate_probability,atomic_radius_range,7.252237543618809e-05,0.010859483890282422,-4.170008355713479e-21,-0.00013515173179953234,-0.2641111372400309,low,raw_composition_structure_to_endpoint_linear_surrogate
steels,benefit_gate_probability,period_mean,0.0003217902675266331,0.04818480096987318,0.0,0.00042914497810621257,-0.2641111372400309,low,raw_composition_structure_to_endpoint_linear_surrogate
steels,benefit_gate_probability,period_std,0.0002365317851140511,0.035418215337497956,-1.1120022281902609e-20,0.0003057234247474343,-0.2641111372400309,low,raw_composition_structure_to_endpoint_linear_surrogate
steels,benefit_gate_probability,period_min,8.941931754504101e-05,0.013389628132283657,-5.5600111409513046e-21,0.00016468156920921388,-0.2641111372400309,low,raw_composition_structure_to_endpoint_linear_surrogate
steels,benefit_gate_probability,period_max,0.00011349815078210635,0.01699518710717942,8.340016711426958e-21,0.00025728089458909175,-0.2641111372400309,low,raw_composition_structure_to_endpoint_linear_surrogate
steels,benefit_gate_probability,period_range,1.448674404731858e-05,0.0021692417361993933,-1.4768779593151904e-21,3.416652234922377e-05,-0.2641111372400309,low,raw_composition_structure_to_endpoint_linear_surrogate
steels,benefit_gate_probability,group_mean,0.000241180927214164,0.03611437681092119,-4.170008355713479e-21,0.0002992254609010197,-0.2641111372400309,low,raw_composition_structure_to_endpoint_linear_surrogate
steels,benefit_gate_probability,group_std,0.0001823928701444806,0.02731146660769762,-5.5600111409513046e-21,-0.00026007122563414723,-0.2641111372400309,low,raw_composition_structure_to_endpoint_linear_surrogate
steels,benefit_gate_probability,group_min,0.00035273570908862724,0.052818564302899156,1.1120022281902609e-20,-0.0003667238311244564,-0.2641111372400309,low,raw_composition_structure_to_endpoint_linear_surrogate
steels,benefit_gate_probability,group_max,0.00011016384391790968,0.016495908760886673,1.9460038993329567e-20,0.000159791366883955,-0.2641111372400309,low,raw_composition_structure_to_endpoint_linear_surrogate
steels,benefit_gate_probability,group_range,0.00041632714941749045,0.06234073201538361,-2.780005570475652e-20,0.0005005154557494304,-0.2641111372400309,low,raw_composition_structure_to_endpoint_linear_surrogate
steels,benefit_gate_probability,n_sites,0.0,0.0,0.0,0.0,-0.2641111372400309,low,raw_composition_structure_to_endpoint_linear_surrogate
steels,benefit_gate_probability,volume,0.0,0.0,0.0,0.0,-0.2641111372400309,low,raw_composition_structure_to_endpoint_linear_surrogate
steels,benefit_gate_probability,volume_per_atom,0.0,0.0,0.0,0.0,-0.2641111372400309,low,raw_composition_structure_to_endpoint_linear_surrogate
steels,benefit_gate_probability,density,0.0,0.0,0.0,0.0,-0.2641111372400309,low,raw_composition_structure_to_endpoint_linear_surrogate
steels,benefit_gate_probability,lattice_a,0.0,0.0,0.0,0.0,-0.2641111372400309,low,raw_composition_structure_to_endpoint_linear_surrogate
steels,benefit_gate_probability,lattice_b,0.0,0.0,0.0,0.0,-0.2641111372400309,low,raw_composition_structure_to_endpoint_linear_surrogate
steels,benefit_gate_probability,lattice_c,0.0,0.0,0.0,0.0,-0.2641111372400309,low,raw_composition_structure_to_endpoint_linear_surrogate
steels,benefit_gate_probability,lattice_length_anisotropy,0.0,0.0,0.0,0.0,-0.2641111372400309,low,raw_composition_structure_to_endpoint_linear_surrogate
steels,benefit_gate_probability,lattice_alpha,0.0,0.0,0.0,0.0,-0.2641111372400309,low,raw_composition_structure_to_endpoint_linear_surrogate
steels,benefit_gate_probability,lattice_beta,0.0,0.0,0.0,0.0,-0.2641111372400309,low,raw_composition_structure_to_endpoint_linear_surrogate
steels,benefit_gate_probability,lattice_gamma,0.0,0.0,0.0,0.0,-0.2641111372400309,low,raw_composition_structure_to_endpoint_linear_surrogate
steels,benefit_gate_probability,spacegroup_number,0.0,0.0,0.0,0.0,-0.2641111372400309,low,raw_composition_structure_to_endpoint_linear_surrogate
steels,benefit_gate_probability,crystal_system,0.0,0.0,0.0,0.0,-0.2641111372400309,low,raw_composition_structure_to_endpoint_linear_surrogate
steels,realized_local_gain,n_elements,0.0,0.0,0.0,0.0,,low,raw_composition_structure_to_endpoint_linear_surrogate
steels,realized_local_gain,composition_entropy,0.0,0.0,0.0,0.0,,low,raw_composition_structure_to_endpoint_linear_surrogate
steels,realized_local_gain,max_atomic_fraction,0.0,0.0,0.0,0.0,,low,raw_composition_structure_to_endpoint_linear_surrogate
steels,realized_local_gain,min_atomic_fraction,0.0,0.0,0.0,0.0,,low,raw_composition_structure_to_endpoint_linear_surrogate
steels,realized_local_gain,metal_fraction,0.0,0.0,0.0,0.0,,low,raw_composition_structure_to_endpoint_linear_surrogate
steels,realized_local_gain,transition_metal_fraction,0.0,0.0,0.0,0.0,,low,raw_composition_structure_to_endpoint_linear_surrogate
steels,realized_local_gain,alkali_fraction,0.0,0.0,0.0,0.0,,low,raw_composition_structure_to_endpoint_linear_surrogate
steels,realized_local_gain,alkaline_fraction,0.0,0.0,0.0,0.0,,low,raw_composition_structure_to_endpoint_linear_surrogate
steels,realized_local_gain,halogen_fraction,0.0,0.0,0.0,0.0,,low,raw_composition_structure_to_endpoint_linear_surrogate
steels,realized_local_gain,chalcogen_fraction,0.0,0.0,0.0,0.0,,low,raw_composition_structure_to_endpoint_linear_surrogate
steels,realized_local_gain,rare_earth_fraction,0.0,0.0,0.0,0.0,,low,raw_composition_structure_to_endpoint_linear_surrogate
steels,realized_local_gain,atomic_number_mean,0.0,0.0,0.0,0.0,,low,raw_composition_structure_to_endpoint_linear_surrogate
steels,realized_local_gain,atomic_number_std,0.0,0.0,0.0,0.0,,low,raw_composition_structure_to_endpoint_linear_surrogate
steels,realized_local_gain,atomic_number_min,0.0,0.0,0.0,0.0,,low,raw_composition_structure_to_endpoint_linear_surrogate
steels,realized_local_gain,atomic_number_max,0.0,0.0,0.0,0.0,,low,raw_composition_structure_to_endpoint_linear_surrogate
steels,realized_local_gain,atomic_number_range,0.0,0.0,0.0,0.0,,low,raw_composition_structure_to_endpoint_linear_surrogate
steels,realized_local_gain,atomic_mass_mean,0.0,0.0,0.0,0.0,,low,raw_composition_structure_to_endpoint_linear_surrogate
steels,realized_local_gain,atomic_mass_std,0.0,0.0,0.0,0.0,,low,raw_composition_structure_to_endpoint_linear_surrogate
steels,realized_local_gain,atomic_mass_min,0.0,0.0,0.0,0.0,,low,raw_composition_structure_to_endpoint_linear_surrogate
steels,realized_local_gain,atomic_mass_max,0.0,0.0,0.0,0.0,,low,raw_composition_structure_to_endpoint_linear_surrogate
steels,realized_local_gain,atomic_mass_range,0.0,0.0,0.0,0.0,,low,raw_composition_structure_to_endpoint_linear_surrogate
steels,realized_local_gain,electronegativity_mean,0.0,0.0,0.0,0.0,,low,raw_composition_structure_to_endpoint_linear_surrogate
steels,realized_local_gain,electronegativity_std,0.0,0.0,0.0,0.0,,low,raw_composition_structure_to_endpoint_linear_surrogate
steels,realized_local_gain,electronegativity_min,0.0,0.0,0.0,0.0,,low,raw_composition_structure_to_endpoint_linear_surrogate
steels,realized_local_gain,electronegativity_max,0.0,0.0,0.0,0.0,,low,raw_composition_structure_to_endpoint_linear_surrogate
steels,realized_local_gain,electronegativity_range,0.0,0.0,0.0,0.0,,low,raw_composition_structure_to_endpoint_linear_surrogate
steels,realized_local_gain,atomic_radius_mean,0.0,0.0,0.0,0.0,,low,raw_composition_structure_to_endpoint_linear_surrogate
steels,realized_local_gain,atomic_radius_std,0.0,0.0,0.0,0.0,,low,raw_composition_structure_to_endpoint_linear_surrogate
steels,realized_local_gain,atomic_radius_min,0.0,0.0,0.0,0.0,,low,raw_composition_structure_to_endpoint_linear_surrogate
steels,realized_local_gain,atomic_radius_max,0.0,0.0,0.0,0.0,,low,raw_composition_structure_to_endpoint_linear_surrogate
steels,realized_local_gain,atomic_radius_range,0.0,0.0,0.0,0.0,,low,raw_composition_structure_to_endpoint_linear_surrogate
steels,realized_local_gain,period_mean,0.0,0.0,0.0,0.0,,low,raw_composition_structure_to_endpoint_linear_surrogate
steels,realized_local_gain,period_std,0.0,0.0,0.0,0.0,,low,raw_composition_structure_to_endpoint_linear_surrogate
steels,realized_local_gain,period_min,0.0,0.0,0.0,0.0,,low,raw_composition_structure_to_endpoint_linear_surrogate
steels,realized_local_gain,period_max,0.0,0.0,0.0,0.0,,low,raw_composition_structure_to_endpoint_linear_surrogate
steels,realized_local_gain,period_range,0.0,0.0,0.0,0.0,,low,raw_composition_structure_to_endpoint_linear_surrogate
steels,realized_local_gain,group_mean,0.0,0.0,0.0,0.0,,low,raw_composition_structure_to_endpoint_linear_surrogate
steels,realized_local_gain,group_std,0.0,0.0,0.0,0.0,,low,raw_composition_structure_to_endpoint_linear_surrogate
steels,realized_local_gain,group_min,0.0,0.0,0.0,0.0,,low,raw_composition_structure_to_endpoint_linear_surrogate
steels,realized_local_gain,group_max,0.0,0.0,0.0,0.0,,low,raw_composition_structure_to_endpoint_linear_surrogate
steels,realized_local_gain,group_range,0.0,0.0,0.0,0.0,,low,raw_composition_structure_to_endpoint_linear_surrogate
steels,realized_local_gain,n_sites,0.0,0.0,0.0,0.0,,low,raw_composition_structure_to_endpoint_linear_surrogate
steels,realized_local_gain,volume,0.0,0.0,0.0,0.0,,low,raw_composition_structure_to_endpoint_linear_surrogate
steels,realized_local_gain,volume_per_atom,0.0,0.0,0.0,0.0,,low,raw_composition_structure_to_endpoint_linear_surrogate
steels,realized_local_gain,density,0.0,0.0,0.0,0.0,,low,raw_composition_structure_to_endpoint_linear_surrogate
steels,realized_local_gain,lattice_a,0.0,0.0,0.0,0.0,,low,raw_composition_structure_to_endpoint_linear_surrogate
steels,realized_local_gain,lattice_b,0.0,0.0,0.0,0.0,,low,raw_composition_structure_to_endpoint_linear_surrogate
steels,realized_local_gain,lattice_c,0.0,0.0,0.0,0.0,,low,raw_composition_structure_to_endpoint_linear_surrogate
steels,realized_local_gain,lattice_length_anisotropy,0.0,0.0,0.0,0.0,,low,raw_composition_structure_to_endpoint_linear_surrogate
steels,realized_local_gain,lattice_alpha,0.0,0.0,0.0,0.0,,low,raw_composition_structure_to_endpoint_linear_surrogate
steels,realized_local_gain,lattice_beta,0.0,0.0,0.0,0.0,,low,raw_composition_structure_to_endpoint_linear_surrogate
steels,realized_local_gain,lattice_gamma,0.0,0.0,0.0,0.0,,low,raw_composition_structure_to_endpoint_linear_surrogate
steels,realized_local_gain,spacegroup_number,0.0,0.0,0.0,0.0,,low,raw_composition_structure_to_endpoint_linear_surrogate
steels,realized_local_gain,crystal_system,0.0,0.0,0.0,0.0,,low,raw_composition_structure_to_endpoint_linear_surrogate
expt_gap,stage1_anchor_prediction,n_elements,0.3581886043156042,0.015948553733998803,-9.473903143468002e-18,0.4833531224961689,0.39736397005135093,low,raw_composition_structure_to_endpoint_linear_surrogate
expt_gap,stage1_anchor_prediction,composition_entropy,0.24445455545055575,0.010884479757733417,4.736951571734001e-18,-0.3015926299519833,0.39736397005135093,low,raw_composition_structure_to_endpoint_linear_surrogate
expt_gap,stage1_anchor_prediction,max_atomic_fraction,0.010487149993325633,0.0004669463884945061,3.7007434154171887e-19,0.01348073500670921,0.39736397005135093,low,raw_composition_structure_to_endpoint_linear_surrogate
expt_gap,stage1_anchor_prediction,min_atomic_fraction,0.2869660459564352,0.012777328336601123,4.736951571734001e-18,0.35566860092637853,0.39736397005135093,low,raw_composition_structure_to_endpoint_linear_surrogate
expt_gap,stage1_anchor_prediction,metal_fraction,0.07882363731790533,0.0035096678122293933,2.3684757858670005e-18,-0.09828666222816196,0.39736397005135093,low,raw_composition_structure_to_endpoint_linear_surrogate
expt_gap,stage1_anchor_prediction,transition_metal_fraction,0.08185056523196003,0.0036444435195093117,-1.1842378929335003e-18,-0.10146464553179158,0.39736397005135093,low,raw_composition_structure_to_endpoint_linear_surrogate
expt_gap,stage1_anchor_prediction,alkali_fraction,0.10223647947158705,0.004552138082513641,-2.4868995751603507e-17,0.1577992026299171,0.39736397005135093,low,raw_composition_structure_to_endpoint_linear_surrogate
expt_gap,stage1_anchor_prediction,alkaline_fraction,0.1065534318056998,0.004744352869467178,2.960594732333751e-18,0.17884597924989976,0.39736397005135093,low,raw_composition_structure_to_endpoint_linear_surrogate
expt_gap,stage1_anchor_prediction,halogen_fraction,0.08974973377555581,0.003996158544648547,-1.4210854715202004e-17,0.1928372067465034,0.39736397005135093,low,raw_composition_structure_to_endpoint_linear_surrogate
expt_gap,stage1_anchor_prediction,chalcogen_fraction,0.3169521686120224,0.014112477703959367,-2.1316282072803006e-17,0.32925577532276407,0.39736397005135093,low,raw_composition_structure_to_endpoint_linear_surrogate
expt_gap,stage1_anchor_prediction,rare_earth_fraction,0.055962620885017446,0.002491767899722717,1.1842378929335003e-18,0.07363599836219237,0.39736397005135093,low,raw_composition_structure_to_endpoint_linear_surrogate
expt_gap,stage1_anchor_prediction,atomic_number_mean,3.4039946347344836,0.15156482000882432,-1.8947806286936004e-17,4.210181708548589,0.39736397005135093,low,raw_composition_structure_to_endpoint_linear_surrogate
expt_gap,stage1_anchor_prediction,atomic_number_std,1.0379489203392696,0.04621527298671722,2.842170943040401e-17,1.2538025015313679,0.39736397005135093,low,raw_composition_structure_to_endpoint_linear_surrogate
expt_gap,stage1_anchor_prediction,atomic_number_min,0.7071663676052233,0.03148698947075164,-9.473903143468002e-18,-0.8848818154466187,0.39736397005135093,low,raw_composition_structure_to_endpoint_linear_surrogate
expt_gap,stage1_anchor_prediction,atomic_number_max,1.6898826061839052,0.07524299551731954,5.684341886080802e-17,-2.034664391488832,0.39736397005135093,low,raw_composition_structure_to_endpoint_linear_surrogate
expt_gap,stage1_anchor_prediction,atomic_number_range,1.0871845714621509,0.048407518686610584,4.263256414560601e-17,-1.2857090004245038,0.39736397005135093,low,raw_composition_structure_to_endpoint_linear_surrogate
expt_gap,stage1_anchor_prediction,atomic_mass_mean,3.244784709663496,0.1444759064744806,0.0,-4.031789780326221,0.39736397005135093,low,raw_composition_structure_to_endpoint_linear_surrogate
expt_gap,stage1_anchor_prediction,atomic_mass_std,0.5039500593360811,0.022438666400150565,-4.736951571734001e-18,-0.6083638373831946,0.39736397005135093,low,raw_composition_structure_to_endpoint_linear_surrogate
expt_gap,stage1_anchor_prediction,atomic_mass_min,0.8014459252052271,0.035684841027962086,4.263256414560601e-17,1.0124570858650372,0.39736397005135093,low,raw_composition_structure_to_endpoint_linear_surrogate
expt_gap,stage1_anchor_prediction,atomic_mass_max,1.4893305365788165,0.06631329920642526,7.579122514774402e-17,1.7989465041439985,0.39736397005135093,low,raw_composition_structure_to_endpoint_linear_surrogate
expt_gap,stage1_anchor_prediction,atomic_mass_range,0.9067582111272736,0.0403739311627172,-1.8947806286936004e-17,1.0716039875139813,0.39736397005135093,low,raw_composition_structure_to_endpoint_linear_surrogate
expt_gap,stage1_anchor_prediction,electronegativity_mean,0.750999995786162,0.03343870699045211,-1.4210854715202004e-17,-0.9308144784662318,0.39736397005135093,low,raw_composition_structure_to_endpoint_linear_surrogate
expt_gap,stage1_anchor_prediction,electronegativity_std,0.722590006534363,0.032173735869915246,-2.842170943040401e-17,0.8733160677131764,0.39736397005135093,low,raw_composition_structure_to_endpoint_linear_surrogate
expt_gap,stage1_anchor_prediction,electronegativity_min,0.313816618407315,0.013972865526679252,1.1842378929335003e-18,0.3704938048473423,0.39736397005135093,low,raw_composition_structure_to_endpoint_linear_surrogate
expt_gap,stage1_anchor_prediction,electronegativity_max,0.01728571563400911,0.0007696564360174637,6.661338147750939e-19,-0.021285752295852944,0.39736397005135093,low,raw_composition_structure_to_endpoint_linear_surrogate
expt_gap,stage1_anchor_prediction,electronegativity_range,0.18404928966080186,0.00819490053701782,0.0,-0.2188913151694578,0.39736397005135093,low,raw_composition_structure_to_endpoint_linear_surrogate
expt_gap,stage1_anchor_prediction,atomic_radius_mean,0.8002232669312743,0.03563040146471101,9.473903143468002e-18,-0.9960559634273523,0.39736397005135093,low,raw_composition_structure_to_endpoint_linear_surrogate
expt_gap,stage1_anchor_prediction,atomic_radius_std,0.13701582238009363,0.0061007083399882535,-5.921189464667502e-18,-0.16415086010704272,0.39736397005135093,low,raw_composition_structure_to_endpoint_linear_surrogate
expt_gap,stage1_anchor_prediction,atomic_radius_min,0.19798523378869398,0.008815406469031947,-1.4210854715202004e-17,0.2380725971079869,0.39736397005135093,low,raw_composition_structure_to_endpoint_linear_surrogate
expt_gap,stage1_anchor_prediction,atomic_radius_max,0.43016813903542245,0.019153483939471683,0.0,0.550071785743512,0.39736397005135093,low,raw_composition_structure_to_endpoint_linear_surrogate
expt_gap,stage1_anchor_prediction,atomic_radius_range,0.17954774927325412,0.007994466860760177,-4.736951571734001e-18,0.2197922186659298,0.39736397005135093,low,raw_composition_structure_to_endpoint_linear_surrogate
expt_gap,stage1_anchor_prediction,period_mean,0.07074185452853499,0.0031498217827079997,-1.4802973661668755e-18,0.08658092455732458,0.39736397005135093,low,raw_composition_structure_to_endpoint_linear_surrogate
expt_gap,stage1_anchor_prediction,period_std,0.6810298763051061,0.030323247154843594,0.0,-0.8354631518635642,0.39736397005135093,low,raw_composition_structure_to_endpoint_linear_surrogate
expt_gap,stage1_anchor_prediction,period_min,0.29004786352606166,0.01291454803738273,-2.0132044179869507e-17,-0.35205361825126147,0.39736397005135093,low,raw_composition_structure_to_endpoint_linear_surrogate
expt_gap,stage1_anchor_prediction,period_max,0.04482970441114848,0.0019960683870626915,-3.552713678800501e-18,0.051748838326375335,0.39736397005135093,low,raw_composition_structure_to_endpoint_linear_surrogate
expt_gap,stage1_anchor_prediction,period_range,0.3022839663954606,0.01345936755915456,1.6579330501069006e-17,0.3580338072177369,0.39736397005135093,low,raw_composition_structure_to_endpoint_linear_surrogate
expt_gap,stage1_anchor_prediction,group_mean,0.28654795253672116,0.012758712486488076,4.736951571734001e-18,0.3567416895837141,0.39736397005135093,low,raw_composition_structure_to_endpoint_linear_surrogate
expt_gap,stage1_anchor_prediction,group_std,0.3199648269150825,0.014246618048598015,7.105427357601002e-18,-0.3824389648940496,0.39736397005135093,low,raw_composition_structure_to_endpoint_linear_surrogate
expt_gap,stage1_anchor_prediction,group_min,0.04682298666105046,0.002084820426313994,0.0,-0.05668345905013439,0.39736397005135093,low,raw_composition_structure_to_endpoint_linear_surrogate
expt_gap,stage1_anchor_prediction,group_max,0.02116117466582409,0.0009422134796199801,-5.921189464667501e-19,0.029449199126474923,0.39736397005135093,low,raw_composition_structure_to_endpoint_linear_surrogate
expt_gap,stage1_anchor_prediction,group_range,0.05721867906356065,0.00254769461294633,4.736951571734001e-18,0.0684664026668429,0.39736397005135093,low,raw_composition_structure_to_endpoint_linear_surrogate
expt_gap,stage1_anchor_prediction,n_sites,0.0,0.0,0.0,0.0,0.39736397005135093,low,raw_composition_structure_to_endpoint_linear_surrogate
expt_gap,stage1_anchor_prediction,volume,0.0,0.0,0.0,0.0,0.39736397005135093,low,raw_composition_structure_to_endpoint_linear_surrogate
expt_gap,stage1_anchor_prediction,volume_per_atom,0.0,0.0,0.0,0.0,0.39736397005135093,low,raw_composition_structure_to_endpoint_linear_surrogate
expt_gap,stage1_anchor_prediction,density,0.0,0.0,0.0,0.0,0.39736397005135093,low,raw_composition_structure_to_endpoint_linear_surrogate
expt_gap,stage1_anchor_prediction,lattice_a,0.0,0.0,0.0,0.0,0.39736397005135093,low,raw_composition_structure_to_endpoint_linear_surrogate
expt_gap,stage1_anchor_prediction,lattice_b,0.0,0.0,0.0,0.0,0.39736397005135093,low,raw_composition_structure_to_endpoint_linear_surrogate
expt_gap,stage1_anchor_prediction,lattice_c,0.0,0.0,0.0,0.0,0.39736397005135093,low,raw_composition_structure_to_endpoint_linear_surrogate
expt_gap,stage1_anchor_prediction,lattice_length_anisotropy,0.0,0.0,0.0,0.0,0.39736397005135093,low,raw_composition_structure_to_endpoint_linear_surrogate
expt_gap,stage1_anchor_prediction,lattice_alpha,0.0,0.0,0.0,0.0,0.39736397005135093,low,raw_composition_structure_to_endpoint_linear_surrogate
expt_gap,stage1_anchor_prediction,lattice_beta,0.0,0.0,0.0,0.0,0.39736397005135093,low,raw_composition_structure_to_endpoint_linear_surrogate
expt_gap,stage1_anchor_prediction,lattice_gamma,0.0,0.0,0.0,0.0,0.39736397005135093,low,raw_composition_structure_to_endpoint_linear_surrogate
expt_gap,stage1_anchor_prediction,spacegroup_number,0.0,0.0,0.0,0.0,0.39736397005135093,low,raw_composition_structure_to_endpoint_linear_surrogate
expt_gap,stage1_anchor_prediction,crystal_system,0.0,0.0,0.0,0.0,0.39736397005135093,low,raw_composition_structure_to_endpoint_linear_surrogate
expt_gap,hpsafemoe_prediction,n_elements,0.39060626997901793,0.020922561926237367,9.473903143468002e-18,0.52709873509707,0.37870555805113526,low,raw_composition_structure_to_endpoint_linear_surrogate
expt_gap,hpsafemoe_prediction,composition_entropy,0.2667556237934333,0.014288585429747432,7.105427357601002e-18,-0.3291062831128784,0.37870555805113526,low,raw_composition_structure_to_endpoint_linear_surrogate
expt_gap,hpsafemoe_prediction,max_atomic_fraction,0.012447537750585397,0.0006667439809140545,2.9605947323337507e-19,0.016000720692318282,0.37870555805113526,low,raw_composition_structure_to_endpoint_linear_surrogate
expt_gap,hpsafemoe_prediction,min_atomic_fraction,0.32936474300407126,0.01764220075676744,4.736951571734001e-18,0.40821797208899824,0.37870555805113526,low,raw_composition_structure_to_endpoint_linear_surrogate
expt_gap,hpsafemoe_prediction,metal_fraction,0.09649608907451444,0.005168748057755695,-1.1842378929335003e-18,-0.12032277164468042,0.37870555805113526,low,raw_composition_structure_to_endpoint_linear_surrogate
expt_gap,hpsafemoe_prediction,transition_metal_fraction,0.07231697735198268,0.0038736102138003043,-1.1842378929335003e-18,-0.08964649727408869,0.37870555805113526,low,raw_composition_structure_to_endpoint_linear_surrogate
expt_gap,hpsafemoe_prediction,alkali_fraction,0.09412595243516872,0.005041793284057314,-1.5395092608135503e-17,0.14528082654859986,0.37870555805113526,low,raw_composition_structure_to_endpoint_linear_surrogate
expt_gap,hpsafemoe_prediction,alkaline_fraction,0.09272308769868065,0.004966649778744706,1.1842378929335003e-18,0.15563226014891995,0.37870555805113526,low,raw_composition_structure_to_endpoint_linear_surrogate
expt_gap,hpsafemoe_prediction,halogen_fraction,0.08016908676807555,0.004294203169255472,-1.5987211554602253e-17,0.17225212944291002,0.37870555805113526,low,raw_composition_structure_to_endpoint_linear_surrogate
expt_gap,hpsafemoe_prediction,chalcogen_fraction,0.3294053268279232,0.017644374601974253,-3.552713678800501e-17,0.3421923464197505,0.37870555805113526,low,raw_composition_structure_to_endpoint_linear_surrogate
expt_gap,hpsafemoe_prediction,rare_earth_fraction,0.04476795081619224,0.002397965151232327,3.2566542055671258e-18,0.05890597511065465,0.37870555805113526,low,raw_composition_structure_to_endpoint_linear_surrogate
expt_gap,hpsafemoe_prediction,atomic_number_mean,2.5613655399753696,0.1371978210404656,0.0,3.1679880559365614,0.37870555805113526,low,raw_composition_structure_to_endpoint_linear_surrogate
expt_gap,hpsafemoe_prediction,atomic_number_std,0.8973832637184042,0.04806773047377317,1.8947806286936004e-17,1.0840045775227054,0.37870555805113526,low,raw_composition_structure_to_endpoint_linear_surrogate
expt_gap,hpsafemoe_prediction,atomic_number_min,0.2434273258871905,0.013039020855161116,7.105427357601002e-18,-0.3046021755670125,0.37870555805113526,low,raw_composition_structure_to_endpoint_linear_surrogate
expt_gap,hpsafemoe_prediction,atomic_number_max,1.256862184527174,0.06732297689417108,6.631732200427602e-17,-1.5132960848926587,0.37870555805113526,low,raw_composition_structure_to_endpoint_linear_surrogate
expt_gap,hpsafemoe_prediction,atomic_number_range,1.0321501429069309,0.055286427643122665,1.4210854715202004e-17,-1.2206250560934109,0.37870555805113526,low,raw_composition_structure_to_endpoint_linear_surrogate
expt_gap,hpsafemoe_prediction,atomic_mass_mean,2.4423331317868073,0.13082193021903013,0.0,-3.0347078903460982,0.37870555805113526,low,raw_composition_structure_to_endpoint_linear_surrogate
expt_gap,hpsafemoe_prediction,atomic_mass_std,0.22110170718987038,0.011843164117476556,-3.552713678800501e-18,-0.26691193015278714,0.37870555805113526,low,raw_composition_structure_to_endpoint_linear_surrogate
expt_gap,hpsafemoe_prediction,atomic_mass_min,0.396575220759089,0.0212422847569472,2.3684757858670005e-18,0.5009887500934198,0.37870555805113526,low,raw_composition_structure_to_endpoint_linear_surrogate
expt_gap,hpsafemoe_prediction,atomic_mass_max,1.0246651338424912,0.05488549817090094,-9.473903143468002e-18,1.2376821096266042,0.37870555805113526,low,raw_composition_structure_to_endpoint_linear_surrogate
expt_gap,hpsafemoe_prediction,atomic_mass_range,0.7383967911944738,0.03955172709012382,-1.4210854715202004e-17,0.872634993652639,0.37870555805113526,low,raw_composition_structure_to_endpoint_linear_surrogate
expt_gap,hpsafemoe_prediction,electronegativity_mean,0.6960413340896864,0.03728298554064329,-1.6579330501069006e-17,-0.8626968775191699,0.37870555805113526,low,raw_composition_structure_to_endpoint_linear_surrogate
expt_gap,hpsafemoe_prediction,electronegativity_std,0.7195294754536479,0.03854111202244836,-2.842170943040401e-17,0.8696171361692109,0.37870555805113526,low,raw_composition_structure_to_endpoint_linear_surrogate
expt_gap,hpsafemoe_prediction,electronegativity_min,0.2722196930419929,0.014581264621068088,3.552713678800501e-18,0.3213842222294261,0.37870555805113526,low,raw_composition_structure_to_endpoint_linear_surrogate
expt_gap,hpsafemoe_prediction,electronegativity_max,0.05583704648406534,0.0029908738098438775,2.0724163126336257e-18,-0.06875813333718384,0.37870555805113526,low,raw_composition_structure_to_endpoint_linear_surrogate
expt_gap,hpsafemoe_prediction,electronegativity_range,0.1942920041588148,0.010407120420785704,3.552713678800501e-18,-0.23107305872036932,0.37870555805113526,low,raw_composition_structure_to_endpoint_linear_surrogate
expt_gap,hpsafemoe_prediction,atomic_radius_mean,0.7871934941183799,0.042165489636169166,0.0,-0.9798375110919721,0.37870555805113526,low,raw_composition_structure_to_endpoint_linear_surrogate
expt_gap,hpsafemoe_prediction,atomic_radius_std,0.14373091465122262,0.007698849695030449,-3.552713678800501e-18,-0.172195830044501,0.37870555805113526,low,raw_composition_structure_to_endpoint_linear_surrogate
expt_gap,hpsafemoe_prediction,atomic_radius_min,0.19760644960378684,0.010584656460023599,-1.4210854715202004e-17,0.23761711801533636,0.37870555805113526,low,raw_composition_structure_to_endpoint_linear_surrogate
expt_gap,hpsafemoe_prediction,atomic_radius_max,0.4418987679275173,0.023670010052803614,-9.473903143468002e-18,0.5650721713997768,0.37870555805113526,low,raw_composition_structure_to_endpoint_linear_surrogate
expt_gap,hpsafemoe_prediction,atomic_radius_range,0.1885540871160847,0.010099772756702938,-1.4210854715202004e-17,0.23081726901907018,0.37870555805113526,low,raw_composition_structure_to_endpoint_linear_surrogate
expt_gap,hpsafemoe_prediction,period_mean,0.07873376903678597,0.004217321341121107,-1.1842378929335003e-18,0.09636222519920068,0.37870555805113526,low,raw_composition_structure_to_endpoint_linear_surrogate
expt_gap,hpsafemoe_prediction,period_std,0.7965008562347882,0.04266403222295593,0.0,-0.9771188298262246,0.37870555805113526,low,raw_composition_structure_to_endpoint_linear_surrogate
expt_gap,hpsafemoe_prediction,period_min,0.36483242481056566,0.019542003258699432,-1.8947806286936004e-17,-0.4428254483536307,0.37870555805113526,low,raw_composition_structure_to_endpoint_linear_surrogate
expt_gap,hpsafemoe_prediction,period_max,0.06304619581544395,0.0033770270411511067,1.1842378929335003e-18,0.07277691069350567,0.37870555805113526,low,raw_composition_structure_to_endpoint_linear_surrogate
expt_gap,hpsafemoe_prediction,period_range,0.3847856967174318,0.020610786837429194,1.4210854715202004e-17,0.45575122492087417,0.37870555805113526,low,raw_composition_structure_to_endpoint_linear_surrogate
expt_gap,hpsafemoe_prediction,group_mean,0.26111192298794866,0.013986284394993814,4.736951571734001e-18,0.3250747658552413,0.37870555805113526,low,raw_composition_structure_to_endpoint_linear_surrogate
expt_gap,hpsafemoe_prediction,group_std,0.31330670639531727,0.016782062834817316,9.473903143468002e-18,-0.37448082541894223,0.37870555805113526,low,raw_composition_structure_to_endpoint_linear_surrogate
expt_gap,hpsafemoe_prediction,group_min,0.01790273868269146,0.0009589481468333266,0.0,-0.02167288392668354,0.37870555805113526,low,raw_composition_structure_to_endpoint_linear_surrogate
expt_gap,hpsafemoe_prediction,group_max,0.03297660131689845,0.0017663694523047742,-1.7763568394002505e-18,0.04589227743883839,0.37870555805113526,low,raw_composition_structure_to_endpoint_linear_surrogate
expt_gap,hpsafemoe_prediction,group_range,0.03560227400627262,0.001907011842516309,3.1086244689504384e-18,0.04260076722954409,0.37870555805113526,low,raw_composition_structure_to_endpoint_linear_surrogate
expt_gap,hpsafemoe_prediction,n_sites,0.0,0.0,0.0,0.0,0.37870555805113526,low,raw_composition_structure_to_endpoint_linear_surrogate
expt_gap,hpsafemoe_prediction,volume,0.0,0.0,0.0,0.0,0.37870555805113526,low,raw_composition_structure_to_endpoint_linear_surrogate
expt_gap,hpsafemoe_prediction,volume_per_atom,0.0,0.0,0.0,0.0,0.37870555805113526,low,raw_composition_structure_to_endpoint_linear_surrogate
expt_gap,hpsafemoe_prediction,density,0.0,0.0,0.0,0.0,0.37870555805113526,low,raw_composition_structure_to_endpoint_linear_surrogate
expt_gap,hpsafemoe_prediction,lattice_a,0.0,0.0,0.0,0.0,0.37870555805113526,low,raw_composition_structure_to_endpoint_linear_surrogate
expt_gap,hpsafemoe_prediction,lattice_b,0.0,0.0,0.0,0.0,0.37870555805113526,low,raw_composition_structure_to_endpoint_linear_surrogate
expt_gap,hpsafemoe_prediction,lattice_c,0.0,0.0,0.0,0.0,0.37870555805113526,low,raw_composition_structure_to_endpoint_linear_surrogate
expt_gap,hpsafemoe_prediction,lattice_length_anisotropy,0.0,0.0,0.0,0.0,0.37870555805113526,low,raw_composition_structure_to_endpoint_linear_surrogate
expt_gap,hpsafemoe_prediction,lattice_alpha,0.0,0.0,0.0,0.0,0.37870555805113526,low,raw_composition_structure_to_endpoint_linear_surrogate
expt_gap,hpsafemoe_prediction,lattice_beta,0.0,0.0,0.0,0.0,0.37870555805113526,low,raw_composition_structure_to_endpoint_linear_surrogate
expt_gap,hpsafemoe_prediction,lattice_gamma,0.0,0.0,0.0,0.0,0.37870555805113526,low,raw_composition_structure_to_endpoint_linear_surrogate
expt_gap,hpsafemoe_prediction,spacegroup_number,0.0,0.0,0.0,0.0,0.37870555805113526,low,raw_composition_structure_to_endpoint_linear_surrogate
expt_gap,hpsafemoe_prediction,crystal_system,0.0,0.0,0.0,0.0,0.37870555805113526,low,raw_composition_structure_to_endpoint_linear_surrogate
expt_gap,stage2_correction,n_elements,0.001625884877627509,0.020711069458902855,1.295260195396016e-19,-0.0021940299689939685,-0.026349035459629855,low,raw_composition_structure_to_endpoint_linear_surrogate
expt_gap,stage2_correction,composition_entropy,0.0023389260502016157,0.029794028194449432,3.7007434154171883e-20,-0.0028856196091063932,-0.026349035459629855,low,raw_composition_structure_to_endpoint_linear_surrogate
expt_gap,stage2_correction,max_atomic_fraction,0.00014643019831533436,0.001865277209918554,4.6259292692714854e-21,0.0001882290900507011,-0.026349035459629855,low,raw_composition_structure_to_endpoint_linear_surrogate
expt_gap,stage2_correction,min_atomic_fraction,0.005810327111743785,0.07401390470269288,7.401486830834377e-20,0.00720137780715787,-0.026349035459629855,low,raw_composition_structure_to_endpoint_linear_surrogate
expt_gap,stage2_correction,metal_fraction,0.0051750496151685785,0.06592152587668024,7.401486830834377e-20,-0.006452865800757877,-0.026349035459629855,low,raw_composition_structure_to_endpoint_linear_surrogate
expt_gap,stage2_correction,transition_metal_fraction,0.00010322093953801063,0.0013148631110367734,1.1564823173178714e-21,-0.00012795606251468205,-0.026349035459629855,low,raw_composition_structure_to_endpoint_linear_surrogate
expt_gap,stage2_correction,alkali_fraction,0.0009735257016901911,0.012401098445022862,1.295260195396016e-19,-0.0015026102254346143,-0.026349035459629855,low,raw_composition_structure_to_endpoint_linear_surrogate
expt_gap,stage2_correction,alkaline_fraction,0.0028024638081249388,0.0356987283569744,-3.7007434154171887e-19,-0.004703831454161545,-0.026349035459629855,low,raw_composition_structure_to_endpoint_linear_surrogate
expt_gap,stage2_correction,halogen_fraction,0.002858436185037894,0.03641172335555984,6.291263806209221e-19,-0.006141665567101289,-0.026349035459629855,low,raw_composition_structure_to_endpoint_linear_surrogate
expt_gap,stage2_correction,chalcogen_fraction,0.004809424978966269,0.061264076053220484,-2.220446049250313e-19,0.004996119626632338,-0.026349035459629855,low,raw_composition_structure_to_endpoint_linear_surrogate
expt_gap,stage2_correction,rare_earth_fraction,0.002282169512614778,0.029071044292955064,-1.1102230246251566e-19,-0.0030028942146656714,-0.026349035459629855,low,raw_composition_structure_to_endpoint_linear_surrogate
expt_gap,stage2_correction,atomic_number_mean,0.0013490057102895736,0.017184089323121716,-1.8503717077085942e-20,-0.0016684982720696245,-0.026349035459629855,low,raw_composition_structure_to_endpoint_linear_surrogate
expt_gap,stage2_correction,atomic_number_std,0.0015945146153316942,0.020311464486685707,4.625929269271486e-20,0.0019261125227412283,-0.026349035459629855,low,raw_composition_structure_to_endpoint_linear_surrogate
expt_gap,stage2_correction,atomic_number_min,0.0009203079095159972,0.011723192275074647,0.0,-0.0011515871951040208,-0.026349035459629855,low,raw_composition_structure_to_endpoint_linear_surrogate
expt_gap,stage2_correction,atomic_number_max,0.0016912387136523153,0.021543568645001815,7.401486830834377e-20,-0.002036297181581415,-0.026349035459629855,low,raw_composition_structure_to_endpoint_linear_surrogate
expt_gap,stage2_correction,atomic_number_range,0.0009198616288399828,0.011717507401436737,2.7755575615628914e-20,-0.001087832191873488,-0.026349035459629855,low,raw_composition_structure_to_endpoint_linear_surrogate
expt_gap,stage2_correction,atomic_mass_mean,0.0012678109029781066,0.01614980250671202,2.7755575615628914e-20,-0.0015753116152175742,-0.026349035459629855,low,raw_composition_structure_to_endpoint_linear_surrogate
expt_gap,stage2_correction,atomic_mass_std,0.001690482850916247,0.02153394021076055,1.8503717077085942e-20,0.0020407352180269087,-0.026349035459629855,low,raw_composition_structure_to_endpoint_linear_surrogate
expt_gap,stage2_correction,atomic_mass_min,0.0010912717665142282,0.013900987496602936,9.251858538542971e-21,-0.0013785906171135164,-0.026349035459629855,low,raw_composition_structure_to_endpoint_linear_surrogate
expt_gap,stage2_correction,atomic_mass_max,0.0016545520051956615,0.021076240990061692,-1.8503717077085942e-20,-0.0019985157576292416,-0.026349035459629855,low,raw_composition_structure_to_endpoint_linear_surrogate
expt_gap,stage2_correction,atomic_mass_range,0.0008587057178244188,0.010938482798714521,2.7755575615628914e-20,-0.001014815702829675,-0.026349035459629855,low,raw_composition_structure_to_endpoint_linear_surrogate
expt_gap,stage2_correction,electronegativity_mean,0.0024177050643772995,0.030797541823826012,4.625929269271486e-20,0.002996584409068769,-0.026349035459629855,low,raw_composition_structure_to_endpoint_linear_surrogate
expt_gap,stage2_correction,electronegativity_std,0.001749098866767457,0.02228061077299004,8.326672684688674e-20,-0.002113945848342267,-0.026349035459629855,low,raw_composition_structure_to_endpoint_linear_surrogate
expt_gap,stage2_correction,electronegativity_min,0.0012375526157141544,0.01576436224716203,-1.3877787807814457e-20,0.0014610621311953761,-0.026349035459629855,low,raw_composition_structure_to_endpoint_linear_surrogate
expt_gap,stage2_correction,electronegativity_max,0.0006034290700547296,0.007686682836770859,-1.3877787807814457e-20,-0.0007430668180165379,-0.026349035459629855,low,raw_composition_structure_to_endpoint_linear_surrogate
expt_gap,stage2_correction,electronegativity_range,0.001179766038320021,0.015028257351501421,-1.8503717077085942e-20,-0.0014031053322512738,-0.026349035459629855,low,raw_composition_structure_to_endpoint_linear_surrogate
expt_gap,stage2_correction,atomic_radius_mean,0.0033102364762048067,0.042166907711271774,9.251858538542972e-20,-0.004120326062403426,-0.026349035459629855,low,raw_composition_structure_to_endpoint_linear_surrogate
expt_gap,stage2_correction,atomic_radius_std,0.0017040483493147563,0.02170674210063736,7.401486830834377e-20,0.002041523360915454,-0.026349035459629855,low,raw_composition_structure_to_endpoint_linear_surrogate
expt_gap,stage2_correction,atomic_radius_min,0.001713725253324775,0.02183000976482222,9.71445146547012e-20,-0.0020607143976404487,-0.026349035459629855,low,raw_composition_structure_to_endpoint_linear_surrogate
expt_gap,stage2_correction,atomic_radius_max,0.0021743239770461963,0.027697271519293045,-7.401486830834377e-20,0.0027803878630356864,-0.026349035459629855,low,raw_composition_structure_to_endpoint_linear_surrogate
expt_gap,stage2_correction,atomic_radius_range,0.002838492449619475,0.03615767333319688,-1.4802973661668753e-19,0.003474722215642326,-0.026349035459629855,low,raw_composition_structure_to_endpoint_linear_surrogate
expt_gap,stage2_correction,period_mean,0.0021235506349594965,0.027050503578285607,9.251858538542972e-20,-0.0025990126855512962,-0.026349035459629855,low,raw_composition_structure_to_endpoint_linear_surrogate
expt_gap,stage2_correction,period_std,0.0011564995374940198,0.014731880823677336,-9.251858538542971e-21,0.0014187523665858057,-0.026349035459629855,low,raw_composition_structure_to_endpoint_linear_surrogate
expt_gap,stage2_correction,period_min,0.0010212901435847242,0.01300953800144885,-4.625929269271486e-20,-0.0012396191647901793,-0.026349035459629855,low,raw_composition_structure_to_endpoint_linear_surrogate
expt_gap,stage2_correction,period_max,0.0005014046851187078,0.006387061841466978,3.7007434154171883e-20,-0.0005787927965869541,-0.026349035459629855,low,raw_composition_structure_to_endpoint_linear_surrogate
expt_gap,stage2_correction,period_range,0.0006126199716281965,0.00780375963814672,2.0816681711721686e-20,0.0007256046803776456,-0.026349035459629855,low,raw_composition_structure_to_endpoint_linear_surrogate
expt_gap,stage2_correction,group_mean,0.003311833760044663,0.04218725445107362,0.0,0.0041231115445758155,-0.026349035459629855,low,raw_composition_structure_to_endpoint_linear_surrogate
expt_gap,stage2_correction,group_std,0.002688941989863563,0.03425264918158831,3.7007434154171883e-20,-0.003213966363673121,-0.026349035459629855,low,raw_composition_structure_to_endpoint_linear_surrogate
expt_gap,stage2_correction,group_min,0.0030696447035206457,0.039102168636649656,1.8503717077085944e-19,0.003716082468426008,-0.026349035459629855,low,raw_composition_structure_to_endpoint_linear_surrogate
expt_gap,stage2_correction,group_max,0.00031070871026600566,0.0039579122534158,-4.6259292692714854e-21,0.0004324014532960459,-0.026349035459629855,low,raw_composition_structure_to_endpoint_linear_surrogate
expt_gap,stage2_correction,group_range,0.00281469998812887,0.035854596941189816,-9.251858538542972e-20,-0.0033679977575070724,-0.026349035459629855,low,raw_composition_structure_to_endpoint_linear_surrogate
expt_gap,stage2_correction,n_sites,0.0,0.0,0.0,0.0,-0.026349035459629855,low,raw_composition_structure_to_endpoint_linear_surrogate
expt_gap,stage2_correction,volume,0.0,0.0,0.0,0.0,-0.026349035459629855,low,raw_composition_structure_to_endpoint_linear_surrogate
expt_gap,stage2_correction,volume_per_atom,0.0,0.0,0.0,0.0,-0.026349035459629855,low,raw_composition_structure_to_endpoint_linear_surrogate
expt_gap,stage2_correction,density,0.0,0.0,0.0,0.0,-0.026349035459629855,low,raw_composition_structure_to_endpoint_linear_surrogate
expt_gap,stage2_correction,lattice_a,0.0,0.0,0.0,0.0,-0.026349035459629855,low,raw_composition_structure_to_endpoint_linear_surrogate
expt_gap,stage2_correction,lattice_b,0.0,0.0,0.0,0.0,-0.026349035459629855,low,raw_composition_structure_to_endpoint_linear_surrogate
expt_gap,stage2_correction,lattice_c,0.0,0.0,0.0,0.0,-0.026349035459629855,low,raw_composition_structure_to_endpoint_linear_surrogate
expt_gap,stage2_correction,lattice_length_anisotropy,0.0,0.0,0.0,0.0,-0.026349035459629855,low,raw_composition_structure_to_endpoint_linear_surrogate
expt_gap,stage2_correction,lattice_alpha,0.0,0.0,0.0,0.0,-0.026349035459629855,low,raw_composition_structure_to_endpoint_linear_surrogate
expt_gap,stage2_correction,lattice_beta,0.0,0.0,0.0,0.0,-0.026349035459629855,low,raw_composition_structure_to_endpoint_linear_surrogate
expt_gap,stage2_correction,lattice_gamma,0.0,0.0,0.0,0.0,-0.026349035459629855,low,raw_composition_structure_to_endpoint_linear_surrogate
expt_gap,stage2_correction,spacegroup_number,0.0,0.0,0.0,0.0,-0.026349035459629855,low,raw_composition_structure_to_endpoint_linear_surrogate
expt_gap,stage2_correction,crystal_system,0.0,0.0,0.0,0.0,-0.026349035459629855,low,raw_composition_structure_to_endpoint_linear_surrogate
expt_gap,benefit_gate_probability,n_elements,0.00027990468259720633,0.0006913688409723919,9.251858538542971e-21,-0.00037771386555740527,0.17682703131429867,low,raw_composition_structure_to_endpoint_linear_surrogate
expt_gap,benefit_gate_probability,composition_entropy,0.012026823307286705,0.02970643725351363,3.7007434154171887e-19,-0.01483793691030666,0.17682703131429867,low,raw_composition_structure_to_endpoint_linear_surrogate
expt_gap,benefit_gate_probability,max_atomic_fraction,0.006566215044134038,0.016218651444181813,2.9605947323337507e-19,0.008440558689765454,0.17682703131429867,low,raw_composition_structure_to_endpoint_linear_surrogate
expt_gap,benefit_gate_probability,min_atomic_fraction,0.007516978379794363,0.018567051404179784,1.4802973661668753e-19,0.00931661853800353,0.17682703131429867,low,raw_composition_structure_to_endpoint_linear_surrogate
expt_gap,benefit_gate_probability,metal_fraction,0.03645921990625762,0.0900548300066148,0.0,-0.045461680708492436,0.17682703131429867,low,raw_composition_structure_to_endpoint_linear_surrogate
expt_gap,benefit_gate_probability,transition_metal_fraction,2.2992429773676658e-05,5.679165270214955e-05,0.0,-2.850217014738199e-05,0.17682703131429867,low,raw_composition_structure_to_endpoint_linear_surrogate
expt_gap,benefit_gate_probability,alkali_fraction,0.006016056776807904,0.014859752121371968,-7.401486830834377e-19,0.009285618668240903,0.17682703131429867,low,raw_composition_structure_to_endpoint_linear_surrogate
expt_gap,benefit_gate_probability,alkaline_fraction,0.007378874246797183,0.018225932086425613,1.4062824978585316e-18,0.012385166465935599,0.17682703131429867,low,raw_composition_structure_to_endpoint_linear_surrogate
expt_gap,benefit_gate_probability,halogen_fraction,0.003674432146469165,0.009075903521027554,-5.551115123125783e-19,0.007894922933996018,0.17682703131429867,low,raw_composition_structure_to_endpoint_linear_surrogate
expt_gap,benefit_gate_probability,chalcogen_fraction,0.012478497959060381,0.030822080541778117,-2.220446049250313e-19,0.012962894490882212,0.17682703131429867,low,raw_composition_structure_to_endpoint_linear_surrogate
expt_gap,benefit_gate_probability,rare_earth_fraction,0.0035425339034790317,0.008750112846372747,9.251858538542972e-20,0.0046612902789267135,0.17682703131429867,low,raw_composition_structure_to_endpoint_linear_surrogate
expt_gap,benefit_gate_probability,atomic_number_mean,0.002309187626508377,0.005703728705476182,-3.7007434154171883e-20,-0.00285608543783461,0.17682703131429867,low,raw_composition_structure_to_endpoint_linear_surrogate
expt_gap,benefit_gate_probability,atomic_number_std,0.0062307960934358635,0.015390161513135955,2.0354088784794536e-19,0.007526562796489278,0.17682703131429867,low,raw_composition_structure_to_endpoint_linear_surrogate
expt_gap,benefit_gate_probability,atomic_number_min,0.0133101227586359,0.03287620649805521,0.0,0.01665504205235918,0.17682703131429867,low,raw_composition_structure_to_endpoint_linear_surrogate
expt_gap,benefit_gate_probability,atomic_number_max,0.015314159964237151,0.03782620900335777,-4.440892098500626e-19,0.01843866304722841,0.17682703131429867,low,raw_composition_structure_to_endpoint_linear_surrogate
expt_gap,benefit_gate_probability,atomic_number_range,0.004391588882045225,0.010847291610966259,-9.251858538542972e-20,0.005193511295157577,0.17682703131429867,low,raw_composition_structure_to_endpoint_linear_surrogate
expt_gap,benefit_gate_probability,atomic_mass_mean,0.023671435440607912,0.058468807069857985,5.921189464667501e-19,-0.029412814727234227,0.17682703131429867,low,raw_composition_structure_to_endpoint_linear_surrogate
expt_gap,benefit_gate_probability,atomic_mass_std,0.005917504475433794,0.0146163264317981,-1.4802973661668753e-19,-0.00714355651659189,0.17682703131429867,low,raw_composition_structure_to_endpoint_linear_surrogate
expt_gap,benefit_gate_probability,atomic_mass_min,0.00940434900603525,0.0232288856766248,-7.401486830834377e-20,-0.011880402020473219,0.17682703131429867,low,raw_composition_structure_to_endpoint_linear_surrogate
expt_gap,benefit_gate_probability,atomic_mass_max,0.004127320521063182,0.010194544723195354,-1.4802973661668753e-19,-0.004985346530196166,0.17682703131429867,low,raw_composition_structure_to_endpoint_linear_surrogate
expt_gap,benefit_gate_probability,atomic_mass_range,0.0028016410172358045,0.006920096101766193,-5.551115123125783e-20,0.003310970497769461,0.17682703131429867,low,raw_composition_structure_to_endpoint_linear_surrogate
expt_gap,benefit_gate_probability,electronegativity_mean,0.03883753707722593,0.09592930974271591,-1.1102230246251566e-18,-0.048136540642197856,0.17682703131429867,low,raw_composition_structure_to_endpoint_linear_surrogate
expt_gap,benefit_gate_probability,electronegativity_std,0.018120642544100694,0.0447582638387592,-7.401486830834377e-19,0.0219004527435262,0.17682703131429867,low,raw_composition_structure_to_endpoint_linear_surrogate
expt_gap,benefit_gate_probability,electronegativity_min,0.020180344519299936,0.04984575917513146,1.4802973661668753e-19,0.02382503725274787,0.17682703131429867,low,raw_composition_structure_to_endpoint_linear_surrogate
expt_gap,benefit_gate_probability,electronegativity_max,0.010527863642654484,0.026003983988405276,-1.4802973661668753e-19,0.012964085632715283,0.17682703131429867,low,raw_composition_structure_to_endpoint_linear_surrogate
expt_gap,benefit_gate_probability,electronegativity_range,0.001964046678130818,0.004851225291679107,2.7755575615628914e-20,-0.002335856667649072,0.17682703131429867,low,raw_composition_structure_to_endpoint_linear_surrogate
expt_gap,benefit_gate_probability,atomic_radius_mean,0.009273062123149333,0.02290460507076465,2.220446049250313e-19,-0.0115423897413226,0.17682703131429867,low,raw_composition_structure_to_endpoint_linear_surrogate
expt_gap,benefit_gate_probability,atomic_radius_std,0.011816042366434304,0.029185805110371166,-5.921189464667501e-19,-0.01415612798448046,0.17682703131429867,low,raw_composition_structure_to_endpoint_linear_surrogate
expt_gap,benefit_gate_probability,atomic_radius_min,0.003618589992122391,0.00893797254691917,3.7007434154171883e-20,-0.004351269540702196,0.17682703131429867,low,raw_composition_structure_to_endpoint_linear_surrogate
expt_gap,benefit_gate_probability,atomic_radius_max,0.006871809236194335,0.016973473765881448,0.0,0.008787234652752635,0.17682703131429867,low,raw_composition_structure_to_endpoint_linear_surrogate
expt_gap,benefit_gate_probability,atomic_radius_range,0.007692185565609802,0.018999815829066416,-7.401486830834377e-19,0.009416339323097642,0.17682703131429867,low,raw_composition_structure_to_endpoint_linear_surrogate
expt_gap,benefit_gate_probability,period_mean,0.022846391661059798,0.05643093633355986,-8.881784197001253e-19,0.027961688677746233,0.17682703131429867,low,raw_composition_structure_to_endpoint_linear_surrogate
expt_gap,benefit_gate_probability,period_std,0.0004677875273508326,0.0011554423370304634,0.0,-0.0005738650470422241,0.17682703131429867,low,raw_composition_structure_to_endpoint_linear_surrogate
expt_gap,benefit_gate_probability,period_min,0.002805797742637136,0.006930363276992749,-2.0354088784794536e-19,-0.0034056146298346024,0.17682703131429867,low,raw_composition_structure_to_endpoint_linear_surrogate
expt_gap,benefit_gate_probability,period_max,0.0071611814221304035,0.017688227484697096,-1.4802973661668753e-19,-0.008266456906361186,0.17682703131429867,low,raw_composition_structure_to_endpoint_linear_surrogate
expt_gap,benefit_gate_probability,period_range,0.002280206928044222,0.005632145937650299,-5.551115123125783e-20,-0.0027007425416136557,0.17682703131429867,low,raw_composition_structure_to_endpoint_linear_surrogate
expt_gap,benefit_gate_probability,group_mean,0.027933318434579527,0.06899572315629687,0.0,0.03477595678424816,0.17682703131429867,low,raw_composition_structure_to_endpoint_linear_surrogate
expt_gap,benefit_gate_probability,group_std,0.016230300018348517,0.040089088929131766,-4.440892098500626e-19,0.019399317102390207,0.17682703131429867,low,raw_composition_structure_to_endpoint_linear_surrogate
expt_gap,benefit_gate_probability,group_min,0.0013455204260522415,0.003323456002353073,0.0,0.001628874136614944,0.17682703131429867,low,raw_composition_structure_to_endpoint_linear_surrogate
expt_gap,benefit_gate_probability,group_max,0.006531464733411345,0.01613281764595861,2.9605947323337507e-19,-0.009089590183876894,0.17682703131429867,low,raw_composition_structure_to_endpoint_linear_surrogate
expt_gap,benefit_gate_probability,group_range,0.0049110690190187324,0.012130415483260984,-3.7007434154171883e-20,-0.005876459129846079,0.17682703131429867,low,raw_composition_structure_to_endpoint_linear_surrogate
expt_gap,benefit_gate_probability,n_sites,0.0,0.0,0.0,0.0,0.17682703131429867,low,raw_composition_structure_to_endpoint_linear_surrogate
expt_gap,benefit_gate_probability,volume,0.0,0.0,0.0,0.0,0.17682703131429867,low,raw_composition_structure_to_endpoint_linear_surrogate
expt_gap,benefit_gate_probability,volume_per_atom,0.0,0.0,0.0,0.0,0.17682703131429867,low,raw_composition_structure_to_endpoint_linear_surrogate
expt_gap,benefit_gate_probability,density,0.0,0.0,0.0,0.0,0.17682703131429867,low,raw_composition_structure_to_endpoint_linear_surrogate
expt_gap,benefit_gate_probability,lattice_a,0.0,0.0,0.0,0.0,0.17682703131429867,low,raw_composition_structure_to_endpoint_linear_surrogate
expt_gap,benefit_gate_probability,lattice_b,0.0,0.0,0.0,0.0,0.17682703131429867,low,raw_composition_structure_to_endpoint_linear_surrogate
expt_gap,benefit_gate_probability,lattice_c,0.0,0.0,0.0,0.0,0.17682703131429867,low,raw_composition_structure_to_endpoint_linear_surrogate
expt_gap,benefit_gate_probability,lattice_length_anisotropy,0.0,0.0,0.0,0.0,0.17682703131429867,low,raw_composition_structure_to_endpoint_linear_surrogate
expt_gap,benefit_gate_probability,lattice_alpha,0.0,0.0,0.0,0.0,0.17682703131429867,low,raw_composition_structure_to_endpoint_linear_surrogate
expt_gap,benefit_gate_probability,lattice_beta,0.0,0.0,0.0,0.0,0.17682703131429867,low,raw_composition_structure_to_endpoint_linear_surrogate
expt_gap,benefit_gate_probability,lattice_gamma,0.0,0.0,0.0,0.0,0.17682703131429867,low,raw_composition_structure_to_endpoint_linear_surrogate
expt_gap,benefit_gate_probability,spacegroup_number,0.0,0.0,0.0,0.0,0.17682703131429867,low,raw_composition_structure_to_endpoint_linear_surrogate
expt_gap,benefit_gate_probability,crystal_system,0.0,0.0,0.0,0.0,0.17682703131429867,low,raw_composition_structure_to_endpoint_linear_surrogate
expt_gap,realized_local_gain,n_elements,0.0050071678831235655,0.03998775138304429,-2.9605947323337507e-19,-0.00675685993917834,0.01552056128342838,low,raw_composition_structure_to_endpoint_linear_surrogate
expt_gap,realized_local_gain,composition_entropy,0.004079863166072183,0.032582201709594326,7.401486830834377e-20,-0.005033478144156785,0.01552056128342838,low,raw_composition_structure_to_endpoint_linear_surrogate
expt_gap,realized_local_gain,max_atomic_fraction,0.009191753823865285,0.07340627980973197,3.3306690738754697e-19,0.01181556453615095,0.01552056128342838,low,raw_composition_structure_to_endpoint_linear_surrogate
expt_gap,realized_local_gain,min_atomic_fraction,0.000961293493856904,0.007676987497872415,0.0,0.0011914368158092823,0.01552056128342838,low,raw_composition_structure_to_endpoint_linear_surrogate
expt_gap,realized_local_gain,metal_fraction,0.006327706790010133,0.05053370924441245,7.401486830834377e-20,-0.007890135511512325,0.01552056128342838,low,raw_composition_structure_to_endpoint_linear_surrogate
expt_gap,realized_local_gain,transition_metal_fraction,0.007354438864788147,0.058733295897298664,0.0,-0.009116803657815031,0.01552056128342838,low,raw_composition_structure_to_endpoint_linear_surrogate
expt_gap,realized_local_gain,alkali_fraction,0.0015385584935409902,0.012287084428574974,-2.7755575615628914e-19,0.0023747228458480675,0.01552056128342838,low,raw_composition_structure_to_endpoint_linear_surrogate
expt_gap,realized_local_gain,alkaline_fraction,0.0021279560771940236,0.01699407340737909,-9.251858538542972e-20,0.0035716952704115757,0.01552056128342838,low,raw_composition_structure_to_endpoint_linear_surrogate
expt_gap,realized_local_gain,halogen_fraction,0.010087572688302996,0.0805603802656228,-9.62193288008469e-19,0.021674263067223445,0.01552056128342838,low,raw_composition_structure_to_endpoint_linear_surrogate
expt_gap,realized_local_gain,chalcogen_fraction,0.0007967144059781844,0.00636264218280441,4.625929269271486e-20,-0.0008276416615160282,0.01552056128342838,low,raw_composition_structure_to_endpoint_linear_surrogate
expt_gap,realized_local_gain,rare_earth_fraction,0.005236295704791177,0.04181758944353036,2.220446049250313e-19,0.00688995361268341,0.01552056128342838,low,raw_composition_structure_to_endpoint_linear_surrogate
expt_gap,realized_local_gain,atomic_number_mean,0.0019408599915297336,0.01549990506053763,0.0,-0.0024005247105301714,0.01552056128342838,low,raw_composition_structure_to_endpoint_linear_surrogate
expt_gap,realized_local_gain,atomic_number_std,0.0011245665230949571,0.008980902495956107,3.7007434154171883e-20,0.001358433244801695,0.01552056128342838,low,raw_composition_structure_to_endpoint_linear_surrogate
expt_gap,realized_local_gain,atomic_number_min,0.0007035725779918529,0.005618802082408921,9.251858538542971e-21,0.0008803848834330365,0.01552056128342838,low,raw_composition_structure_to_endpoint_linear_surrogate
expt_gap,realized_local_gain,atomic_number_max,0.0020074125972701184,0.016031400930929758,-5.551115123125783e-20,0.002416979094136629,0.01552056128342838,low,raw_composition_structure_to_endpoint_linear_surrogate
expt_gap,realized_local_gain,atomic_number_range,0.0013994472843312546,0.011176128179789599,-3.23815048849004e-20,0.0016549921846890038,0.01552056128342838,low,raw_composition_structure_to_endpoint_linear_surrogate
expt_gap,realized_local_gain,atomic_mass_mean,0.0023206121630843474,0.01853264448085523,5.551115123125783e-20,-0.0028834641556833816,0.01552056128342838,low,raw_composition_structure_to_endpoint_linear_surrogate
expt_gap,realized_local_gain,atomic_mass_std,0.0007758411708056637,0.006195946406245408,9.251858538542971e-21,0.0009365882652995869,0.01552056128342838,low,raw_composition_structure_to_endpoint_linear_surrogate
expt_gap,realized_local_gain,atomic_mass_min,0.0002433903253993193,0.0019437398641874242,1.1564823173178715e-20,0.00030747209740749053,0.01552056128342838,low,raw_composition_structure_to_endpoint_linear_surrogate
expt_gap,realized_local_gain,atomic_mass_max,0.0018518606917427853,0.014789147611173776,5.551115123125783e-20,0.002236842820147246,0.01552056128342838,low,raw_composition_structure_to_endpoint_linear_surrogate
expt_gap,realized_local_gain,atomic_mass_range,0.0016846826867038065,0.013454047079645015,-4.625929269271486e-20,0.001990952673616507,0.01552056128342838,low,raw_composition_structure_to_endpoint_linear_surrogate
expt_gap,realized_local_gain,electronegativity_mean,0.005731253172205039,0.04577037006006124,7.401486830834377e-20,0.007103506607692407,0.01552056128342838,low,raw_composition_structure_to_endpoint_linear_surrogate
expt_gap,realized_local_gain,electronegativity_std,0.007692435563416464,0.061432571868969804,-2.9605947323337507e-19,0.009297011467955285,0.01552056128342838,low,raw_composition_structure_to_endpoint_linear_surrogate
expt_gap,realized_local_gain,electronegativity_min,0.0027561189311211673,0.02201064577268045,7.401486830834377e-20,-0.0032538907422599034,0.01552056128342838,low,raw_composition_structure_to_endpoint_linear_surrogate
expt_gap,realized_local_gain,electronegativity_max,0.004609732366050563,0.03681379096900026,-1.295260195396016e-19,0.005676456987460626,0.01552056128342838,low,raw_composition_structure_to_endpoint_linear_surrogate
expt_gap,realized_local_gain,electronegativity_range,0.005397206716535082,0.04310264112995304,-1.1102230246251566e-19,0.006418941787828076,0.01552056128342838,low,raw_composition_structure_to_endpoint_linear_surrogate
expt_gap,realized_local_gain,atomic_radius_mean,0.0009601140013956489,0.007667567951254492,2.312964634635743e-20,-0.001195075569756416,0.01552056128342838,low,raw_composition_structure_to_endpoint_linear_surrogate
expt_gap,realized_local_gain,atomic_radius_std,0.0027555541363963147,0.022006135264631382,7.401486830834377e-20,0.003301272610006906,0.01552056128342838,low,raw_composition_structure_to_endpoint_linear_surrogate
expt_gap,realized_local_gain,atomic_radius_min,0.00203914252229718,0.016284799335577072,5.551115123125783e-20,-0.0024520210263496095,0.01552056128342838,low,raw_composition_structure_to_endpoint_linear_surrogate
expt_gap,realized_local_gain,atomic_radius_max,0.0018814093000348064,0.015025125798779342,-7.401486830834377e-20,-0.0024058271161253456,0.01552056128342838,low,raw_composition_structure_to_endpoint_linear_surrogate
expt_gap,realized_local_gain,atomic_radius_range,4.9300026079313356e-05,0.0003937150165628934,-1.1564823173178714e-21,6.035030879595997e-05,0.01552056128342838,low,raw_composition_structure_to_endpoint_linear_surrogate
expt_gap,realized_local_gain,period_mean,0.0008207630519185202,0.006554697112338969,3.23815048849004e-20,-0.0010045315372518623,0.01552056128342838,low,raw_composition_structure_to_endpoint_linear_surrogate
expt_gap,realized_local_gain,period_std,0.003559129930428378,0.028423573189469097,-7.401486830834377e-20,0.0043662136024051335,0.01552056128342838,low,raw_composition_structure_to_endpoint_linear_surrogate
expt_gap,realized_local_gain,period_min,0.0003412039478727958,0.0027248893899557438,-1.734723475976807e-20,-0.0004141457308112157,0.01552056128342838,low,raw_composition_structure_to_endpoint_linear_surrogate
expt_gap,realized_local_gain,period_max,5.778393227826095e-07,4.6146835333117305e-06,0.0,-6.6702455628646e-07,0.01552056128342838,low,raw_composition_structure_to_endpoint_linear_surrogate
expt_gap,realized_local_gain,period_range,0.0003190645538476464,0.0025480819401730408,1.61907524424502e-20,0.00037790921670272527,0.01552056128342838,low,raw_composition_structure_to_endpoint_linear_surrogate
expt_gap,realized_local_gain,group_mean,0.002394923714288985,0.019126104077941023,-3.7007434154171883e-20,0.002981592172256297,0.01552056128342838,low,raw_composition_structure_to_endpoint_linear_surrogate
expt_gap,realized_local_gain,group_std,0.006711500748266902,0.0535987267839307,-2.220446049250313e-19,0.008021942360977188,0.01552056128342838,low,raw_composition_structure_to_endpoint_linear_surrogate
expt_gap,realized_local_gain,group_min,0.003101176478729451,0.02476631040160348,-3.7007434154171883e-20,-0.003754254533394113,0.01552056128342838,low,raw_composition_structure_to_endpoint_linear_surrogate
expt_gap,realized_local_gain,group_max,0.0027834982737038913,0.0222292999839601,-2.220446049250313e-19,0.0038736883100772236,0.01552056128342838,low,raw_composition_structure_to_endpoint_linear_surrogate
expt_gap,realized_local_gain,group_range,0.004551867942980624,0.03635167980802984,2.0354088784794536e-19,0.0054466483423046665,0.01552056128342838,low,raw_composition_structure_to_endpoint_linear_surrogate
expt_gap,realized_local_gain,n_sites,0.0,0.0,0.0,0.0,0.01552056128342838,low,raw_composition_structure_to_endpoint_linear_surrogate
expt_gap,realized_local_gain,volume,0.0,0.0,0.0,0.0,0.01552056128342838,low,raw_composition_structure_to_endpoint_linear_surrogate
expt_gap,realized_local_gain,volume_per_atom,0.0,0.0,0.0,0.0,0.01552056128342838,low,raw_composition_structure_to_endpoint_linear_surrogate
expt_gap,realized_local_gain,density,0.0,0.0,0.0,0.0,0.01552056128342838,low,raw_composition_structure_to_endpoint_linear_surrogate
expt_gap,realized_local_gain,lattice_a,0.0,0.0,0.0,0.0,0.01552056128342838,low,raw_composition_structure_to_endpoint_linear_surrogate
expt_gap,realized_local_gain,lattice_b,0.0,0.0,0.0,0.0,0.01552056128342838,low,raw_composition_structure_to_endpoint_linear_surrogate
expt_gap,realized_local_gain,lattice_c,0.0,0.0,0.0,0.0,0.01552056128342838,low,raw_composition_structure_to_endpoint_linear_surrogate
expt_gap,realized_local_gain,lattice_length_anisotropy,0.0,0.0,0.0,0.0,0.01552056128342838,low,raw_composition_structure_to_endpoint_linear_surrogate
expt_gap,realized_local_gain,lattice_alpha,0.0,0.0,0.0,0.0,0.01552056128342838,low,raw_composition_structure_to_endpoint_linear_surrogate
expt_gap,realized_local_gain,lattice_beta,0.0,0.0,0.0,0.0,0.01552056128342838,low,raw_composition_structure_to_endpoint_linear_surrogate
expt_gap,realized_local_gain,lattice_gamma,0.0,0.0,0.0,0.0,0.01552056128342838,low,raw_composition_structure_to_endpoint_linear_surrogate
expt_gap,realized_local_gain,spacegroup_number,0.0,0.0,0.0,0.0,0.01552056128342838,low,raw_composition_structure_to_endpoint_linear_surrogate
expt_gap,realized_local_gain,crystal_system,0.0,0.0,0.0,0.0,0.01552056128342838,low,raw_composition_structure_to_endpoint_linear_surrogate
glass,stage1_anchor_prediction,n_elements,0.012844910623317935,0.00361091027146475,-1.4802973661668755e-18,-0.020876894334142193,0.327014473265952,low,raw_composition_structure_to_endpoint_linear_surrogate
glass,stage1_anchor_prediction,composition_entropy,0.06260008607454491,0.017597887632694407,5.921189464667501e-19,0.07365117255557507,0.327014473265952,low,raw_composition_structure_to_endpoint_linear_surrogate
glass,stage1_anchor_prediction,max_atomic_fraction,0.02930729957963415,0.00823875168807207,2.9605947323337507e-19,0.03447280829928445,0.327014473265952,low,raw_composition_structure_to_endpoint_linear_surrogate
glass,stage1_anchor_prediction,min_atomic_fraction,0.011018030055012019,0.0030973448600511507,1.4802973661668753e-19,-0.01475716934431226,0.327014473265952,low,raw_composition_structure_to_endpoint_linear_surrogate
glass,stage1_anchor_prediction,metal_fraction,0.10827129690376906,0.03043679707548187,3.552713678800501e-18,-0.13177948384219107,0.327014473265952,low,raw_composition_structure_to_endpoint_linear_surrogate
glass,stage1_anchor_prediction,transition_metal_fraction,0.0026818193515059092,0.0007539024074629352,-1.1102230246251566e-19,0.0030459302955847534,0.327014473265952,low,raw_composition_structure_to_endpoint_linear_surrogate
glass,stage1_anchor_prediction,alkali_fraction,0.0,0.0,0.0,0.0,0.327014473265952,low,raw_composition_structure_to_endpoint_linear_surrogate
glass,stage1_anchor_prediction,alkaline_fraction,0.05657620142170584,0.015904477097975028,-4.736951571734001e-18,-0.09542615057576498,0.327014473265952,low,raw_composition_structure_to_endpoint_linear_surrogate
glass,stage1_anchor_prediction,halogen_fraction,0.004796381079311005,0.001348339604146626,2.9605947323337507e-19,-0.04620197311785068,0.327014473265952,low,raw_composition_structure_to_endpoint_linear_surrogate
glass,stage1_anchor_prediction,chalcogen_fraction,0.0021493584422550673,0.0006042191108834308,0.0,-0.034786251815600244,0.327014473265952,low,raw_composition_structure_to_endpoint_linear_surrogate
glass,stage1_anchor_prediction,rare_earth_fraction,0.04598531534169936,0.012927209256127635,2.960594732333751e-18,-0.08470766281628883,0.327014473265952,low,raw_composition_structure_to_endpoint_linear_surrogate
glass,stage1_anchor_prediction,atomic_number_mean,0.22527360144914463,0.0633280203511805,1.0658141036401503e-17,-0.29793726401882736,0.327014473265952,low,raw_composition_structure_to_endpoint_linear_surrogate
glass,stage1_anchor_prediction,atomic_number_std,0.4239951880256012,0.11919184371076619,-4.736951571734001e-18,0.544502989985828,0.327014473265952,low,raw_composition_structure_to_endpoint_linear_surrogate
glass,stage1_anchor_prediction,atomic_number_min,0.13763988507340533,0.03869277796861828,-7.105427357601002e-18,-0.1904776177666747,0.327014473265952,low,raw_composition_structure_to_endpoint_linear_surrogate
glass,stage1_anchor_prediction,atomic_number_max,0.03238615077956122,0.009104266112278823,2.9605947323337507e-19,0.03933185777229298,0.327014473265952,low,raw_composition_structure_to_endpoint_linear_surrogate
glass,stage1_anchor_prediction,atomic_number_range,0.10537252383610418,0.02962190550078497,8.289665250534503e-18,0.1286419809916195,0.327014473265952,low,raw_composition_structure_to_endpoint_linear_surrogate
glass,stage1_anchor_prediction,atomic_mass_mean,0.2702189753165231,0.0759628853893164,-2.3684757858670005e-18,0.36251766989541245,0.327014473265952,low,raw_composition_structure_to_endpoint_linear_surrogate
glass,stage1_anchor_prediction,atomic_mass_std,0.569502772284138,0.16009635803423405,-9.473903143468002e-18,-0.7317783193551062,0.327014473265952,low,raw_composition_structure_to_endpoint_linear_surrogate
glass,stage1_anchor_prediction,atomic_mass_min,0.10022043156053201,0.02817356977755887,5.921189464667502e-18,0.14158015393925893,0.327014473265952,low,raw_composition_structure_to_endpoint_linear_surrogate
glass,stage1_anchor_prediction,atomic_mass_max,0.04311805384042754,0.01212117608785297,1.1842378929335003e-18,-0.05266932193212526,0.327014473265952,low,raw_composition_structure_to_endpoint_linear_surrogate
glass,stage1_anchor_prediction,atomic_mass_range,0.08938000935012781,0.025126153329560887,0.0,-0.10815192025924958,0.327014473265952,low,raw_composition_structure_to_endpoint_linear_surrogate
glass,stage1_anchor_prediction,electronegativity_mean,0.08275267965120812,0.023263104719571336,0.0,0.09837129329006622,0.327014473265952,low,raw_composition_structure_to_endpoint_linear_surrogate
glass,stage1_anchor_prediction,electronegativity_std,0.043430030557741264,0.012208877743866127,1.4802973661668755e-18,0.05730707012811109,0.327014473265952,low,raw_composition_structure_to_endpoint_linear_surrogate
glass,stage1_anchor_prediction,electronegativity_min,0.1316436019651248,0.03700712667050844,9.473903143468002e-18,-0.15115223682463785,0.327014473265952,low,raw_composition_structure_to_endpoint_linear_surrogate
glass,stage1_anchor_prediction,electronegativity_max,0.05135342655844045,0.014436271366354178,-3.552713678800501e-18,-0.07589900857703924,0.327014473265952,low,raw_composition_structure_to_endpoint_linear_surrogate
glass,stage1_anchor_prediction,electronegativity_range,0.06898055968348131,0.019391541038853103,-3.2566542055671258e-18,0.08593072983344285,0.327014473265952,low,raw_composition_structure_to_endpoint_linear_surrogate
glass,stage1_anchor_prediction,atomic_radius_mean,0.05722415028641157,0.0160866259100269,-1.1842378929335003e-18,0.07498578171478698,0.327014473265952,low,raw_composition_structure_to_endpoint_linear_surrogate
glass,stage1_anchor_prediction,atomic_radius_std,0.05642739893331914,0.015862646333286042,-2.3684757858670005e-18,-0.06820301239430293,0.327014473265952,low,raw_composition_structure_to_endpoint_linear_surrogate
glass,stage1_anchor_prediction,atomic_radius_min,0.02896005836554437,0.008141136616749076,-2.960594732333751e-18,0.032776556939595025,0.327014473265952,low,raw_composition_structure_to_endpoint_linear_surrogate
glass,stage1_anchor_prediction,atomic_radius_max,0.012696100920019878,0.003569077478548533,-1.0362081563168129e-18,0.015591980670671468,0.327014473265952,low,raw_composition_structure_to_endpoint_linear_surrogate
glass,stage1_anchor_prediction,atomic_radius_range,0.019600820736495144,0.00551010489695937,0.0,-0.02225999190712713,0.327014473265952,low,raw_composition_structure_to_endpoint_linear_surrogate
glass,stage1_anchor_prediction,period_mean,0.022351196480318577,0.006283279605215471,2.0724163126336257e-18,-0.02827907122804163,0.327014473265952,low,raw_composition_structure_to_endpoint_linear_surrogate
glass,stage1_anchor_prediction,period_std,0.16073670184796815,0.04518566339033601,2.3684757858670005e-18,0.19710378208353685,0.327014473265952,low,raw_composition_structure_to_endpoint_linear_surrogate
glass,stage1_anchor_prediction,period_min,0.07867493110495714,0.022116784239662485,-3.552713678800501e-18,0.09546837605454783,0.327014473265952,low,raw_composition_structure_to_endpoint_linear_surrogate
glass,stage1_anchor_prediction,period_max,0.057613489132784614,0.01619607530058136,-3.552713678800501e-18,0.0642786934009294,0.327014473265952,low,raw_composition_structure_to_endpoint_linear_surrogate
glass,stage1_anchor_prediction,period_range,0.008906299608725705,0.002503703581985922,-4.440892098500626e-19,-0.011825886331600088,0.327014473265952,low,raw_composition_structure_to_endpoint_linear_surrogate
glass,stage1_anchor_prediction,group_mean,0.09866022108965088,0.0277349696050731,-9.473903143468002e-18,-0.12319397812966315,0.327014473265952,low,raw_composition_structure_to_endpoint_linear_surrogate
glass,stage1_anchor_prediction,group_std,0.06540142647354005,0.01838538932244831,3.552713678800501e-18,0.07859605137017311,0.327014473265952,low,raw_composition_structure_to_endpoint_linear_surrogate
glass,stage1_anchor_prediction,group_min,0.08764972669123809,0.024639743138883487,-4.736951571734001e-18,0.0997670680653826,0.327014473265952,low,raw_composition_structure_to_endpoint_linear_surrogate
glass,stage1_anchor_prediction,group_max,0.027947321206643644,0.007856439967888778,5.921189464667501e-19,0.04143683323654557,0.327014473265952,low,raw_composition_structure_to_endpoint_linear_surrogate
glass,stage1_anchor_prediction,group_range,0.06290158497590302,0.017682643806690122,2.960594732333751e-18,-0.07414362395514651,0.327014473265952,low,raw_composition_structure_to_endpoint_linear_surrogate
glass,stage1_anchor_prediction,n_sites,0.0,0.0,0.0,0.0,0.327014473265952,low,raw_composition_structure_to_endpoint_linear_surrogate
glass,stage1_anchor_prediction,volume,0.0,0.0,0.0,0.0,0.327014473265952,low,raw_composition_structure_to_endpoint_linear_surrogate
glass,stage1_anchor_prediction,volume_per_atom,0.0,0.0,0.0,0.0,0.327014473265952,low,raw_composition_structure_to_endpoint_linear_surrogate
glass,stage1_anchor_prediction,density,0.0,0.0,0.0,0.0,0.327014473265952,low,raw_composition_structure_to_endpoint_linear_surrogate
glass,stage1_anchor_prediction,lattice_a,0.0,0.0,0.0,0.0,0.327014473265952,low,raw_composition_structure_to_endpoint_linear_surrogate
glass,stage1_anchor_prediction,lattice_b,0.0,0.0,0.0,0.0,0.327014473265952,low,raw_composition_structure_to_endpoint_linear_surrogate
glass,stage1_anchor_prediction,lattice_c,0.0,0.0,0.0,0.0,0.327014473265952,low,raw_composition_structure_to_endpoint_linear_surrogate
glass,stage1_anchor_prediction,lattice_length_anisotropy,0.0,0.0,0.0,0.0,0.327014473265952,low,raw_composition_structure_to_endpoint_linear_surrogate
glass,stage1_anchor_prediction,lattice_alpha,0.0,0.0,0.0,0.0,0.327014473265952,low,raw_composition_structure_to_endpoint_linear_surrogate
glass,stage1_anchor_prediction,lattice_beta,0.0,0.0,0.0,0.0,0.327014473265952,low,raw_composition_structure_to_endpoint_linear_surrogate
glass,stage1_anchor_prediction,lattice_gamma,0.0,0.0,0.0,0.0,0.327014473265952,low,raw_composition_structure_to_endpoint_linear_surrogate
glass,stage1_anchor_prediction,spacegroup_number,0.0,0.0,0.0,0.0,0.327014473265952,low,raw_composition_structure_to_endpoint_linear_surrogate
glass,stage1_anchor_prediction,crystal_system,0.0,0.0,0.0,0.0,0.327014473265952,low,raw_composition_structure_to_endpoint_linear_surrogate
glass,hpsafemoe_prediction,n_elements,0.012844910623317935,0.00361091027146475,-1.4802973661668755e-18,-0.020876894334142193,0.327014473265952,low,raw_composition_structure_to_endpoint_linear_surrogate
glass,hpsafemoe_prediction,composition_entropy,0.06260008607454491,0.017597887632694407,5.921189464667501e-19,0.07365117255557507,0.327014473265952,low,raw_composition_structure_to_endpoint_linear_surrogate
glass,hpsafemoe_prediction,max_atomic_fraction,0.02930729957963415,0.00823875168807207,2.9605947323337507e-19,0.03447280829928445,0.327014473265952,low,raw_composition_structure_to_endpoint_linear_surrogate
glass,hpsafemoe_prediction,min_atomic_fraction,0.011018030055012019,0.0030973448600511507,1.4802973661668753e-19,-0.01475716934431226,0.327014473265952,low,raw_composition_structure_to_endpoint_linear_surrogate
glass,hpsafemoe_prediction,metal_fraction,0.10827129690376906,0.03043679707548187,3.552713678800501e-18,-0.13177948384219107,0.327014473265952,low,raw_composition_structure_to_endpoint_linear_surrogate
glass,hpsafemoe_prediction,transition_metal_fraction,0.0026818193515059092,0.0007539024074629352,-1.1102230246251566e-19,0.0030459302955847534,0.327014473265952,low,raw_composition_structure_to_endpoint_linear_surrogate
glass,hpsafemoe_prediction,alkali_fraction,0.0,0.0,0.0,0.0,0.327014473265952,low,raw_composition_structure_to_endpoint_linear_surrogate
glass,hpsafemoe_prediction,alkaline_fraction,0.05657620142170584,0.015904477097975028,-4.736951571734001e-18,-0.09542615057576498,0.327014473265952,low,raw_composition_structure_to_endpoint_linear_surrogate
glass,hpsafemoe_prediction,halogen_fraction,0.004796381079311005,0.001348339604146626,2.9605947323337507e-19,-0.04620197311785068,0.327014473265952,low,raw_composition_structure_to_endpoint_linear_surrogate
glass,hpsafemoe_prediction,chalcogen_fraction,0.0021493584422550673,0.0006042191108834308,0.0,-0.034786251815600244,0.327014473265952,low,raw_composition_structure_to_endpoint_linear_surrogate
glass,hpsafemoe_prediction,rare_earth_fraction,0.04598531534169936,0.012927209256127635,2.960594732333751e-18,-0.08470766281628883,0.327014473265952,low,raw_composition_structure_to_endpoint_linear_surrogate
glass,hpsafemoe_prediction,atomic_number_mean,0.22527360144914463,0.0633280203511805,1.0658141036401503e-17,-0.29793726401882736,0.327014473265952,low,raw_composition_structure_to_endpoint_linear_surrogate
glass,hpsafemoe_prediction,atomic_number_std,0.4239951880256012,0.11919184371076619,-4.736951571734001e-18,0.544502989985828,0.327014473265952,low,raw_composition_structure_to_endpoint_linear_surrogate
glass,hpsafemoe_prediction,atomic_number_min,0.13763988507340533,0.03869277796861828,-7.105427357601002e-18,-0.1904776177666747,0.327014473265952,low,raw_composition_structure_to_endpoint_linear_surrogate
glass,hpsafemoe_prediction,atomic_number_max,0.03238615077956122,0.009104266112278823,2.9605947323337507e-19,0.03933185777229298,0.327014473265952,low,raw_composition_structure_to_endpoint_linear_surrogate
glass,hpsafemoe_prediction,atomic_number_range,0.10537252383610418,0.02962190550078497,8.289665250534503e-18,0.1286419809916195,0.327014473265952,low,raw_composition_structure_to_endpoint_linear_surrogate
glass,hpsafemoe_prediction,atomic_mass_mean,0.2702189753165231,0.0759628853893164,-2.3684757858670005e-18,0.36251766989541245,0.327014473265952,low,raw_composition_structure_to_endpoint_linear_surrogate
glass,hpsafemoe_prediction,atomic_mass_std,0.569502772284138,0.16009635803423405,-9.473903143468002e-18,-0.7317783193551062,0.327014473265952,low,raw_composition_structure_to_endpoint_linear_surrogate
glass,hpsafemoe_prediction,atomic_mass_min,0.10022043156053201,0.02817356977755887,5.921189464667502e-18,0.14158015393925893,0.327014473265952,low,raw_composition_structure_to_endpoint_linear_surrogate
glass,hpsafemoe_prediction,atomic_mass_max,0.04311805384042754,0.01212117608785297,1.1842378929335003e-18,-0.05266932193212526,0.327014473265952,low,raw_composition_structure_to_endpoint_linear_surrogate
glass,hpsafemoe_prediction,atomic_mass_range,0.08938000935012781,0.025126153329560887,0.0,-0.10815192025924958,0.327014473265952,low,raw_composition_structure_to_endpoint_linear_surrogate
glass,hpsafemoe_prediction,electronegativity_mean,0.08275267965120812,0.023263104719571336,0.0,0.09837129329006622,0.327014473265952,low,raw_composition_structure_to_endpoint_linear_surrogate
glass,hpsafemoe_prediction,electronegativity_std,0.043430030557741264,0.012208877743866127,1.4802973661668755e-18,0.05730707012811109,0.327014473265952,low,raw_composition_structure_to_endpoint_linear_surrogate
glass,hpsafemoe_prediction,electronegativity_min,0.1316436019651248,0.03700712667050844,9.473903143468002e-18,-0.15115223682463785,0.327014473265952,low,raw_composition_structure_to_endpoint_linear_surrogate
glass,hpsafemoe_prediction,electronegativity_max,0.05135342655844045,0.014436271366354178,-3.552713678800501e-18,-0.07589900857703924,0.327014473265952,low,raw_composition_structure_to_endpoint_linear_surrogate
glass,hpsafemoe_prediction,electronegativity_range,0.06898055968348131,0.019391541038853103,-3.2566542055671258e-18,0.08593072983344285,0.327014473265952,low,raw_composition_structure_to_endpoint_linear_surrogate
glass,hpsafemoe_prediction,atomic_radius_mean,0.05722415028641157,0.0160866259100269,-1.1842378929335003e-18,0.07498578171478698,0.327014473265952,low,raw_composition_structure_to_endpoint_linear_surrogate
glass,hpsafemoe_prediction,atomic_radius_std,0.05642739893331914,0.015862646333286042,-2.3684757858670005e-18,-0.06820301239430293,0.327014473265952,low,raw_composition_structure_to_endpoint_linear_surrogate
glass,hpsafemoe_prediction,atomic_radius_min,0.02896005836554437,0.008141136616749076,-2.960594732333751e-18,0.032776556939595025,0.327014473265952,low,raw_composition_structure_to_endpoint_linear_surrogate
glass,hpsafemoe_prediction,atomic_radius_max,0.012696100920019878,0.003569077478548533,-1.0362081563168129e-18,0.015591980670671468,0.327014473265952,low,raw_composition_structure_to_endpoint_linear_surrogate
glass,hpsafemoe_prediction,atomic_radius_range,0.019600820736495144,0.00551010489695937,0.0,-0.02225999190712713,0.327014473265952,low,raw_composition_structure_to_endpoint_linear_surrogate
glass,hpsafemoe_prediction,period_mean,0.022351196480318577,0.006283279605215471,2.0724163126336257e-18,-0.02827907122804163,0.327014473265952,low,raw_composition_structure_to_endpoint_linear_surrogate
glass,hpsafemoe_prediction,period_std,0.16073670184796815,0.04518566339033601,2.3684757858670005e-18,0.19710378208353685,0.327014473265952,low,raw_composition_structure_to_endpoint_linear_surrogate
glass,hpsafemoe_prediction,period_min,0.07867493110495714,0.022116784239662485,-3.552713678800501e-18,0.09546837605454783,0.327014473265952,low,raw_composition_structure_to_endpoint_linear_surrogate
glass,hpsafemoe_prediction,period_max,0.057613489132784614,0.01619607530058136,-3.552713678800501e-18,0.0642786934009294,0.327014473265952,low,raw_composition_structure_to_endpoint_linear_surrogate
glass,hpsafemoe_prediction,period_range,0.008906299608725705,0.002503703581985922,-4.440892098500626e-19,-0.011825886331600088,0.327014473265952,low,raw_composition_structure_to_endpoint_linear_surrogate
glass,hpsafemoe_prediction,group_mean,0.09866022108965088,0.0277349696050731,-9.473903143468002e-18,-0.12319397812966315,0.327014473265952,low,raw_composition_structure_to_endpoint_linear_surrogate
glass,hpsafemoe_prediction,group_std,0.06540142647354005,0.01838538932244831,3.552713678800501e-18,0.07859605137017311,0.327014473265952,low,raw_composition_structure_to_endpoint_linear_surrogate
glass,hpsafemoe_prediction,group_min,0.08764972669123809,0.024639743138883487,-4.736951571734001e-18,0.0997670680653826,0.327014473265952,low,raw_composition_structure_to_endpoint_linear_surrogate
glass,hpsafemoe_prediction,group_max,0.027947321206643644,0.007856439967888778,5.921189464667501e-19,0.04143683323654557,0.327014473265952,low,raw_composition_structure_to_endpoint_linear_surrogate
glass,hpsafemoe_prediction,group_range,0.06290158497590302,0.017682643806690122,2.960594732333751e-18,-0.07414362395514651,0.327014473265952,low,raw_composition_structure_to_endpoint_linear_surrogate
glass,hpsafemoe_prediction,n_sites,0.0,0.0,0.0,0.0,0.327014473265952,low,raw_composition_structure_to_endpoint_linear_surrogate
glass,hpsafemoe_prediction,volume,0.0,0.0,0.0,0.0,0.327014473265952,low,raw_composition_structure_to_endpoint_linear_surrogate
glass,hpsafemoe_prediction,volume_per_atom,0.0,0.0,0.0,0.0,0.327014473265952,low,raw_composition_structure_to_endpoint_linear_surrogate
glass,hpsafemoe_prediction,density,0.0,0.0,0.0,0.0,0.327014473265952,low,raw_composition_structure_to_endpoint_linear_surrogate
glass,hpsafemoe_prediction,lattice_a,0.0,0.0,0.0,0.0,0.327014473265952,low,raw_composition_structure_to_endpoint_linear_surrogate
glass,hpsafemoe_prediction,lattice_b,0.0,0.0,0.0,0.0,0.327014473265952,low,raw_composition_structure_to_endpoint_linear_surrogate
glass,hpsafemoe_prediction,lattice_c,0.0,0.0,0.0,0.0,0.327014473265952,low,raw_composition_structure_to_endpoint_linear_surrogate
glass,hpsafemoe_prediction,lattice_length_anisotropy,0.0,0.0,0.0,0.0,0.327014473265952,low,raw_composition_structure_to_endpoint_linear_surrogate
glass,hpsafemoe_prediction,lattice_alpha,0.0,0.0,0.0,0.0,0.327014473265952,low,raw_composition_structure_to_endpoint_linear_surrogate
glass,hpsafemoe_prediction,lattice_beta,0.0,0.0,0.0,0.0,0.327014473265952,low,raw_composition_structure_to_endpoint_linear_surrogate
glass,hpsafemoe_prediction,lattice_gamma,0.0,0.0,0.0,0.0,0.327014473265952,low,raw_composition_structure_to_endpoint_linear_surrogate
glass,hpsafemoe_prediction,spacegroup_number,0.0,0.0,0.0,0.0,0.327014473265952,low,raw_composition_structure_to_endpoint_linear_surrogate
glass,hpsafemoe_prediction,crystal_system,0.0,0.0,0.0,0.0,0.327014473265952,low,raw_composition_structure_to_endpoint_linear_surrogate
glass,stage2_correction,n_elements,0.0,0.0,0.0,0.0,,low,raw_composition_structure_to_endpoint_linear_surrogate
glass,stage2_correction,composition_entropy,0.0,0.0,0.0,0.0,,low,raw_composition_structure_to_endpoint_linear_surrogate
glass,stage2_correction,max_atomic_fraction,0.0,0.0,0.0,0.0,,low,raw_composition_structure_to_endpoint_linear_surrogate
glass,stage2_correction,min_atomic_fraction,0.0,0.0,0.0,0.0,,low,raw_composition_structure_to_endpoint_linear_surrogate
glass,stage2_correction,metal_fraction,0.0,0.0,0.0,0.0,,low,raw_composition_structure_to_endpoint_linear_surrogate
glass,stage2_correction,transition_metal_fraction,0.0,0.0,0.0,0.0,,low,raw_composition_structure_to_endpoint_linear_surrogate
glass,stage2_correction,alkali_fraction,0.0,0.0,0.0,0.0,,low,raw_composition_structure_to_endpoint_linear_surrogate
glass,stage2_correction,alkaline_fraction,0.0,0.0,0.0,0.0,,low,raw_composition_structure_to_endpoint_linear_surrogate
glass,stage2_correction,halogen_fraction,0.0,0.0,0.0,0.0,,low,raw_composition_structure_to_endpoint_linear_surrogate
glass,stage2_correction,chalcogen_fraction,0.0,0.0,0.0,0.0,,low,raw_composition_structure_to_endpoint_linear_surrogate
glass,stage2_correction,rare_earth_fraction,0.0,0.0,0.0,0.0,,low,raw_composition_structure_to_endpoint_linear_surrogate
glass,stage2_correction,atomic_number_mean,0.0,0.0,0.0,0.0,,low,raw_composition_structure_to_endpoint_linear_surrogate
glass,stage2_correction,atomic_number_std,0.0,0.0,0.0,0.0,,low,raw_composition_structure_to_endpoint_linear_surrogate
glass,stage2_correction,atomic_number_min,0.0,0.0,0.0,0.0,,low,raw_composition_structure_to_endpoint_linear_surrogate
glass,stage2_correction,atomic_number_max,0.0,0.0,0.0,0.0,,low,raw_composition_structure_to_endpoint_linear_surrogate
glass,stage2_correction,atomic_number_range,0.0,0.0,0.0,0.0,,low,raw_composition_structure_to_endpoint_linear_surrogate
glass,stage2_correction,atomic_mass_mean,0.0,0.0,0.0,0.0,,low,raw_composition_structure_to_endpoint_linear_surrogate
glass,stage2_correction,atomic_mass_std,0.0,0.0,0.0,0.0,,low,raw_composition_structure_to_endpoint_linear_surrogate
glass,stage2_correction,atomic_mass_min,0.0,0.0,0.0,0.0,,low,raw_composition_structure_to_endpoint_linear_surrogate
glass,stage2_correction,atomic_mass_max,0.0,0.0,0.0,0.0,,low,raw_composition_structure_to_endpoint_linear_surrogate
glass,stage2_correction,atomic_mass_range,0.0,0.0,0.0,0.0,,low,raw_composition_structure_to_endpoint_linear_surrogate
glass,stage2_correction,electronegativity_mean,0.0,0.0,0.0,0.0,,low,raw_composition_structure_to_endpoint_linear_surrogate
glass,stage2_correction,electronegativity_std,0.0,0.0,0.0,0.0,,low,raw_composition_structure_to_endpoint_linear_surrogate
glass,stage2_correction,electronegativity_min,0.0,0.0,0.0,0.0,,low,raw_composition_structure_to_endpoint_linear_surrogate
glass,stage2_correction,electronegativity_max,0.0,0.0,0.0,0.0,,low,raw_composition_structure_to_endpoint_linear_surrogate
glass,stage2_correction,electronegativity_range,0.0,0.0,0.0,0.0,,low,raw_composition_structure_to_endpoint_linear_surrogate
glass,stage2_correction,atomic_radius_mean,0.0,0.0,0.0,0.0,,low,raw_composition_structure_to_endpoint_linear_surrogate
glass,stage2_correction,atomic_radius_std,0.0,0.0,0.0,0.0,,low,raw_composition_structure_to_endpoint_linear_surrogate
glass,stage2_correction,atomic_radius_min,0.0,0.0,0.0,0.0,,low,raw_composition_structure_to_endpoint_linear_surrogate
glass,stage2_correction,atomic_radius_max,0.0,0.0,0.0,0.0,,low,raw_composition_structure_to_endpoint_linear_surrogate
glass,stage2_correction,atomic_radius_range,0.0,0.0,0.0,0.0,,low,raw_composition_structure_to_endpoint_linear_surrogate
glass,stage2_correction,period_mean,0.0,0.0,0.0,0.0,,low,raw_composition_structure_to_endpoint_linear_surrogate
glass,stage2_correction,period_std,0.0,0.0,0.0,0.0,,low,raw_composition_structure_to_endpoint_linear_surrogate
glass,stage2_correction,period_min,0.0,0.0,0.0,0.0,,low,raw_composition_structure_to_endpoint_linear_surrogate
glass,stage2_correction,period_max,0.0,0.0,0.0,0.0,,low,raw_composition_structure_to_endpoint_linear_surrogate
glass,stage2_correction,period_range,0.0,0.0,0.0,0.0,,low,raw_composition_structure_to_endpoint_linear_surrogate
glass,stage2_correction,group_mean,0.0,0.0,0.0,0.0,,low,raw_composition_structure_to_endpoint_linear_surrogate
glass,stage2_correction,group_std,0.0,0.0,0.0,0.0,,low,raw_composition_structure_to_endpoint_linear_surrogate
glass,stage2_correction,group_min,0.0,0.0,0.0,0.0,,low,raw_composition_structure_to_endpoint_linear_surrogate
glass,stage2_correction,group_max,0.0,0.0,0.0,0.0,,low,raw_composition_structure_to_endpoint_linear_surrogate
glass,stage2_correction,group_range,0.0,0.0,0.0,0.0,,low,raw_composition_structure_to_endpoint_linear_surrogate
glass,stage2_correction,n_sites,0.0,0.0,0.0,0.0,,low,raw_composition_structure_to_endpoint_linear_surrogate
glass,stage2_correction,volume,0.0,0.0,0.0,0.0,,low,raw_composition_structure_to_endpoint_linear_surrogate
glass,stage2_correction,volume_per_atom,0.0,0.0,0.0,0.0,,low,raw_composition_structure_to_endpoint_linear_surrogate
glass,stage2_correction,density,0.0,0.0,0.0,0.0,,low,raw_composition_structure_to_endpoint_linear_surrogate
glass,stage2_correction,lattice_a,0.0,0.0,0.0,0.0,,low,raw_composition_structure_to_endpoint_linear_surrogate
glass,stage2_correction,lattice_b,0.0,0.0,0.0,0.0,,low,raw_composition_structure_to_endpoint_linear_surrogate
glass,stage2_correction,lattice_c,0.0,0.0,0.0,0.0,,low,raw_composition_structure_to_endpoint_linear_surrogate
glass,stage2_correction,lattice_length_anisotropy,0.0,0.0,0.0,0.0,,low,raw_composition_structure_to_endpoint_linear_surrogate
glass,stage2_correction,lattice_alpha,0.0,0.0,0.0,0.0,,low,raw_composition_structure_to_endpoint_linear_surrogate
glass,stage2_correction,lattice_beta,0.0,0.0,0.0,0.0,,low,raw_composition_structure_to_endpoint_linear_surrogate
glass,stage2_correction,lattice_gamma,0.0,0.0,0.0,0.0,,low,raw_composition_structure_to_endpoint_linear_surrogate
glass,stage2_correction,spacegroup_number,0.0,0.0,0.0,0.0,,low,raw_composition_structure_to_endpoint_linear_surrogate
glass,stage2_correction,crystal_system,0.0,0.0,0.0,0.0,,low,raw_composition_structure_to_endpoint_linear_surrogate
glass,benefit_gate_probability,n_elements,0.0,0.0,0.0,0.0,,low,raw_composition_structure_to_endpoint_linear_surrogate
glass,benefit_gate_probability,composition_entropy,0.0,0.0,0.0,0.0,,low,raw_composition_structure_to_endpoint_linear_surrogate
glass,benefit_gate_probability,max_atomic_fraction,0.0,0.0,0.0,0.0,,low,raw_composition_structure_to_endpoint_linear_surrogate
glass,benefit_gate_probability,min_atomic_fraction,0.0,0.0,0.0,0.0,,low,raw_composition_structure_to_endpoint_linear_surrogate
glass,benefit_gate_probability,metal_fraction,0.0,0.0,0.0,0.0,,low,raw_composition_structure_to_endpoint_linear_surrogate
glass,benefit_gate_probability,transition_metal_fraction,0.0,0.0,0.0,0.0,,low,raw_composition_structure_to_endpoint_linear_surrogate
glass,benefit_gate_probability,alkali_fraction,0.0,0.0,0.0,0.0,,low,raw_composition_structure_to_endpoint_linear_surrogate
glass,benefit_gate_probability,alkaline_fraction,0.0,0.0,0.0,0.0,,low,raw_composition_structure_to_endpoint_linear_surrogate
glass,benefit_gate_probability,halogen_fraction,0.0,0.0,0.0,0.0,,low,raw_composition_structure_to_endpoint_linear_surrogate
glass,benefit_gate_probability,chalcogen_fraction,0.0,0.0,0.0,0.0,,low,raw_composition_structure_to_endpoint_linear_surrogate
glass,benefit_gate_probability,rare_earth_fraction,0.0,0.0,0.0,0.0,,low,raw_composition_structure_to_endpoint_linear_surrogate
glass,benefit_gate_probability,atomic_number_mean,0.0,0.0,0.0,0.0,,low,raw_composition_structure_to_endpoint_linear_surrogate
glass,benefit_gate_probability,atomic_number_std,0.0,0.0,0.0,0.0,,low,raw_composition_structure_to_endpoint_linear_surrogate
glass,benefit_gate_probability,atomic_number_min,0.0,0.0,0.0,0.0,,low,raw_composition_structure_to_endpoint_linear_surrogate
glass,benefit_gate_probability,atomic_number_max,0.0,0.0,0.0,0.0,,low,raw_composition_structure_to_endpoint_linear_surrogate
glass,benefit_gate_probability,atomic_number_range,0.0,0.0,0.0,0.0,,low,raw_composition_structure_to_endpoint_linear_surrogate
glass,benefit_gate_probability,atomic_mass_mean,0.0,0.0,0.0,0.0,,low,raw_composition_structure_to_endpoint_linear_surrogate
glass,benefit_gate_probability,atomic_mass_std,0.0,0.0,0.0,0.0,,low,raw_composition_structure_to_endpoint_linear_surrogate
glass,benefit_gate_probability,atomic_mass_min,0.0,0.0,0.0,0.0,,low,raw_composition_structure_to_endpoint_linear_surrogate
glass,benefit_gate_probability,atomic_mass_max,0.0,0.0,0.0,0.0,,low,raw_composition_structure_to_endpoint_linear_surrogate
glass,benefit_gate_probability,atomic_mass_range,0.0,0.0,0.0,0.0,,low,raw_composition_structure_to_endpoint_linear_surrogate
glass,benefit_gate_probability,electronegativity_mean,0.0,0.0,0.0,0.0,,low,raw_composition_structure_to_endpoint_linear_surrogate
glass,benefit_gate_probability,electronegativity_std,0.0,0.0,0.0,0.0,,low,raw_composition_structure_to_endpoint_linear_surrogate
glass,benefit_gate_probability,electronegativity_min,0.0,0.0,0.0,0.0,,low,raw_composition_structure_to_endpoint_linear_surrogate
glass,benefit_gate_probability,electronegativity_max,0.0,0.0,0.0,0.0,,low,raw_composition_structure_to_endpoint_linear_surrogate
glass,benefit_gate_probability,electronegativity_range,0.0,0.0,0.0,0.0,,low,raw_composition_structure_to_endpoint_linear_surrogate
glass,benefit_gate_probability,atomic_radius_mean,0.0,0.0,0.0,0.0,,low,raw_composition_structure_to_endpoint_linear_surrogate
glass,benefit_gate_probability,atomic_radius_std,0.0,0.0,0.0,0.0,,low,raw_composition_structure_to_endpoint_linear_surrogate
glass,benefit_gate_probability,atomic_radius_min,0.0,0.0,0.0,0.0,,low,raw_composition_structure_to_endpoint_linear_surrogate
glass,benefit_gate_probability,atomic_radius_max,0.0,0.0,0.0,0.0,,low,raw_composition_structure_to_endpoint_linear_surrogate
glass,benefit_gate_probability,atomic_radius_range,0.0,0.0,0.0,0.0,,low,raw_composition_structure_to_endpoint_linear_surrogate
glass,benefit_gate_probability,period_mean,0.0,0.0,0.0,0.0,,low,raw_composition_structure_to_endpoint_linear_surrogate
glass,benefit_gate_probability,period_std,0.0,0.0,0.0,0.0,,low,raw_composition_structure_to_endpoint_linear_surrogate
glass,benefit_gate_probability,period_min,0.0,0.0,0.0,0.0,,low,raw_composition_structure_to_endpoint_linear_surrogate
glass,benefit_gate_probability,period_max,0.0,0.0,0.0,0.0,,low,raw_composition_structure_to_endpoint_linear_surrogate
glass,benefit_gate_probability,period_range,0.0,0.0,0.0,0.0,,low,raw_composition_structure_to_endpoint_linear_surrogate
glass,benefit_gate_probability,group_mean,0.0,0.0,0.0,0.0,,low,raw_composition_structure_to_endpoint_linear_surrogate
glass,benefit_gate_probability,group_std,0.0,0.0,0.0,0.0,,low,raw_composition_structure_to_endpoint_linear_surrogate
glass,benefit_gate_probability,group_min,0.0,0.0,0.0,0.0,,low,raw_composition_structure_to_endpoint_linear_surrogate
glass,benefit_gate_probability,group_max,0.0,0.0,0.0,0.0,,low,raw_composition_structure_to_endpoint_linear_surrogate
glass,benefit_gate_probability,group_range,0.0,0.0,0.0,0.0,,low,raw_composition_structure_to_endpoint_linear_surrogate
glass,benefit_gate_probability,n_sites,0.0,0.0,0.0,0.0,,low,raw_composition_structure_to_endpoint_linear_surrogate
glass,benefit_gate_probability,volume,0.0,0.0,0.0,0.0,,low,raw_composition_structure_to_endpoint_linear_surrogate
glass,benefit_gate_probability,volume_per_atom,0.0,0.0,0.0,0.0,,low,raw_composition_structure_to_endpoint_linear_surrogate
glass,benefit_gate_probability,density,0.0,0.0,0.0,0.0,,low,raw_composition_structure_to_endpoint_linear_surrogate
glass,benefit_gate_probability,lattice_a,0.0,0.0,0.0,0.0,,low,raw_composition_structure_to_endpoint_linear_surrogate
glass,benefit_gate_probability,lattice_b,0.0,0.0,0.0,0.0,,low,raw_composition_structure_to_endpoint_linear_surrogate
glass,benefit_gate_probability,lattice_c,0.0,0.0,0.0,0.0,,low,raw_composition_structure_to_endpoint_linear_surrogate
glass,benefit_gate_probability,lattice_length_anisotropy,0.0,0.0,0.0,0.0,,low,raw_composition_structure_to_endpoint_linear_surrogate
glass,benefit_gate_probability,lattice_alpha,0.0,0.0,0.0,0.0,,low,raw_composition_structure_to_endpoint_linear_surrogate
glass,benefit_gate_probability,lattice_beta,0.0,0.0,0.0,0.0,,low,raw_composition_structure_to_endpoint_linear_surrogate
glass,benefit_gate_probability,lattice_gamma,0.0,0.0,0.0,0.0,,low,raw_composition_structure_to_endpoint_linear_surrogate
glass,benefit_gate_probability,spacegroup_number,0.0,0.0,0.0,0.0,,low,raw_composition_structure_to_endpoint_linear_surrogate
glass,benefit_gate_probability,crystal_system,0.0,0.0,0.0,0.0,,low,raw_composition_structure_to_endpoint_linear_surrogate
glass,realized_local_gain,n_elements,0.0,0.0,0.0,0.0,,low,raw_composition_structure_to_endpoint_linear_surrogate
glass,realized_local_gain,composition_entropy,0.0,0.0,0.0,0.0,,low,raw_composition_structure_to_endpoint_linear_surrogate
glass,realized_local_gain,max_atomic_fraction,0.0,0.0,0.0,0.0,,low,raw_composition_structure_to_endpoint_linear_surrogate
glass,realized_local_gain,min_atomic_fraction,0.0,0.0,0.0,0.0,,low,raw_composition_structure_to_endpoint_linear_surrogate
glass,realized_local_gain,metal_fraction,0.0,0.0,0.0,0.0,,low,raw_composition_structure_to_endpoint_linear_surrogate
glass,realized_local_gain,transition_metal_fraction,0.0,0.0,0.0,0.0,,low,raw_composition_structure_to_endpoint_linear_surrogate
glass,realized_local_gain,alkali_fraction,0.0,0.0,0.0,0.0,,low,raw_composition_structure_to_endpoint_linear_surrogate
glass,realized_local_gain,alkaline_fraction,0.0,0.0,0.0,0.0,,low,raw_composition_structure_to_endpoint_linear_surrogate
glass,realized_local_gain,halogen_fraction,0.0,0.0,0.0,0.0,,low,raw_composition_structure_to_endpoint_linear_surrogate
glass,realized_local_gain,chalcogen_fraction,0.0,0.0,0.0,0.0,,low,raw_composition_structure_to_endpoint_linear_surrogate
glass,realized_local_gain,rare_earth_fraction,0.0,0.0,0.0,0.0,,low,raw_composition_structure_to_endpoint_linear_surrogate
glass,realized_local_gain,atomic_number_mean,0.0,0.0,0.0,0.0,,low,raw_composition_structure_to_endpoint_linear_surrogate
glass,realized_local_gain,atomic_number_std,0.0,0.0,0.0,0.0,,low,raw_composition_structure_to_endpoint_linear_surrogate
glass,realized_local_gain,atomic_number_min,0.0,0.0,0.0,0.0,,low,raw_composition_structure_to_endpoint_linear_surrogate
glass,realized_local_gain,atomic_number_max,0.0,0.0,0.0,0.0,,low,raw_composition_structure_to_endpoint_linear_surrogate
glass,realized_local_gain,atomic_number_range,0.0,0.0,0.0,0.0,,low,raw_composition_structure_to_endpoint_linear_surrogate
glass,realized_local_gain,atomic_mass_mean,0.0,0.0,0.0,0.0,,low,raw_composition_structure_to_endpoint_linear_surrogate
glass,realized_local_gain,atomic_mass_std,0.0,0.0,0.0,0.0,,low,raw_composition_structure_to_endpoint_linear_surrogate
glass,realized_local_gain,atomic_mass_min,0.0,0.0,0.0,0.0,,low,raw_composition_structure_to_endpoint_linear_surrogate
glass,realized_local_gain,atomic_mass_max,0.0,0.0,0.0,0.0,,low,raw_composition_structure_to_endpoint_linear_surrogate
glass,realized_local_gain,atomic_mass_range,0.0,0.0,0.0,0.0,,low,raw_composition_structure_to_endpoint_linear_surrogate
glass,realized_local_gain,electronegativity_mean,0.0,0.0,0.0,0.0,,low,raw_composition_structure_to_endpoint_linear_surrogate
glass,realized_local_gain,electronegativity_std,0.0,0.0,0.0,0.0,,low,raw_composition_structure_to_endpoint_linear_surrogate
glass,realized_local_gain,electronegativity_min,0.0,0.0,0.0,0.0,,low,raw_composition_structure_to_endpoint_linear_surrogate
glass,realized_local_gain,electronegativity_max,0.0,0.0,0.0,0.0,,low,raw_composition_structure_to_endpoint_linear_surrogate
glass,realized_local_gain,electronegativity_range,0.0,0.0,0.0,0.0,,low,raw_composition_structure_to_endpoint_linear_surrogate
glass,realized_local_gain,atomic_radius_mean,0.0,0.0,0.0,0.0,,low,raw_composition_structure_to_endpoint_linear_surrogate
glass,realized_local_gain,atomic_radius_std,0.0,0.0,0.0,0.0,,low,raw_composition_structure_to_endpoint_linear_surrogate
glass,realized_local_gain,atomic_radius_min,0.0,0.0,0.0,0.0,,low,raw_composition_structure_to_endpoint_linear_surrogate
glass,realized_local_gain,atomic_radius_max,0.0,0.0,0.0,0.0,,low,raw_composition_structure_to_endpoint_linear_surrogate
glass,realized_local_gain,atomic_radius_range,0.0,0.0,0.0,0.0,,low,raw_composition_structure_to_endpoint_linear_surrogate
glass,realized_local_gain,period_mean,0.0,0.0,0.0,0.0,,low,raw_composition_structure_to_endpoint_linear_surrogate
glass,realized_local_gain,period_std,0.0,0.0,0.0,0.0,,low,raw_composition_structure_to_endpoint_linear_surrogate
glass,realized_local_gain,period_min,0.0,0.0,0.0,0.0,,low,raw_composition_structure_to_endpoint_linear_surrogate
glass,realized_local_gain,period_max,0.0,0.0,0.0,0.0,,low,raw_composition_structure_to_endpoint_linear_surrogate
glass,realized_local_gain,period_range,0.0,0.0,0.0,0.0,,low,raw_composition_structure_to_endpoint_linear_surrogate
glass,realized_local_gain,group_mean,0.0,0.0,0.0,0.0,,low,raw_composition_structure_to_endpoint_linear_surrogate
glass,realized_local_gain,group_std,0.0,0.0,0.0,0.0,,low,raw_composition_structure_to_endpoint_linear_surrogate
glass,realized_local_gain,group_min,0.0,0.0,0.0,0.0,,low,raw_composition_structure_to_endpoint_linear_surrogate
glass,realized_local_gain,group_max,0.0,0.0,0.0,0.0,,low,raw_composition_structure_to_endpoint_linear_surrogate
glass,realized_local_gain,group_range,0.0,0.0,0.0,0.0,,low,raw_composition_structure_to_endpoint_linear_surrogate
glass,realized_local_gain,n_sites,0.0,0.0,0.0,0.0,,low,raw_composition_structure_to_endpoint_linear_surrogate
glass,realized_local_gain,volume,0.0,0.0,0.0,0.0,,low,raw_composition_structure_to_endpoint_linear_surrogate
glass,realized_local_gain,volume_per_atom,0.0,0.0,0.0,0.0,,low,raw_composition_structure_to_endpoint_linear_surrogate
glass,realized_local_gain,density,0.0,0.0,0.0,0.0,,low,raw_composition_structure_to_endpoint_linear_surrogate
glass,realized_local_gain,lattice_a,0.0,0.0,0.0,0.0,,low,raw_composition_structure_to_endpoint_linear_surrogate
glass,realized_local_gain,lattice_b,0.0,0.0,0.0,0.0,,low,raw_composition_structure_to_endpoint_linear_surrogate
glass,realized_local_gain,lattice_c,0.0,0.0,0.0,0.0,,low,raw_composition_structure_to_endpoint_linear_surrogate
glass,realized_local_gain,lattice_length_anisotropy,0.0,0.0,0.0,0.0,,low,raw_composition_structure_to_endpoint_linear_surrogate
glass,realized_local_gain,lattice_alpha,0.0,0.0,0.0,0.0,,low,raw_composition_structure_to_endpoint_linear_surrogate
glass,realized_local_gain,lattice_beta,0.0,0.0,0.0,0.0,,low,raw_composition_structure_to_endpoint_linear_surrogate
glass,realized_local_gain,lattice_gamma,0.0,0.0,0.0,0.0,,low,raw_composition_structure_to_endpoint_linear_surrogate
glass,realized_local_gain,spacegroup_number,0.0,0.0,0.0,0.0,,low,raw_composition_structure_to_endpoint_linear_surrogate
glass,realized_local_gain,crystal_system,0.0,0.0,0.0,0.0,,low,raw_composition_structure_to_endpoint_linear_surrogate
expt_is_metal,stage1_anchor_prediction,n_elements,0.13735507067728095,0.014374230668732724,4.736951571734001e-18,-0.18560432046820097,0.6426791866970925,moderate,raw_composition_structure_to_endpoint_linear_surrogate
expt_is_metal,stage1_anchor_prediction,composition_entropy,0.15708922975651318,0.016439413652219546,5.921189464667502e-18,0.19161256057179799,0.6426791866970925,moderate,raw_composition_structure_to_endpoint_linear_surrogate
expt_is_metal,stage1_anchor_prediction,max_atomic_fraction,0.06183036585101586,0.006470557924743886,0.0,0.07950246215250445,0.6426791866970925,moderate,raw_composition_structure_to_endpoint_linear_surrogate
expt_is_metal,stage1_anchor_prediction,min_atomic_fraction,0.03824146282042533,0.004001975354678195,-2.9605947323337507e-19,-0.04711255639654155,0.6426791866970925,moderate,raw_composition_structure_to_endpoint_linear_surrogate
expt_is_metal,stage1_anchor_prediction,metal_fraction,0.12070981834374299,0.012632302282676342,-5.921189464667502e-18,0.15421815650620374,0.6426791866970925,moderate,raw_composition_structure_to_endpoint_linear_surrogate
expt_is_metal,stage1_anchor_prediction,transition_metal_fraction,0.02330771746219929,0.002439156454227049,-2.9605947323337507e-19,0.028962882188693584,0.6426791866970925,moderate,raw_composition_structure_to_endpoint_linear_surrogate
expt_is_metal,stage1_anchor_prediction,alkali_fraction,0.07526912560644265,0.007876926336726642,5.921189464667501e-19,-0.11629919246922782,0.6426791866970925,moderate,raw_composition_structure_to_endpoint_linear_surrogate
expt_is_metal,stage1_anchor_prediction,alkaline_fraction,0.038064890771404826,0.003983497060795367,0.0,-0.06933368278612306,0.6426791866970925,moderate,raw_composition_structure_to_endpoint_linear_surrogate
expt_is_metal,stage1_anchor_prediction,halogen_fraction,0.029488468152717297,0.0030859730274584436,-4.440892098500626e-19,-0.06279245702444314,0.6426791866970925,moderate,raw_composition_structure_to_endpoint_linear_surrogate
expt_is_metal,stage1_anchor_prediction,chalcogen_fraction,0.18390020402993898,0.0192451865061767,4.736951571734001e-18,-0.19176897284853567,0.6426791866970925,moderate,raw_composition_structure_to_endpoint_linear_surrogate
expt_is_metal,stage1_anchor_prediction,rare_earth_fraction,0.0021356419621900817,0.00022349528152820357,-5.551115123125783e-20,-0.0027663119813041703,0.6426791866970925,moderate,raw_composition_structure_to_endpoint_linear_surrogate
expt_is_metal,stage1_anchor_prediction,atomic_number_mean,1.7121210376054368,0.1791737473249411,-4.7369515717340015e-17,-2.1191276893895292,0.6426791866970925,moderate,raw_composition_structure_to_endpoint_linear_surrogate
expt_is_metal,stage1_anchor_prediction,atomic_number_std,0.9210149156977553,0.09638436194822417,1.1842378929335004e-17,-1.1127866535950943,0.6426791866970925,moderate,raw_composition_structure_to_endpoint_linear_surrogate
expt_is_metal,stage1_anchor_prediction,atomic_number_min,0.07111606347103314,0.0074423077032710495,2.6645352591003758e-18,0.08780956574582888,0.6426791866970925,moderate,raw_composition_structure_to_endpoint_linear_surrogate
expt_is_metal,stage1_anchor_prediction,atomic_number_max,0.4985597666432425,0.05217436132894712,2.3684757858670008e-17,0.6005017158367139,0.6426791866970925,moderate,raw_composition_structure_to_endpoint_linear_surrogate
expt_is_metal,stage1_anchor_prediction,atomic_number_range,0.4221254165039738,0.044175494053796296,1.0658141036401503e-17,0.5020132056899342,0.6426791866970925,moderate,raw_composition_structure_to_endpoint_linear_surrogate
expt_is_metal,stage1_anchor_prediction,atomic_mass_mean,1.6377013349181413,0.1713857132359846,-9.473903143468003e-17,2.0359802105134577,0.6426791866970925,moderate,raw_composition_structure_to_endpoint_linear_surrogate
expt_is_metal,stage1_anchor_prediction,atomic_mass_std,0.7470926608595628,0.07818336946106581,-9.473903143468002e-18,0.9036972667782521,0.6426791866970925,moderate,raw_composition_structure_to_endpoint_linear_surrogate
expt_is_metal,stage1_anchor_prediction,atomic_mass_min,0.1185164594890088,0.012402766918879456,4.736951571734001e-18,-0.14755131024014645,0.6426791866970925,moderate,raw_composition_structure_to_endpoint_linear_surrogate
expt_is_metal,stage1_anchor_prediction,atomic_mass_max,0.4714047238623084,0.04933258164926171,-1.5395092608135503e-17,-0.5698250272132555,0.6426791866970925,moderate,raw_composition_structure_to_endpoint_linear_surrogate
expt_is_metal,stage1_anchor_prediction,atomic_mass_range,0.3822946316718876,0.04000719588999384,-6.5133084111342516e-18,-0.45428561995467476,0.6426791866970925,moderate,raw_composition_structure_to_endpoint_linear_surrogate
expt_is_metal,stage1_anchor_prediction,electronegativity_mean,0.4025499619042471,0.042126919520112785,2.3684757858670005e-18,0.5097403811530796,0.6426791866970925,moderate,raw_composition_structure_to_endpoint_linear_surrogate
expt_is_metal,stage1_anchor_prediction,electronegativity_std,0.04870062383919485,0.005096528270299663,-5.921189464667501e-19,-0.05863284578043704,0.6426791866970925,moderate,raw_composition_structure_to_endpoint_linear_surrogate
expt_is_metal,stage1_anchor_prediction,electronegativity_min,0.11534227661265956,0.012070588160393095,-7.105427357601002e-18,-0.13424491648908088,0.6426791866970925,moderate,raw_composition_structure_to_endpoint_linear_surrogate
expt_is_metal,stage1_anchor_prediction,electronegativity_max,0.06967477484851967,0.007291476612594356,1.1842378929335003e-18,-0.08759942400388354,0.6426791866970925,moderate,raw_composition_structure_to_endpoint_linear_surrogate
expt_is_metal,stage1_anchor_prediction,electronegativity_range,0.0030853386734841,0.00032288119808858174,9.251858538542972e-20,0.003663390673068534,0.6426791866970925,moderate,raw_composition_structure_to_endpoint_linear_surrogate
expt_is_metal,stage1_anchor_prediction,atomic_radius_mean,0.28137729759428315,0.029446180331177747,-8.289665250534503e-18,0.35346716104163534,0.6426791866970925,moderate,raw_composition_structure_to_endpoint_linear_surrogate
expt_is_metal,stage1_anchor_prediction,atomic_radius_std,0.03807184927789649,0.003984225269640718,5.921189464667501e-19,-0.04513565698781008,0.6426791866970925,moderate,raw_composition_structure_to_endpoint_linear_surrogate
expt_is_metal,stage1_anchor_prediction,atomic_radius_min,0.05511055527512343,0.005767328646117449,1.1842378929335003e-18,-0.0671036523445423,0.6426791866970925,moderate,raw_composition_structure_to_endpoint_linear_surrogate
expt_is_metal,stage1_anchor_prediction,atomic_radius_max,0.08433755645261982,0.00882593911174582,2.3684757858670005e-18,-0.1084678313897598,0.6426791866970925,moderate,raw_composition_structure_to_endpoint_linear_surrogate
expt_is_metal,stage1_anchor_prediction,atomic_radius_range,0.024729390777795564,0.0025879347998185014,-2.9605947323337507e-19,-0.029725148154398084,0.6426791866970925,moderate,raw_composition_structure_to_endpoint_linear_surrogate
expt_is_metal,stage1_anchor_prediction,period_mean,0.09279575927907206,0.00971109142444061,1.1842378929335003e-18,-0.11335706259006884,0.6426791866970925,moderate,raw_composition_structure_to_endpoint_linear_surrogate
expt_is_metal,stage1_anchor_prediction,period_std,0.1628948382745293,0.01704697153558589,6.5133084111342516e-18,0.1998074895752211,0.6426791866970925,moderate,raw_composition_structure_to_endpoint_linear_surrogate
expt_is_metal,stage1_anchor_prediction,period_min,0.04584306396655508,0.004797484161068736,1.0362081563168129e-18,0.055105739517046004,0.6426791866970925,moderate,raw_composition_structure_to_endpoint_linear_surrogate
expt_is_metal,stage1_anchor_prediction,period_max,0.014465427524736904,0.0015138093623856001,-4.440892098500626e-19,0.016616940989564455,0.6426791866970925,moderate,raw_composition_structure_to_endpoint_linear_surrogate
expt_is_metal,stage1_anchor_prediction,period_range,0.031625725912536914,0.0033096374024735235,1.924386576016938e-18,-0.03763873143992669,0.6426791866970925,moderate,raw_composition_structure_to_endpoint_linear_surrogate
expt_is_metal,stage1_anchor_prediction,group_mean,0.17871384313369768,0.018702432987968226,-7.105427357601002e-18,-0.22229487078709553,0.6426791866970925,moderate,raw_composition_structure_to_endpoint_linear_surrogate
expt_is_metal,stage1_anchor_prediction,group_std,0.040334147924639616,0.00422097519397552,0.0,0.04734904746216273,0.6426791866970925,moderate,raw_composition_structure_to_endpoint_linear_surrogate
expt_is_metal,stage1_anchor_prediction,group_min,0.001406452288750271,0.0001471854626361995,-3.7007434154171883e-20,0.0016489191210098397,0.6426791866970925,moderate,raw_composition_structure_to_endpoint_linear_surrogate
expt_is_metal,stage1_anchor_prediction,group_max,0.010679072066844939,0.0011175666428617662,-1.0362081563168129e-18,0.015403193725148867,0.6426791866970925,moderate,raw_composition_structure_to_endpoint_linear_surrogate
expt_is_metal,stage1_anchor_prediction,group_range,0.004569795441657651,0.00047822984228696076,-1.4802973661668753e-19,0.005347477119769906,0.6426791866970925,moderate,raw_composition_structure_to_endpoint_linear_surrogate
expt_is_metal,stage1_anchor_prediction,n_sites,0.0,0.0,0.0,0.0,0.6426791866970925,moderate,raw_composition_structure_to_endpoint_linear_surrogate
expt_is_metal,stage1_anchor_prediction,volume,0.0,0.0,0.0,0.0,0.6426791866970925,moderate,raw_composition_structure_to_endpoint_linear_surrogate
expt_is_metal,stage1_anchor_prediction,volume_per_atom,0.0,0.0,0.0,0.0,0.6426791866970925,moderate,raw_composition_structure_to_endpoint_linear_surrogate
expt_is_metal,stage1_anchor_prediction,density,0.0,0.0,0.0,0.0,0.6426791866970925,moderate,raw_composition_structure_to_endpoint_linear_surrogate
expt_is_metal,stage1_anchor_prediction,lattice_a,0.0,0.0,0.0,0.0,0.6426791866970925,moderate,raw_composition_structure_to_endpoint_linear_surrogate
expt_is_metal,stage1_anchor_prediction,lattice_b,0.0,0.0,0.0,0.0,0.6426791866970925,moderate,raw_composition_structure_to_endpoint_linear_surrogate
expt_is_metal,stage1_anchor_prediction,lattice_c,0.0,0.0,0.0,0.0,0.6426791866970925,moderate,raw_composition_structure_to_endpoint_linear_surrogate
expt_is_metal,stage1_anchor_prediction,lattice_length_anisotropy,0.0,0.0,0.0,0.0,0.6426791866970925,moderate,raw_composition_structure_to_endpoint_linear_surrogate
expt_is_metal,stage1_anchor_prediction,lattice_alpha,0.0,0.0,0.0,0.0,0.6426791866970925,moderate,raw_composition_structure_to_endpoint_linear_surrogate
expt_is_metal,stage1_anchor_prediction,lattice_beta,0.0,0.0,0.0,0.0,0.6426791866970925,moderate,raw_composition_structure_to_endpoint_linear_surrogate
expt_is_metal,stage1_anchor_prediction,lattice_gamma,0.0,0.0,0.0,0.0,0.6426791866970925,moderate,raw_composition_structure_to_endpoint_linear_surrogate
expt_is_metal,stage1_anchor_prediction,spacegroup_number,0.0,0.0,0.0,0.0,0.6426791866970925,moderate,raw_composition_structure_to_endpoint_linear_surrogate
expt_is_metal,stage1_anchor_prediction,crystal_system,0.0,0.0,0.0,0.0,0.6426791866970925,moderate,raw_composition_structure_to_endpoint_linear_surrogate
expt_is_metal,hpsafemoe_prediction,n_elements,0.1315711964885189,0.013044157201837943,-1.4210854715202004e-17,-0.17778872230218212,0.641889493690927,moderate,raw_composition_structure_to_endpoint_linear_surrogate
expt_is_metal,hpsafemoe_prediction,composition_entropy,0.15269384861014149,0.015138287240536981,0.0,0.18625121124536292,0.641889493690927,moderate,raw_composition_structure_to_endpoint_linear_surrogate
expt_is_metal,hpsafemoe_prediction,max_atomic_fraction,0.06031341040267467,0.005979558046658854,-1.1842378929335003e-18,0.07755193684897677,0.641889493690927,moderate,raw_composition_structure_to_endpoint_linear_surrogate
expt_is_metal,hpsafemoe_prediction,min_atomic_fraction,0.03702546481095806,0.0036707577065121563,0.0,-0.0456144762873123,0.641889493690927,moderate,raw_composition_structure_to_endpoint_linear_surrogate
expt_is_metal,hpsafemoe_prediction,metal_fraction,0.12597981154569815,0.012489819275934016,-9.473903143468002e-18,0.16095106893666866,0.641889493690927,moderate,raw_composition_structure_to_endpoint_linear_surrogate
expt_is_metal,hpsafemoe_prediction,transition_metal_fraction,0.02265141317887757,0.0022456936034236474,-1.1842378929335003e-18,0.028147338424332702,0.641889493690927,moderate,raw_composition_structure_to_endpoint_linear_surrogate
expt_is_metal,hpsafemoe_prediction,alkali_fraction,0.07481078399596557,0.007416848465927499,1.1842378929335003e-18,-0.11559100357047214,0.641889493690927,moderate,raw_composition_structure_to_endpoint_linear_surrogate
expt_is_metal,hpsafemoe_prediction,alkaline_fraction,0.03818659717372926,0.0037858740349818966,2.0724163126336257e-18,-0.06955536615157598,0.641889493690927,moderate,raw_composition_structure_to_endpoint_linear_surrogate
expt_is_metal,hpsafemoe_prediction,halogen_fraction,0.029197287050726214,0.0028946609312783286,-2.9605947323337507e-19,-0.0621724188204098,0.641889493690927,moderate,raw_composition_structure_to_endpoint_linear_surrogate
expt_is_metal,hpsafemoe_prediction,chalcogen_fraction,0.18721836396678232,0.018561097229717164,0.0,-0.19522911105877938,0.641889493690927,moderate,raw_composition_structure_to_endpoint_linear_surrogate
expt_is_metal,hpsafemoe_prediction,rare_earth_fraction,0.003999015556219645,0.0003964681401409642,-3.7007434154171887e-19,-0.0051799528396827554,0.641889493690927,moderate,raw_composition_structure_to_endpoint_linear_surrogate
expt_is_metal,hpsafemoe_prediction,atomic_number_mean,2.0216603307560783,0.20043030592492284,-7.579122514774402e-17,-2.502250887260516,0.641889493690927,moderate,raw_composition_structure_to_endpoint_linear_surrogate
expt_is_metal,hpsafemoe_prediction,atomic_number_std,0.8345456225379713,0.08273805044739356,1.4210854715202004e-17,-1.0083129108423918,0.641889493690927,moderate,raw_composition_structure_to_endpoint_linear_surrogate
expt_is_metal,hpsafemoe_prediction,atomic_number_min,0.1508619959932934,0.014956674743710216,-1.7763568394002505e-18,0.18627474172717484,0.641889493690927,moderate,raw_composition_structure_to_endpoint_linear_surrogate
expt_is_metal,hpsafemoe_prediction,atomic_number_max,0.5454055600911135,0.05407228979030958,2.842170943040401e-17,0.6569262033852823,0.641889493690927,moderate,raw_composition_structure_to_endpoint_linear_surrogate
expt_is_metal,hpsafemoe_prediction,atomic_number_range,0.4066489989318124,0.040315765225251717,1.0658141036401503e-17,0.4836078557767678,0.641889493690927,moderate,raw_composition_structure_to_endpoint_linear_surrogate
expt_is_metal,hpsafemoe_prediction,atomic_mass_mean,1.9064041043496864,0.18900363826619412,-1.2316074086508403e-16,2.3700298381277207,0.641889493690927,moderate,raw_composition_structure_to_endpoint_linear_surrogate
expt_is_metal,hpsafemoe_prediction,atomic_mass_std,0.6628704010526498,0.06571792266501614,-9.473903143468002e-18,0.8018204448297865,0.641889493690927,moderate,raw_composition_structure_to_endpoint_linear_surrogate
expt_is_metal,hpsafemoe_prediction,atomic_mass_min,0.19486690837470738,0.019319384896660432,-3.552713678800501e-18,-0.24260653564158474,0.641889493690927,moderate,raw_composition_structure_to_endpoint_linear_surrogate
expt_is_metal,hpsafemoe_prediction,atomic_mass_max,0.5166452971043601,0.05122095605178764,-1.0658141036401503e-17,-0.6245109681337908,0.641889493690927,moderate,raw_composition_structure_to_endpoint_linear_surrogate
expt_is_metal,hpsafemoe_prediction,atomic_mass_range,0.3731935355013355,0.03699894257793648,-1.0066022089934753e-17,-0.44347067050580335,0.641889493690927,moderate,raw_composition_structure_to_endpoint_linear_surrogate
expt_is_metal,hpsafemoe_prediction,electronegativity_mean,0.3982998652219814,0.03948802012969272,2.3684757858670005e-18,0.5043585748985038,0.641889493690927,moderate,raw_composition_structure_to_endpoint_linear_surrogate
expt_is_metal,hpsafemoe_prediction,electronegativity_std,0.041117499545638606,0.004076447901472206,1.1842378929335003e-18,-0.049503185373907854,0.641889493690927,moderate,raw_composition_structure_to_endpoint_linear_surrogate
expt_is_metal,hpsafemoe_prediction,electronegativity_min,0.10827716232740575,0.010734753232185226,-6.8093678843676264e-18,-0.126021949983965,0.641889493690927,moderate,raw_composition_structure_to_endpoint_linear_surrogate
expt_is_metal,hpsafemoe_prediction,electronegativity_max,0.06722240283725561,0.006664525469835301,2.3684757858670005e-18,-0.08451615066576323,0.641889493690927,moderate,raw_composition_structure_to_endpoint_linear_surrogate
expt_is_metal,hpsafemoe_prediction,electronegativity_range,0.0013449945938390458,0.00013334469386838503,3.7007434154171883e-20,0.001596985346452584,0.641889493690927,moderate,raw_composition_structure_to_endpoint_linear_surrogate
expt_is_metal,hpsafemoe_prediction,atomic_radius_mean,0.2750268099282688,0.02726655255230876,-7.697546304067752e-18,0.3454896558707219,0.641889493690927,moderate,raw_composition_structure_to_endpoint_linear_surrogate
expt_is_metal,hpsafemoe_prediction,atomic_radius_std,0.04295817191140811,0.0042589348008618575,1.1842378929335003e-18,-0.05092858237759401,0.641889493690927,moderate,raw_composition_structure_to_endpoint_linear_surrogate
expt_is_metal,hpsafemoe_prediction,atomic_radius_min,0.054294399328391835,0.005382824652512059,4.588921835117314e-18,-0.06610988545841678,0.641889493690927,moderate,raw_composition_structure_to_endpoint_linear_surrogate
expt_is_metal,hpsafemoe_prediction,atomic_radius_max,0.0820832613538242,0.008137852305935847,1.1842378929335003e-18,-0.10556854771397184,0.641889493690927,moderate,raw_composition_structure_to_endpoint_linear_surrogate
expt_is_metal,hpsafemoe_prediction,atomic_radius_range,0.023588930245589453,0.0023386403905926987,-8.881784197001253e-19,-0.028354295205019753,0.641889493690927,moderate,raw_composition_structure_to_endpoint_linear_surrogate
expt_is_metal,hpsafemoe_prediction,period_mean,0.0409776716393027,0.004062585162209144,1.1842378929335003e-18,-0.05005733586210681,0.641889493690927,moderate,raw_composition_structure_to_endpoint_linear_surrogate
expt_is_metal,hpsafemoe_prediction,period_std,0.15846111824220288,0.015710062626896407,8.289665250534503e-18,0.19436907004933346,0.641889493690927,moderate,raw_composition_structure_to_endpoint_linear_surrogate
expt_is_metal,hpsafemoe_prediction,period_min,0.03956945179275653,0.003922972226070047,-5.921189464667501e-19,0.04756453244300474,0.641889493690927,moderate,raw_composition_structure_to_endpoint_linear_surrogate
expt_is_metal,hpsafemoe_prediction,period_max,0.015082378364421098,0.0014952886316594058,1.4802973661668753e-19,0.01732565393143659,0.641889493690927,moderate,raw_composition_structure_to_endpoint_linear_surrogate
expt_is_metal,hpsafemoe_prediction,period_range,0.02557152791127185,0.002535197967854032,6.291263806209221e-19,-0.03043344757438149,0.641889493690927,moderate,raw_composition_structure_to_endpoint_linear_surrogate
expt_is_metal,hpsafemoe_prediction,group_mean,0.178269186634513,0.017673862948470568,-9.473903143468002e-18,-0.22174178067780304,0.641889493690927,moderate,raw_composition_structure_to_endpoint_linear_surrogate
expt_is_metal,hpsafemoe_prediction,group_std,0.03402102070923585,0.0033728928074085057,-5.921189464667501e-19,0.03993794358275693,0.641889493690927,moderate,raw_composition_structure_to_endpoint_linear_surrogate
expt_is_metal,hpsafemoe_prediction,group_min,0.002229220448330837,0.00022100811379424152,-7.401486830834377e-20,-0.0026135292690696588,0.641889493690927,moderate,raw_composition_structure_to_endpoint_linear_surrogate
expt_is_metal,hpsafemoe_prediction,group_max,0.012388130718804485,0.0012281770542924583,-8.881784197001253e-19,0.017868291941454117,0.641889493690927,moderate,raw_composition_structure_to_endpoint_linear_surrogate
expt_is_metal,hpsafemoe_prediction,group_range,0.009066883765725781,0.000898903865947893,1.4802973661668753e-19,0.010609873921893609,0.641889493690927,moderate,raw_composition_structure_to_endpoint_linear_surrogate
expt_is_metal,hpsafemoe_prediction,n_sites,0.0,0.0,0.0,0.0,0.641889493690927,moderate,raw_composition_structure_to_endpoint_linear_surrogate
expt_is_metal,hpsafemoe_prediction,volume,0.0,0.0,0.0,0.0,0.641889493690927,moderate,raw_composition_structure_to_endpoint_linear_surrogate
expt_is_metal,hpsafemoe_prediction,volume_per_atom,0.0,0.0,0.0,0.0,0.641889493690927,moderate,raw_composition_structure_to_endpoint_linear_surrogate
expt_is_metal,hpsafemoe_prediction,density,0.0,0.0,0.0,0.0,0.641889493690927,moderate,raw_composition_structure_to_endpoint_linear_surrogate
expt_is_metal,hpsafemoe_prediction,lattice_a,0.0,0.0,0.0,0.0,0.641889493690927,moderate,raw_composition_structure_to_endpoint_linear_surrogate
expt_is_metal,hpsafemoe_prediction,lattice_b,0.0,0.0,0.0,0.0,0.641889493690927,moderate,raw_composition_structure_to_endpoint_linear_surrogate
expt_is_metal,hpsafemoe_prediction,lattice_c,0.0,0.0,0.0,0.0,0.641889493690927,moderate,raw_composition_structure_to_endpoint_linear_surrogate
expt_is_metal,hpsafemoe_prediction,lattice_length_anisotropy,0.0,0.0,0.0,0.0,0.641889493690927,moderate,raw_composition_structure_to_endpoint_linear_surrogate
expt_is_metal,hpsafemoe_prediction,lattice_alpha,0.0,0.0,0.0,0.0,0.641889493690927,moderate,raw_composition_structure_to_endpoint_linear_surrogate
expt_is_metal,hpsafemoe_prediction,lattice_beta,0.0,0.0,0.0,0.0,0.641889493690927,moderate,raw_composition_structure_to_endpoint_linear_surrogate
expt_is_metal,hpsafemoe_prediction,lattice_gamma,0.0,0.0,0.0,0.0,0.641889493690927,moderate,raw_composition_structure_to_endpoint_linear_surrogate
expt_is_metal,hpsafemoe_prediction,spacegroup_number,0.0,0.0,0.0,0.0,0.641889493690927,moderate,raw_composition_structure_to_endpoint_linear_surrogate
expt_is_metal,hpsafemoe_prediction,crystal_system,0.0,0.0,0.0,0.0,0.641889493690927,moderate,raw_composition_structure_to_endpoint_linear_surrogate
expt_is_metal,stage2_correction,n_elements,7.995021502901897e-06,0.0015419924811782568,8.673617379884036e-22,1.080346379538652e-05,-0.005396658254429587,low,raw_composition_structure_to_endpoint_linear_surrogate
expt_is_metal,stage2_correction,composition_entropy,7.992800110691989e-05,0.015415640432954842,2.8912057932946787e-21,9.749369181592433e-05,-0.005396658254429587,low,raw_composition_structure_to_endpoint_linear_surrogate
expt_is_metal,stage2_correction,max_atomic_fraction,0.0001895885639237831,0.03656577283522587,-1.1564823173178714e-21,-0.00024377597351141328,-0.005396658254429587,low,raw_composition_structure_to_endpoint_linear_surrogate
expt_is_metal,stage2_correction,min_atomic_fraction,8.576366976747556e-05,0.016541160507410963,0.0,0.00010565876487696603,-0.005396658254429587,low,raw_composition_structure_to_endpoint_linear_surrogate
expt_is_metal,stage2_correction,metal_fraction,0.0004683268687851319,0.09032577462591107,-2.312964634635743e-20,0.0005983316629695648,-0.005396658254429587,low,raw_composition_structure_to_endpoint_linear_surrogate
expt_is_metal,stage2_correction,transition_metal_fraction,0.0002878772651502321,0.05552262469871987,9.251858538542971e-21,0.00035772508950615773,-0.005396658254429587,low,raw_composition_structure_to_endpoint_linear_surrogate
expt_is_metal,stage2_correction,alkali_fraction,9.482992726073084e-05,0.018289761293781757,8.673617379884036e-21,0.00014652281228831778,-0.005396658254429587,low,raw_composition_structure_to_endpoint_linear_surrogate
expt_is_metal,stage2_correction,alkaline_fraction,9.603815023541606e-05,0.01852279015328829,-8.0953762212251e-21,0.00017492966638933615,-0.005396658254429587,low,raw_composition_structure_to_endpoint_linear_surrogate
expt_is_metal,stage2_correction,halogen_fraction,6.223251324412433e-05,0.012002727881649265,6.938893903907229e-21,0.00013251730789022614,-0.005396658254429587,low,raw_composition_structure_to_endpoint_linear_surrogate
expt_is_metal,stage2_correction,chalcogen_fraction,0.0005120986635025616,0.09876800061835601,1.8503717077085942e-20,-0.0005340104716849927,-0.005396658254429587,low,raw_composition_structure_to_endpoint_linear_surrogate
expt_is_metal,stage2_correction,rare_earth_fraction,2.3890688181881398e-05,0.004607775167742084,1.734723475976807e-21,3.094577561651143e-05,-0.005396658254429587,low,raw_composition_structure_to_endpoint_linear_surrogate
expt_is_metal,stage2_correction,atomic_number_mean,3.726835669808351e-05,0.007187913852821473,4.336808689942018e-22,4.612781741611589e-05,-0.005396658254429587,low,raw_composition_structure_to_endpoint_linear_surrogate
expt_is_metal,stage2_correction,atomic_number_std,8.800648245117871e-05,0.016973729737363153,-1.5901631863120731e-21,0.00010633100228059773,-0.005396658254429587,low,raw_composition_structure_to_endpoint_linear_surrogate
expt_is_metal,stage2_correction,atomic_number_min,0.00017199241938593347,0.03317202054009549,-3.469446951953614e-21,-0.00021236523677951963,-0.005396658254429587,low,raw_composition_structure_to_endpoint_linear_surrogate
expt_is_metal,stage2_correction,atomic_number_max,6.0112417775332866e-05,0.011593827008640988,-1.734723475976807e-21,-7.240377670308754e-05,-0.005396658254429587,low,raw_composition_structure_to_endpoint_linear_surrogate
expt_is_metal,stage2_correction,atomic_number_range,7.24328115144417e-05,0.013970050074953687,2.240684489803376e-21,8.614081617413662e-05,-0.005396658254429587,low,raw_composition_structure_to_endpoint_linear_surrogate
expt_is_metal,stage2_correction,atomic_mass_mean,4.354912086787963e-05,0.008399279090846682,-2.3129646346357427e-21,5.413999877864996e-05,-0.005396658254429587,low,raw_composition_structure_to_endpoint_linear_surrogate
expt_is_metal,stage2_correction,atomic_mass_std,5.523742812222319e-05,0.010653592215252571,-5.782411586589357e-22,6.681622699984834e-05,-0.005396658254429587,low,raw_composition_structure_to_endpoint_linear_surrogate
expt_is_metal,stage2_correction,atomic_mass_min,0.00016026501992968901,0.030910167738481483,2.8912057932946787e-21,-0.0001995276755502627,-0.005396658254429587,low,raw_composition_structure_to_endpoint_linear_surrogate
expt_is_metal,stage2_correction,atomic_mass_max,7.128077188563636e-05,0.013747857245954734,-1.0119220276531376e-21,-8.616283571943691e-05,-0.005396658254429587,low,raw_composition_structure_to_endpoint_linear_surrogate
expt_is_metal,stage2_correction,atomic_mass_range,4.250542915564399e-05,0.008197983225369488,1.4456028966473393e-21,5.050974728827507e-05,-0.005396658254429587,low,raw_composition_structure_to_endpoint_linear_surrogate
expt_is_metal,stage2_correction,electronegativity_mean,0.00022443363898938914,0.04328631057708862,-3.469446951953614e-21,-0.0002841955024435859,-0.005396658254429587,low,raw_composition_structure_to_endpoint_linear_surrogate
expt_is_metal,stage2_correction,electronegativity_std,8.000845495264993e-05,0.015431157492559067,-1.734723475976807e-21,9.632573528954047e-05,-0.005396658254429587,low,raw_composition_structure_to_endpoint_linear_surrogate
expt_is_metal,stage2_correction,electronegativity_min,0.00010935825334342734,0.021091826250766884,-8.384496800554568e-21,-0.00012728021345357113,-0.005396658254429587,low,raw_composition_structure_to_endpoint_linear_surrogate
expt_is_metal,stage2_correction,electronegativity_max,2.882925436146307e-06,0.0005560271907613531,1.7166534397687153e-22,-3.6245916574774103e-06,-0.005396658254429587,low,raw_composition_structure_to_endpoint_linear_surrogate
expt_is_metal,stage2_correction,electronegativity_range,5.691199365343023e-05,0.010976564136894596,1.1564823173178714e-21,6.757471020200024e-05,-0.005396658254429587,low,raw_composition_structure_to_endpoint_linear_surrogate
expt_is_metal,stage2_correction,atomic_radius_mean,0.00016041425078540733,0.030938949757065664,-4.04768811061255e-21,0.0002015129518284593,-0.005396658254429587,low,raw_composition_structure_to_endpoint_linear_surrogate
expt_is_metal,stage2_correction,atomic_radius_std,1.2495224718290112e-05,0.0024099425572830105,0.0,-1.4813574532555749e-05,-0.005396658254429587,low,raw_composition_structure_to_endpoint_linear_surrogate
expt_is_metal,stage2_correction,atomic_radius_min,4.6963269532074855e-07,9.057762819489935e-05,-1.2423149893063071e-23,5.718336343937932e-07,-0.005396658254429587,low,raw_composition_structure_to_endpoint_linear_surrogate
expt_is_metal,stage2_correction,atomic_radius_max,1.3622723852918225e-06,0.00026274022836265227,1.807003620809174e-23,-1.7520395137102558e-06,-0.005396658254429587,low,raw_composition_structure_to_endpoint_linear_surrogate
expt_is_metal,stage2_correction,atomic_radius_range,1.3919166950823683e-06,0.00026845769926503183,0.0,-1.673107532315513e-06,-0.005396658254429587,low,raw_composition_structure_to_endpoint_linear_surrogate
expt_is_metal,stage2_correction,period_mean,8.879028695915958e-05,0.017124901395573384,-1.734723475976807e-21,0.00010846407416044017,-0.005396658254429587,low,raw_composition_structure_to_endpoint_linear_surrogate
expt_is_metal,stage2_correction,period_std,0.00018900733912180409,0.03645367253953552,7.517135062566164e-21,0.0002318371922723177,-0.005396658254429587,low,raw_composition_structure_to_endpoint_linear_surrogate
expt_is_metal,stage2_correction,period_min,0.00016796786374815843,0.032395808177029285,4.6259292692714854e-21,-0.00020190608013664676,-0.005396658254429587,low,raw_composition_structure_to_endpoint_linear_surrogate
expt_is_metal,stage2_correction,period_max,7.638238387657087e-05,0.014731800482261798,4.04768811061255e-21,8.774310772002725e-05,-0.005396658254429587,low,raw_composition_structure_to_endpoint_linear_surrogate
expt_is_metal,stage2_correction,period_range,0.0002018921615417871,0.03893875644903087,-8.673617379884036e-21,0.00024027795817598214,-0.005396658254429587,low,raw_composition_structure_to_endpoint_linear_surrogate
expt_is_metal,stage2_correction,group_mean,0.0004255270527039826,0.08207101326360704,-9.251858538542971e-21,-0.0005292957699224217,-0.005396658254429587,low,raw_composition_structure_to_endpoint_linear_surrogate
expt_is_metal,stage2_correction,group_std,0.00014849062455004792,0.028639250876127002,-9.251858538542971e-21,0.00017431605702054076,-0.005396658254429587,low,raw_composition_structure_to_endpoint_linear_surrogate
expt_is_metal,stage2_correction,group_min,0.00022991901484521675,0.044344269998842875,9.251858538542971e-21,-0.00026955614697665655,-0.005396658254429587,low,raw_composition_structure_to_endpoint_linear_surrogate
expt_is_metal,stage2_correction,group_max,0.00016157670679594062,0.03116315158407666,4.6259292692714854e-21,-0.0002330537054784339,-0.005396658254429587,low,raw_composition_structure_to_endpoint_linear_surrogate
expt_is_metal,stage2_correction,group_range,0.00013436254079009571,0.025914380289675715,-1.1564823173178714e-21,0.00015722817832925973,-0.005396658254429587,low,raw_composition_structure_to_endpoint_linear_surrogate
expt_is_metal,stage2_correction,n_sites,0.0,0.0,0.0,0.0,-0.005396658254429587,low,raw_composition_structure_to_endpoint_linear_surrogate
expt_is_metal,stage2_correction,volume,0.0,0.0,0.0,0.0,-0.005396658254429587,low,raw_composition_structure_to_endpoint_linear_surrogate
expt_is_metal,stage2_correction,volume_per_atom,0.0,0.0,0.0,0.0,-0.005396658254429587,low,raw_composition_structure_to_endpoint_linear_surrogate
expt_is_metal,stage2_correction,density,0.0,0.0,0.0,0.0,-0.005396658254429587,low,raw_composition_structure_to_endpoint_linear_surrogate
expt_is_metal,stage2_correction,lattice_a,0.0,0.0,0.0,0.0,-0.005396658254429587,low,raw_composition_structure_to_endpoint_linear_surrogate
expt_is_metal,stage2_correction,lattice_b,0.0,0.0,0.0,0.0,-0.005396658254429587,low,raw_composition_structure_to_endpoint_linear_surrogate
expt_is_metal,stage2_correction,lattice_c,0.0,0.0,0.0,0.0,-0.005396658254429587,low,raw_composition_structure_to_endpoint_linear_surrogate
expt_is_metal,stage2_correction,lattice_length_anisotropy,0.0,0.0,0.0,0.0,-0.005396658254429587,low,raw_composition_structure_to_endpoint_linear_surrogate
expt_is_metal,stage2_correction,lattice_alpha,0.0,0.0,0.0,0.0,-0.005396658254429587,low,raw_composition_structure_to_endpoint_linear_surrogate
expt_is_metal,stage2_correction,lattice_beta,0.0,0.0,0.0,0.0,-0.005396658254429587,low,raw_composition_structure_to_endpoint_linear_surrogate
expt_is_metal,stage2_correction,lattice_gamma,0.0,0.0,0.0,0.0,-0.005396658254429587,low,raw_composition_structure_to_endpoint_linear_surrogate
expt_is_metal,stage2_correction,spacegroup_number,0.0,0.0,0.0,0.0,-0.005396658254429587,low,raw_composition_structure_to_endpoint_linear_surrogate
expt_is_metal,stage2_correction,crystal_system,0.0,0.0,0.0,0.0,-0.005396658254429587,low,raw_composition_structure_to_endpoint_linear_surrogate
expt_is_metal,benefit_gate_probability,n_elements,0.0,0.0,0.0,0.0,,low,raw_composition_structure_to_endpoint_linear_surrogate
expt_is_metal,benefit_gate_probability,composition_entropy,0.0,0.0,0.0,0.0,,low,raw_composition_structure_to_endpoint_linear_surrogate
expt_is_metal,benefit_gate_probability,max_atomic_fraction,0.0,0.0,0.0,0.0,,low,raw_composition_structure_to_endpoint_linear_surrogate
expt_is_metal,benefit_gate_probability,min_atomic_fraction,0.0,0.0,0.0,0.0,,low,raw_composition_structure_to_endpoint_linear_surrogate
expt_is_metal,benefit_gate_probability,metal_fraction,0.0,0.0,0.0,0.0,,low,raw_composition_structure_to_endpoint_linear_surrogate
expt_is_metal,benefit_gate_probability,transition_metal_fraction,0.0,0.0,0.0,0.0,,low,raw_composition_structure_to_endpoint_linear_surrogate
expt_is_metal,benefit_gate_probability,alkali_fraction,0.0,0.0,0.0,0.0,,low,raw_composition_structure_to_endpoint_linear_surrogate
expt_is_metal,benefit_gate_probability,alkaline_fraction,0.0,0.0,0.0,0.0,,low,raw_composition_structure_to_endpoint_linear_surrogate
expt_is_metal,benefit_gate_probability,halogen_fraction,0.0,0.0,0.0,0.0,,low,raw_composition_structure_to_endpoint_linear_surrogate
expt_is_metal,benefit_gate_probability,chalcogen_fraction,0.0,0.0,0.0,0.0,,low,raw_composition_structure_to_endpoint_linear_surrogate
expt_is_metal,benefit_gate_probability,rare_earth_fraction,0.0,0.0,0.0,0.0,,low,raw_composition_structure_to_endpoint_linear_surrogate
expt_is_metal,benefit_gate_probability,atomic_number_mean,0.0,0.0,0.0,0.0,,low,raw_composition_structure_to_endpoint_linear_surrogate
expt_is_metal,benefit_gate_probability,atomic_number_std,0.0,0.0,0.0,0.0,,low,raw_composition_structure_to_endpoint_linear_surrogate
expt_is_metal,benefit_gate_probability,atomic_number_min,0.0,0.0,0.0,0.0,,low,raw_composition_structure_to_endpoint_linear_surrogate
expt_is_metal,benefit_gate_probability,atomic_number_max,0.0,0.0,0.0,0.0,,low,raw_composition_structure_to_endpoint_linear_surrogate
expt_is_metal,benefit_gate_probability,atomic_number_range,0.0,0.0,0.0,0.0,,low,raw_composition_structure_to_endpoint_linear_surrogate
expt_is_metal,benefit_gate_probability,atomic_mass_mean,0.0,0.0,0.0,0.0,,low,raw_composition_structure_to_endpoint_linear_surrogate
expt_is_metal,benefit_gate_probability,atomic_mass_std,0.0,0.0,0.0,0.0,,low,raw_composition_structure_to_endpoint_linear_surrogate
expt_is_metal,benefit_gate_probability,atomic_mass_min,0.0,0.0,0.0,0.0,,low,raw_composition_structure_to_endpoint_linear_surrogate
expt_is_metal,benefit_gate_probability,atomic_mass_max,0.0,0.0,0.0,0.0,,low,raw_composition_structure_to_endpoint_linear_surrogate
expt_is_metal,benefit_gate_probability,atomic_mass_range,0.0,0.0,0.0,0.0,,low,raw_composition_structure_to_endpoint_linear_surrogate
expt_is_metal,benefit_gate_probability,electronegativity_mean,0.0,0.0,0.0,0.0,,low,raw_composition_structure_to_endpoint_linear_surrogate
expt_is_metal,benefit_gate_probability,electronegativity_std,0.0,0.0,0.0,0.0,,low,raw_composition_structure_to_endpoint_linear_surrogate
expt_is_metal,benefit_gate_probability,electronegativity_min,0.0,0.0,0.0,0.0,,low,raw_composition_structure_to_endpoint_linear_surrogate
expt_is_metal,benefit_gate_probability,electronegativity_max,0.0,0.0,0.0,0.0,,low,raw_composition_structure_to_endpoint_linear_surrogate
expt_is_metal,benefit_gate_probability,electronegativity_range,0.0,0.0,0.0,0.0,,low,raw_composition_structure_to_endpoint_linear_surrogate
expt_is_metal,benefit_gate_probability,atomic_radius_mean,0.0,0.0,0.0,0.0,,low,raw_composition_structure_to_endpoint_linear_surrogate
expt_is_metal,benefit_gate_probability,atomic_radius_std,0.0,0.0,0.0,0.0,,low,raw_composition_structure_to_endpoint_linear_surrogate
expt_is_metal,benefit_gate_probability,atomic_radius_min,0.0,0.0,0.0,0.0,,low,raw_composition_structure_to_endpoint_linear_surrogate
expt_is_metal,benefit_gate_probability,atomic_radius_max,0.0,0.0,0.0,0.0,,low,raw_composition_structure_to_endpoint_linear_surrogate
expt_is_metal,benefit_gate_probability,atomic_radius_range,0.0,0.0,0.0,0.0,,low,raw_composition_structure_to_endpoint_linear_surrogate
expt_is_metal,benefit_gate_probability,period_mean,0.0,0.0,0.0,0.0,,low,raw_composition_structure_to_endpoint_linear_surrogate
expt_is_metal,benefit_gate_probability,period_std,0.0,0.0,0.0,0.0,,low,raw_composition_structure_to_endpoint_linear_surrogate
expt_is_metal,benefit_gate_probability,period_min,0.0,0.0,0.0,0.0,,low,raw_composition_structure_to_endpoint_linear_surrogate
expt_is_metal,benefit_gate_probability,period_max,0.0,0.0,0.0,0.0,,low,raw_composition_structure_to_endpoint_linear_surrogate
expt_is_metal,benefit_gate_probability,period_range,0.0,0.0,0.0,0.0,,low,raw_composition_structure_to_endpoint_linear_surrogate
expt_is_metal,benefit_gate_probability,group_mean,0.0,0.0,0.0,0.0,,low,raw_composition_structure_to_endpoint_linear_surrogate
expt_is_metal,benefit_gate_probability,group_std,0.0,0.0,0.0,0.0,,low,raw_composition_structure_to_endpoint_linear_surrogate
expt_is_metal,benefit_gate_probability,group_min,0.0,0.0,0.0,0.0,,low,raw_composition_structure_to_endpoint_linear_surrogate
expt_is_metal,benefit_gate_probability,group_max,0.0,0.0,0.0,0.0,,low,raw_composition_structure_to_endpoint_linear_surrogate
expt_is_metal,benefit_gate_probability,group_range,0.0,0.0,0.0,0.0,,low,raw_composition_structure_to_endpoint_linear_surrogate
expt_is_metal,benefit_gate_probability,n_sites,0.0,0.0,0.0,0.0,,low,raw_composition_structure_to_endpoint_linear_surrogate
expt_is_metal,benefit_gate_probability,volume,0.0,0.0,0.0,0.0,,low,raw_composition_structure_to_endpoint_linear_surrogate
expt_is_metal,benefit_gate_probability,volume_per_atom,0.0,0.0,0.0,0.0,,low,raw_composition_structure_to_endpoint_linear_surrogate
expt_is_metal,benefit_gate_probability,density,0.0,0.0,0.0,0.0,,low,raw_composition_structure_to_endpoint_linear_surrogate
expt_is_metal,benefit_gate_probability,lattice_a,0.0,0.0,0.0,0.0,,low,raw_composition_structure_to_endpoint_linear_surrogate
expt_is_metal,benefit_gate_probability,lattice_b,0.0,0.0,0.0,0.0,,low,raw_composition_structure_to_endpoint_linear_surrogate
expt_is_metal,benefit_gate_probability,lattice_c,0.0,0.0,0.0,0.0,,low,raw_composition_structure_to_endpoint_linear_surrogate
expt_is_metal,benefit_gate_probability,lattice_length_anisotropy,0.0,0.0,0.0,0.0,,low,raw_composition_structure_to_endpoint_linear_surrogate
expt_is_metal,benefit_gate_probability,lattice_alpha,0.0,0.0,0.0,0.0,,low,raw_composition_structure_to_endpoint_linear_surrogate
expt_is_metal,benefit_gate_probability,lattice_beta,0.0,0.0,0.0,0.0,,low,raw_composition_structure_to_endpoint_linear_surrogate
expt_is_metal,benefit_gate_probability,lattice_gamma,0.0,0.0,0.0,0.0,,low,raw_composition_structure_to_endpoint_linear_surrogate
expt_is_metal,benefit_gate_probability,spacegroup_number,0.0,0.0,0.0,0.0,,low,raw_composition_structure_to_endpoint_linear_surrogate
expt_is_metal,benefit_gate_probability,crystal_system,0.0,0.0,0.0,0.0,,low,raw_composition_structure_to_endpoint_linear_surrogate
expt_is_metal,realized_local_gain,n_elements,0.00295167777896816,0.045561940107828706,-3.7007434154171887e-19,-0.003988525110177017,-0.0008719877408858157,low,raw_composition_structure_to_endpoint_linear_surrogate
expt_is_metal,realized_local_gain,composition_entropy,0.002902681063425169,0.04480562943091245,0.0,-0.003540600154117859,-0.0008719877408858157,low,raw_composition_structure_to_endpoint_linear_surrogate
expt_is_metal,realized_local_gain,max_atomic_fraction,0.002176846425265287,0.03360168483110971,-1.8503717077085942e-20,0.0027990235567015432,-0.0008719877408858157,low,raw_composition_structure_to_endpoint_linear_surrogate
expt_is_metal,realized_local_gain,min_atomic_fraction,0.002957767082244594,0.04565593426706795,7.401486830834377e-20,0.0036438974399184004,-0.0008719877408858157,low,raw_composition_structure_to_endpoint_linear_surrogate
expt_is_metal,realized_local_gain,metal_fraction,0.0019995453216100183,0.03086487449112157,1.8503717077085942e-20,-0.0025546073847213732,-0.0008719877408858157,low,raw_composition_structure_to_endpoint_linear_surrogate
expt_is_metal,realized_local_gain,transition_metal_fraction,0.004785355804546689,0.07386649590106176,0.0,-0.0059464294014566635,-0.0008719877408858157,low,raw_composition_structure_to_endpoint_linear_surrogate
expt_is_metal,realized_local_gain,alkali_fraction,0.0010806461291900187,0.016680795772065767,1.8503717077085942e-20,-0.0016697187745600512,-0.0008719877408858157,low,raw_composition_structure_to_endpoint_linear_surrogate
expt_is_metal,realized_local_gain,alkaline_fraction,0.0011569477563233737,0.017858583601872542,-5.551115123125783e-20,0.0021073342681782025,-0.0008719877408858157,low,raw_composition_structure_to_endpoint_linear_surrogate
expt_is_metal,realized_local_gain,halogen_fraction,0.0009276563534428487,0.014319253787581457,-9.251858538542972e-20,-0.0019753424086101307,-0.0008719877408858157,low,raw_composition_structure_to_endpoint_linear_surrogate
expt_is_metal,realized_local_gain,chalcogen_fraction,0.0037154786959365605,0.05735193015389135,3.7007434154171883e-20,0.003874457545704374,-0.0008719877408858157,low,raw_composition_structure_to_endpoint_linear_surrogate
expt_is_metal,realized_local_gain,rare_earth_fraction,0.00402910520531133,0.062193052155140385,3.7007434154171883e-20,0.005218928172753195,-0.0008719877408858157,low,raw_composition_structure_to_endpoint_linear_surrogate
expt_is_metal,realized_local_gain,atomic_number_mean,0.000525180699240346,0.008106661145425237,-2.0816681711721686e-20,-0.0006500270350335174,-0.0008719877408858157,low,raw_composition_structure_to_endpoint_linear_surrogate
expt_is_metal,realized_local_gain,atomic_number_std,0.0007060007186201102,0.01089778928006778,1.0408340855860843e-20,0.0008530026644723958,-0.0008719877408858157,low,raw_composition_structure_to_endpoint_linear_surrogate
expt_is_metal,realized_local_gain,atomic_number_min,0.0008137458737701658,0.012560937724262677,-2.312964634635743e-20,0.0010047613480788785,-0.0008719877408858157,low,raw_composition_structure_to_endpoint_linear_surrogate
expt_is_metal,realized_local_gain,atomic_number_max,0.00135810889290508,0.02096369613219841,3.469446951953614e-20,0.0016358053237500534,-0.0008719877408858157,low,raw_composition_structure_to_endpoint_linear_surrogate
expt_is_metal,realized_local_gain,atomic_number_range,0.0006819745898693761,0.010526923243482105,1.329954664915552e-20,0.0008110391762117,-0.0008719877408858157,low,raw_composition_structure_to_endpoint_linear_surrogate
expt_is_metal,realized_local_gain,atomic_mass_mean,0.0004195115818132857,0.006475558308332404,3.23815048849004e-20,-0.0005215342141097658,-0.0008719877408858157,low,raw_composition_structure_to_endpoint_linear_surrogate
expt_is_metal,realized_local_gain,atomic_mass_std,0.0003698763626880492,0.005709391724318094,-1.1564823173178714e-21,0.00044740937171367065,-0.0008719877408858157,low,raw_composition_structure_to_endpoint_linear_surrogate
expt_is_metal,realized_local_gain,atomic_mass_min,0.0010417529307514652,0.016080442444041342,2.312964634635743e-20,0.00129696761565128,-0.0008719877408858157,low,raw_composition_structure_to_endpoint_linear_surrogate
expt_is_metal,realized_local_gain,atomic_mass_max,0.0012665659717707154,0.019550644504497484,4.163336342344337e-20,0.001531000757519853,-0.0008719877408858157,low,raw_composition_structure_to_endpoint_linear_surrogate
expt_is_metal,realized_local_gain,atomic_mass_range,0.0005174094735154974,0.00798670492135401,1.0986582014519778e-20,0.0006148443215602034,-0.0008719877408858157,low,raw_composition_structure_to_endpoint_linear_surrogate
expt_is_metal,realized_local_gain,electronegativity_mean,0.0008556137663915375,0.013207208272372028,9.251858538542971e-21,0.0010834453575330047,-0.0008719877408858157,low,raw_composition_structure_to_endpoint_linear_surrogate
expt_is_metal,realized_local_gain,electronegativity_std,0.004080304655248091,0.06298336412218306,-1.1102230246251566e-19,0.00491246014380246,-0.0008719877408858157,low,raw_composition_structure_to_endpoint_linear_surrogate
expt_is_metal,realized_local_gain,electronegativity_min,0.00033879606157631164,0.005229637860980987,3.469446951953614e-21,-0.0003943189811128589,-0.0008719877408858157,low,raw_composition_structure_to_endpoint_linear_surrogate
expt_is_metal,realized_local_gain,electronegativity_max,0.001976345623069908,0.03050676518700448,-7.401486830834377e-20,0.0024847836048256513,-0.0008719877408858157,low,raw_composition_structure_to_endpoint_linear_surrogate
expt_is_metal,realized_local_gain,electronegativity_range,0.00187279470210366,0.02890835871703268,8.326672684688674e-20,0.002223671165574578,-0.0008719877408858157,low,raw_composition_structure_to_endpoint_linear_surrogate
expt_is_metal,realized_local_gain,atomic_radius_mean,0.00022116373992737767,0.0034138716442541892,-6.3606527452482926e-21,0.0002778266759466846,-0.0008719877408858157,low,raw_composition_structure_to_endpoint_linear_surrogate
expt_is_metal,realized_local_gain,atomic_radius_std,0.0026754892451794784,0.04129870869259343,-1.1102230246251566e-19,0.003171896483502468,-0.0008719877408858157,low,raw_composition_structure_to_endpoint_linear_surrogate
expt_is_metal,realized_local_gain,atomic_radius_min,3.124286929804544e-06,4.8226325715399905e-05,1.4456028966473392e-22,-3.8041907383364135e-06,-0.0008719877408858157,low,raw_composition_structure_to_endpoint_linear_surrogate
expt_is_metal,realized_local_gain,atomic_radius_max,0.0009051776513403436,0.013972273745859529,1.8503717077085942e-20,0.001164162930408369,-0.0008719877408858157,low,raw_composition_structure_to_endpoint_linear_surrogate
expt_is_metal,realized_local_gain,atomic_radius_range,0.0006994006375853244,0.010795910782707254,1.8503717077085942e-20,0.00084069145731529,-0.0008719877408858157,low,raw_composition_structure_to_endpoint_linear_surrogate
expt_is_metal,realized_local_gain,period_mean,0.0003043852244439679,0.004698474022009319,3.469446951953614e-21,-0.0003718296526355235,-0.0008719877408858157,low,raw_composition_structure_to_endpoint_linear_surrogate
expt_is_metal,realized_local_gain,period_std,0.002530415680435703,0.03905936091717475,1.295260195396016e-19,0.0031038184514941085,-0.0008719877408858157,low,raw_composition_structure_to_endpoint_linear_surrogate
expt_is_metal,realized_local_gain,period_min,0.00035267490459684343,0.005443870938511719,2.3129646346357427e-21,0.0004239335189526409,-0.0008719877408858157,low,raw_composition_structure_to_endpoint_linear_surrogate
expt_is_metal,realized_local_gain,period_max,0.002828141905566155,0.04365504698242866,1.4802973661668753e-19,0.0032487852207991963,-0.0008719877408858157,low,raw_composition_structure_to_endpoint_linear_surrogate
expt_is_metal,realized_local_gain,period_range,0.0015629142507073022,0.024125060666104037,-9.251858538542972e-20,0.001860071446539883,-0.0008719877408858157,low,raw_composition_structure_to_endpoint_linear_surrogate
expt_is_metal,realized_local_gain,group_mean,0.00016324092020566375,0.0025197781013066084,4.6259292692714854e-21,0.00020304873214067388,-0.0008719877408858157,low,raw_composition_structure_to_endpoint_linear_surrogate
expt_is_metal,realized_local_gain,group_std,0.003960277901513002,0.061130637580017286,-3.7007434154171883e-20,0.004649047915241631,-0.0008719877408858157,low,raw_composition_structure_to_endpoint_linear_surrogate
expt_is_metal,realized_local_gain,group_min,0.00012045702401960227,0.0018593681712327599,2.3129646346357427e-21,0.0001412233402829147,-0.0008719877408858157,low,raw_composition_structure_to_endpoint_linear_surrogate
expt_is_metal,realized_local_gain,group_max,0.0019704601392171606,0.030415917173472928,-1.1102230246251566e-19,0.0028421363824556382,-0.0008719877408858157,low,raw_composition_structure_to_endpoint_linear_surrogate
expt_is_metal,realized_local_gain,group_range,0.0009788344515810896,0.015109236169405753,0.0,0.0011454111897782689,-0.0008719877408858157,low,raw_composition_structure_to_endpoint_linear_surrogate
expt_is_metal,realized_local_gain,n_sites,0.0,0.0,0.0,0.0,-0.0008719877408858157,low,raw_composition_structure_to_endpoint_linear_surrogate
expt_is_metal,realized_local_gain,volume,0.0,0.0,0.0,0.0,-0.0008719877408858157,low,raw_composition_structure_to_endpoint_linear_surrogate
expt_is_metal,realized_local_gain,volume_per_atom,0.0,0.0,0.0,0.0,-0.0008719877408858157,low,raw_composition_structure_to_endpoint_linear_surrogate
expt_is_metal,realized_local_gain,density,0.0,0.0,0.0,0.0,-0.0008719877408858157,low,raw_composition_structure_to_endpoint_linear_surrogate
expt_is_metal,realized_local_gain,lattice_a,0.0,0.0,0.0,0.0,-0.0008719877408858157,low,raw_composition_structure_to_endpoint_linear_surrogate
expt_is_metal,realized_local_gain,lattice_b,0.0,0.0,0.0,0.0,-0.0008719877408858157,low,raw_composition_structure_to_endpoint_linear_surrogate
expt_is_metal,realized_local_gain,lattice_c,0.0,0.0,0.0,0.0,-0.0008719877408858157,low,raw_composition_structure_to_endpoint_linear_surrogate
expt_is_metal,realized_local_gain,lattice_length_anisotropy,0.0,0.0,0.0,0.0,-0.0008719877408858157,low,raw_composition_structure_to_endpoint_linear_surrogate
expt_is_metal,realized_local_gain,lattice_alpha,0.0,0.0,0.0,0.0,-0.0008719877408858157,low,raw_composition_structure_to_endpoint_linear_surrogate
expt_is_metal,realized_local_gain,lattice_beta,0.0,0.0,0.0,0.0,-0.0008719877408858157,low,raw_composition_structure_to_endpoint_linear_surrogate
expt_is_metal,realized_local_gain,lattice_gamma,0.0,0.0,0.0,0.0,-0.0008719877408858157,low,raw_composition_structure_to_endpoint_linear_surrogate
expt_is_metal,realized_local_gain,spacegroup_number,0.0,0.0,0.0,0.0,-0.0008719877408858157,low,raw_composition_structure_to_endpoint_linear_surrogate
expt_is_metal,realized_local_gain,crystal_system,0.0,0.0,0.0,0.0,-0.0008719877408858157,low,raw_composition_structure_to_endpoint_linear_surrogate
jdft2d,stage1_anchor_prediction,n_elements,1.3539033517517984,0.005292027402281157,1.340646671245472e-16,-1.4609750663919598,0.5536845749218959,moderate,raw_composition_structure_to_endpoint_linear_surrogate
jdft2d,stage1_anchor_prediction,composition_entropy,2.2084277354454684,0.008632122874068818,2.2344111187424535e-17,-2.49502504042529,0.5536845749218959,moderate,raw_composition_structure_to_endpoint_linear_surrogate
jdft2d,stage1_anchor_prediction,max_atomic_fraction,1.8927945895220082,0.007398401681833104,1.1172055593712267e-16,2.1996175030474356,0.5536845749218959,moderate,raw_composition_structure_to_endpoint_linear_surrogate
jdft2d,stage1_anchor_prediction,min_atomic_fraction,3.087075830720028,0.012066511149375734,5.586027796856134e-17,-4.482490229005773,0.5536845749218959,moderate,raw_composition_structure_to_endpoint_linear_surrogate
jdft2d,stage1_anchor_prediction,metal_fraction,2.89800742351433,0.011327495923108956,8.937644474969814e-17,4.089367238087036,0.5536845749218959,moderate,raw_composition_structure_to_endpoint_linear_surrogate
jdft2d,stage1_anchor_prediction,transition_metal_fraction,9.348973703575684,0.036542508708995634,-7.150115579975851e-16,10.148540334062695,0.5536845749218959,moderate,raw_composition_structure_to_endpoint_linear_surrogate
jdft2d,stage1_anchor_prediction,alkali_fraction,1.2700860954505748,0.004964409321894416,1.340646671245472e-16,-3.1461273543258343,0.5536845749218959,moderate,raw_composition_structure_to_endpoint_linear_surrogate
jdft2d,stage1_anchor_prediction,alkaline_fraction,0.06504193974207961,0.000254230648714507,-3.4912673730350835e-18,0.14292293268771772,0.5536845749218959,moderate,raw_composition_structure_to_endpoint_linear_surrogate
jdft2d,stage1_anchor_prediction,halogen_fraction,18.48192412838539,0.07224064318013965,4.468822237484907e-17,-20.596661069468098,0.5536845749218959,moderate,raw_composition_structure_to_endpoint_linear_surrogate
jdft2d,stage1_anchor_prediction,chalcogen_fraction,16.99331475500675,0.06642208782682037,1.5640877831197173e-16,-18.995930255586252,0.5536845749218959,moderate,raw_composition_structure_to_endpoint_linear_surrogate
jdft2d,stage1_anchor_prediction,rare_earth_fraction,3.447321379788628,0.013474609677792957,-1.7875288949939628e-16,5.510384028375274,0.5536845749218959,moderate,raw_composition_structure_to_endpoint_linear_surrogate
jdft2d,stage1_anchor_prediction,atomic_number_mean,2.141637418350619,0.008371058310032058,5.586027796856134e-17,2.5839308637174208,0.5536845749218959,moderate,raw_composition_structure_to_endpoint_linear_surrogate
jdft2d,stage1_anchor_prediction,atomic_number_std,0.4557197969232879,0.0017812805101336067,-5.586027796856134e-18,-0.5567657280185383,0.5536845749218959,moderate,raw_composition_structure_to_endpoint_linear_surrogate
jdft2d,stage1_anchor_prediction,atomic_number_min,1.007463163991098,0.003937890148311824,-1.67580833905684e-17,-1.2395669105400575,0.5536845749218959,moderate,raw_composition_structure_to_endpoint_linear_surrogate
jdft2d,stage1_anchor_prediction,atomic_number_max,2.0415539140123617,0.007979860041123808,4.468822237484907e-17,-2.4718575438089028,0.5536845749218959,moderate,raw_composition_structure_to_endpoint_linear_surrogate
jdft2d,stage1_anchor_prediction,atomic_number_range,1.395163277851495,0.00545330084861185,-2.2344111187424535e-17,-1.689631391840039,0.5536845749218959,moderate,raw_composition_structure_to_endpoint_linear_surrogate
jdft2d,stage1_anchor_prediction,atomic_mass_mean,2.7307287802592177,0.010673650755522169,-1.1172055593712268e-17,3.290621858167163,0.5536845749218959,moderate,raw_composition_structure_to_endpoint_linear_surrogate
jdft2d,stage1_anchor_prediction,atomic_mass_std,1.7981547942212794,0.0070284813404514895,-2.2344111187424535e-17,-2.192234402492886,0.5536845749218959,moderate,raw_composition_structure_to_endpoint_linear_surrogate
jdft2d,stage1_anchor_prediction,atomic_mass_min,0.20426394847499144,0.0007984103231808585,6.982534746070167e-19,0.25198285293068423,0.5536845749218959,moderate,raw_composition_structure_to_endpoint_linear_surrogate
jdft2d,stage1_anchor_prediction,atomic_mass_max,2.030631179278958,0.00793716614318624,4.468822237484907e-17,-2.4401885023157472,0.5536845749218959,moderate,raw_composition_structure_to_endpoint_linear_surrogate
jdft2d,stage1_anchor_prediction,atomic_mass_range,2.2551031552034444,0.008814563961944539,-6.70323335622736e-17,-2.732867890892111,0.5536845749218959,moderate,raw_composition_structure_to_endpoint_linear_surrogate
jdft2d,stage1_anchor_prediction,electronegativity_mean,5.35282696979984,0.020922695085434286,-7.820438915598586e-17,-6.8659780512019175,0.5536845749218959,moderate,raw_composition_structure_to_endpoint_linear_surrogate
jdft2d,stage1_anchor_prediction,electronegativity_std,5.963884953962485,0.02331114887896934,-2.681293342490944e-16,7.1272033150689005,0.5536845749218959,moderate,raw_composition_structure_to_endpoint_linear_surrogate
jdft2d,stage1_anchor_prediction,electronegativity_min,0.18647543215156057,0.0007288800160819665,-2.793013898428067e-18,-0.22464306515706056,0.5536845749218959,moderate,raw_composition_structure_to_endpoint_linear_surrogate
jdft2d,stage1_anchor_prediction,electronegativity_max,5.767078465135251,0.022541887668061728,-2.681293342490944e-16,6.680429225309494,0.5536845749218959,moderate,raw_composition_structure_to_endpoint_linear_surrogate
jdft2d,stage1_anchor_prediction,electronegativity_range,4.158400275258664,0.01625401708168356,-2.681293342490944e-16,5.028190118555499,0.5536845749218959,moderate,raw_composition_structure_to_endpoint_linear_surrogate
jdft2d,stage1_anchor_prediction,atomic_radius_mean,6.710468141017309,0.026229332572705273,-1.340646671245472e-16,8.652630566583923,0.5536845749218959,moderate,raw_composition_structure_to_endpoint_linear_surrogate
jdft2d,stage1_anchor_prediction,atomic_radius_std,5.506760662387914,0.021524378594272923,-8.937644474969814e-17,6.632846377480853,0.5536845749218959,moderate,raw_composition_structure_to_endpoint_linear_surrogate
jdft2d,stage1_anchor_prediction,atomic_radius_min,3.956250805964798,0.015463871662901961,-8.937644474969814e-17,-4.7976746411451865,0.5536845749218959,moderate,raw_composition_structure_to_endpoint_linear_surrogate
jdft2d,stage1_anchor_prediction,atomic_radius_max,0.4900703792127656,0.001915547274836583,0.0,-0.6465097226687462,0.5536845749218959,moderate,raw_composition_structure_to_endpoint_linear_surrogate
jdft2d,stage1_anchor_prediction,atomic_radius_range,2.680023937436567,0.010475459786204722,-4.468822237484907e-17,3.2255639693648064,0.5536845749218959,moderate,raw_composition_structure_to_endpoint_linear_surrogate
jdft2d,stage1_anchor_prediction,period_mean,9.15437180106626,0.03578186460594099,3.630918067956487e-16,11.169680325123018,0.5536845749218959,moderate,raw_composition_structure_to_endpoint_linear_surrogate
jdft2d,stage1_anchor_prediction,period_std,4.404883800439953,0.017217451855504374,8.937644474969814e-17,5.398769498149459,0.5536845749218959,moderate,raw_composition_structure_to_endpoint_linear_surrogate
jdft2d,stage1_anchor_prediction,period_min,0.24455952101030895,0.0009559143826630903,-1.8154590339782433e-17,0.3053046661431118,0.5536845749218959,moderate,raw_composition_structure_to_endpoint_linear_surrogate
jdft2d,stage1_anchor_prediction,period_max,2.878754853543028,0.011252243042081195,2.2344111187424534e-16,3.719898796324302,0.5536845749218959,moderate,raw_composition_structure_to_endpoint_linear_surrogate
jdft2d,stage1_anchor_prediction,period_range,2.1750833528047067,0.00850178906078832,1.5640877831197173e-16,2.742591372721707,0.5536845749218959,moderate,raw_composition_structure_to_endpoint_linear_surrogate
jdft2d,stage1_anchor_prediction,group_mean,0.940722198530649,0.003677018485933264,-2.2344111187424535e-17,-1.2254745208600042,0.5536845749218959,moderate,raw_composition_structure_to_endpoint_linear_surrogate
jdft2d,stage1_anchor_prediction,group_std,6.798945296297004,0.02657516488755271,-8.937644474969814e-17,-7.553960604175224,0.5536845749218959,moderate,raw_composition_structure_to_endpoint_linear_surrogate
jdft2d,stage1_anchor_prediction,group_min,2.798541479033204,0.010938711521986954,6.70323335622736e-17,3.0688361288126558,0.5536845749218959,moderate,raw_composition_structure_to_endpoint_linear_surrogate
jdft2d,stage1_anchor_prediction,group_max,23.67893614898146,0.09255430145374798,2.055658229243057e-15,-28.956832234453294,0.5536845749218959,moderate,raw_composition_structure_to_endpoint_linear_surrogate
jdft2d,stage1_anchor_prediction,group_range,6.58707983823919,0.025747042401418015,3.5750577899879257e-16,-7.271994758810273,0.5536845749218959,moderate,raw_composition_structure_to_endpoint_linear_surrogate
jdft2d,stage1_anchor_prediction,n_sites,0.2782202923934112,0.0010874848705496986,6.982534746070167e-18,0.372402002967986,0.5536845749218959,moderate,raw_composition_structure_to_endpoint_linear_surrogate
jdft2d,stage1_anchor_prediction,volume,0.6535143822309386,0.0025544039122705237,2.793013898428067e-17,0.860790115992673,0.5536845749218959,moderate,raw_composition_structure_to_endpoint_linear_surrogate
jdft2d,stage1_anchor_prediction,volume_per_atom,24.198709707764742,0.09458595010319056,7.150115579975851e-16,32.93689523175866,0.5536845749218959,moderate,raw_composition_structure_to_endpoint_linear_surrogate
jdft2d,stage1_anchor_prediction,density,9.871216306753912,0.03858380815853306,-5.362586684981888e-16,-12.644246126707678,0.5536845749218959,moderate,raw_composition_structure_to_endpoint_linear_surrogate
jdft2d,stage1_anchor_prediction,lattice_a,4.150765021701476,0.016224173023024775,-2.2344111187424535e-17,-5.276540242090693,0.5536845749218959,moderate,raw_composition_structure_to_endpoint_linear_surrogate
jdft2d,stage1_anchor_prediction,lattice_b,3.0276594560243857,0.011834269252177754,-1.1172055593712267e-16,-3.8615785086523666,0.5536845749218959,moderate,raw_composition_structure_to_endpoint_linear_surrogate
jdft2d,stage1_anchor_prediction,lattice_c,7.255492307485841,0.02835967874558754,5.362586684981888e-16,-9.742367719863644,0.5536845749218959,moderate,raw_composition_structure_to_endpoint_linear_surrogate
jdft2d,stage1_anchor_prediction,lattice_length_anisotropy,6.304233718865211,0.02464147647426431,3.1281755662394346e-16,-7.797559166945771,0.5536845749218959,moderate,raw_composition_structure_to_endpoint_linear_surrogate
jdft2d,stage1_anchor_prediction,lattice_alpha,0.6669928924894251,0.0026070876178965912,-3.35161667811368e-17,-2.1443947082042314,0.5536845749218959,moderate,raw_composition_structure_to_endpoint_linear_surrogate
jdft2d,stage1_anchor_prediction,lattice_beta,1.2870457744029982,0.005030699936829365,-9.496247254655427e-17,2.637934440670982,0.5536845749218959,moderate,raw_composition_structure_to_endpoint_linear_surrogate
jdft2d,stage1_anchor_prediction,lattice_gamma,4.42822018951327,0.017308667236784356,-2.178550840773892e-16,4.62664633770985,0.5536845749218959,moderate,raw_composition_structure_to_endpoint_linear_surrogate
jdft2d,stage1_anchor_prediction,spacegroup_number,1.2548593205952125,0.004904892141677172,8.3790416952842e-18,-1.33233434253426,0.5536845749218959,moderate,raw_composition_structure_to_endpoint_linear_surrogate
jdft2d,stage1_anchor_prediction,crystal_system,14.919972840101957,0.05831797743092137,-4.468822237484907e-16,4.015684057186343,0.5536845749218959,moderate,raw_composition_structure_to_endpoint_linear_surrogate
jdft2d,hpsafemoe_prediction,n_elements,1.4254170268540105,0.005581275828122878,1.4523672271825946e-16,-1.538144309008283,0.5524155717263728,moderate,raw_composition_structure_to_endpoint_linear_surrogate
jdft2d,hpsafemoe_prediction,composition_entropy,2.2159421192192696,0.008676607584669037,1.340646671245472e-16,-2.5035145985747747,0.5524155717263728,moderate,raw_composition_structure_to_endpoint_linear_surrogate
jdft2d,hpsafemoe_prediction,max_atomic_fraction,1.9217956938346799,0.007524865811560623,8.937644474969814e-17,2.2333197003207097,0.5524155717263728,moderate,raw_composition_structure_to_endpoint_linear_surrogate
jdft2d,hpsafemoe_prediction,min_atomic_fraction,3.0981491549794358,0.012130923557697218,0.0,-4.498568897142613,0.5524155717263728,moderate,raw_composition_structure_to_endpoint_linear_surrogate
jdft2d,hpsafemoe_prediction,metal_fraction,2.92602484705683,0.011456964133092135,4.468822237484907e-17,4.128902517741828,0.5524155717263728,moderate,raw_composition_structure_to_endpoint_linear_surrogate
jdft2d,hpsafemoe_prediction,transition_metal_fraction,9.265755615995735,0.036280426622227635,4.468822237484907e-16,10.058205058223201,0.5524155717263728,moderate,raw_composition_structure_to_endpoint_linear_surrogate
jdft2d,hpsafemoe_prediction,alkali_fraction,1.2618564753712658,0.004940848125052802,0.0,-3.125741781300537,0.5524155717263728,moderate,raw_composition_structure_to_endpoint_linear_surrogate
jdft2d,hpsafemoe_prediction,alkaline_fraction,0.015619576628922991,6.115906000991631e-05,-3.4912673730350836e-19,0.03432240348302429,0.5524155717263728,moderate,raw_composition_structure_to_endpoint_linear_surrogate
jdft2d,hpsafemoe_prediction,halogen_fraction,18.51182482905261,0.07248377036779857,-5.362586684981888e-16,-20.629983065224835,0.5524155717263728,moderate,raw_composition_structure_to_endpoint_linear_surrogate
jdft2d,hpsafemoe_prediction,chalcogen_fraction,17.039847923933728,0.06672018752479907,1.2512702264957738e-15,-19.047947230746896,0.5524155717263728,moderate,raw_composition_structure_to_endpoint_linear_surrogate
jdft2d,hpsafemoe_prediction,rare_earth_fraction,3.4014367647719785,0.013318457994016009,-3.1281755662394346e-16,5.437039590221557,0.5524155717263728,moderate,raw_composition_structure_to_endpoint_linear_surrogate
jdft2d,hpsafemoe_prediction,atomic_number_mean,2.164587469254883,0.008475526454650165,4.7481236273277137e-17,2.6116205857718127,0.5524155717263728,moderate,raw_composition_structure_to_endpoint_linear_surrogate
jdft2d,hpsafemoe_prediction,atomic_number_std,0.5398884773833204,0.0021139543389291967,-5.586027796856134e-18,-0.659596978644629,0.5524155717263728,moderate,raw_composition_structure_to_endpoint_linear_surrogate
jdft2d,hpsafemoe_prediction,atomic_number_min,1.0868161886552017,0.0042554710720283575,-5.586027796856134e-18,-1.3372016302405996,0.5524155717263728,moderate,raw_composition_structure_to_endpoint_linear_surrogate
jdft2d,hpsafemoe_prediction,atomic_number_max,2.035026190121657,0.007968224225292822,0.0,-2.463953954571121,0.5524155717263728,moderate,raw_composition_structure_to_endpoint_linear_surrogate
jdft2d,hpsafemoe_prediction,atomic_number_range,1.3320067756193086,0.005215524355049923,-4.468822237484907e-17,-1.6131448540531146,0.5524155717263728,moderate,raw_composition_structure_to_endpoint_linear_surrogate
jdft2d,hpsafemoe_prediction,atomic_mass_mean,2.7488621959362005,0.010763276879665627,-2.2344111187424535e-17,3.3124732461267703,0.5524155717263728,moderate,raw_composition_structure_to_endpoint_linear_surrogate
jdft2d,hpsafemoe_prediction,atomic_mass_std,1.8784746713299871,0.0073552406624289,-2.2344111187424535e-17,-2.2901570053564315,0.5524155717263728,moderate,raw_composition_structure_to_endpoint_linear_surrogate
jdft2d,hpsafemoe_prediction,atomic_mass_min,0.12040196082063627,0.00047143856213781576,2.09476042382105e-18,0.1485295364773922,0.5524155717263728,moderate,raw_composition_structure_to_endpoint_linear_surrogate
jdft2d,hpsafemoe_prediction,atomic_mass_max,2.024360852472555,0.007926463680765668,-1.1172055593712268e-17,-2.432653515394006,0.5524155717263728,moderate,raw_composition_structure_to_endpoint_linear_surrogate
jdft2d,hpsafemoe_prediction,atomic_mass_range,2.192334659479307,0.008584171657548928,-8.937644474969814e-17,-2.6568013011539495,0.5524155717263728,moderate,raw_composition_structure_to_endpoint_linear_surrogate
jdft2d,hpsafemoe_prediction,electronegativity_mean,5.409620857447698,0.021181580942399168,-8.937644474969814e-17,-6.938826583058571,0.5524155717263728,moderate,raw_composition_structure_to_endpoint_linear_surrogate
jdft2d,hpsafemoe_prediction,electronegativity_std,5.848257240872364,0.022899078767962933,-8.937644474969814e-17,6.98902120283647,0.5524155717263728,moderate,raw_composition_structure_to_endpoint_linear_surrogate
jdft2d,hpsafemoe_prediction,electronegativity_min,0.21807618603774334,0.000853885791239635,0.0,-0.262711834497658,0.5524155717263728,moderate,raw_composition_structure_to_endpoint_linear_surrogate
jdft2d,hpsafemoe_prediction,electronegativity_max,5.785034921692805,0.02265152931739019,-4.021940013736416e-16,6.70122950362984,0.5524155717263728,moderate,raw_composition_structure_to_endpoint_linear_surrogate
jdft2d,hpsafemoe_prediction,electronegativity_range,4.192492021517002,0.01641586562981853,-2.681293342490944e-16,5.069412648931031,0.5524155717263728,moderate,raw_composition_structure_to_endpoint_linear_surrogate
jdft2d,hpsafemoe_prediction,atomic_radius_mean,6.699665970439723,0.02623280277480672,-4.468822237484907e-17,8.638702001637201,0.5524155717263728,moderate,raw_composition_structure_to_endpoint_linear_surrogate
jdft2d,hpsafemoe_prediction,atomic_radius_std,5.365752872621726,0.021009814141017515,0.0,6.463003694116132,0.5524155717263728,moderate,raw_composition_structure_to_endpoint_linear_surrogate
jdft2d,hpsafemoe_prediction,atomic_radius_min,4.046595185961643,0.01584460089371394,-1.340646671245472e-16,-4.907233656015364,0.5524155717263728,moderate,raw_composition_structure_to_endpoint_linear_surrogate
jdft2d,hpsafemoe_prediction,atomic_radius_max,0.4917445308042385,0.0019254448429360715,-1.1172055593712268e-17,-0.6487182937781597,0.5524155717263728,moderate,raw_composition_structure_to_endpoint_linear_surrogate
jdft2d,hpsafemoe_prediction,atomic_radius_range,2.7482690704857364,0.010760954473887282,-4.468822237484907e-17,3.3077009380586233,0.5524155717263728,moderate,raw_composition_structure_to_endpoint_linear_surrogate
jdft2d,hpsafemoe_prediction,period_mean,9.169004361046502,0.035901593319120184,2.178550840773892e-16,11.187534200939869,0.5524155717263728,moderate,raw_composition_structure_to_endpoint_linear_surrogate
jdft2d,hpsafemoe_prediction,period_std,4.28109804309484,0.016762805954749254,8.937644474969814e-17,5.247053629732367,0.5524155717263728,moderate,raw_composition_structure_to_endpoint_linear_surrogate
jdft2d,hpsafemoe_prediction,period_min,0.21045209368749582,0.0008240333610075306,-5.586027796856134e-18,0.2627254336161027,0.5524155717263728,moderate,raw_composition_structure_to_endpoint_linear_surrogate
jdft2d,hpsafemoe_prediction,period_max,2.9113314901554608,0.01139943172246239,-2.2344111187424535e-17,3.7619940067496493,0.5524155717263728,moderate,raw_composition_structure_to_endpoint_linear_surrogate
jdft2d,hpsafemoe_prediction,period_range,2.231659603533037,0.008738150006028308,2.4578522306166987e-16,2.8139291156860757,0.5524155717263728,moderate,raw_composition_structure_to_endpoint_linear_surrogate
jdft2d,hpsafemoe_prediction,group_mean,0.8469732742664084,0.0033163568090402414,1.1172055593712268e-17,-1.1033482244642059,0.5524155717263728,moderate,raw_composition_structure_to_endpoint_linear_surrogate
jdft2d,hpsafemoe_prediction,group_std,6.776205711023693,0.026532497107036594,-1.7875288949939628e-16,-7.528695813266637,0.5524155717263728,moderate,raw_composition_structure_to_endpoint_linear_surrogate
jdft2d,hpsafemoe_prediction,group_min,2.815340741153009,0.011023576209978979,8.937644474969814e-17,3.0872579327833662,0.5524155717263728,moderate,raw_composition_structure_to_endpoint_linear_surrogate
jdft2d,hpsafemoe_prediction,group_max,23.602621768678247,0.09241698385530978,1.5193995607448684e-15,-28.86350782605873,0.5524155717263728,moderate,raw_composition_structure_to_endpoint_linear_surrogate
jdft2d,hpsafemoe_prediction,group_range,6.591235034818855,0.025808237227601786,6.256351132478869e-16,-7.2765820066486455,0.5524155717263728,moderate,raw_composition_structure_to_endpoint_linear_surrogate
jdft2d,hpsafemoe_prediction,n_sites,0.19542230492278,0.0007651836383271149,2.793013898428067e-18,0.26157566420409406,0.5524155717263728,moderate,raw_composition_structure_to_endpoint_linear_surrogate
jdft2d,hpsafemoe_prediction,volume,0.7101027793867354,0.00278043506104405,3.0723152882708734e-17,0.9353267050502714,0.5524155717263728,moderate,raw_composition_structure_to_endpoint_linear_surrogate
jdft2d,hpsafemoe_prediction,volume_per_atom,24.06278408362811,0.09421876730328158,0.0,32.75188668809804,0.5524155717263728,moderate,raw_composition_structure_to_endpoint_linear_surrogate
jdft2d,hpsafemoe_prediction,density,9.827178869292865,0.0384787012141126,-6.256351132478869e-16,-12.587837657807452,0.5524155717263728,moderate,raw_composition_structure_to_endpoint_linear_surrogate
jdft2d,hpsafemoe_prediction,lattice_a,4.141138536017976,0.016214789059309086,-2.2344111187424535e-17,-5.264302849987471,0.5524155717263728,moderate,raw_composition_structure_to_endpoint_linear_surrogate
jdft2d,hpsafemoe_prediction,lattice_b,2.9617434253078865,0.011596821615956309,-1.1172055593712267e-16,-3.777506990277332,0.5524155717263728,moderate,raw_composition_structure_to_endpoint_linear_surrogate
jdft2d,hpsafemoe_prediction,lattice_c,7.198171530158817,0.028184720689513935,3.5750577899879257e-16,-9.665399808240045,0.5524155717263728,moderate,raw_composition_structure_to_endpoint_linear_surrogate
jdft2d,hpsafemoe_prediction,lattice_length_anisotropy,6.253921763046661,0.024487473987946724,3.3516166781136804e-16,-7.735329486100351,0.5524155717263728,moderate,raw_composition_structure_to_endpoint_linear_surrogate
jdft2d,hpsafemoe_prediction,lattice_alpha,0.6623918621381709,0.0025936211082426735,-3.35161667811368e-17,-2.1296023089918616,0.5524155717263728,moderate,raw_composition_structure_to_endpoint_linear_surrogate
jdft2d,hpsafemoe_prediction,lattice_beta,1.2634656626183425,0.004947148960328255,-8.937644474969814e-17,2.589604544230067,0.5524155717263728,moderate,raw_composition_structure_to_endpoint_linear_surrogate
jdft2d,hpsafemoe_prediction,lattice_gamma,4.465326609709793,0.017484160075211204,-1.5640877831197173e-16,4.665415476497106,0.5524155717263728,moderate,raw_composition_structure_to_endpoint_linear_surrogate
jdft2d,hpsafemoe_prediction,spacegroup_number,1.299491533841464,0.005088209660780565,-3.35161667811368e-17,-1.3797221488925757,0.5524155717263728,moderate,raw_composition_structure_to_endpoint_linear_surrogate
jdft2d,hpsafemoe_prediction,crystal_system,14.90368691483539,0.058355965980895604,8.937644474969814e-17,3.9948958367642096,0.5524155717263728,moderate,raw_composition_structure_to_endpoint_linear_surrogate
jdft2d,stage2_correction,n_elements,0.004067556764491054,0.01552303862704441,-4.80049263792324e-19,0.004389234287932244,-0.10527813912761386,low,raw_composition_structure_to_endpoint_linear_surrogate
jdft2d,stage2_correction,composition_entropy,0.0026389679682206893,0.01007110756605466,-6.546126324440781e-20,0.002981438358118942,-0.10527813912761386,low,raw_composition_structure_to_endpoint_linear_surrogate
jdft2d,stage2_correction,max_atomic_fraction,0.0003838882505920618,0.001465034783148184,-2.727552635183659e-21,-0.0004461167206895912,-0.10527813912761386,low,raw_composition_structure_to_endpoint_linear_surrogate
jdft2d,stage2_correction,min_atomic_fraction,0.0015407477107359905,0.005879963725909457,-1.6365315811101953e-20,-0.0022371936866631,-0.10527813912761386,low,raw_composition_structure_to_endpoint_linear_surrogate
jdft2d,stage2_correction,metal_fraction,0.008036982373657525,0.030671578801376855,-2.6184505297763125e-19,-0.01134095521814164,-0.10527813912761386,low,raw_composition_structure_to_endpoint_linear_surrogate
jdft2d,stage2_correction,transition_metal_fraction,0.006922227079570818,0.026417332212644768,1.3092252648881562e-19,-0.00751424733301976,-0.10527813912761386,low,raw_composition_structure_to_endpoint_linear_surrogate
jdft2d,stage2_correction,alkali_fraction,0.001282208475092334,0.0048932990586727405,0.0,-0.0031761556731359315,-0.10527813912761386,low,raw_composition_structure_to_endpoint_linear_surrogate
jdft2d,stage2_correction,alkaline_fraction,0.007864200637573097,0.03001219093820048,-1.7456336865175418e-19,-0.017280767191501803,-0.10527813912761386,low,raw_composition_structure_to_endpoint_linear_surrogate
jdft2d,stage2_correction,halogen_fraction,0.0001239704072763805,0.00047310892808215526,-8.012185865851998e-21,-0.00013815533726783014,-0.10527813912761386,low,raw_composition_structure_to_endpoint_linear_surrogate
jdft2d,stage2_correction,chalcogen_fraction,0.002494050289988907,0.009518057455833267,-1.7456336865175418e-19,0.0027879672709878616,-0.10527813912761386,low,raw_composition_structure_to_endpoint_linear_surrogate
jdft2d,stage2_correction,rare_earth_fraction,0.0029812307715507613,0.011377286932271321,1.3092252648881562e-19,-0.004765359715159911,-0.10527813912761386,low,raw_composition_structure_to_endpoint_linear_surrogate
jdft2d,stage2_correction,atomic_number_mean,0.002065145815414756,0.007881227016428254,-2.454797371665293e-20,-0.002491642126161923,-0.10527813912761386,low,raw_composition_structure_to_endpoint_linear_surrogate
jdft2d,stage2_correction,atomic_number_std,0.002593822444636189,0.009898818463033863,0.0,-0.003168946031066957,-0.10527813912761386,low,raw_composition_structure_to_endpoint_linear_surrogate
jdft2d,stage2_correction,atomic_number_min,0.005628783796826576,0.021481157697464462,2.1820421081469273e-20,-0.00692556749518229,-0.10527813912761386,low,raw_composition_structure_to_endpoint_linear_surrogate
jdft2d,stage2_correction,atomic_number_max,0.002678699907703651,0.010222736779125663,8.728168432587709e-20,-0.003243296456199975,-0.10527813912761386,low,raw_composition_structure_to_endpoint_linear_surrogate
jdft2d,stage2_correction,atomic_number_range,0.0012308592958738518,0.0046973349114888575,5.455105270367318e-20,0.0014906488281781994,-0.10527813912761386,low,raw_composition_structure_to_endpoint_linear_surrogate
jdft2d,stage2_correction,atomic_mass_mean,0.002103003377057067,0.008025703031324835,8.182657905550977e-21,-0.002534191213118732,-0.10527813912761386,low,raw_composition_structure_to_endpoint_linear_surrogate
jdft2d,stage2_correction,atomic_mass_std,0.0025045049584303245,0.009557955662900913,2.1820421081469273e-20,-0.0030533866988146086,-0.10527813912761386,low,raw_composition_structure_to_endpoint_linear_surrogate
jdft2d,stage2_correction,atomic_mass_min,0.0057466287052743235,0.02193088985161764,-1.0910210540734636e-19,-0.007089121240920674,-0.10527813912761386,low,raw_composition_structure_to_endpoint_linear_surrogate
jdft2d,stage2_correction,atomic_mass_max,0.0025569752580611943,0.009758198347908531,2.1820421081469273e-20,-0.003072690742216569,-0.10527813912761386,low,raw_composition_structure_to_endpoint_linear_surrogate
jdft2d,stage2_correction,atomic_mass_range,0.0011858328933903337,0.004525500410962605,5.455105270367318e-20,0.001437062704130609,-0.10527813912761386,low,raw_composition_structure_to_endpoint_linear_surrogate
jdft2d,stage2_correction,electronegativity_mean,0.002453220566786507,0.009362238764884602,1.0910210540734636e-20,0.0031467033515830477,-0.10527813912761386,low,raw_composition_structure_to_endpoint_linear_surrogate
jdft2d,stage2_correction,electronegativity_std,0.008514485849737496,0.03249387787005742,4.364084216293854e-19,-0.01017532568833957,-0.10527813912761386,low,raw_composition_structure_to_endpoint_linear_surrogate
jdft2d,stage2_correction,electronegativity_min,0.006532908892791103,0.024931575134993122,1.7456336865175418e-19,0.007870059133986196,-0.10527813912761386,low,raw_composition_structure_to_endpoint_linear_surrogate
jdft2d,stage2_correction,electronegativity_max,0.0006820100059712639,0.0026027584320749814,2.727552635183659e-20,-0.0007900221235739825,-0.10527813912761386,low,raw_composition_structure_to_endpoint_linear_surrogate
jdft2d,stage2_correction,electronegativity_range,0.004929729229996021,0.018813352016655415,4.364084216293854e-19,-0.005960853732359456,-0.10527813912761386,low,raw_composition_structure_to_endpoint_linear_surrogate
jdft2d,stage2_correction,atomic_radius_mean,0.004802681519853606,0.01832849916119317,4.3640842162938546e-20,-0.006192687014821766,-0.10527813912761386,low,raw_composition_structure_to_endpoint_linear_surrogate
jdft2d,stage2_correction,atomic_radius_std,0.007946661065159013,0.030326885108861657,1.7456336865175418e-19,-0.0095716856588882,-0.10527813912761386,low,raw_composition_structure_to_endpoint_linear_surrogate
jdft2d,stage2_correction,atomic_radius_min,0.003574937466826262,0.013643052967634723,-4.3640842162938546e-20,-0.004335262770098701,-0.10527813912761386,low,raw_composition_structure_to_endpoint_linear_surrogate
jdft2d,stage2_correction,atomic_radius_max,0.008473123367989036,0.03233602600982109,0.0,-0.011177897851276564,-0.10527813912761386,low,raw_composition_structure_to_endpoint_linear_surrogate
jdft2d,stage2_correction,atomic_radius_range,0.003522289882287367,0.013442133709284775,8.728168432587709e-20,-0.0042392797971914555,-0.10527813912761386,low,raw_composition_structure_to_endpoint_linear_surrogate
jdft2d,stage2_correction,period_mean,0.0025381403545464963,0.009686318604926776,-1.0091944750179538e-19,-0.003096904626189277,-0.10527813912761386,low,raw_composition_structure_to_endpoint_linear_surrogate
jdft2d,stage2_correction,period_std,0.003979445388400171,0.015186778711391595,8.728168432587709e-20,-0.004877338280819252,-0.10527813912761386,low,raw_composition_structure_to_endpoint_linear_surrogate
jdft2d,stage2_correction,period_min,0.0041561047722552995,0.015860964862486684,1.0910210540734636e-19,-0.005188422739410382,-0.10527813912761386,low,raw_composition_structure_to_endpoint_linear_surrogate
jdft2d,stage2_correction,period_max,0.0037680865049861565,0.014380168674613104,-4.3640842162938546e-20,-0.004869084436659325,-0.10527813912761386,low,raw_composition_structure_to_endpoint_linear_surrogate
jdft2d,stage2_correction,period_range,0.00047794038027769496,0.0018239664285061932,1.0910210540734636e-20,0.0006026413479440712,-0.10527813912761386,low,raw_composition_structure_to_endpoint_linear_surrogate
jdft2d,stage2_correction,group_mean,0.01122571866755768,0.04284077016799421,3.4912673730350836e-19,0.014623692549109387,-0.10527813912761386,low,raw_composition_structure_to_endpoint_linear_surrogate
jdft2d,stage2_correction,group_std,0.008784058957714874,0.033522651163272625,2.6184505297763125e-19,-0.009759518928247606,-0.10527813912761386,low,raw_composition_structure_to_endpoint_linear_surrogate
jdft2d,stage2_correction,group_min,0.008766425974056592,0.033455358313464835,-1.7456336865175418e-19,0.009613123461382631,-0.10527813912761386,low,raw_composition_structure_to_endpoint_linear_surrogate
jdft2d,stage2_correction,group_max,0.007587472474921425,0.0289561117715781,-1.047380211910525e-18,0.009278675619440045,-0.10527813912761386,low,raw_composition_structure_to_endpoint_linear_surrogate
jdft2d,stage2_correction,group_range,0.007390003798276581,0.028202511005155168,6.982534746070167e-19,-0.008158405577033467,-0.10527813912761386,low,raw_composition_structure_to_endpoint_linear_surrogate
jdft2d,stage2_correction,n_sites,0.0052374491847875645,0.019987705325315182,8.728168432587709e-20,0.007010403698735112,-0.10527813912761386,low,raw_composition_structure_to_endpoint_linear_surrogate
jdft2d,stage2_correction,volume,0.0023864689643882378,0.00910749426777244,6.546126324440781e-20,0.0031433874334271896,-0.10527813912761386,low,raw_composition_structure_to_endpoint_linear_surrogate
jdft2d,stage2_correction,volume_per_atom,0.011502437169809426,0.043896812467580704,-3.4912673730350836e-19,-0.015655982180336456,-0.10527813912761386,low,raw_composition_structure_to_endpoint_linear_surrogate
jdft2d,stage2_correction,density,0.006998993885948705,0.026710297786249462,3.4912673730350836e-19,0.008965156732783556,-0.10527813912761386,low,raw_composition_structure_to_endpoint_linear_surrogate
jdft2d,stage2_correction,lattice_a,0.0029451736048402575,0.011239681774178594,-6.546126324440781e-20,-0.003743966946968408,-0.10527813912761386,low,raw_composition_structure_to_endpoint_linear_surrogate
jdft2d,stage2_correction,lattice_b,0.0038310520455103756,0.01462046440355359,1.3092252648881562e-19,0.004886252387148391,-0.10527813912761386,low,raw_composition_structure_to_endpoint_linear_surrogate
jdft2d,stage2_correction,lattice_c,0.01013753582759464,0.03868793217800079,-3.4912673730350836e-19,0.0136122536721347,-0.10527813912761386,low,raw_composition_structure_to_endpoint_linear_surrogate
jdft2d,stage2_correction,lattice_length_anisotropy,0.007813167244986204,0.029817431929227048,-2.6184505297763125e-19,0.009663923736156963,-0.10527813912761386,low,raw_composition_structure_to_endpoint_linear_surrogate
jdft2d,stage2_correction,lattice_alpha,0.0004924511515596293,0.001879343962529583,2.727552635183659e-20,0.001583239724657623,-0.10527813912761386,low,raw_composition_structure_to_endpoint_linear_surrogate
jdft2d,stage2_correction,lattice_beta,0.0019309105604991429,0.007368944295420685,-4.3640842162938546e-20,-0.003957602418421129,-0.10527813912761386,low,raw_composition_structure_to_endpoint_linear_surrogate
jdft2d,stage2_correction,lattice_gamma,0.0047377418660421635,0.018080669613160287,8.182657905550977e-20,-0.00495003751291508,-0.10527813912761386,low,raw_composition_structure_to_endpoint_linear_surrogate
jdft2d,stage2_correction,spacegroup_number,0.007523281374695446,0.028711138932595477,-1.7456336865175418e-19,-0.007987768811647094,-0.10527813912761386,low,raw_composition_structure_to_endpoint_linear_surrogate
jdft2d,stage2_correction,crystal_system,0.019761144913507493,0.07541456298407208,-8.728168432587709e-20,-0.004190562455440713,-0.10527813912761386,low,raw_composition_structure_to_endpoint_linear_surrogate
jdft2d,benefit_gate_probability,n_elements,0.0021161808711986567,0.03438410833378663,-3.927675794664469e-19,0.002283536328347631,-0.11487445366273552,low,raw_composition_structure_to_endpoint_linear_surrogate
jdft2d,benefit_gate_probability,composition_entropy,0.0012829900788969009,0.020846266245180153,1.0910210540734636e-20,0.0014494893005042267,-0.11487445366273552,low,raw_composition_structure_to_endpoint_linear_surrogate
jdft2d,benefit_gate_probability,max_atomic_fraction,0.0008379093579405347,0.013614510238438085,-3.2730631622203906e-20,-0.0009737348679545181,-0.11487445366273552,low,raw_composition_structure_to_endpoint_linear_surrogate
jdft2d,benefit_gate_probability,min_atomic_fraction,0.00038239469124908525,0.006213221501584557,-1.3637763175918296e-21,-0.0005552440435996394,-0.11487445366273552,low,raw_composition_structure_to_endpoint_linear_surrogate
jdft2d,benefit_gate_probability,metal_fraction,0.0030351079515334063,0.04931500989853957,4.3640842162938546e-20,0.004282829271019219,-0.11487445366273552,low,raw_composition_structure_to_endpoint_linear_surrogate
jdft2d,benefit_gate_probability,transition_metal_fraction,0.0041224222074729795,0.06698189824344761,-8.728168432587709e-20,0.0044749904506175,-0.11487445366273552,low,raw_composition_structure_to_endpoint_linear_surrogate
jdft2d,benefit_gate_probability,alkali_fraction,0.00044232357522957003,0.007186957379813503,6.546126324440781e-20,-0.001095678713811339,-0.11487445366273552,low,raw_composition_structure_to_endpoint_linear_surrogate
jdft2d,benefit_gate_probability,alkaline_fraction,0.000413345601976634,0.006716117771922071,-1.0910210540734636e-20,0.0009082841914361045,-0.11487445366273552,low,raw_composition_structure_to_endpoint_linear_surrogate
jdft2d,benefit_gate_probability,halogen_fraction,0.0007896038462530489,0.012829633118723498,-4.6368394798122204e-20,-0.0008799518214364201,-0.11487445366273552,low,raw_composition_structure_to_endpoint_linear_surrogate
jdft2d,benefit_gate_probability,chalcogen_fraction,0.000621155446896816,0.010092651563438498,-2.727552635183659e-21,0.0006943569113643912,-0.11487445366273552,low,raw_composition_structure_to_endpoint_linear_surrogate
jdft2d,benefit_gate_probability,rare_earth_fraction,0.0003097948298674493,0.005033605178264279,-3.2730631622203906e-20,0.0004951927292254654,-0.11487445366273552,low,raw_composition_structure_to_endpoint_linear_surrogate
jdft2d,benefit_gate_probability,atomic_number_mean,8.830071772559226e-05,0.001434726816384146,-1.5342483572908082e-21,-0.00010653668443805832,-0.11487445366273552,low,raw_composition_structure_to_endpoint_linear_surrogate
jdft2d,benefit_gate_probability,atomic_number_std,0.0016741159040065154,0.02720135286643531,-4.3640842162938546e-20,-0.002045314613002212,-0.11487445366273552,low,raw_composition_structure_to_endpoint_linear_surrogate
jdft2d,benefit_gate_probability,atomic_number_min,0.0009863363201690516,0.016026179684268307,-5.455105270367318e-21,0.0012135727725288857,-0.11487445366273552,low,raw_composition_structure_to_endpoint_linear_surrogate
jdft2d,benefit_gate_probability,atomic_number_max,0.0003454754717497224,0.0056133510178551106,5.455105270367318e-21,-0.00041829223572506643,-0.11487445366273552,low,raw_composition_structure_to_endpoint_linear_surrogate
jdft2d,benefit_gate_probability,atomic_number_range,0.0010583848968870977,0.017196838629770075,-3.2730631622203906e-20,-0.001281771370289874,-0.11487445366273552,low,raw_composition_structure_to_endpoint_linear_surrogate
jdft2d,benefit_gate_probability,atomic_mass_mean,0.00028920871373668504,0.004699118057221939,3.750384873377531e-21,-0.0003485064213898264,-0.11487445366273552,low,raw_composition_structure_to_endpoint_linear_surrogate
jdft2d,benefit_gate_probability,atomic_mass_std,0.0017499515578798825,0.028433544960142512,0.0,-0.00213346705200743,-0.11487445366273552,low,raw_composition_structure_to_endpoint_linear_surrogate
jdft2d,benefit_gate_probability,atomic_mass_min,0.0009004217887542887,0.014630224075833736,2.1820421081469273e-20,0.0011107728645470415,-0.11487445366273552,low,raw_composition_structure_to_endpoint_linear_surrogate
jdft2d,benefit_gate_probability,atomic_mass_max,0.00046936620244385875,0.007626351118043273,-1.6365315811101953e-20,-0.0005640325147503156,-0.11487445366273552,low,raw_composition_structure_to_endpoint_linear_surrogate
jdft2d,benefit_gate_probability,atomic_mass_range,0.001093311420997309,0.017764331420709014,-4.3640842162938546e-20,-0.00132493969080524,-0.11487445366273552,low,raw_composition_structure_to_endpoint_linear_surrogate
jdft2d,benefit_gate_probability,electronegativity_mean,0.001404595912101228,0.022822140897401904,-1.0910210540734636e-20,-0.0018016507459899431,-0.11487445366273552,low,raw_composition_structure_to_endpoint_linear_surrogate
jdft2d,benefit_gate_probability,electronegativity_std,0.0001372538576589696,0.002230126722723367,-8.182657905550977e-21,0.00016402666330158668,-0.11487445366273552,low,raw_composition_structure_to_endpoint_linear_surrogate
jdft2d,benefit_gate_probability,electronegativity_min,0.0017166199065036401,0.0278919659640071,-2.1820421081469273e-20,-0.002067976210363094,-0.11487445366273552,low,raw_composition_structure_to_endpoint_linear_surrogate
jdft2d,benefit_gate_probability,electronegativity_max,0.0012387415691888233,0.02012730806343014,5.455105270367318e-20,-0.001434925054590996,-0.11487445366273552,low,raw_composition_structure_to_endpoint_linear_surrogate
jdft2d,benefit_gate_probability,electronegativity_range,0.0003041872640974281,0.0049424923856153085,-2.727552635183659e-20,0.0003678124505294238,-0.11487445366273552,low,raw_composition_structure_to_endpoint_linear_surrogate
jdft2d,benefit_gate_probability,atomic_radius_mean,0.0011539843502352482,0.018750156687461283,-3.2730631622203906e-20,0.001487973722902031,-0.11487445366273552,low,raw_composition_structure_to_endpoint_linear_surrogate
jdft2d,benefit_gate_probability,atomic_radius_std,0.0006601792827183917,0.010726718252515473,0.0,-0.0007951803305662043,-0.11487445366273552,low,raw_composition_structure_to_endpoint_linear_surrogate
jdft2d,benefit_gate_probability,atomic_radius_min,0.0013291504329366254,0.021596288436397115,4.3640842162938546e-20,0.0016118369737209057,-0.11487445366273552,low,raw_composition_structure_to_endpoint_linear_surrogate
jdft2d,benefit_gate_probability,atomic_radius_max,0.0006817628105311802,0.01107741150782302,-2.1820421081469273e-20,0.0008993938508799738,-0.11487445366273552,low,raw_composition_structure_to_endpoint_linear_surrogate
jdft2d,benefit_gate_probability,atomic_radius_range,0.0005176167848591226,0.008410335736520145,2.1820421081469273e-20,-0.0006229817681318967,-0.11487445366273552,low,raw_composition_structure_to_endpoint_linear_surrogate
jdft2d,benefit_gate_probability,period_mean,0.0012876545823626163,0.020922055982565708,6.136993429163232e-20,0.0015711280213127224,-0.11487445366273552,low,raw_composition_structure_to_endpoint_linear_surrogate
jdft2d,benefit_gate_probability,period_std,0.0008878435877175074,0.014425851078714703,2.1820421081469273e-20,-0.0010881701079193324,-0.11487445366273552,low,raw_composition_structure_to_endpoint_linear_surrogate
jdft2d,benefit_gate_probability,period_min,0.0013573564398201572,0.022054584988240318,-7.637147378514245e-20,0.0016945046873845788,-0.11487445366273552,low,raw_composition_structure_to_endpoint_linear_surrogate
jdft2d,benefit_gate_probability,period_max,0.0007481335933361154,0.012155816580481331,2.727552635183659e-20,0.0009667308940584627,-0.11487445366273552,low,raw_composition_structure_to_endpoint_linear_surrogate
jdft2d,benefit_gate_probability,period_range,0.0005561799895704947,0.009036918003915253,-1.0910210540734636e-20,-0.000701294706296916,-0.11487445366273552,low,raw_composition_structure_to_endpoint_linear_surrogate
jdft2d,benefit_gate_probability,group_mean,0.0008678334708329609,0.014100722902718923,2.1820421081469273e-20,-0.0011305227074650008,-0.11487445366273552,low,raw_composition_structure_to_endpoint_linear_surrogate
jdft2d,benefit_gate_probability,group_std,0.000545706892592944,0.008866749136987359,1.0910210540734636e-20,0.0006063070356396501,-0.11487445366273552,low,raw_composition_structure_to_endpoint_linear_surrogate
jdft2d,benefit_gate_probability,group_min,0.0007061513736544134,0.01147368150910115,3.2730631622203906e-20,-0.000774354378563648,-0.11487445366273552,low,raw_composition_structure_to_endpoint_linear_surrogate
jdft2d,benefit_gate_probability,group_max,0.0013736828336871365,0.022319859333672004,7.637147378514245e-20,-0.001679868686167213,-0.11487445366273552,low,raw_composition_structure_to_endpoint_linear_surrogate
jdft2d,benefit_gate_probability,group_range,0.000471766270189196,0.0076653478741746895,-3.818573689257122e-20,0.0005208198364749696,-0.11487445366273552,low,raw_composition_structure_to_endpoint_linear_surrogate
jdft2d,benefit_gate_probability,n_sites,0.0009490357259177072,0.015420112551204025,-3.2730631622203906e-20,-0.0012702984465280524,-0.11487445366273552,low,raw_composition_structure_to_endpoint_linear_surrogate
jdft2d,benefit_gate_probability,volume,0.0011381079895286927,0.018492194566212514,-2.1820421081469273e-20,-0.001499082705684655,-0.11487445366273552,low,raw_composition_structure_to_endpoint_linear_surrogate
jdft2d,benefit_gate_probability,volume_per_atom,0.0012050748936894065,0.019580285531771636,0.0,-0.0016402290039098542,-0.11487445366273552,low,raw_composition_structure_to_endpoint_linear_surrogate
jdft2d,benefit_gate_probability,density,0.0017678172430544662,0.028723830002815757,4.3640842162938546e-20,0.0022644338482305064,-0.11487445366273552,low,raw_composition_structure_to_endpoint_linear_surrogate
jdft2d,benefit_gate_probability,lattice_a,0.0028756777370660498,0.046724557522500765,-2.1820421081469273e-20,-0.003655622330722387,-0.11487445366273552,low,raw_composition_structure_to_endpoint_linear_surrogate
jdft2d,benefit_gate_probability,lattice_b,0.0004459103515916827,0.00724523600272445,1.3637763175918295e-20,0.0005687290316174164,-0.11487445366273552,low,raw_composition_structure_to_endpoint_linear_surrogate
jdft2d,benefit_gate_probability,lattice_c,0.0012111628652143188,0.019679204048281534,4.3640842162938546e-20,-0.0016262981892196803,-0.11487445366273552,low,raw_composition_structure_to_endpoint_linear_surrogate
jdft2d,benefit_gate_probability,lattice_length_anisotropy,0.0003589466705276669,0.0058322336117160286,1.5001539493510124e-20,-0.0004439727373752075,-0.11487445366273552,low,raw_composition_structure_to_endpoint_linear_surrogate
jdft2d,benefit_gate_probability,lattice_alpha,0.000843056320668904,0.013698139065468342,-2.1820421081469273e-20,-0.002710441944910515,-0.11487445366273552,low,raw_composition_structure_to_endpoint_linear_surrogate
jdft2d,benefit_gate_probability,lattice_beta,0.0018658907958532562,0.030317347697833414,1.0910210540734636e-20,0.003824337634918564,-0.11487445366273552,low,raw_composition_structure_to_endpoint_linear_surrogate
jdft2d,benefit_gate_probability,lattice_gamma,0.0018347583216296345,0.029811501349360614,-1.2273986858326465e-19,0.0019169728482457122,-0.11487445366273552,low,raw_composition_structure_to_endpoint_linear_surrogate
jdft2d,benefit_gate_probability,spacegroup_number,0.0007122033885200168,0.011572015794987935,1.2273986858326466e-20,0.0007561748299756852,-0.11487445366273552,low,raw_composition_structure_to_endpoint_linear_surrogate
jdft2d,benefit_gate_probability,crystal_system,0.00538317273824766,0.08746681209085481,1.7456336865175418e-19,-3.842519694038406e-05,-0.11487445366273552,low,raw_composition_structure_to_endpoint_linear_surrogate
jdft2d,realized_local_gain,n_elements,0.0027086751877115974,0.03495882754070006,-8.728168432587709e-20,0.002922887299954532,-0.007853177730664518,low,raw_composition_structure_to_endpoint_linear_surrogate
jdft2d,realized_local_gain,composition_entropy,0.0028599959814700595,0.036911810887069144,-8.728168432587709e-20,0.00323115014123119,-0.007853177730664518,low,raw_composition_structure_to_endpoint_linear_surrogate
jdft2d,realized_local_gain,max_atomic_fraction,0.0013085079965165045,0.01688792572596857,-3.2730631622203906e-20,-0.0015206177722338475,-0.007853177730664518,low,raw_composition_structure_to_endpoint_linear_surrogate
jdft2d,realized_local_gain,min_atomic_fraction,0.003513204221017753,0.045342276931174055,4.3640842162938546e-20,-0.00510123639869931,-0.007853177730664518,low,raw_composition_structure_to_endpoint_linear_surrogate
jdft2d,realized_local_gain,metal_fraction,0.005586915502618806,0.07210610427805567,1.7456336865175418e-19,-0.007883675187644644,-0.007853177730664518,low,raw_composition_structure_to_endpoint_linear_surrogate
jdft2d,realized_local_gain,transition_metal_fraction,0.003094323476453402,0.03993609911562109,-2.1820421081469273e-20,0.0033589640534996746,-0.007853177730664518,low,raw_composition_structure_to_endpoint_linear_surrogate
jdft2d,realized_local_gain,alkali_fraction,0.00038277760445279104,0.004940221818110513,1.0910210540734636e-20,-0.0009481775261581896,-0.007853177730664518,low,raw_composition_structure_to_endpoint_linear_surrogate
jdft2d,realized_local_gain,alkaline_fraction,0.0009790366300212764,0.012635687313198122,-2.1820421081469273e-20,-0.002151331693461376,-0.007853177730664518,low,raw_composition_structure_to_endpoint_linear_surrogate
jdft2d,realized_local_gain,halogen_fraction,0.0011428087543076647,0.01474937059086675,2.727552635183659e-20,0.001273571107433841,-0.007853177730664518,low,raw_composition_structure_to_endpoint_linear_surrogate
jdft2d,realized_local_gain,chalcogen_fraction,0.0005915869346463222,0.0076351663416330505,-2.045664476387744e-21,0.0006613038311049123,-0.007853177730664518,low,raw_composition_structure_to_endpoint_linear_surrogate
jdft2d,realized_local_gain,rare_earth_fraction,0.003024073611458635,0.039029437096398216,3.054858951405698e-19,-0.00483384201627135,-0.007853177730664518,low,raw_composition_structure_to_endpoint_linear_surrogate
jdft2d,realized_local_gain,atomic_number_mean,0.0007389378773770619,0.009536913815177659,6.818881587959147e-21,0.0008915441854741804,-0.007853177730664518,low,raw_composition_structure_to_endpoint_linear_surrogate
jdft2d,realized_local_gain,atomic_number_std,0.0004003326378444264,0.005166791392636684,-1.0910210540734636e-20,-0.0004890976737544576,-0.007853177730664518,low,raw_composition_structure_to_endpoint_linear_surrogate
jdft2d,realized_local_gain,atomic_number_min,0.0007506698142367021,0.0096883290750269,8.182657905550977e-21,-0.0009236123917254106,-0.007853177730664518,low,raw_composition_structure_to_endpoint_linear_surrogate
jdft2d,realized_local_gain,atomic_number_max,0.0003677407024527882,0.004746151866072958,1.0910210540734636e-20,-0.0004452503670290069,-0.007853177730664518,low,raw_composition_structure_to_endpoint_linear_surrogate
jdft2d,realized_local_gain,atomic_number_range,0.00015328994617691064,0.0019783977113362137,6.818881587959147e-21,0.00018564386636726491,-0.007853177730664518,low,raw_composition_structure_to_endpoint_linear_surrogate
jdft2d,realized_local_gain,atomic_mass_mean,0.0007305853691758758,0.009429114291978189,-4.091328952775488e-21,0.0008803804326693524,-0.007853177730664518,low,raw_composition_structure_to_endpoint_linear_surrogate
jdft2d,realized_local_gain,atomic_mass_std,0.0004815379103031248,0.006214846592521159,-1.0910210540734636e-20,-0.0005870706884988776,-0.007853177730664518,low,raw_composition_structure_to_endpoint_linear_surrogate
jdft2d,realized_local_gain,atomic_mass_min,0.000723569429257181,0.009338564847450371,2.727552635183659e-21,-0.0008926053297161938,-0.007853177730664518,low,raw_composition_structure_to_endpoint_linear_surrogate
jdft2d,realized_local_gain,atomic_mass_max,0.0004086747319931431,0.005274456509516073,-2.1820421081469273e-20,-0.0004911002019336377,-0.007853177730664518,low,raw_composition_structure_to_endpoint_linear_surrogate
jdft2d,realized_local_gain,atomic_mass_range,5.8852150383392105e-05,0.0007595603138339113,3.409440793979574e-21,7.132052993745041e-05,-0.007853177730664518,low,raw_composition_structure_to_endpoint_linear_surrogate
jdft2d,realized_local_gain,electronegativity_mean,0.0030917205469551713,0.03990250506793237,1.0910210540734636e-20,0.003965696170567226,-0.007853177730664518,low,raw_composition_structure_to_endpoint_linear_surrogate
jdft2d,realized_local_gain,electronegativity_std,0.000985697991053218,0.012721660475487367,2.1820421081469273e-20,-0.0011779687307387726,-0.007853177730664518,low,raw_composition_structure_to_endpoint_linear_surrogate
jdft2d,realized_local_gain,electronegativity_min,0.0023330298125384596,0.030110656026184186,8.728168432587709e-20,0.002810552372204576,-0.007853177730664518,low,raw_composition_structure_to_endpoint_linear_surrogate
jdft2d,realized_local_gain,electronegativity_max,0.002287441106310364,0.029522276981674946,-8.728168432587709e-20,0.0026497105094289127,-0.007853177730664518,low,raw_composition_structure_to_endpoint_linear_surrogate
jdft2d,realized_local_gain,electronegativity_range,8.71283917213784e-06,0.00011245004325009289,-6.818881587959148e-22,1.05352560912818e-05,-0.007853177730664518,low,raw_composition_structure_to_endpoint_linear_surrogate
jdft2d,realized_local_gain,atomic_radius_mean,0.001241704520077362,0.016025743644281536,-5.455105270367318e-21,-0.0016010821092219667,-0.007853177730664518,low,raw_composition_structure_to_endpoint_linear_surrogate
jdft2d,realized_local_gain,atomic_radius_std,8.329402008260823e-05,0.001075013089959882,-1.3637763175918296e-21,0.00010032693869269657,-0.007853177730664518,low,raw_composition_structure_to_endpoint_linear_surrogate
jdft2d,realized_local_gain,atomic_radius_min,0.0013187584359612527,0.017020220416151813,-6.546126324440781e-20,-0.0015992347847281266,-0.007853177730664518,low,raw_composition_structure_to_endpoint_linear_surrogate
jdft2d,realized_local_gain,atomic_radius_max,1.7613390608430484e-05,0.00022732274710550042,6.818881587959148e-22,-2.3235903985474073e-05,-0.007853177730664518,low,raw_composition_structure_to_endpoint_linear_surrogate
jdft2d,realized_local_gain,atomic_radius_range,0.0010012266396689728,0.012922077030178421,-4.3640842162938546e-20,0.0012050342271097262,-0.007853177730664518,low,raw_composition_structure_to_endpoint_linear_surrogate
jdft2d,realized_local_gain,period_mean,0.0005694586415082354,0.007349573153090579,2.9321190828224333e-20,0.0006948233174541762,-0.007853177730664518,low,raw_composition_structure_to_endpoint_linear_surrogate
jdft2d,realized_local_gain,period_std,8.515908078463635e-05,0.0010990840216577584,4.091328952775488e-21,-0.00010437375164916289,-0.007853177730664518,low,raw_composition_structure_to_endpoint_linear_surrogate
jdft2d,realized_local_gain,period_min,0.0009354990193177278,0.012073780211518143,5.455105270367318e-21,-0.001167863817323914,-0.007853177730664518,low,raw_composition_structure_to_endpoint_linear_surrogate
jdft2d,realized_local_gain,period_max,0.00015640316000773395,0.0020185776140070177,-1.3637763175918296e-21,-0.00020210262987069966,-0.007853177730664518,low,raw_composition_structure_to_endpoint_linear_surrogate
jdft2d,realized_local_gain,period_range,0.0006811843286995986,0.008791532324905805,5.455105270367318e-20,0.0008589143311293077,-0.007853177730664518,low,raw_composition_structure_to_endpoint_linear_surrogate
jdft2d,realized_local_gain,group_mean,0.0027812398949707507,0.03589536548298368,4.3640842162938546e-20,0.003623108536196581,-0.007853177730664518,low,raw_composition_structure_to_endpoint_linear_surrogate
jdft2d,realized_local_gain,group_std,0.0007553036048179313,0.009748133914870312,0.0,-0.0008391792294745572,-0.007853177730664518,low,raw_composition_structure_to_endpoint_linear_surrogate
jdft2d,realized_local_gain,group_min,0.0007650100124588587,0.009873407196915469,2.1820421081469273e-20,0.0008388978268595141,-0.007853177730664518,low,raw_composition_structure_to_endpoint_linear_surrogate
jdft2d,realized_local_gain,group_max,0.005390027210724885,0.06956501560403208,-3.927675794664469e-19,0.006591432685070709,-0.007853177730664518,low,raw_composition_structure_to_endpoint_linear_surrogate
jdft2d,realized_local_gain,group_range,0.00012094445743908387,0.0015609388858427605,-1.2273986858326466e-20,0.00013352008510637294,-0.007853177730664518,low,raw_composition_structure_to_endpoint_linear_surrogate
jdft2d,realized_local_gain,n_sites,0.00022749384076260174,0.0029360914080326602,1.2273986858326466e-20,0.0003045038923439765,-0.007853177730664518,low,raw_composition_structure_to_endpoint_linear_surrogate
jdft2d,realized_local_gain,volume,0.0021029125243520793,0.027140705761074073,8.728168432587709e-20,0.002769895146882621,-0.007853177730664518,low,raw_composition_structure_to_endpoint_linear_surrogate
jdft2d,realized_local_gain,volume_per_atom,0.001773629336761417,0.022890896031484746,2.1820421081469273e-20,0.0024140891952656304,-0.007853177730664518,low,raw_composition_structure_to_endpoint_linear_surrogate
jdft2d,realized_local_gain,density,0.00010492113789697828,0.0013541379866270661,4.091328952775488e-21,0.0001343956661709392,-0.007853177730664518,low,raw_composition_structure_to_endpoint_linear_surrogate
jdft2d,realized_local_gain,lattice_a,0.0016827534507721986,0.02171802951713926,0.0,0.002139151759758438,-0.007853177730664518,low,raw_composition_structure_to_endpoint_linear_surrogate
jdft2d,realized_local_gain,lattice_b,0.0019651604185564353,0.025362843235613185,3.2730631622203906e-20,0.0025064315682043134,-0.007853177730664518,low,raw_composition_structure_to_endpoint_linear_surrogate
jdft2d,realized_local_gain,lattice_c,0.0030587432154738155,0.0394768915247363,-6.546126324440781e-20,0.0041071508180139,-0.007853177730664518,low,raw_composition_structure_to_endpoint_linear_surrogate
jdft2d,realized_local_gain,lattice_length_anisotropy,5.400523732133349e-06,6.970048628850561e-05,-2.7701706451084035e-22,6.679781431292607e-06,-0.007853177730664518,low,raw_composition_structure_to_endpoint_linear_surrogate
jdft2d,realized_local_gain,lattice_alpha,0.00019415249444131038,0.002505779799867672,1.0910210540734636e-20,0.0006242039253382273,-0.007853177730664518,low,raw_composition_structure_to_endpoint_linear_surrogate
jdft2d,realized_local_gain,lattice_beta,0.00012324119721152267,0.0015905811736943313,-4.773217111571403e-21,0.00025259567693666557,-0.007853177730664518,low,raw_composition_structure_to_endpoint_linear_surrogate
jdft2d,realized_local_gain,lattice_gamma,0.0002881707337270068,0.0037192022979877703,1.3296819096520337e-20,-0.0003010835082208871,-0.007853177730664518,low,raw_composition_structure_to_endpoint_linear_surrogate
jdft2d,realized_local_gain,spacegroup_number,0.002711181517700956,0.03499117485139112,-3.818573689257122e-20,-0.0028785698807765794,-0.007853177730664518,low,raw_composition_structure_to_endpoint_linear_surrogate
jdft2d,realized_local_gain,crystal_system,0.008628580330780504,0.11136257793968818,-3.4912673730350836e-19,-0.002185985866066299,-0.007853177730664518,low,raw_composition_structure_to_endpoint_linear_surrogate
dielectric,stage1_anchor_prediction,n_elements,0.0005324652169168914,0.00022531530326983095,-2.312964634635743e-20,-0.0007686777733881406,0.5654013872587402,moderate,raw_composition_structure_to_endpoint_linear_surrogate
dielectric,stage1_anchor_prediction,composition_entropy,0.022022257926342357,0.00931882790784199,-2.9605947323337507e-19,0.028477274047859324,0.5654013872587402,moderate,raw_composition_structure_to_endpoint_linear_surrogate
dielectric,stage1_anchor_prediction,max_atomic_fraction,0.035693843280041486,0.015104027207778419,1.5358085173981332e-18,0.04490841518948539,0.5654013872587402,moderate,raw_composition_structure_to_endpoint_linear_surrogate
dielectric,stage1_anchor_prediction,min_atomic_fraction,0.017272100756572498,0.0073087752897888,5.921189464667501e-19,0.02265210368860239,0.5654013872587402,moderate,raw_composition_structure_to_endpoint_linear_surrogate
dielectric,stage1_anchor_prediction,metal_fraction,0.10167901308983308,0.04302597980609254,1.1842378929335003e-18,0.13103181948690787,0.5654013872587402,moderate,raw_composition_structure_to_endpoint_linear_surrogate
dielectric,stage1_anchor_prediction,transition_metal_fraction,0.09243443471808908,0.03911409051594886,-4.736951571734001e-18,0.11219410091093035,0.5654013872587402,moderate,raw_composition_structure_to_endpoint_linear_surrogate
dielectric,stage1_anchor_prediction,alkali_fraction,0.045542406005752024,0.01927149547953555,-1.7763568394002505e-18,-0.05662990512157945,0.5654013872587402,moderate,raw_composition_structure_to_endpoint_linear_surrogate
dielectric,stage1_anchor_prediction,alkaline_fraction,0.018113042912148554,0.007664624143002396,-7.586524001605237e-19,0.027310895906260513,0.5654013872587402,moderate,raw_composition_structure_to_endpoint_linear_surrogate
dielectric,stage1_anchor_prediction,halogen_fraction,0.10520493564830359,0.04451799146305627,-1.0362081563168129e-18,-0.13102342337568965,0.5654013872587402,moderate,raw_composition_structure_to_endpoint_linear_surrogate
dielectric,stage1_anchor_prediction,chalcogen_fraction,0.15810506287501866,0.06690294325035832,8.955799065309596e-18,-0.17287037767494573,0.5654013872587402,moderate,raw_composition_structure_to_endpoint_linear_surrogate
dielectric,stage1_anchor_prediction,rare_earth_fraction,0.014761613987965695,0.0062464503347451576,1.6283271027835629e-18,-0.032202812191401614,0.5654013872587402,moderate,raw_composition_structure_to_endpoint_linear_surrogate
dielectric,stage1_anchor_prediction,atomic_number_mean,0.03838274620490703,0.016241849846198343,-9.992007221626408e-19,-0.04906598323303091,0.5654013872587402,moderate,raw_composition_structure_to_endpoint_linear_surrogate
dielectric,stage1_anchor_prediction,atomic_number_std,0.028522626600091798,0.01206949122360214,-1.2582527612418442e-18,-0.03462008369049198,0.5654013872587402,moderate,raw_composition_structure_to_endpoint_linear_surrogate
dielectric,stage1_anchor_prediction,atomic_number_min,0.0260148140153704,0.011008297862762207,-8.141635513917814e-19,-0.037122922671441405,0.5654013872587402,moderate,raw_composition_structure_to_endpoint_linear_surrogate
dielectric,stage1_anchor_prediction,atomic_number_max,0.035472634131929456,0.015010421457187761,-1.5543122344752192e-18,-0.04163914555238583,0.5654013872587402,moderate,raw_composition_structure_to_endpoint_linear_surrogate
dielectric,stage1_anchor_prediction,atomic_number_range,0.021590651055171994,0.00913619131491263,0.0,-0.026025044994659602,0.5654013872587402,moderate,raw_composition_structure_to_endpoint_linear_surrogate
dielectric,stage1_anchor_prediction,atomic_mass_mean,0.03881794852192159,0.0164260078699086,-7.031412489292658e-19,-0.04999791481195334,0.5654013872587402,moderate,raw_composition_structure_to_endpoint_linear_surrogate
dielectric,stage1_anchor_prediction,atomic_mass_std,0.02188398684798552,0.009260317813729532,-2.9605947323337507e-19,-0.026585099712919766,0.5654013872587402,moderate,raw_composition_structure_to_endpoint_linear_surrogate
dielectric,stage1_anchor_prediction,atomic_mass_min,0.027300046878414704,0.011552150537282313,-5.921189464667501e-19,-0.04058758713839862,0.5654013872587402,moderate,raw_composition_structure_to_endpoint_linear_surrogate
dielectric,stage1_anchor_prediction,atomic_mass_max,0.03157215759556212,0.013359915422676893,7.401486830834377e-20,-0.03703151780415104,0.5654013872587402,moderate,raw_composition_structure_to_endpoint_linear_surrogate
dielectric,stage1_anchor_prediction,atomic_mass_range,0.018032684927818992,0.007630620262496913,-4.440892098500626e-19,-0.02167220242504051,0.5654013872587402,moderate,raw_composition_structure_to_endpoint_linear_surrogate
dielectric,stage1_anchor_prediction,electronegativity_mean,0.06435387495390102,0.027231662071346478,4.440892098500626e-19,-0.07882082099258476,0.5654013872587402,moderate,raw_composition_structure_to_endpoint_linear_surrogate
dielectric,stage1_anchor_prediction,electronegativity_std,0.19060404240376783,0.08065504798102859,-3.552713678800501e-18,-0.23509078930746724,0.5654013872587402,moderate,raw_composition_structure_to_endpoint_linear_surrogate
dielectric,stage1_anchor_prediction,electronegativity_min,0.02607032514608857,0.011031787673655466,1.4802973661668753e-19,-0.02975142261643563,0.5654013872587402,moderate,raw_composition_structure_to_endpoint_linear_surrogate
dielectric,stage1_anchor_prediction,electronegativity_max,0.1111164858166267,0.047019493301397826,-4.440892098500626e-18,-0.13229504389990276,0.5654013872587402,moderate,raw_composition_structure_to_endpoint_linear_surrogate
dielectric,stage1_anchor_prediction,electronegativity_range,0.06687449362980961,0.02829827439332767,-2.3684757858670005e-18,-0.08040548719409514,0.5654013872587402,moderate,raw_composition_structure_to_endpoint_linear_surrogate
dielectric,stage1_anchor_prediction,atomic_radius_mean,0.0768223320155461,0.032507751654095536,1.3322676295501879e-18,0.09488161144265636,0.5654013872587402,moderate,raw_composition_structure_to_endpoint_linear_surrogate
dielectric,stage1_anchor_prediction,atomic_radius_std,0.040927668880271044,0.017318746526357287,-1.7763568394002505e-18,-0.052538276524824436,0.5654013872587402,moderate,raw_composition_structure_to_endpoint_linear_surrogate
dielectric,stage1_anchor_prediction,atomic_radius_min,0.03577845000175463,0.015139828962627014,-1.4062824978585316e-18,0.0421698318129671,0.5654013872587402,moderate,raw_composition_structure_to_endpoint_linear_surrogate
dielectric,stage1_anchor_prediction,atomic_radius_max,0.012611596053457448,0.005336659558637218,-4.440892098500626e-19,0.015175941834351288,0.5654013872587402,moderate,raw_composition_structure_to_endpoint_linear_surrogate
dielectric,stage1_anchor_prediction,atomic_radius_range,0.0121342866895876,0.005134683728748125,-5.181040781584064e-19,-0.015225010696826122,0.5654013872587402,moderate,raw_composition_structure_to_endpoint_linear_surrogate
dielectric,stage1_anchor_prediction,period_mean,0.07180288345582464,0.030383747045814275,-1.0732155904709847e-18,0.08861821684665468,0.5654013872587402,moderate,raw_composition_structure_to_endpoint_linear_surrogate
dielectric,stage1_anchor_prediction,period_std,0.010492787932322542,0.004440075370193213,-1.4802973661668753e-19,0.013051859571850247,0.5654013872587402,moderate,raw_composition_structure_to_endpoint_linear_surrogate
dielectric,stage1_anchor_prediction,period_min,0.01918805972505774,0.008119522850984304,-5.551115123125783e-19,0.024427130635474973,0.5654013872587402,moderate,raw_composition_structure_to_endpoint_linear_surrogate
dielectric,stage1_anchor_prediction,period_max,0.036503652219369895,0.015446701885782559,-2.590520390792032e-18,0.042857919533591166,0.5654013872587402,moderate,raw_composition_structure_to_endpoint_linear_surrogate
dielectric,stage1_anchor_prediction,period_range,0.017921337771209238,0.007583503159702806,-2.9605947323337507e-19,0.021508989720178964,0.5654013872587402,moderate,raw_composition_structure_to_endpoint_linear_surrogate
dielectric,stage1_anchor_prediction,group_mean,0.05036428005621166,0.021311895452136603,-4.440892098500626e-19,0.06358815033021735,0.5654013872587402,moderate,raw_composition_structure_to_endpoint_linear_surrogate
dielectric,stage1_anchor_prediction,group_std,0.0019174582738396913,0.000811381999708855,-1.8503717077085942e-20,-0.002288204325571655,0.5654013872587402,moderate,raw_composition_structure_to_endpoint_linear_surrogate
dielectric,stage1_anchor_prediction,group_min,0.013176551934268399,0.005575723447835565,7.401486830834377e-20,-0.01581524682028343,0.5654013872587402,moderate,raw_composition_structure_to_endpoint_linear_surrogate
dielectric,stage1_anchor_prediction,group_max,0.00263528495087264,0.0011151339262053012,-1.1102230246251566e-19,0.005882833896845352,0.5654013872587402,moderate,raw_composition_structure_to_endpoint_linear_surrogate
dielectric,stage1_anchor_prediction,group_range,0.014403409417893115,0.006094874290387052,2.9605947323337507e-19,0.017279822826518493,0.5654013872587402,moderate,raw_composition_structure_to_endpoint_linear_surrogate
dielectric,stage1_anchor_prediction,n_sites,0.007307608712803384,0.003092250950843886,-1.1102230246251566e-19,-0.009997526775153226,0.5654013872587402,moderate,raw_composition_structure_to_endpoint_linear_surrogate
dielectric,stage1_anchor_prediction,volume,0.013379378362631061,0.005661550459189066,7.401486830834377e-20,0.019325720339413127,0.5654013872587402,moderate,raw_composition_structure_to_endpoint_linear_surrogate
dielectric,stage1_anchor_prediction,volume_per_atom,0.08457174501613891,0.03578695428539956,1.6283271027835629e-18,-0.11838251708820996,0.5654013872587402,moderate,raw_composition_structure_to_endpoint_linear_surrogate
dielectric,stage1_anchor_prediction,density,0.3031151133041338,0.12826466689269203,-2.960594732333751e-18,0.3965177479710492,0.5654013872587402,moderate,raw_composition_structure_to_endpoint_linear_surrogate
dielectric,stage1_anchor_prediction,lattice_a,0.03607209776881651,0.01526408747489784,0.0,-0.04920934130435678,0.5654013872587402,moderate,raw_composition_structure_to_endpoint_linear_surrogate
dielectric,stage1_anchor_prediction,lattice_b,0.01187102280056658,0.0050232823054998064,1.4802973661668753e-19,0.015802752008569898,0.5654013872587402,moderate,raw_composition_structure_to_endpoint_linear_surrogate
dielectric,stage1_anchor_prediction,lattice_c,0.028132442350068853,0.011904382818711248,-9.992007221626408e-19,-0.041801049290204256,0.5654013872587402,moderate,raw_composition_structure_to_endpoint_linear_surrogate
dielectric,stage1_anchor_prediction,lattice_length_anisotropy,0.003076708410073433,0.0013019244571551725,-2.7755575615628914e-20,-0.004933488560486678,0.5654013872587402,moderate,raw_composition_structure_to_endpoint_linear_surrogate
dielectric,stage1_anchor_prediction,lattice_alpha,0.00037277512959998016,0.00015774164904818516,-2.3129646346357427e-21,-0.0005371401952347296,0.5654013872587402,moderate,raw_composition_structure_to_endpoint_linear_surrogate
dielectric,stage1_anchor_prediction,lattice_beta,0.003131462347133417,0.0013250938577881776,1.4802973661668753e-19,0.00460592532315135,0.5654013872587402,moderate,raw_composition_structure_to_endpoint_linear_surrogate
dielectric,stage1_anchor_prediction,lattice_gamma,0.015660185982014567,0.006626685540569877,4.440892098500626e-19,-0.02252565853285307,0.5654013872587402,moderate,raw_composition_structure_to_endpoint_linear_surrogate
dielectric,stage1_anchor_prediction,spacegroup_number,0.01574824413784267,0.006663947786920305,2.220446049250313e-19,-0.017345247850823836,0.5654013872587402,moderate,raw_composition_structure_to_endpoint_linear_surrogate
dielectric,stage1_anchor_prediction,crystal_system,0.06611089049017037,0.02797515192913774,1.4802973661668753e-19,0.008258274825796764,0.5654013872587402,moderate,raw_composition_structure_to_endpoint_linear_surrogate
dielectric,hpsafemoe_prediction,n_elements,0.011390174237150861,0.005175563824417673,4.440892098500626e-19,-0.01644309053990779,0.6158484284991197,moderate,raw_composition_structure_to_endpoint_linear_surrogate
dielectric,hpsafemoe_prediction,composition_entropy,0.017336906164582496,0.007877690235859075,-5.921189464667501e-19,0.022418583491399358,0.6158484284991197,moderate,raw_composition_structure_to_endpoint_linear_surrogate
dielectric,hpsafemoe_prediction,max_atomic_fraction,0.012758454604568039,0.005797294644668643,-8.326672684688674e-20,0.016052123388980072,0.6158484284991197,moderate,raw_composition_structure_to_endpoint_linear_surrogate
dielectric,hpsafemoe_prediction,min_atomic_fraction,0.013436577100282624,0.006105425686764286,1.4802973661668753e-19,-0.017621871362676178,0.6158484284991197,moderate,raw_composition_structure_to_endpoint_linear_surrogate
dielectric,hpsafemoe_prediction,metal_fraction,0.09122701340021809,0.041452502879529174,2.5165055224836883e-18,0.11756252533279504,0.6158484284991197,moderate,raw_composition_structure_to_endpoint_linear_surrogate
dielectric,hpsafemoe_prediction,transition_metal_fraction,0.06693616412680904,0.030415021086337087,2.960594732333751e-18,0.08124507685407156,0.6158484284991197,moderate,raw_composition_structure_to_endpoint_linear_surrogate
dielectric,hpsafemoe_prediction,alkali_fraction,0.03371894374704422,0.015321499199333554,-1.4062824978585316e-18,-0.04192796895609377,0.6158484284991197,moderate,raw_composition_structure_to_endpoint_linear_surrogate
dielectric,hpsafemoe_prediction,alkaline_fraction,0.01830120028976892,0.008315854366319448,-1.572815951552305e-18,0.02759460011759092,0.6158484284991197,moderate,raw_composition_structure_to_endpoint_linear_surrogate
dielectric,hpsafemoe_prediction,halogen_fraction,0.09065948223160117,0.041194623261152245,1.4802973661668753e-19,-0.11290835026182948,0.6158484284991197,moderate,raw_composition_structure_to_endpoint_linear_surrogate
dielectric,hpsafemoe_prediction,chalcogen_fraction,0.13965385505391215,0.06345710127945287,-1.1842378929335003e-18,-0.15269602521214692,0.6158484284991197,moderate,raw_composition_structure_to_endpoint_linear_surrogate
dielectric,hpsafemoe_prediction,rare_earth_fraction,0.013983597513952423,0.006353985454618688,-1.591319668629391e-18,-0.030505550739172112,0.6158484284991197,moderate,raw_composition_structure_to_endpoint_linear_surrogate
dielectric,hpsafemoe_prediction,atomic_number_mean,0.030358971056907904,0.013794766355389744,-4.625929269271486e-19,-0.03880891577945189,0.6158484284991197,moderate,raw_composition_structure_to_endpoint_linear_surrogate
dielectric,hpsafemoe_prediction,atomic_number_std,0.017746494333798647,0.008063802376671666,-8.511709855459533e-19,-0.021540271436536404,0.6158484284991197,moderate,raw_composition_structure_to_endpoint_linear_surrogate
dielectric,hpsafemoe_prediction,atomic_number_min,0.023530894563650165,0.010692167136705519,-1.4802973661668753e-19,-0.033578390326377605,0.6158484284991197,moderate,raw_composition_structure_to_endpoint_linear_surrogate
dielectric,hpsafemoe_prediction,atomic_number_max,0.03630368606058267,0.01649597629993474,-1.9984014443252816e-18,-0.042614666346530466,0.6158484284991197,moderate,raw_composition_structure_to_endpoint_linear_surrogate
dielectric,hpsafemoe_prediction,atomic_number_range,0.023953820673472213,0.01088433988391928,-2.9605947323337507e-19,-0.028873573994045346,0.6158484284991197,moderate,raw_composition_structure_to_endpoint_linear_surrogate
dielectric,hpsafemoe_prediction,atomic_mass_mean,0.03230932057143093,0.014680982683794296,-8.696747026230392e-19,-0.04161473542709848,0.6158484284991197,moderate,raw_composition_structure_to_endpoint_linear_surrogate
dielectric,hpsafemoe_prediction,atomic_mass_std,0.015608406393527143,0.007092279872564574,-1.8503717077085944e-19,-0.018961400553477795,0.6158484284991197,moderate,raw_composition_structure_to_endpoint_linear_surrogate
dielectric,hpsafemoe_prediction,atomic_mass_min,0.025111495985894156,0.01141037419583084,-7.401486830834377e-19,-0.03733381982977061,0.6158484284991197,moderate,raw_composition_structure_to_endpoint_linear_surrogate
dielectric,hpsafemoe_prediction,atomic_mass_max,0.03632681060525283,0.016506483826365777,5.921189464667501e-19,-0.04260833076183344,0.6158484284991197,moderate,raw_composition_structure_to_endpoint_linear_surrogate
dielectric,hpsafemoe_prediction,atomic_mass_range,0.024236099982779726,0.011012604346886707,-8.881784197001253e-19,-0.02912764610055496,0.6158484284991197,moderate,raw_composition_structure_to_endpoint_linear_surrogate
dielectric,hpsafemoe_prediction,electronegativity_mean,0.06542053571873126,0.02972633701559461,-8.141635513917814e-19,-0.08012727032861502,0.6158484284991197,moderate,raw_composition_structure_to_endpoint_linear_surrogate
dielectric,hpsafemoe_prediction,electronegativity_std,0.1799657081049357,0.08177434243855801,-3.552713678800501e-18,-0.22196948098845906,0.6158484284991197,moderate,raw_composition_structure_to_endpoint_linear_surrogate
dielectric,hpsafemoe_prediction,electronegativity_min,0.023134607987985608,0.010512099086611767,2.9605947323337507e-19,-0.026401185848631187,0.6158484284991197,moderate,raw_composition_structure_to_endpoint_linear_surrogate
dielectric,hpsafemoe_prediction,electronegativity_max,0.1024125527137302,0.04653508295444961,2.960594732333751e-18,-0.12193216026938744,0.6158484284991197,moderate,raw_composition_structure_to_endpoint_linear_surrogate
dielectric,hpsafemoe_prediction,electronegativity_range,0.062192625251500565,0.028259611722827076,-5.921189464667501e-19,-0.07477631697532038,0.6158484284991197,moderate,raw_composition_structure_to_endpoint_linear_surrogate
dielectric,hpsafemoe_prediction,atomic_radius_mean,0.07305509414679419,0.033195392325284886,1.3322676295501879e-18,0.09022877690487317,0.6158484284991197,moderate,raw_composition_structure_to_endpoint_linear_surrogate
dielectric,hpsafemoe_prediction,atomic_radius_std,0.04039826134732587,0.01835650409250375,-1.1842378929335003e-18,-0.051858683473933465,0.6158484284991197,moderate,raw_composition_structure_to_endpoint_linear_surrogate
dielectric,hpsafemoe_prediction,atomic_radius_min,0.039607796296574314,0.017997325888908546,-8.141635513917814e-19,0.046683243914336384,0.6158484284991197,moderate,raw_composition_structure_to_endpoint_linear_surrogate
dielectric,hpsafemoe_prediction,atomic_radius_max,0.0159778286276161,0.0072601410756399564,-7.401486830834377e-20,0.019226638473364338,0.6158484284991197,moderate,raw_composition_structure_to_endpoint_linear_surrogate
dielectric,hpsafemoe_prediction,atomic_radius_range,0.011732015310946938,0.005330892466315748,-7.401486830834377e-20,-0.01472027678048586,0.6158484284991197,moderate,raw_composition_structure_to_endpoint_linear_surrogate
dielectric,hpsafemoe_prediction,period_mean,0.06880386441276864,0.031263682558374854,-3.7007434154171887e-19,0.08491686521433073,0.6158484284991197,moderate,raw_composition_structure_to_endpoint_linear_surrogate
dielectric,hpsafemoe_prediction,period_std,0.017479000791542434,0.00794225639574619,2.9605947323337507e-19,0.021741930291444916,0.6158484284991197,moderate,raw_composition_structure_to_endpoint_linear_surrogate
dielectric,hpsafemoe_prediction,period_min,0.0212906057975349,0.009674205755892104,1.0362081563168129e-18,0.027103751842382846,0.6158484284991197,moderate,raw_composition_structure_to_endpoint_linear_surrogate
dielectric,hpsafemoe_prediction,period_max,0.033460854363212104,0.015204226359549333,-7.401486830834377e-19,0.03928545547184459,0.6158484284991197,moderate,raw_composition_structure_to_endpoint_linear_surrogate
dielectric,hpsafemoe_prediction,period_range,0.01334840778930407,0.00606536256860442,-7.401486830834377e-20,0.016020610156801104,0.6158484284991197,moderate,raw_composition_structure_to_endpoint_linear_surrogate
dielectric,hpsafemoe_prediction,group_mean,0.058190872834808983,0.02644126157199693,-1.1842378929335003e-18,0.07346972825853045,0.6158484284991197,moderate,raw_composition_structure_to_endpoint_linear_surrogate
dielectric,hpsafemoe_prediction,group_std,0.007025586680692285,0.0031923455702111427,4.070817756958907e-19,0.008384003997253461,0.6158484284991197,moderate,raw_composition_structure_to_endpoint_linear_surrogate
dielectric,hpsafemoe_prediction,group_min,0.0096935912589536,0.004404656083740568,2.9605947323337507e-19,-0.011634799384548183,0.6158484284991197,moderate,raw_composition_structure_to_endpoint_linear_surrogate
dielectric,hpsafemoe_prediction,group_max,0.00039760311744656653,0.000180666271497431,-4.163336342344337e-20,0.0008875826107653008,0.6158484284991197,moderate,raw_composition_structure_to_endpoint_linear_surrogate
dielectric,hpsafemoe_prediction,group_range,0.009798151224563572,0.0044521669263515844,2.9605947323337507e-19,0.011754877770645218,0.6158484284991197,moderate,raw_composition_structure_to_endpoint_linear_surrogate
dielectric,hpsafemoe_prediction,n_sites,0.005975639546415576,0.0027152617001515024,-1.8503717077085944e-19,-0.008175262074347683,0.6158484284991197,moderate,raw_composition_structure_to_endpoint_linear_surrogate
dielectric,hpsafemoe_prediction,volume,0.0072266234661129405,0.0032836943671950094,-1.1102230246251566e-19,0.010438429971784943,0.6158484284991197,moderate,raw_composition_structure_to_endpoint_linear_surrogate
dielectric,hpsafemoe_prediction,volume_per_atom,0.09083559032820286,0.04127464474940884,2.220446049250313e-18,-0.1271505728324991,0.6158484284991197,moderate,raw_composition_structure_to_endpoint_linear_surrogate
dielectric,hpsafemoe_prediction,density,0.2950156942937753,0.13405172943203886,-4.1448326252672514e-18,0.3859225541159711,0.6158484284991197,moderate,raw_composition_structure_to_endpoint_linear_surrogate
dielectric,hpsafemoe_prediction,lattice_a,0.027750370564132827,0.012609448373270627,-2.9605947323337507e-19,-0.03785689052975727,0.6158484284991197,moderate,raw_composition_structure_to_endpoint_linear_surrogate
dielectric,hpsafemoe_prediction,lattice_b,0.019668730506041916,0.008937244326541076,2.9605947323337507e-19,0.02618309102190749,0.6158484284991197,moderate,raw_composition_structure_to_endpoint_linear_surrogate
dielectric,hpsafemoe_prediction,lattice_c,0.01929787729063274,0.008768732902055544,-5.551115123125783e-19,-0.028674066395805775,0.6158484284991197,moderate,raw_composition_structure_to_endpoint_linear_surrogate
dielectric,hpsafemoe_prediction,lattice_length_anisotropy,0.012204616848253544,0.005545637154932563,-2.0354088784794536e-19,-0.01957005006026709,0.6158484284991197,moderate,raw_composition_structure_to_endpoint_linear_surrogate
dielectric,hpsafemoe_prediction,lattice_alpha,0.0009713609841374517,0.0004413752296742814,-9.251858538542971e-21,0.0013996562196165827,0.6158484284991197,moderate,raw_composition_structure_to_endpoint_linear_surrogate
dielectric,hpsafemoe_prediction,lattice_beta,0.0002805776254191998,0.00012749123743201521,-1.9660199394403815e-20,-0.00041268884845796494,0.6158484284991197,moderate,raw_composition_structure_to_endpoint_linear_surrogate
dielectric,hpsafemoe_prediction,lattice_gamma,0.0082484995950167,0.0037480230961217413,2.220446049250313e-19,-0.011864666581809069,0.6158484284991197,moderate,raw_composition_structure_to_endpoint_linear_surrogate
dielectric,hpsafemoe_prediction,spacegroup_number,0.01553628768170274,0.007059509961568433,4.440892098500626e-19,-0.017111797236701407,0.6158484284991197,moderate,raw_composition_structure_to_endpoint_linear_surrogate
dielectric,hpsafemoe_prediction,crystal_system,0.0694742751017794,0.03156830944443511,1.4802973661668753e-19,0.008021447095597769,0.6158484284991197,moderate,raw_composition_structure_to_endpoint_linear_surrogate
dielectric,stage2_correction,n_elements,0.001233742880874394,0.0083504552321929,1.8503717077085942e-20,-0.0017810566783971167,0.03783162702037823,low,raw_composition_structure_to_endpoint_linear_surrogate
dielectric,stage2_correction,composition_entropy,0.001210120576591848,0.00819057022093931,-1.8503717077085942e-20,0.0015648229807234465,0.03783162702037823,low,raw_composition_structure_to_endpoint_linear_surrogate
dielectric,stage2_correction,max_atomic_fraction,0.005689629762702879,0.03850964358759266,-9.71445146547012e-20,-0.007158440565036771,0.03783162702037823,low,raw_composition_structure_to_endpoint_linear_surrogate
dielectric,stage2_correction,min_atomic_fraction,0.011744405218364345,0.07949073629926677,-2.9605947323337507e-19,-0.01540261306466259,0.03783162702037823,low,raw_composition_structure_to_endpoint_linear_surrogate
dielectric,stage2_correction,metal_fraction,0.005876733471806804,0.03977603480319363,-3.0531133177191803e-19,-0.0075732351844340915,0.03783162702037823,low,raw_composition_structure_to_endpoint_linear_surrogate
dielectric,stage2_correction,transition_metal_fraction,0.016551998934612143,0.11203041431843931,1.4062824978585316e-18,-0.02009031206185405,0.03783162702037823,low,raw_composition_structure_to_endpoint_linear_surrogate
dielectric,stage2_correction,alkali_fraction,0.005321320166854622,0.036016779929049655,5.551115123125783e-20,0.00661681897378159,0.03783162702037823,low,raw_composition_structure_to_endpoint_linear_surrogate
dielectric,stage2_correction,alkaline_fraction,0.00021953208463429242,0.0014858791675210299,1.5323390704461797e-20,-0.00033101108083337166,0.03783162702037823,low,raw_composition_structure_to_endpoint_linear_surrogate
dielectric,stage2_correction,halogen_fraction,0.005630581868144986,0.03810998430063372,-2.312964634635743e-19,0.007012390696456247,0.03783162702037823,low,raw_composition_structure_to_endpoint_linear_surrogate
dielectric,stage2_correction,chalcogen_fraction,0.006910538901685544,0.046773235026048854,-4.3021142204224816e-19,0.007555909014856357,0.03783162702037823,low,raw_composition_structure_to_endpoint_linear_surrogate
dielectric,stage2_correction,rare_earth_fraction,0.001025953636437482,0.006944056208295899,-9.251858538542971e-21,0.0022381422721266288,0.03783162702037823,low,raw_composition_structure_to_endpoint_linear_surrogate
dielectric,stage2_correction,atomic_number_mean,0.001583500796564278,0.010717753850364883,1.8503717077085942e-20,0.0020242434743708076,0.03783162702037823,low,raw_composition_structure_to_endpoint_linear_surrogate
dielectric,stage2_correction,atomic_number_std,0.00216101962587942,0.014626627574950552,9.251858538542972e-20,0.0026229940655079923,0.03783162702037823,low,raw_composition_structure_to_endpoint_linear_surrogate
dielectric,stage2_correction,atomic_number_min,0.0004598148900191999,0.0031122073437860366,1.0408340855860843e-20,0.0006561520138208474,0.03783162702037823,low,raw_composition_structure_to_endpoint_linear_surrogate
dielectric,stage2_correction,atomic_number_max,8.586925713589969e-05,0.0005811967782353452,-4.04768811061255e-21,-0.0001007966446207216,0.03783162702037823,low,raw_composition_structure_to_endpoint_linear_surrogate
dielectric,stage2_correction,atomic_number_range,0.0003661596184621855,0.0024783117691737295,-5.782411586589357e-21,-0.0004413632790115907,0.03783162702037823,low,raw_composition_structure_to_endpoint_linear_surrogate
dielectric,stage2_correction,atomic_mass_mean,0.0017063171281241332,0.01154902290518275,3.469446951953614e-20,0.0021977539170043732,0.03783162702037823,low,raw_composition_structure_to_endpoint_linear_surrogate
dielectric,stage2_correction,atomic_mass_std,0.0018134384668569167,0.012274062098816606,2.312964634635743e-20,0.002203000888253292,0.03783162702037823,low,raw_composition_structure_to_endpoint_linear_surrogate
dielectric,stage2_correction,atomic_mass_min,0.0005144865334378289,0.0034822464482987337,1.1564823173178715e-20,0.0007648985769306894,0.03783162702037823,low,raw_composition_structure_to_endpoint_linear_surrogate
dielectric,stage2_correction,atomic_mass_max,0.00032092893693481223,0.0021721727939699015,2.3129646346357427e-21,-0.0003764229798358565,0.03783162702037823,low,raw_composition_structure_to_endpoint_linear_surrogate
dielectric,stage2_correction,atomic_mass_range,0.0006217675467360673,0.0042083663819564784,-2.312964634635743e-20,-0.000747258225168506,0.03783162702037823,low,raw_composition_structure_to_endpoint_linear_surrogate
dielectric,stage2_correction,electronegativity_mean,0.0026870660142787324,0.01818711565109811,1.3877787807814457e-20,0.0032911265942950564,0.03783162702037823,low,raw_composition_structure_to_endpoint_linear_surrogate
dielectric,stage2_correction,electronegativity_std,0.0059157322834227045,0.04003999404101837,1.4802973661668753e-19,0.007296456855282402,0.03783162702037823,low,raw_composition_structure_to_endpoint_linear_surrogate
dielectric,stage2_correction,electronegativity_min,9.934574938725823e-05,0.0006724109582533136,1.734723475976807e-21,-0.00011337324558110748,0.03783162702037823,low,raw_composition_structure_to_endpoint_linear_surrogate
dielectric,stage2_correction,electronegativity_max,0.005932945993110314,0.04015650317298959,2.220446049250313e-19,0.0070637524652245095,0.03783162702037823,low,raw_composition_structure_to_endpoint_linear_surrogate
dielectric,stage2_correction,electronegativity_range,0.004499488004707057,0.03045429783916255,1.1102230246251566e-19,0.005409888068015088,0.03783162702037823,low,raw_composition_structure_to_endpoint_linear_surrogate
dielectric,stage2_correction,atomic_radius_mean,4.6858497055888505e-05,0.0003171566685237688,-1.0119220276531376e-21,-5.787392277474676e-05,0.03783162702037823,low,raw_composition_structure_to_endpoint_linear_surrogate
dielectric,stage2_correction,atomic_radius_std,0.00307553331356121,0.02081641454482722,1.1102230246251566e-19,0.003948019130087292,0.03783162702037823,low,raw_composition_structure_to_endpoint_linear_surrogate
dielectric,stage2_correction,atomic_radius_min,0.0005268438994355769,0.0035658859433277817,-2.3129646346357427e-21,-0.0006209581082969352,0.03783162702037823,low,raw_composition_structure_to_endpoint_linear_surrogate
dielectric,stage2_correction,atomic_radius_max,0.0021519521867630017,0.014565255594138292,-1.8503717077085942e-20,0.0025895137362623717,0.03783162702037823,low,raw_composition_structure_to_endpoint_linear_surrogate
dielectric,stage2_correction,atomic_radius_range,0.0021506648778974904,0.01455654258333345,0.0,0.0026984607013921134,0.03783162702037823,low,raw_composition_structure_to_endpoint_linear_surrogate
dielectric,stage2_correction,period_mean,0.0007963107520858834,0.005389743186598385,1.0408340855860843e-20,-0.00098279672778162,0.03783162702037823,low,raw_composition_structure_to_endpoint_linear_surrogate
dielectric,stage2_correction,period_std,0.0012227595021349323,0.008276115421293978,-9.251858538542971e-21,0.001520976637948512,0.03783162702037823,low,raw_composition_structure_to_endpoint_linear_surrogate
dielectric,stage2_correction,period_min,6.287481263027528e-05,0.00042556136796471087,-3.469446951953614e-21,-8.004203050270236e-05,0.03783162702037823,low,raw_composition_structure_to_endpoint_linear_surrogate
dielectric,stage2_correction,period_max,0.0009294726762132762,0.0062910352656014076,1.1102230246251566e-19,-0.0010912679346830531,0.03783162702037823,low,raw_composition_structure_to_endpoint_linear_surrogate
dielectric,stage2_correction,period_range,0.0008103921005643783,0.005485051270560939,-9.251858538542971e-21,-0.0009726235609685354,0.03783162702037823,low,raw_composition_structure_to_endpoint_linear_surrogate
dielectric,stage2_correction,group_mean,0.003295586616031638,0.02230582151889072,-5.551115123125783e-20,0.004160890554428288,0.03783162702037823,low,raw_composition_structure_to_endpoint_linear_surrogate
dielectric,stage2_correction,group_std,0.0019933076732659505,0.013491487365501178,1.0177044392397268e-19,0.002378719423723767,0.03783162702037823,low,raw_composition_structure_to_endpoint_linear_surrogate
dielectric,stage2_correction,group_min,0.0020316096368588484,0.013750730062861989,9.251858538542971e-21,0.002438453398861289,0.03783162702037823,low,raw_composition_structure_to_endpoint_linear_surrogate
dielectric,stage2_correction,group_max,0.0024145002160456423,0.01634228352987101,-1.6653345369377348e-19,0.005389968819193623,0.03783162702037823,low,raw_composition_structure_to_endpoint_linear_surrogate
dielectric,stage2_correction,group_range,0.0007601105790519211,0.005144726231279869,-9.251858538542971e-21,-0.0009119074347954527,0.03783162702037823,low,raw_composition_structure_to_endpoint_linear_surrogate
dielectric,stage2_correction,n_sites,0.0013793885068570126,0.009336241896810248,3.7007434154171883e-20,0.0018871390180593345,0.03783162702037823,low,raw_composition_structure_to_endpoint_linear_surrogate
dielectric,stage2_correction,volume,0.0006209584430903831,0.004202890051453399,-2.3129646346357427e-21,0.0008969377267242652,0.03783162702037823,low,raw_composition_structure_to_endpoint_linear_surrogate
dielectric,stage2_correction,volume_per_atom,0.0001813546718218937,0.0012274794786450622,3.1803263726241463e-21,-0.00025385810038429553,0.03783162702037823,low,raw_composition_structure_to_endpoint_linear_surrogate
dielectric,stage2_correction,density,0.004187550367928579,0.028342981687689717,1.8503717077085942e-20,-0.00547791241191052,0.03783162702037823,low,raw_composition_structure_to_endpoint_linear_surrogate
dielectric,stage2_correction,lattice_a,0.006090594381336326,0.041223529235482996,7.401486830834377e-20,0.008308752642511213,0.03783162702037823,low,raw_composition_structure_to_endpoint_linear_surrogate
dielectric,stage2_correction,lattice_b,0.00494521798427812,0.03347117299017982,1.1102230246251566e-19,0.006583093533451658,0.03783162702037823,low,raw_composition_structure_to_endpoint_linear_surrogate
dielectric,stage2_correction,lattice_c,0.0024793068549168453,0.016780920254777038,8.789265611615822e-20,0.0036839186146120978,0.03783162702037823,low,raw_composition_structure_to_endpoint_linear_surrogate
dielectric,stage2_correction,lattice_length_anisotropy,0.0039346483590847236,0.026631241797863133,-8.789265611615822e-20,-0.006309191539089941,0.03783162702037823,low,raw_composition_structure_to_endpoint_linear_surrogate
dielectric,stage2_correction,lattice_alpha,0.001076020556090043,0.007282928738102273,-5.551115123125783e-20,0.0015504625863721217,0.03783162702037823,low,raw_composition_structure_to_endpoint_linear_surrogate
dielectric,stage2_correction,lattice_beta,0.00017655943307722237,0.0011950234239145375,-4.6259292692714854e-21,-0.0002596932275414573,0.03783162702037823,low,raw_composition_structure_to_endpoint_linear_surrogate
dielectric,stage2_correction,lattice_gamma,0.0024861811650069886,0.016827448279011125,-2.7755575615628914e-20,0.0035761304519675895,0.03783162702037823,low,raw_composition_structure_to_endpoint_linear_surrogate
dielectric,stage2_correction,spacegroup_number,0.0021608514381290882,0.014625489214355716,3.7007434154171883e-20,-0.002379979852680425,0.03783162702037823,low,raw_composition_structure_to_endpoint_linear_surrogate
dielectric,stage2_correction,crystal_system,0.005575735663406379,0.03773876369670948,1.8503717077085942e-20,-0.0001541028578144223,0.03783162702037823,low,raw_composition_structure_to_endpoint_linear_surrogate
dielectric,benefit_gate_probability,n_elements,0.0010907581485277626,0.028130527698623623,7.401486830834377e-20,-0.0015746409686065136,-0.07753015452841061,low,raw_composition_structure_to_endpoint_linear_surrogate
dielectric,benefit_gate_probability,composition_entropy,0.0015643386083969088,0.04034411350759257,2.7755575615628914e-20,-0.002022867019538381,-0.07753015452841061,low,raw_composition_structure_to_endpoint_linear_surrogate
dielectric,benefit_gate_probability,max_atomic_fraction,0.0012915747735306761,0.03330956545288046,1.1564823173178715e-20,0.001625002265038066,-0.07753015452841061,low,raw_composition_structure_to_endpoint_linear_surrogate
dielectric,benefit_gate_probability,min_atomic_fraction,0.0027823307333913927,0.0717559908839922,7.401486830834377e-20,0.0036489854452003484,-0.07753015452841061,low,raw_composition_structure_to_endpoint_linear_surrogate
dielectric,benefit_gate_probability,metal_fraction,0.0007401091832768536,0.019087331053429506,1.61907524424502e-20,0.0009537646949627243,-0.07753015452841061,low,raw_composition_structure_to_endpoint_linear_surrogate
dielectric,benefit_gate_probability,transition_metal_fraction,0.0024771498266645178,0.063885410259535,2.7755575615628914e-20,0.003006688994982345,-0.07753015452841061,low,raw_composition_structure_to_endpoint_linear_surrogate
dielectric,benefit_gate_probability,alkali_fraction,0.0011076206542688703,0.02856540979000078,-3.0068540250264655e-20,-0.0013772757757687585,-0.07753015452841061,low,raw_composition_structure_to_endpoint_linear_surrogate
dielectric,benefit_gate_probability,alkaline_fraction,0.0005135233258940384,0.013243707748091962,-2.023844055306275e-20,0.0007742918827582667,-0.07753015452841061,low,raw_composition_structure_to_endpoint_linear_surrogate
dielectric,benefit_gate_probability,halogen_fraction,0.0015269293950175037,0.03937933417995385,1.8503717077085942e-20,-0.0019016552346647444,-0.07753015452841061,low,raw_composition_structure_to_endpoint_linear_surrogate
dielectric,benefit_gate_probability,chalcogen_fraction,0.0021536960409048577,0.05554357417807372,6.245004513516505e-20,-0.002354828120099909,-0.07753015452841061,low,raw_composition_structure_to_endpoint_linear_surrogate
dielectric,benefit_gate_probability,rare_earth_fraction,0.00035398015851054323,0.00912910773775491,-3.469446951953614e-20,-0.0007722161393253261,-0.07753015452841061,low,raw_composition_structure_to_endpoint_linear_surrogate
dielectric,benefit_gate_probability,atomic_number_mean,0.0001590962322112,0.004103073603442263,-2.6020852139652107e-21,-0.00020337817988425088,-0.07753015452841061,low,raw_composition_structure_to_endpoint_linear_surrogate
dielectric,benefit_gate_probability,atomic_number_std,3.1875051677967666e-05,0.0008220539313250947,-1.3010426069826053e-21,-3.868917726975558e-05,-0.07753015452841061,low,raw_composition_structure_to_endpoint_linear_surrogate
dielectric,benefit_gate_probability,atomic_number_min,0.00021532988895181708,0.005553333168930678,8.673617379884036e-21,0.00030727395597314076,-0.07753015452841061,low,raw_composition_structure_to_endpoint_linear_surrogate
dielectric,benefit_gate_probability,atomic_number_max,5.861602305977855e-05,0.001511700519947381,-4.192248400277284e-21,-6.880574774375701e-05,-0.07753015452841061,low,raw_composition_structure_to_endpoint_linear_surrogate
dielectric,benefit_gate_probability,atomic_number_range,0.00019077678220443057,0.004920111358599147,-2.8912057932946787e-21,-0.00022995945458612434,-0.07753015452841061,low,raw_composition_structure_to_endpoint_linear_surrogate
dielectric,benefit_gate_probability,atomic_mass_mean,0.00012475878338237979,0.0032175147316768292,-3.1080462277917794e-21,-0.00016069058930490805,-0.07753015452841061,low,raw_composition_structure_to_endpoint_linear_surrogate
dielectric,benefit_gate_probability,atomic_mass_std,2.2906530238134288e-05,0.0005907567907816507,-2.8912057932946784e-22,-2.7827305631645876e-05,-0.07753015452841061,low,raw_composition_structure_to_endpoint_linear_surrogate
dielectric,benefit_gate_probability,atomic_mass_min,0.00023882741002459167,0.006159331545636689,1.3877787807814457e-20,0.0003550700245527952,-0.07753015452841061,low,raw_composition_structure_to_endpoint_linear_surrogate
dielectric,benefit_gate_probability,atomic_mass_max,3.461275815368802e-05,0.0008926590677156872,-5.782411586589357e-22,4.0597889641829244e-05,-0.07753015452841061,low,raw_composition_structure_to_endpoint_linear_surrogate
dielectric,benefit_gate_probability,atomic_mass_range,9.58822187940626e-05,0.0024727914389018357,-4.04768811061255e-21,-0.00011523402438320506,-0.07753015452841061,low,raw_composition_structure_to_endpoint_linear_surrogate
dielectric,benefit_gate_probability,electronegativity_mean,0.0005535588902720414,0.01427622036712263,-7.517135062566164e-21,-0.0006780006057170852,-0.07753015452841061,low,raw_composition_structure_to_endpoint_linear_surrogate
dielectric,benefit_gate_probability,electronegativity_std,0.0016577905992872283,0.042754229647251875,-9.251858538542971e-21,-0.002044716867375471,-0.07753015452841061,low,raw_composition_structure_to_endpoint_linear_surrogate
dielectric,benefit_gate_probability,electronegativity_min,0.0006113282768061387,0.015766086228059223,-1.8503717077085942e-20,0.0006976470687925262,-0.07753015452841061,low,raw_composition_structure_to_endpoint_linear_surrogate
dielectric,benefit_gate_probability,electronegativity_max,0.001212554735322667,0.031271647719644184,4.163336342344337e-20,-0.001443665003996588,-0.07753015452841061,low,raw_composition_structure_to_endpoint_linear_surrogate
dielectric,benefit_gate_probability,electronegativity_range,0.0012876746307307627,0.03320898121685194,-4.625929269271486e-20,-0.0015482151775909948,-0.07753015452841061,low,raw_composition_structure_to_endpoint_linear_surrogate
dielectric,benefit_gate_probability,atomic_radius_mean,0.00019114310146534333,0.004929558690374348,-1.4456028966473393e-21,-0.00023607673715904474,-0.07753015452841061,low,raw_composition_structure_to_endpoint_linear_surrogate
dielectric,benefit_gate_probability,atomic_radius_std,0.0006604434545648682,0.01703276103606282,-2.312964634635743e-20,-0.0008478020320787343,-0.07753015452841061,low,raw_composition_structure_to_endpoint_linear_surrogate
dielectric,benefit_gate_probability,atomic_radius_min,0.0003615643959316978,0.00932470435203342,-4.04768811061255e-21,-0.0004261534461456268,-0.07753015452841061,low,raw_composition_structure_to_endpoint_linear_surrogate
dielectric,benefit_gate_probability,atomic_radius_max,0.0006568755502361722,0.01694074519214738,0.0,-0.0007904396160911563,-0.07753015452841061,low,raw_composition_structure_to_endpoint_linear_surrogate
dielectric,benefit_gate_probability,atomic_radius_range,0.0003239853209160815,0.008355544312255323,-9.251858538542971e-21,-0.00040650761785566725,-0.07753015452841061,low,raw_composition_structure_to_endpoint_linear_surrogate
dielectric,benefit_gate_probability,period_mean,6.779781873859113e-05,0.001748497978682447,4.698209414103852e-22,-8.36752162801796e-05,-0.07753015452841061,low,raw_composition_structure_to_endpoint_linear_surrogate
dielectric,benefit_gate_probability,period_std,0.0005123819525741762,0.01321427186092285,-1.1564823173178714e-21,0.0006373460833557815,-0.07753015452841061,low,raw_composition_structure_to_endpoint_linear_surrogate
dielectric,benefit_gate_probability,period_min,0.0006147125941574796,0.015853367384859495,-3.5850951836854013e-20,-0.0007825525381884998,-0.07753015452841061,low,raw_composition_structure_to_endpoint_linear_surrogate
dielectric,benefit_gate_probability,period_max,0.00034310346013518417,0.008848598932635655,2.7755575615628914e-20,-0.0004028281991566775,-0.07753015452841061,low,raw_composition_structure_to_endpoint_linear_surrogate
dielectric,benefit_gate_probability,period_range,0.00019282883662963726,0.00497303360715193,1.1564823173178714e-21,0.00023143101914434154,-0.07753015452841061,low,raw_composition_structure_to_endpoint_linear_surrogate
dielectric,benefit_gate_probability,group_mean,0.0008372294988376672,0.021592052866115555,9.251858538542971e-21,-0.001057056214713349,-0.07753015452841061,low,raw_composition_structure_to_endpoint_linear_surrogate
dielectric,benefit_gate_probability,group_std,0.00019370742857538256,0.0049956923927855145,-9.251858538542971e-21,-0.00023116131495991548,-0.07753015452841061,low,raw_composition_structure_to_endpoint_linear_surrogate
dielectric,benefit_gate_probability,group_min,8.666550224389561e-05,0.0022350933748949034,1.1564823173178714e-21,0.00010402086339647082,-0.07753015452841061,low,raw_composition_structure_to_endpoint_linear_surrogate
dielectric,benefit_gate_probability,group_max,0.0007011159502358645,0.018081700040176056,7.401486830834377e-20,-0.0015651243620924912,-0.07753015452841061,low,raw_composition_structure_to_endpoint_linear_surrogate
dielectric,benefit_gate_probability,group_range,0.00044880759400909285,0.01157469643629627,-4.6259292692714854e-21,-0.0005384361079147599,-0.07753015452841061,low,raw_composition_structure_to_endpoint_linear_surrogate
dielectric,benefit_gate_probability,n_sites,0.00023967844193637926,0.0061812795611516464,-6.938893903907229e-21,-0.000327903659713975,-0.07753015452841061,low,raw_composition_structure_to_endpoint_linear_surrogate
dielectric,benefit_gate_probability,volume,0.0003338247128630774,0.008609301103415833,-2.3129646346357427e-21,0.00048219004413505885,-0.07753015452841061,low,raw_composition_structure_to_endpoint_linear_surrogate
dielectric,benefit_gate_probability,volume_per_atom,0.0009043719732894869,0.023323649590715197,-1.8503717077085942e-20,0.001265929070774289,-0.07753015452841061,low,raw_composition_structure_to_endpoint_linear_surrogate
dielectric,benefit_gate_probability,density,0.001018607439495709,0.026269769177918557,-1.61907524424502e-20,0.0013324836349223603,-0.07753015452841061,low,raw_composition_structure_to_endpoint_linear_surrogate
dielectric,benefit_gate_probability,lattice_a,0.00097834821134269,0.02523148829575205,0.0,-0.0013346568130032258,-0.07753015452841061,low,raw_composition_structure_to_endpoint_linear_surrogate
dielectric,benefit_gate_probability,lattice_b,0.0009215971143723346,0.023767884006014102,-2.7755575615628914e-20,-0.0012268336852612677,-0.07753015452841061,low,raw_composition_structure_to_endpoint_linear_surrogate
dielectric,benefit_gate_probability,lattice_c,0.0008864498848914976,0.022861440983997658,-3.0068540250264655e-20,-0.0013171460504762997,-0.07753015452841061,low,raw_composition_structure_to_endpoint_linear_surrogate
dielectric,benefit_gate_probability,lattice_length_anisotropy,0.0008086990669602626,0.020856256296303728,1.5034270125132327e-20,0.001296745438294389,-0.07753015452841061,low,raw_composition_structure_to_endpoint_linear_surrogate
dielectric,benefit_gate_probability,lattice_alpha,0.00021242638409137146,0.005478452111191072,6.938893903907229e-21,-0.0003060900268381343,-0.07753015452841061,low,raw_composition_structure_to_endpoint_linear_surrogate
dielectric,benefit_gate_probability,lattice_beta,0.0002327068287784535,0.0060014824564425745,1.2721305490496585e-20,0.00034227787427241205,-0.07753015452841061,low,raw_composition_structure_to_endpoint_linear_surrogate
dielectric,benefit_gate_probability,lattice_gamma,0.0001713385415531298,0.004418801358951677,0.0,0.00024645387257695654,-0.07753015452841061,low,raw_composition_structure_to_endpoint_linear_surrogate
dielectric,benefit_gate_probability,spacegroup_number,0.000362605448602319,0.009351552981150849,-1.1564823173178715e-20,0.00039937667482261766,-0.07753015452841061,low,raw_composition_structure_to_endpoint_linear_surrogate
dielectric,benefit_gate_probability,crystal_system,0.003414274948289614,0.08805375979378542,-6.013708050052931e-20,-0.00025769426809142096,-0.07753015452841061,low,raw_composition_structure_to_endpoint_linear_surrogate
dielectric,realized_local_gain,n_elements,0.0008778168437386166,0.049809185207697844,7.401486830834377e-20,-0.0012672345074381133,-0.028767650366018804,low,raw_composition_structure_to_endpoint_linear_surrogate
dielectric,realized_local_gain,composition_entropy,0.0009719350951022306,0.05514965394788394,9.251858538542971e-21,-0.0012568221729367167,-0.028767650366018804,low,raw_composition_structure_to_endpoint_linear_surrogate
dielectric,realized_local_gain,max_atomic_fraction,0.0002655349990546587,0.015067017728561193,9.97465998686664e-21,0.00033408439352772224,-0.028767650366018804,low,raw_composition_structure_to_endpoint_linear_surrogate
dielectric,realized_local_gain,min_atomic_fraction,0.0009460588161220525,0.05368137912335399,-9.251858538542971e-21,0.0012407420904002302,-0.028767650366018804,low,raw_composition_structure_to_endpoint_linear_surrogate
dielectric,realized_local_gain,metal_fraction,0.0005026896840961525,0.028523676386186997,1.5034270125132327e-20,0.0006478066804820709,-0.028767650366018804,low,raw_composition_structure_to_endpoint_linear_surrogate
dielectric,realized_local_gain,transition_metal_fraction,0.0008057683533900244,0.045721001407961315,-1.8503717077085942e-20,0.000978017080180003,-0.028767650366018804,low,raw_composition_structure_to_endpoint_linear_surrogate
dielectric,realized_local_gain,alkali_fraction,0.0005037821035841709,0.02858566257953852,-2.3129646346357427e-21,-0.0006264300732007455,-0.028767650366018804,low,raw_composition_structure_to_endpoint_linear_surrogate
dielectric,realized_local_gain,alkaline_fraction,0.0006473326216547148,0.03673102273324019,2.3129646346357427e-21,0.0009760499068260391,-0.028767650366018804,low,raw_composition_structure_to_endpoint_linear_surrogate
dielectric,realized_local_gain,halogen_fraction,0.000766756292693265,0.04350737453301672,5.782411586589357e-21,-0.000954927007411214,-0.028767650366018804,low,raw_composition_structure_to_endpoint_linear_surrogate
dielectric,realized_local_gain,chalcogen_fraction,0.0007067356151245135,0.040101674281719596,2.804469619495838e-20,-0.0007727371311283529,-0.028767650366018804,low,raw_composition_structure_to_endpoint_linear_surrogate
dielectric,realized_local_gain,rare_earth_fraction,0.00018533434387459557,0.010516262845994861,-6.938893903907229e-21,-0.00040431128149508925,-0.028767650366018804,low,raw_composition_structure_to_endpoint_linear_surrogate
dielectric,realized_local_gain,atomic_number_mean,5.427672446732912e-05,0.0030797761978982752,1.1926223897340548e-21,6.938380173322095e-05,-0.028767650366018804,low,raw_composition_structure_to_endpoint_linear_surrogate
dielectric,realized_local_gain,atomic_number_std,8.400581214222252e-05,0.0047666675404567215,4.336808689942018e-21,0.0001019642506150584,-0.028767650366018804,low,raw_composition_structure_to_endpoint_linear_surrogate
dielectric,realized_local_gain,atomic_number_min,0.00010143843818396982,0.00575583163016799,-5.493291007259889e-21,-0.0001447518054286457,-0.028767650366018804,low,raw_composition_structure_to_endpoint_linear_surrogate
dielectric,realized_local_gain,atomic_number_max,0.0001739582561997813,0.00987075955908988,-1.0119220276531375e-20,-0.00020419890789621283,-0.028767650366018804,low,raw_composition_structure_to_endpoint_linear_surrogate
dielectric,realized_local_gain,atomic_number_range,0.00012157501275794943,0.0068984234812564885,-5.782411586589357e-22,-0.00014654468589978074,-0.028767650366018804,low,raw_composition_structure_to_endpoint_linear_surrogate
dielectric,realized_local_gain,atomic_mass_mean,1.639272970564564e-05,0.0009301581711404956,4.1561083278611e-22,2.111400356191918e-05,-0.028767650366018804,low,raw_composition_structure_to_endpoint_linear_surrogate
dielectric,realized_local_gain,atomic_mass_std,0.00013372957395984918,0.007588099003368016,2.023844055306275e-21,0.00016245732932416453,-0.028767650366018804,low,raw_composition_structure_to_endpoint_linear_surrogate
dielectric,realized_local_gain,atomic_mass_min,0.00019141124227985818,0.010861078920458588,-3.469446951953614e-21,-0.00028457535292532836,-0.028767650366018804,low,raw_composition_structure_to_endpoint_linear_surrogate
dielectric,realized_local_gain,atomic_mass_max,0.000160557877319866,0.009110393705729962,3.758567531283082e-21,-0.00018832105074133618,-0.028767650366018804,low,raw_composition_structure_to_endpoint_linear_surrogate
dielectric,realized_local_gain,atomic_mass_range,6.259483567122432e-05,0.0035517634290482985,-2.3129646346357427e-21,-7.522828435471332e-05,-0.028767650366018804,low,raw_composition_structure_to_endpoint_linear_surrogate
dielectric,realized_local_gain,electronegativity_mean,0.00024113177591911258,0.013682327209698092,7.228014483236697e-22,-0.0002953389296131625,-0.028767650366018804,low,raw_composition_structure_to_endpoint_linear_surrogate
dielectric,realized_local_gain,electronegativity_std,0.0004293660819677338,0.02436314004587789,-9.251858538542971e-21,-0.0005295795925346746,-0.028767650366018804,low,raw_composition_structure_to_endpoint_linear_surrogate
dielectric,realized_local_gain,electronegativity_min,0.00037585913987847223,0.02132704292900008,-9.251858538542971e-21,0.00042892998273372706,-0.028767650366018804,low,raw_composition_structure_to_endpoint_linear_surrogate
dielectric,realized_local_gain,electronegativity_max,0.00041139019431990644,0.02334315014307533,0.0,-0.0004898002615683674,-0.028767650366018804,low,raw_composition_structure_to_endpoint_linear_surrogate
dielectric,realized_local_gain,electronegativity_range,0.0005417860366539439,0.030742086159691342,-9.251858538542971e-21,-0.0006514078517478305,-0.028767650366018804,low,raw_composition_structure_to_endpoint_linear_surrogate
dielectric,realized_local_gain,atomic_radius_mean,3.0897402939248745e-05,0.0017531840228576902,0.0,3.816071841812531e-05,-0.028767650366018804,low,raw_composition_structure_to_endpoint_linear_surrogate
dielectric,realized_local_gain,atomic_radius_std,0.00026973402488758184,0.015305279339620292,-1.3877787807814457e-20,-0.00034625379786848496,-0.028767650366018804,low,raw_composition_structure_to_endpoint_linear_surrogate
dielectric,realized_local_gain,atomic_radius_min,0.0002146195195377801,0.012177965681674174,1.4456028966473393e-21,0.00025295866764055304,-0.028767650366018804,low,raw_composition_structure_to_endpoint_linear_surrogate
dielectric,realized_local_gain,atomic_radius_max,0.00032130151704067353,0.01823132796316968,4.6259292692714854e-21,-0.0003866325176630859,-0.028767650366018804,low,raw_composition_structure_to_endpoint_linear_surrogate
dielectric,realized_local_gain,atomic_radius_range,0.00040764697231794725,0.02313075180588344,-4.6259292692714854e-21,-0.0005114787274142162,-0.028767650366018804,low,raw_composition_structure_to_endpoint_linear_surrogate
dielectric,realized_local_gain,period_mean,7.38201928543019e-05,0.004188713948900661,-6.143812310751192e-22,9.110795476687395e-05,-0.028767650366018804,low,raw_composition_structure_to_endpoint_linear_surrogate
dielectric,realized_local_gain,period_std,0.00021781117546169307,0.012359066992462833,-5.782411586589357e-22,-0.00027093284393449085,-0.028767650366018804,low,raw_composition_structure_to_endpoint_linear_surrogate
dielectric,realized_local_gain,period_min,0.000210580192617205,0.011948765724830699,1.734723475976807e-21,0.0002680766032631509,-0.028767650366018804,low,raw_composition_structure_to_endpoint_linear_surrogate
dielectric,realized_local_gain,period_max,0.000322746400558842,0.018313313711419272,1.9660199394403815e-20,-0.0003789275435176112,-0.028767650366018804,low,raw_composition_structure_to_endpoint_linear_surrogate
dielectric,realized_local_gain,period_range,0.00047470353581251706,0.02693568311281485,6.938893903907229e-21,-0.0005697338894157279,-0.028767650366018804,low,raw_composition_structure_to_endpoint_linear_surrogate
dielectric,realized_local_gain,group_mean,0.0002753288572591668,0.015622741967263008,6.071532165918825e-21,-0.0003476204315062685,-0.028767650366018804,low,raw_composition_structure_to_endpoint_linear_surrogate
dielectric,realized_local_gain,group_std,0.00010799630960144152,0.006127939131101725,-4.04768811061255e-21,-0.00012887770552677714,-0.028767650366018804,low,raw_composition_structure_to_endpoint_linear_surrogate
dielectric,realized_local_gain,group_min,5.005244050227845e-05,0.0028400813869750873,8.673617379884036e-22,6.007578495876328e-05,-0.028767650366018804,low,raw_composition_structure_to_endpoint_linear_surrogate
dielectric,realized_local_gain,group_max,2.6300192182362556e-05,0.0014923285566384203,1.734723475976807e-21,-5.8710790274393734e-05,-0.028767650366018804,low,raw_composition_structure_to_endpoint_linear_surrogate
dielectric,realized_local_gain,group_range,6.314787496496132e-05,0.0035831440488272043,-5.782411586589357e-22,-7.57587359774773e-05,-0.028767650366018804,low,raw_composition_structure_to_endpoint_linear_surrogate
dielectric,realized_local_gain,n_sites,0.00027960545126251487,0.01586540496044923,-2.3129646346357427e-21,-0.00038252773175692124,-0.028767650366018804,low,raw_composition_structure_to_endpoint_linear_surrogate
dielectric,realized_local_gain,volume,7.618809009363409e-05,0.004323073448821368,5.782411586589357e-22,-0.0001100491878199667,-0.028767650366018804,low,raw_composition_structure_to_endpoint_linear_surrogate
dielectric,realized_local_gain,volume_per_atom,0.00030031926972676854,0.017040750851341997,-5.493291007259889e-21,0.0004203833215639973,-0.028767650366018804,low,raw_composition_structure_to_endpoint_linear_surrogate
dielectric,realized_local_gain,density,0.00021782913830894476,0.012360086242425964,5.782411586589357e-22,0.00028495154340283117,-0.028767650366018804,low,raw_composition_structure_to_endpoint_linear_surrogate
dielectric,realized_local_gain,lattice_a,0.0006982951289109144,0.03962274323356878,0.0,-0.0009526100630458123,-0.028767650366018804,low,raw_composition_structure_to_endpoint_linear_surrogate
dielectric,realized_local_gain,lattice_b,0.00035148190884354947,0.019943827256926627,-4.6259292692714854e-21,-0.0004678940925535315,-0.028767650366018804,low,raw_composition_structure_to_endpoint_linear_surrogate
dielectric,realized_local_gain,lattice_c,0.00025788614145507105,0.014633005363085767,-9.830099697201908e-21,-0.0003831843384261882,-0.028767650366018804,low,raw_composition_structure_to_endpoint_linear_surrogate
dielectric,realized_local_gain,lattice_length_anisotropy,5.1375193948199354e-05,0.0029151372164934524,-2.8912057932946784e-22,-8.237990015770672e-05,-0.028767650366018804,low,raw_composition_structure_to_endpoint_linear_surrogate
dielectric,realized_local_gain,lattice_alpha,8.863150746548306e-06,0.0005029139281246502,-7.228014483236696e-23,1.2771116269222403e-05,-0.028767650366018804,low,raw_composition_structure_to_endpoint_linear_surrogate
dielectric,realized_local_gain,lattice_beta,0.00011781081915221477,0.0066848351708896645,-6.3606527452482926e-21,-0.00017328256741490724,-0.028767650366018804,low,raw_composition_structure_to_endpoint_linear_surrogate
dielectric,realized_local_gain,lattice_gamma,0.0006859148857428959,0.038920262039148015,1.8503717077085942e-20,-0.0009866220309637593,-0.028767650366018804,low,raw_composition_structure_to_endpoint_linear_surrogate
dielectric,realized_local_gain,spacegroup_number,0.000279983229837115,0.015886840916165934,8.673617379884036e-21,-0.00030837587181730113,-0.028767650366018804,low,raw_composition_structure_to_endpoint_linear_surrogate
dielectric,realized_local_gain,crystal_system,0.0009521362058588187,0.05402622307700691,-6.013708050052931e-20,-0.00021838007714634214,-0.028767650366018804,low,raw_composition_structure_to_endpoint_linear_surrogate
log_kvrh,stage1_anchor_prediction,n_elements,0.0024247149565830455,0.00031349954618465145,1.8503717077085942e-20,-0.0027643665635821435,0.8033053060717814,high,raw_composition_structure_to_endpoint_linear_surrogate
log_kvrh,stage1_anchor_prediction,composition_entropy,0.015440993262463879,0.0019964179159616996,0.0,0.01837314207853069,0.8033053060717814,high,raw_composition_structure_to_endpoint_linear_surrogate
log_kvrh,stage1_anchor_prediction,max_atomic_fraction,0.005593614819482213,0.0007232172601065715,7.401486830834377e-20,0.006951126973319788,0.8033053060717814,high,raw_composition_structure_to_endpoint_linear_surrogate
log_kvrh,stage1_anchor_prediction,min_atomic_fraction,0.002386954223458061,0.0003086173340853931,7.401486830834377e-20,0.003629796952509423,0.8033053060717814,high,raw_composition_structure_to_endpoint_linear_surrogate
log_kvrh,stage1_anchor_prediction,metal_fraction,0.020638933787007468,0.0026684771166174417,-2.220446049250313e-18,-0.023195041677269046,0.8033053060717814,high,raw_composition_structure_to_endpoint_linear_surrogate
log_kvrh,stage1_anchor_prediction,transition_metal_fraction,0.030490883478542542,0.0039422688045619705,-1.6283271027835629e-18,-0.03647130399157561,0.8033053060717814,high,raw_composition_structure_to_endpoint_linear_surrogate
log_kvrh,stage1_anchor_prediction,alkali_fraction,0.07131195161088474,0.00922016190268363,-5.3290705182007515e-18,-0.10840958629053432,0.8033053060717814,high,raw_composition_structure_to_endpoint_linear_surrogate
log_kvrh,stage1_anchor_prediction,alkaline_fraction,0.02607789754654804,0.0033716990214031537,-7.401486830834377e-19,-0.03938408612258115,0.8033053060717814,high,raw_composition_structure_to_endpoint_linear_surrogate
log_kvrh,stage1_anchor_prediction,halogen_fraction,0.060526145567032986,0.007825628788264172,2.960594732333751e-18,-0.10867320039341166,0.8033053060717814,high,raw_composition_structure_to_endpoint_linear_surrogate
log_kvrh,stage1_anchor_prediction,chalcogen_fraction,0.03779001130256972,0.004885997573242047,-2.9605947323337507e-19,-0.04353932549059891,0.8033053060717814,high,raw_composition_structure_to_endpoint_linear_surrogate
log_kvrh,stage1_anchor_prediction,rare_earth_fraction,0.02078380126941852,0.0026872075203168435,-8.511709855459533e-19,-0.02761456477151114,0.8033053060717814,high,raw_composition_structure_to_endpoint_linear_surrogate
log_kvrh,stage1_anchor_prediction,atomic_number_mean,2.482629730746045,0.32098754198728924,4.7369515717340015e-17,-3.0458436030731946,0.8033053060717814,high,raw_composition_structure_to_endpoint_linear_surrogate
log_kvrh,stage1_anchor_prediction,atomic_number_std,0.30485692639316603,0.03941597663512079,-1.1842378929335004e-17,0.36748408329214044,0.8033053060717814,high,raw_composition_structure_to_endpoint_linear_surrogate
log_kvrh,stage1_anchor_prediction,atomic_number_min,0.17781899859265632,0.02299081597630985,-4.736951571734001e-18,0.22457435698515837,0.8033053060717814,high,raw_composition_structure_to_endpoint_linear_surrogate
log_kvrh,stage1_anchor_prediction,atomic_number_max,0.09966347387376227,0.012885825505295937,-4.736951571734001e-18,0.11554227134183748,0.8033053060717814,high,raw_composition_structure_to_endpoint_linear_surrogate
log_kvrh,stage1_anchor_prediction,atomic_number_range,0.04654599635466744,0.006018088309425128,-1.4802973661668755e-18,-0.055453799329498565,0.8033053060717814,high,raw_composition_structure_to_endpoint_linear_surrogate
log_kvrh,stage1_anchor_prediction,atomic_mass_mean,1.8314837498561638,0.23679868962148085,-5.684341886080802e-17,2.2598397596270132,0.8033053060717814,high,raw_composition_structure_to_endpoint_linear_surrogate
log_kvrh,stage1_anchor_prediction,atomic_mass_std,0.37693740912386053,0.04873550450931172,7.105427357601002e-18,-0.45316618796917396,0.8033053060717814,high,raw_composition_structure_to_endpoint_linear_surrogate
log_kvrh,stage1_anchor_prediction,atomic_mass_min,0.18455171075474655,0.023861310960339485,-7.105427357601002e-18,-0.2380563935032427,0.8033053060717814,high,raw_composition_structure_to_endpoint_linear_surrogate
log_kvrh,stage1_anchor_prediction,atomic_mass_max,0.08785438391554669,0.011358988574339136,-2.3684757858670005e-18,-0.10123200216503392,0.8033053060717814,high,raw_composition_structure_to_endpoint_linear_surrogate
log_kvrh,stage1_anchor_prediction,atomic_mass_range,0.055592022911032615,0.007187679486522178,-2.9605947323337507e-19,0.06596852666933728,0.8033053060717814,high,raw_composition_structure_to_endpoint_linear_surrogate
log_kvrh,stage1_anchor_prediction,electronegativity_mean,0.025273501623203028,0.003267695968905462,0.0,0.03179312334788165,0.8033053060717814,high,raw_composition_structure_to_endpoint_linear_surrogate
log_kvrh,stage1_anchor_prediction,electronegativity_std,0.15577773515135443,0.02014102694546967,-5.921189464667501e-19,0.18755492014452102,0.8033053060717814,high,raw_composition_structure_to_endpoint_linear_surrogate
log_kvrh,stage1_anchor_prediction,electronegativity_min,0.012525839508310857,0.001619507889278258,-2.220446049250313e-19,0.015482356479537884,0.8033053060717814,high,raw_composition_structure_to_endpoint_linear_surrogate
log_kvrh,stage1_anchor_prediction,electronegativity_max,0.03869247314841759,0.005002679898458933,-5.181040781584064e-19,-0.046215316253551464,0.8033053060717814,high,raw_composition_structure_to_endpoint_linear_surrogate
log_kvrh,stage1_anchor_prediction,electronegativity_range,0.039667620128326614,0.005128759928952753,-1.3322676295501879e-18,-0.04793231719753521,0.8033053060717814,high,raw_composition_structure_to_endpoint_linear_surrogate
log_kvrh,stage1_anchor_prediction,atomic_radius_mean,0.08217004330630855,0.010624041071946349,-1.4802973661668755e-18,0.10466784510106208,0.8033053060717814,high,raw_composition_structure_to_endpoint_linear_surrogate
log_kvrh,stage1_anchor_prediction,atomic_radius_std,0.061028325040054295,0.007890557260152383,-3.552713678800501e-18,-0.0739914069937413,0.8033053060717814,high,raw_composition_structure_to_endpoint_linear_surrogate
log_kvrh,stage1_anchor_prediction,atomic_radius_min,0.03337577628172572,0.0043152662911877014,1.4802973661668755e-18,-0.03854851208956234,0.8033053060717814,high,raw_composition_structure_to_endpoint_linear_surrogate
log_kvrh,stage1_anchor_prediction,atomic_radius_max,0.012942454397587767,0.0016733734285522585,-1.4802973661668753e-19,-0.01596456365581389,0.8033053060717814,high,raw_composition_structure_to_endpoint_linear_surrogate
log_kvrh,stage1_anchor_prediction,atomic_radius_range,0.01669413691019944,0.002158441069983442,2.9605947323337507e-19,0.020269426121615197,0.8033053060717814,high,raw_composition_structure_to_endpoint_linear_surrogate
log_kvrh,stage1_anchor_prediction,period_mean,0.463740863799337,0.0599586149100372,4.736951571734001e-18,0.5616243622789057,0.8033053060717814,high,raw_composition_structure_to_endpoint_linear_surrogate
log_kvrh,stage1_anchor_prediction,period_std,0.08094391648416975,0.010465511014109353,2.3684757858670005e-18,0.09978647100274429,0.8033053060717814,high,raw_composition_structure_to_endpoint_linear_surrogate
log_kvrh,stage1_anchor_prediction,period_min,0.055180319527317424,0.007134448972309785,-3.2566542055671258e-18,0.06515877181595897,0.8033053060717814,high,raw_composition_structure_to_endpoint_linear_surrogate
log_kvrh,stage1_anchor_prediction,period_max,0.01582472844066596,0.002046032326882383,-7.401486830834377e-20,0.01885307756583643,0.8033053060717814,high,raw_composition_structure_to_endpoint_linear_surrogate
log_kvrh,stage1_anchor_prediction,period_range,0.03792899657995603,0.004903967446883754,5.921189464667501e-19,-0.04698605063975947,0.8033053060717814,high,raw_composition_structure_to_endpoint_linear_surrogate
log_kvrh,stage1_anchor_prediction,group_mean,0.035601517609411826,0.0046030398681434544,1.1842378929335003e-18,0.04468708114576714,0.8033053060717814,high,raw_composition_structure_to_endpoint_linear_surrogate
log_kvrh,stage1_anchor_prediction,group_std,0.0016622100711366121,0.00021491272677231805,0.0,-0.0020154989541083523,0.8033053060717814,high,raw_composition_structure_to_endpoint_linear_surrogate
log_kvrh,stage1_anchor_prediction,group_min,0.012231924109706825,0.0015815065795453838,-1.2582527612418442e-18,-0.015945876407840842,0.8033053060717814,high,raw_composition_structure_to_endpoint_linear_surrogate
log_kvrh,stage1_anchor_prediction,group_max,0.010195036346930865,0.0013181505147322197,0.0,-0.013874172668067786,0.8033053060717814,high,raw_composition_structure_to_endpoint_linear_surrogate
log_kvrh,stage1_anchor_prediction,group_range,0.0021762098879948913,0.00028136949064329456,-7.401486830834377e-20,0.002617595856918342,0.8033053060717814,high,raw_composition_structure_to_endpoint_linear_surrogate
log_kvrh,stage1_anchor_prediction,n_sites,0.03978381090091766,0.005143782624457329,2.960594732333751e-18,0.06939077931258453,0.8033053060717814,high,raw_composition_structure_to_endpoint_linear_surrogate
log_kvrh,stage1_anchor_prediction,volume,0.05012975110345132,0.0064814440058671135,0.0,-0.07798891664708663,0.8033053060717814,high,raw_composition_structure_to_endpoint_linear_surrogate
log_kvrh,stage1_anchor_prediction,volume_per_atom,0.07974329114159176,0.010310278128275046,-5.921189464667501e-19,-0.1119462138786389,0.8033053060717814,high,raw_composition_structure_to_endpoint_linear_surrogate
log_kvrh,stage1_anchor_prediction,density,0.2531667625895781,0.03273278162671812,-7.697546304067752e-18,0.3252316716729524,0.8033053060717814,high,raw_composition_structure_to_endpoint_linear_surrogate
log_kvrh,stage1_anchor_prediction,lattice_a,0.0013985475001842401,0.0001808229068060444,2.7755575615628914e-20,0.002010111461430597,0.8033053060717814,high,raw_composition_structure_to_endpoint_linear_surrogate
log_kvrh,stage1_anchor_prediction,lattice_b,0.00025069833421289325,3.241363022552804e-05,0.0,-0.00033736821677621265,0.8033053060717814,high,raw_composition_structure_to_endpoint_linear_surrogate
log_kvrh,stage1_anchor_prediction,lattice_c,0.0012500277212520938,0.0001616202854140903,-1.8503717077085942e-20,-0.0019233014810851046,0.8033053060717814,high,raw_composition_structure_to_endpoint_linear_surrogate
log_kvrh,stage1_anchor_prediction,lattice_length_anisotropy,0.005176240800273724,0.0006692535703722877,-3.7007434154171883e-20,0.008439478357047392,0.8033053060717814,high,raw_composition_structure_to_endpoint_linear_surrogate
log_kvrh,stage1_anchor_prediction,lattice_alpha,0.008526525227040742,0.0011024231041887845,-4.440892098500626e-19,0.010447481590858843,0.8033053060717814,high,raw_composition_structure_to_endpoint_linear_surrogate
log_kvrh,stage1_anchor_prediction,lattice_beta,0.0020123139467796893,0.00026017883355060285,-3.7007434154171883e-20,-0.0024319969156465504,0.8033053060717814,high,raw_composition_structure_to_endpoint_linear_surrogate
log_kvrh,stage1_anchor_prediction,lattice_gamma,0.008161685191819867,0.001055251709810569,-4.440892098500626e-19,-0.009910381860748885,0.8033053060717814,high,raw_composition_structure_to_endpoint_linear_surrogate
log_kvrh,stage1_anchor_prediction,spacegroup_number,0.06967776705259074,0.009008872688660264,-2.960594732333751e-18,0.08164390922672737,0.8033053060717814,high,raw_composition_structure_to_endpoint_linear_surrogate
log_kvrh,stage1_anchor_prediction,crystal_system,0.08003782138876488,0.01034835893384592,-3.552713678800501e-18,0.02259073374354159,0.8033053060717814,high,raw_composition_structure_to_endpoint_linear_surrogate
log_kvrh,hpsafemoe_prediction,n_elements,0.0019383224973438967,0.0002486829782241204,9.251858538542972e-20,-0.002209840742949609,0.8009145689049824,high,raw_composition_structure_to_endpoint_linear_surrogate
log_kvrh,hpsafemoe_prediction,composition_entropy,0.014508621592420777,0.0018614277203479414,0.0,0.01726371881329669,0.8009145689049824,high,raw_composition_structure_to_endpoint_linear_surrogate
log_kvrh,hpsafemoe_prediction,max_atomic_fraction,0.004832734586449839,0.0006200303775929565,0.0,0.006005589019423496,0.8009145689049824,high,raw_composition_structure_to_endpoint_linear_surrogate
log_kvrh,hpsafemoe_prediction,min_atomic_fraction,0.0016439583308142474,0.00021091663247135452,7.401486830834377e-20,0.0024999368989142567,0.8009145689049824,high,raw_composition_structure_to_endpoint_linear_surrogate
log_kvrh,hpsafemoe_prediction,metal_fraction,0.02102047854328803,0.00269688620701885,-1.4062824978585316e-18,-0.02362384030683984,0.8009145689049824,high,raw_composition_structure_to_endpoint_linear_surrogate
log_kvrh,hpsafemoe_prediction,transition_metal_fraction,0.031162225118328963,0.003998052419623555,5.921189464667501e-19,-0.03727432122930452,0.8009145689049824,high,raw_composition_structure_to_endpoint_linear_surrogate
log_kvrh,hpsafemoe_prediction,alkali_fraction,0.07198878175857797,0.009236019636041587,-1.7763568394002505e-18,-0.10943851446656794,0.8009145689049824,high,raw_composition_structure_to_endpoint_linear_surrogate
log_kvrh,hpsafemoe_prediction,alkaline_fraction,0.026291037398471395,0.0033730885803641385,1.1102230246251566e-18,-0.039705980104614014,0.8009145689049824,high,raw_composition_structure_to_endpoint_linear_surrogate
log_kvrh,hpsafemoe_prediction,halogen_fraction,0.06070747139844186,0.0077886496228092,1.1842378929335004e-17,-0.10899876644802475,0.8009145689049824,high,raw_composition_structure_to_endpoint_linear_surrogate
log_kvrh,hpsafemoe_prediction,chalcogen_fraction,0.037885055919837776,0.004860578437923925,5.921189464667501e-19,-0.04364883004973308,0.8009145689049824,high,raw_composition_structure_to_endpoint_linear_surrogate
log_kvrh,hpsafemoe_prediction,rare_earth_fraction,0.02057045361722498,0.0026391488908385934,-1.4802973661668755e-18,-0.02733109869694772,0.8009145689049824,high,raw_composition_structure_to_endpoint_linear_surrogate
log_kvrh,hpsafemoe_prediction,atomic_number_mean,2.5009348024803537,0.32086503452207626,2.3684757858670008e-17,-3.0683013964989527,0.8009145689049824,high,raw_composition_structure_to_endpoint_linear_surrogate
log_kvrh,hpsafemoe_prediction,atomic_number_std,0.31231292337472566,0.04006913608500961,-1.0658141036401503e-17,0.3764717754801268,0.8009145689049824,high,raw_composition_structure_to_endpoint_linear_surrogate
log_kvrh,hpsafemoe_prediction,atomic_number_min,0.18221524939886785,0.02337785944312947,-3.552713678800501e-18,0.23012654885309303,0.8009145689049824,high,raw_composition_structure_to_endpoint_linear_surrogate
log_kvrh,hpsafemoe_prediction,atomic_number_max,0.0986082753775302,0.012651248505876306,-5.3290705182007515e-18,0.11431895425050698,0.8009145689049824,high,raw_composition_structure_to_endpoint_linear_surrogate
log_kvrh,hpsafemoe_prediction,atomic_number_range,0.05120175108452876,0.0065690843331999,-1.1842378929335003e-18,-0.06100055541459426,0.8009145689049824,high,raw_composition_structure_to_endpoint_linear_surrogate
log_kvrh,hpsafemoe_prediction,atomic_mass_mean,1.8435536604795761,0.23652432215602556,-8.052817671947803e-17,2.274732637559495,0.8009145689049824,high,raw_composition_structure_to_endpoint_linear_surrogate
log_kvrh,hpsafemoe_prediction,atomic_mass_std,0.38412737130531,0.04928278903253054,9.473903143468002e-18,-0.46181019006220936,0.8009145689049824,high,raw_composition_structure_to_endpoint_linear_surrogate
log_kvrh,hpsafemoe_prediction,atomic_mass_min,0.1882612666881727,0.024153551614044873,-1.0658141036401503e-17,-0.24284141285309602,0.8009145689049824,high,raw_composition_structure_to_endpoint_linear_surrogate
log_kvrh,hpsafemoe_prediction,atomic_mass_max,0.08669491839803588,0.011122788149889361,-2.3684757858670005e-18,-0.09989598442126635,0.8009145689049824,high,raw_composition_structure_to_endpoint_linear_surrogate
log_kvrh,hpsafemoe_prediction,atomic_mass_range,0.05967361437224435,0.007656007792213393,5.921189464667501e-19,0.07081196572880799,0.8009145689049824,high,raw_composition_structure_to_endpoint_linear_surrogate
log_kvrh,hpsafemoe_prediction,electronegativity_mean,0.026434422600410845,0.0033914846208065474,5.921189464667501e-19,0.033253518681135574,0.8009145689049824,high,raw_composition_structure_to_endpoint_linear_surrogate
log_kvrh,hpsafemoe_prediction,electronegativity_std,0.1561219988609355,0.020030146529404835,-2.960594732333751e-18,0.18796941039562398,0.8009145689049824,high,raw_composition_structure_to_endpoint_linear_surrogate
log_kvrh,hpsafemoe_prediction,electronegativity_min,0.010974925163585196,0.001408061392883364,-7.401486830834377e-20,0.013565374488962334,0.8009145689049824,high,raw_composition_structure_to_endpoint_linear_surrogate
log_kvrh,hpsafemoe_prediction,electronegativity_max,0.03915820238740478,0.005023920634954572,-7.401486830834377e-19,-0.04677159561015287,0.8009145689049824,high,raw_composition_structure_to_endpoint_linear_surrogate
log_kvrh,hpsafemoe_prediction,electronegativity_range,0.03931876649990973,0.005044520695960085,-1.7763568394002505e-18,-0.04751078036929357,0.8009145689049824,high,raw_composition_structure_to_endpoint_linear_surrogate
log_kvrh,hpsafemoe_prediction,atomic_radius_mean,0.08242115322498156,0.010574472452722325,-8.881784197001253e-19,0.10498770782734823,0.8009145689049824,high,raw_composition_structure_to_endpoint_linear_surrogate
log_kvrh,hpsafemoe_prediction,atomic_radius_std,0.06060594784179959,0.007775624349429614,-4.1448326252672514e-18,-0.07347931227116078,0.8009145689049824,high,raw_composition_structure_to_endpoint_linear_surrogate
log_kvrh,hpsafemoe_prediction,atomic_radius_min,0.032165501138055344,0.004126770767013263,-4.440892098500626e-19,-0.037150662774728005,0.8009145689049824,high,raw_composition_structure_to_endpoint_linear_surrogate
log_kvrh,hpsafemoe_prediction,atomic_radius_max,0.013021712416897495,0.0016706601867591815,4.440892098500626e-19,-0.016062328705288564,0.8009145689049824,high,raw_composition_structure_to_endpoint_linear_surrogate
log_kvrh,hpsafemoe_prediction,atomic_radius_range,0.015738316201662838,0.002019195129100359,-1.4802973661668753e-19,0.019108902679079165,0.8009145689049824,high,raw_composition_structure_to_endpoint_linear_surrogate
log_kvrh,hpsafemoe_prediction,period_mean,0.4677304424216892,0.06000889923472536,7.105427357601002e-18,0.5664560360097539,0.8009145689049824,high,raw_composition_structure_to_endpoint_linear_surrogate
log_kvrh,hpsafemoe_prediction,period_std,0.08110069215947792,0.010405059885490392,8.881784197001253e-19,0.09997974175189484,0.8009145689049824,high,raw_composition_structure_to_endpoint_linear_surrogate
log_kvrh,hpsafemoe_prediction,period_min,0.05488644412849398,0.0070418232305044575,-1.4802973661668755e-18,0.06481175388967131,0.8009145689049824,high,raw_composition_structure_to_endpoint_linear_surrogate
log_kvrh,hpsafemoe_prediction,period_max,0.015692891851458682,0.002013367273979168,-1.1102230246251566e-18,0.018696011651456956,0.8009145689049824,high,raw_composition_structure_to_endpoint_linear_surrogate
log_kvrh,hpsafemoe_prediction,period_range,0.037762966818149286,0.0048449146454135434,5.921189464667501e-19,-0.04678037467942886,0.8009145689049824,high,raw_composition_structure_to_endpoint_linear_surrogate
log_kvrh,hpsafemoe_prediction,group_mean,0.03489585613419081,0.004477069962827429,5.921189464667501e-19,0.043801333747282456,0.8009145689049824,high,raw_composition_structure_to_endpoint_linear_surrogate
log_kvrh,hpsafemoe_prediction,group_std,0.001071071280367838,0.00013741634648371866,9.251858538542971e-21,-0.0012987185451720507,0.8009145689049824,high,raw_composition_structure_to_endpoint_linear_surrogate
log_kvrh,hpsafemoe_prediction,group_min,0.011146974930910304,0.0014301350408959133,-6.661338147750939e-19,-0.014531506488708601,0.8009145689049824,high,raw_composition_structure_to_endpoint_linear_surrogate
log_kvrh,hpsafemoe_prediction,group_max,0.00980283510172138,0.0012576845346822115,-1.4802973661668753e-19,-0.013340435699262798,0.8009145689049824,high,raw_composition_structure_to_endpoint_linear_surrogate
log_kvrh,hpsafemoe_prediction,group_range,0.0015623711864221458,0.00020044916171763226,-1.8503717077085942e-20,0.0018792563930105644,0.8009145689049824,high,raw_composition_structure_to_endpoint_linear_surrogate
log_kvrh,hpsafemoe_prediction,n_sites,0.0394577189162806,0.005062348018700186,2.3684757858670005e-18,0.06882201085051065,0.8009145689049824,high,raw_composition_structure_to_endpoint_linear_surrogate
log_kvrh,hpsafemoe_prediction,volume,0.049797038020971116,0.006388862399711262,-1.1842378929335003e-18,-0.07747130121342138,0.8009145689049824,high,raw_composition_structure_to_endpoint_linear_surrogate
log_kvrh,hpsafemoe_prediction,volume_per_atom,0.0803507453328184,0.010308843177167097,-2.9605947323337507e-19,-0.11279897773925995,0.8009145689049824,high,raw_composition_structure_to_endpoint_linear_surrogate
log_kvrh,hpsafemoe_prediction,density,0.2552884065614369,0.03275300231864592,-1.0066022089934753e-17,0.327957249898958,0.8009145689049824,high,raw_composition_structure_to_endpoint_linear_surrogate
log_kvrh,hpsafemoe_prediction,lattice_a,0.0011295224535422064,0.0001449155174656447,3.7007434154171883e-20,0.001623445774640686,0.8009145689049824,high,raw_composition_structure_to_endpoint_linear_surrogate
log_kvrh,hpsafemoe_prediction,lattice_b,7.425004211133081e-05,9.526134908310922e-06,0.0,9.991930892283563e-05,0.8009145689049824,high,raw_composition_structure_to_endpoint_linear_surrogate
log_kvrh,hpsafemoe_prediction,lattice_c,0.0007734498989851154,9.92321064478869e-05,-2.7755575615628914e-20,-0.0011900354775917776,0.8009145689049824,high,raw_composition_structure_to_endpoint_linear_surrogate
log_kvrh,hpsafemoe_prediction,lattice_length_anisotropy,0.004858668129407743,0.000623357600337114,0.0,0.007921699570090368,0.8009145689049824,high,raw_composition_structure_to_endpoint_linear_surrogate
log_kvrh,hpsafemoe_prediction,lattice_alpha,0.00819066053783293,0.0010508456972264538,-2.9605947323337507e-19,0.010035949335446048,0.8009145689049824,high,raw_composition_structure_to_endpoint_linear_surrogate
log_kvrh,hpsafemoe_prediction,lattice_beta,0.001495364153970275,0.00019185229075579504,-1.8503717077085942e-20,-0.0018072334170540216,0.8009145689049824,high,raw_composition_structure_to_endpoint_linear_surrogate
log_kvrh,hpsafemoe_prediction,lattice_gamma,0.008015090124892649,0.0010283203572802595,-3.7007434154171887e-19,-0.009732377801782377,0.8009145689049824,high,raw_composition_structure_to_endpoint_linear_surrogate
log_kvrh,hpsafemoe_prediction,spacegroup_number,0.07141142432521703,0.009161945808685831,-1.7763568394002505e-18,0.08367529689863318,0.8009145689049824,high,raw_composition_structure_to_endpoint_linear_surrogate
log_kvrh,hpsafemoe_prediction,crystal_system,0.08176250643080897,0.010489969359662702,3.552713678800501e-18,0.023405604814257686,0.8009145689049824,high,raw_composition_structure_to_endpoint_linear_surrogate
log_kvrh,stage2_correction,n_elements,0.00010108063510412977,0.011513839136607081,-2.3129646346357427e-21,-0.00011523990774621745,-0.08200397101252799,low,raw_composition_structure_to_endpoint_linear_surrogate
log_kvrh,stage2_correction,composition_entropy,7.458484760670653e-05,0.008495771088965855,5.782411586589357e-22,8.874804740151244e-05,-0.08200397101252799,low,raw_composition_structure_to_endpoint_linear_surrogate
log_kvrh,stage2_correction,max_atomic_fraction,0.00024366497646993715,0.027755260336560582,4.6259292692714854e-21,-0.00030279993261143017,-0.08200397101252799,low,raw_composition_structure_to_endpoint_linear_surrogate
log_kvrh,stage2_correction,min_atomic_fraction,0.0004784588818621696,0.05450003943452508,1.3877787807814457e-20,-0.0007275835347895115,-0.08200397101252799,low,raw_composition_structure_to_endpoint_linear_surrogate
log_kvrh,stage2_correction,metal_fraction,5.406992375317093e-05,0.006158968071196707,-1.4456028966473393e-21,-6.076642077950116e-05,-0.08200397101252799,low,raw_composition_structure_to_endpoint_linear_surrogate
log_kvrh,stage2_correction,transition_metal_fraction,9.655327951927324e-07,0.00010998139528422407,9.03501810404587e-24,-1.1549104542048216e-06,-0.08200397101252799,low,raw_composition_structure_to_endpoint_linear_surrogate
log_kvrh,stage2_correction,alkali_fraction,0.0003470734848039975,0.039534261616957354,-4.85722573273506e-20,-0.0005276267448873512,-0.08200397101252799,low,raw_composition_structure_to_endpoint_linear_surrogate
log_kvrh,stage2_correction,alkaline_fraction,1.2279202309698855e-05,0.001398692835418784,1.8070036208091742e-22,-1.854463767328484e-05,-0.08200397101252799,low,raw_composition_structure_to_endpoint_linear_surrogate
log_kvrh,stage2_correction,halogen_fraction,0.00010213772960045235,0.011634250093367618,1.2721305490496585e-20,-0.0001833857724230127,-0.08200397101252799,low,raw_composition_structure_to_endpoint_linear_surrogate
log_kvrh,stage2_correction,chalcogen_fraction,1.1444567926586541e-05,0.0013036217467267044,2.168404344971009e-22,1.3185726886010126e-05,-0.08200397101252799,low,raw_composition_structure_to_endpoint_linear_surrogate
log_kvrh,stage2_correction,rare_earth_fraction,0.00020373182377003322,0.023206576051676465,1.5034270125132327e-20,0.00027068992676492604,-0.08200397101252799,low,raw_composition_structure_to_endpoint_linear_surrogate
log_kvrh,stage2_correction,atomic_number_mean,0.0002832261409834293,0.03226157238926935,2.8912057932946787e-21,-0.00034747933574381614,-0.08200397101252799,low,raw_composition_structure_to_endpoint_linear_surrogate
log_kvrh,stage2_correction,atomic_number_std,5.660551167206122e-05,0.006447790469124383,-1.879283765641541e-21,6.823405592977296e-05,-0.08200397101252799,low,raw_composition_structure_to_endpoint_linear_surrogate
log_kvrh,stage2_correction,atomic_number_min,7.724872483317073e-05,0.008799206596999447,1.4456028966473393e-21,-9.756034419625397e-05,-0.08200397101252799,low,raw_composition_structure_to_endpoint_linear_surrogate
log_kvrh,stage2_correction,atomic_number_max,0.0001388267612141521,0.015813404761745555,6.938893903907229e-21,-0.00016094521583736286,-0.08200397101252799,low,raw_composition_structure_to_endpoint_linear_surrogate
log_kvrh,stage2_correction,atomic_number_range,7.492430806959494e-05,0.008534438170537997,-2.8912057932946787e-21,-8.926304881163465e-05,-0.08200397101252799,low,raw_composition_structure_to_endpoint_linear_surrogate
log_kvrh,stage2_correction,atomic_mass_mean,0.00031965141725009597,0.036410683354083,1.3877787807814457e-20,-0.00039441299000311737,-0.08200397101252799,low,raw_composition_structure_to_endpoint_linear_surrogate
log_kvrh,stage2_correction,atomic_mass_std,5.160874650335327e-05,0.005878621604122326,-8.673617379884036e-22,6.204568279161442e-05,-0.08200397101252799,low,raw_composition_structure_to_endpoint_linear_surrogate
log_kvrh,stage2_correction,atomic_mass_min,0.00012688778429882256,0.014453466139306552,-4.04768811061255e-21,-0.000163674713099446,-0.08200397101252799,low,raw_composition_structure_to_endpoint_linear_surrogate
log_kvrh,stage2_correction,atomic_mass_max,0.0001597751543819387,0.01819958317124824,-7.517135062566164e-21,-0.00018410417390052217,-0.08200397101252799,low,raw_composition_structure_to_endpoint_linear_surrogate
log_kvrh,stage2_correction,atomic_mass_range,6.246719317760293e-05,0.007115479763471472,-8.673617379884036e-22,-7.41269787158173e-05,-0.08200397101252799,low,raw_composition_structure_to_endpoint_linear_surrogate
log_kvrh,stage2_correction,electronegativity_mean,4.8004192724833417e-05,0.005468036012506556,0.0,-6.038748580509078e-05,-0.08200397101252799,low,raw_composition_structure_to_endpoint_linear_surrogate
log_kvrh,stage2_correction,electronegativity_std,0.00028125262738870475,0.032036774454035195,-5.782411586589357e-21,0.0003386255039532625,-0.08200397101252799,low,raw_composition_structure_to_endpoint_linear_surrogate
log_kvrh,stage2_correction,electronegativity_min,0.0005197461158222,0.05920296368625279,1.8503717077085942e-20,-0.0006424235787689436,-0.08200397101252799,low,raw_composition_structure_to_endpoint_linear_surrogate
log_kvrh,stage2_correction,electronegativity_max,9.528284302143582e-05,0.010853427324603093,-2.8912057932946784e-22,-0.00011380835510002151,-0.08200397101252799,low,raw_composition_structure_to_endpoint_linear_surrogate
log_kvrh,stage2_correction,electronegativity_range,0.00016967758516674218,0.019327543981943175,5.782411586589357e-21,0.00020502968938427148,-0.08200397101252799,low,raw_composition_structure_to_endpoint_linear_surrogate
log_kvrh,stage2_correction,atomic_radius_mean,8.639116078101188e-05,0.009840598320663797,-5.782411586589357e-22,0.00011004468624922434,-0.08200397101252799,low,raw_composition_structure_to_endpoint_linear_surrogate
log_kvrh,stage2_correction,atomic_radius_std,5.908626365180017e-05,0.0067303666441069524,-3.469446951953614e-21,-7.163683058203688e-05,-0.08200397101252799,low,raw_composition_structure_to_endpoint_linear_surrogate
log_kvrh,stage2_correction,atomic_radius_min,0.0002961635946584405,0.033735244970549944,-6.938893903907229e-21,0.0003420644305861468,-0.08200397101252799,low,raw_composition_structure_to_endpoint_linear_surrogate
log_kvrh,stage2_correction,atomic_radius_max,4.2780504687390106e-05,0.004873018938257052,5.782411586589357e-22,5.276990509906507e-05,-0.08200397101252799,low,raw_composition_structure_to_endpoint_linear_surrogate
log_kvrh,stage2_correction,atomic_radius_range,0.0001941761076786906,0.022118108633585307,0.0,-0.0002357617102547769,-0.08200397101252799,low,raw_composition_structure_to_endpoint_linear_surrogate
log_kvrh,stage2_correction,period_mean,5.557018613639545e-05,0.006329859159537763,2.8912057932946784e-22,6.729959075609459e-05,-0.08200397101252799,low,raw_composition_structure_to_endpoint_linear_surrogate
log_kvrh,stage2_correction,period_std,0.0001534307845155518,0.017476912068227723,8.673617379884036e-22,0.00018914721692498858,-0.08200397101252799,low,raw_composition_structure_to_endpoint_linear_surrogate
log_kvrh,stage2_correction,period_min,0.0002023413669656346,0.023048192638713594,-1.1564823173178715e-20,0.00023893147179976024,-0.08200397101252799,low,raw_composition_structure_to_endpoint_linear_surrogate
log_kvrh,stage2_correction,period_max,0.0001848578570269827,0.021056690302291448,-9.251858538542971e-21,0.00022023376453197068,-0.08200397101252799,low,raw_composition_structure_to_endpoint_linear_surrogate
log_kvrh,stage2_correction,period_range,4.3157122487756754e-05,0.004915918518032518,0.0,-5.3462599212224975e-05,-0.08200397101252799,low,raw_composition_structure_to_endpoint_linear_surrogate
log_kvrh,stage2_correction,group_mean,0.0001433111514242453,0.016324210292909844,4.6259292692714854e-21,0.00017988438366727184,-0.08200397101252799,low,raw_composition_structure_to_endpoint_linear_surrogate
log_kvrh,stage2_correction,group_std,2.3676952887768072e-05,0.002696981736550725,-5.782411586589357e-22,2.8709291689670707e-05,-0.08200397101252799,low,raw_composition_structure_to_endpoint_linear_surrogate
log_kvrh,stage2_correction,group_min,0.0001971278229335281,0.02245433104242017,9.251858538542971e-21,0.000256981311595148,-0.08200397101252799,low,raw_composition_structure_to_endpoint_linear_surrogate
log_kvrh,stage2_correction,group_max,7.778838493121789e-05,0.008860677911964569,-1.1564823173178714e-21,0.00010586028802445015,-0.08200397101252799,low,raw_composition_structure_to_endpoint_linear_surrogate
log_kvrh,stage2_correction,group_range,0.0001061656623575025,0.012093061712130893,1.1564823173178714e-21,-0.00012769852736494987,-0.08200397101252799,low,raw_composition_structure_to_endpoint_linear_surrogate
log_kvrh,stage2_correction,n_sites,1.3199272808482487e-05,0.0015034957356619362,-8.673617379884036e-22,-2.3022123969498347e-05,-0.08200397101252799,low,raw_composition_structure_to_endpoint_linear_surrogate
log_kvrh,stage2_correction,volume,9.083696818896767e-05,0.010347008982555727,0.0,0.00014131880938215397,-0.08200397101252799,low,raw_composition_structure_to_endpoint_linear_surrogate
log_kvrh,stage2_correction,volume_per_atom,0.0005912795758433248,0.06735115894362999,-6.938893903907229e-21,-0.000830057411875545,-0.08200397101252799,low,raw_composition_structure_to_endpoint_linear_surrogate
log_kvrh,stage2_correction,density,0.0004863797031695012,0.05540228012848664,-3.0068540250264655e-20,0.0006248295878636132,-0.08200397101252799,low,raw_composition_structure_to_endpoint_linear_surrogate
log_kvrh,stage2_correction,lattice_a,0.0001289097638856976,0.014683784712956189,-4.6259292692714854e-21,-0.00018528008082872895,-0.08200397101252799,low,raw_composition_structure_to_endpoint_linear_surrogate
log_kvrh,stage2_correction,lattice_b,0.00011736713448367333,0.013368993031923815,2.3129646346357427e-21,0.0001579425766557583,-0.08200397101252799,low,raw_composition_structure_to_endpoint_linear_surrogate
log_kvrh,stage2_correction,lattice_c,0.00016518072130490956,0.01881531760870141,0.0,0.0002541482245003503,-0.08200397101252799,low,raw_composition_structure_to_endpoint_linear_surrogate
log_kvrh,stage2_correction,lattice_length_anisotropy,6.891282377530252e-05,0.007849685219931585,2.023844055306275e-21,-0.00011235726992143249,-0.08200397101252799,low,raw_composition_structure_to_endpoint_linear_surrogate
log_kvrh,stage2_correction,lattice_alpha,6.714692180490842e-05,0.007648535799004525,3.469446951953614e-21,-8.227457384572713e-05,-0.08200397101252799,low,raw_composition_structure_to_endpoint_linear_surrogate
log_kvrh,stage2_correction,lattice_beta,0.00018381343211488037,0.020937722505781037,4.6259292692714854e-21,0.00022214908398025297,-0.08200397101252799,low,raw_composition_structure_to_endpoint_linear_surrogate
log_kvrh,stage2_correction,lattice_gamma,5.727680898691757e-05,0.006524256246057124,3.469446951953614e-21,6.954875561660288e-05,-0.08200397101252799,low,raw_composition_structure_to_endpoint_linear_surrogate
log_kvrh,stage2_correction,spacegroup_number,0.0002224985517384745,0.025344246503850643,-9.251858538542971e-21,0.0002607094390310099,-0.08200397101252799,low,raw_composition_structure_to_endpoint_linear_surrogate
log_kvrh,stage2_correction,crystal_system,0.0006255523865228018,0.07125508800498156,4.6259292692714854e-21,2.7959449378902655e-05,-0.08200397101252799,low,raw_composition_structure_to_endpoint_linear_surrogate
log_kvrh,benefit_gate_probability,n_elements,0.004256288677531509,0.013925168809169842,-2.590520390792032e-19,0.0048525052700224,0.08357490850697724,low,raw_composition_structure_to_endpoint_linear_surrogate
log_kvrh,benefit_gate_probability,composition_entropy,0.010595288145961368,0.034664278481194716,2.9605947323337507e-19,-0.012607267625842966,0.08357490850697724,low,raw_composition_structure_to_endpoint_linear_surrogate
log_kvrh,benefit_gate_probability,max_atomic_fraction,0.006466743421375424,0.02115704563546364,-1.4802973661668753e-19,-0.008036154808031992,0.08357490850697724,low,raw_composition_structure_to_endpoint_linear_surrogate
log_kvrh,benefit_gate_probability,min_atomic_fraction,0.000545561393341365,0.0017848964376284777,9.251858538542971e-21,0.0008296250776390623,0.08357490850697724,low,raw_composition_structure_to_endpoint_linear_surrogate
log_kvrh,benefit_gate_probability,metal_fraction,0.001445712790345531,0.004729894088577937,-1.3877787807814457e-19,-0.001624762634130611,0.08357490850697724,low,raw_composition_structure_to_endpoint_linear_surrogate
log_kvrh,benefit_gate_probability,transition_metal_fraction,0.0004073456127856104,0.0013327001177476797,-1.8503717077085942e-20,-0.0004872415613668135,0.08357490850697724,low,raw_composition_structure_to_endpoint_linear_surrogate
log_kvrh,benefit_gate_probability,alkali_fraction,0.00035545716294766366,0.00116293827169296,-4.85722573273506e-20,-0.000540371748475349,0.08357490850697724,low,raw_composition_structure_to_endpoint_linear_surrogate
log_kvrh,benefit_gate_probability,alkaline_fraction,0.0012335708187149988,0.004035835722175365,2.7755575615628914e-20,0.0018629975547628241,0.08357490850697724,low,raw_composition_structure_to_endpoint_linear_surrogate
log_kvrh,benefit_gate_probability,halogen_fraction,0.0015684584280696886,0.005131477217777107,3.7007434154171883e-20,-0.0028161283932012365,0.08357490850697724,low,raw_composition_structure_to_endpoint_linear_surrogate
log_kvrh,benefit_gate_probability,chalcogen_fraction,0.0008514101027616151,0.002785532257098735,5.551115123125783e-20,0.00098094232609032,0.08357490850697724,low,raw_composition_structure_to_endpoint_linear_surrogate
log_kvrh,benefit_gate_probability,rare_earth_fraction,0.0017069995520371467,0.005584737953695482,-1.249000902703301e-19,-0.002268018688382556,0.08357490850697724,low,raw_composition_structure_to_endpoint_linear_surrogate
log_kvrh,benefit_gate_probability,atomic_number_mean,0.017717998536788092,0.05796743108329074,3.3306690738754697e-19,-0.02173753574050652,0.08357490850697724,low,raw_composition_structure_to_endpoint_linear_surrogate
log_kvrh,benefit_gate_probability,atomic_number_std,0.014176011581331605,0.04637922125744441,-5.181040781584064e-19,0.01708820817141582,0.08357490850697724,low,raw_composition_structure_to_endpoint_linear_surrogate
log_kvrh,benefit_gate_probability,atomic_number_min,0.02123869328438856,0.06948597984731104,1.4802973661668753e-19,-0.02682315121160256,0.08357490850697724,low,raw_composition_structure_to_endpoint_linear_surrogate
log_kvrh,benefit_gate_probability,atomic_number_max,0.004033281234298234,0.013195562213377157,1.1102230246251566e-19,-0.004675880306575508,0.08357490850697724,low,raw_composition_structure_to_endpoint_linear_surrogate
log_kvrh,benefit_gate_probability,atomic_number_range,0.013398199059318362,0.04383447594256548,2.9605947323337507e-19,0.015962297516435353,0.08357490850697724,low,raw_composition_structure_to_endpoint_linear_surrogate
log_kvrh,benefit_gate_probability,atomic_mass_mean,0.005837011186162791,0.01909677004226832,-9.251858538542972e-20,0.007202198740182242,0.08357490850697724,low,raw_composition_structure_to_endpoint_linear_surrogate
log_kvrh,benefit_gate_probability,atomic_mass_std,0.015380932988918067,0.05032132558203996,2.220446049250313e-19,-0.018491448716110193,0.08357490850697724,low,raw_composition_structure_to_endpoint_linear_surrogate
log_kvrh,benefit_gate_probability,atomic_mass_min,0.013914057095396084,0.045522192819446874,2.220446049250313e-19,0.017947979119684238,0.08357490850697724,low,raw_composition_structure_to_endpoint_linear_surrogate
log_kvrh,benefit_gate_probability,atomic_mass_max,0.00043326181905533923,0.0014174893730217232,2.312964634635743e-20,0.000499234750161115,0.08357490850697724,low,raw_composition_structure_to_endpoint_linear_surrogate
log_kvrh,benefit_gate_probability,atomic_mass_range,0.010463817943054603,0.03423415146031927,0.0,-0.01241693712323061,0.08357490850697724,low,raw_composition_structure_to_endpoint_linear_surrogate
log_kvrh,benefit_gate_probability,electronegativity_mean,0.004423331338045689,0.014471677145945029,2.7755575615628914e-20,-0.005564386009334232,0.08357490850697724,low,raw_composition_structure_to_endpoint_linear_surrogate
log_kvrh,benefit_gate_probability,electronegativity_std,0.01745294938358358,0.057100277917532985,-3.7007434154171887e-19,0.02101318602908142,0.08357490850697724,low,raw_composition_structure_to_endpoint_linear_surrogate
log_kvrh,benefit_gate_probability,electronegativity_min,0.0072039089708716385,0.023568807500026042,-1.4802973661668753e-19,0.00890427237704694,0.08357490850697724,low,raw_composition_structure_to_endpoint_linear_surrogate
log_kvrh,benefit_gate_probability,electronegativity_max,0.005867326357069299,0.019195951254900912,-6.47630097698008e-20,-0.007008090232811737,0.08357490850697724,low,raw_composition_structure_to_endpoint_linear_surrogate
log_kvrh,benefit_gate_probability,electronegativity_range,0.008591004333143326,0.028106924751333386,-2.9605947323337507e-19,-0.010380928914048182,0.08357490850697724,low,raw_composition_structure_to_endpoint_linear_surrogate
log_kvrh,benefit_gate_probability,atomic_radius_mean,0.0023950353878136026,0.00783576364434531,1.8503717077085942e-20,-0.00305078569873396,0.08357490850697724,low,raw_composition_structure_to_endpoint_linear_surrogate
log_kvrh,benefit_gate_probability,atomic_radius_std,0.007350971365256097,0.024049947014386234,-2.9605947323337507e-19,-0.008912397869825561,0.08357490850697724,low,raw_composition_structure_to_endpoint_linear_surrogate
log_kvrh,benefit_gate_probability,atomic_radius_min,0.003587570648837118,0.011737344594035708,8.326672684688674e-20,-0.004143589331421116,0.08357490850697724,low,raw_composition_structure_to_endpoint_linear_surrogate
log_kvrh,benefit_gate_probability,atomic_radius_max,0.0040294873773239126,0.013183149968154187,7.401486830834377e-20,0.0049703870502009195,0.08357490850697724,low,raw_composition_structure_to_endpoint_linear_surrogate
log_kvrh,benefit_gate_probability,atomic_radius_range,0.0052574281507427965,0.01720056604422671,7.401486830834377e-20,0.006383381906139407,0.08357490850697724,low,raw_composition_structure_to_endpoint_linear_surrogate
log_kvrh,benefit_gate_probability,period_mean,0.015992433092186863,0.05232195166969088,0.0,0.01936801506578889,0.08357490850697724,low,raw_composition_structure_to_endpoint_linear_surrogate
log_kvrh,benefit_gate_probability,period_std,0.0002875485858791625,0.0009407638679074928,5.782411586589357e-21,0.000354485671969218,0.08357490850697724,low,raw_composition_structure_to_endpoint_linear_surrogate
log_kvrh,benefit_gate_probability,period_min,0.008935386401676187,0.029233628977126745,3.7007434154171883e-20,0.010551203918745158,0.08357490850697724,low,raw_composition_structure_to_endpoint_linear_surrogate
log_kvrh,benefit_gate_probability,period_max,0.005842179983801517,0.019113680638591275,-5.181040781584064e-19,0.0069601872032852286,0.08357490850697724,low,raw_composition_structure_to_endpoint_linear_surrogate
log_kvrh,benefit_gate_probability,period_range,0.0036613583053249597,0.011978753401208568,1.4802973661668753e-19,-0.004535652989966388,0.08357490850697724,low,raw_composition_structure_to_endpoint_linear_surrogate
log_kvrh,benefit_gate_probability,group_mean,0.001580221310490467,0.005169961478550216,7.401486830834377e-20,0.0019834962853237936,0.08357490850697724,low,raw_composition_structure_to_endpoint_linear_surrogate
log_kvrh,benefit_gate_probability,group_std,0.007963429663347243,0.0260537079985783,1.4802973661668753e-19,-0.009655990200213793,0.08357490850697724,low,raw_composition_structure_to_endpoint_linear_surrogate
log_kvrh,benefit_gate_probability,group_min,0.003834110284573504,0.012543940740557305,-3.7007434154171883e-20,-0.004998252783740165,0.08357490850697724,low,raw_composition_structure_to_endpoint_linear_surrogate
log_kvrh,benefit_gate_probability,group_max,0.0014642866109583373,0.004790661486435586,7.401486830834377e-20,0.0019927114121659484,0.08357490850697724,low,raw_composition_structure_to_endpoint_linear_surrogate
log_kvrh,benefit_gate_probability,group_range,0.004511538074962614,0.014760260415251514,-1.4802973661668753e-19,0.005426582903835797,0.08357490850697724,low,raw_composition_structure_to_endpoint_linear_surrogate
log_kvrh,benefit_gate_probability,n_sites,0.0031857364567866807,0.010422676022061882,1.4802973661668753e-19,0.00555655002411648,0.08357490850697724,low,raw_composition_structure_to_endpoint_linear_surrogate
log_kvrh,benefit_gate_probability,volume,0.005759160614200128,0.018842068719448452,-1.4802973661668753e-19,-0.008959763158830347,0.08357490850697724,low,raw_composition_structure_to_endpoint_linear_surrogate
log_kvrh,benefit_gate_probability,volume_per_atom,0.008495005400651172,0.027792847995329925,7.401486830834377e-20,-0.011925563616291268,0.08357490850697724,low,raw_composition_structure_to_endpoint_linear_surrogate
log_kvrh,benefit_gate_probability,density,0.005939254180514673,0.019431275303488215,-1.5728159515523052e-19,0.007629886110882694,0.08357490850697724,low,raw_composition_structure_to_endpoint_linear_surrogate
log_kvrh,benefit_gate_probability,lattice_a,0.00028611944318739405,0.0009360881857009914,-1.1564823173178715e-20,-0.00041123520796637614,0.08357490850697724,low,raw_composition_structure_to_endpoint_linear_surrogate
log_kvrh,benefit_gate_probability,lattice_b,1.2484295035423509e-05,4.0844484245034246e-05,4.336808689942018e-22,1.680028855011173e-05,0.08357490850697724,low,raw_composition_structure_to_endpoint_linear_surrogate
log_kvrh,benefit_gate_probability,lattice_c,0.0018200572550569874,0.0059546253647724335,3.7007434154171883e-20,0.0028003529480166156,0.08357490850697724,low,raw_composition_structure_to_endpoint_linear_surrogate
log_kvrh,benefit_gate_probability,lattice_length_anisotropy,0.0003444519066746314,0.0011269327130946582,9.251858538542971e-21,-0.0005616033958989186,0.08357490850697724,low,raw_composition_structure_to_endpoint_linear_surrogate
log_kvrh,benefit_gate_probability,lattice_alpha,0.0023930845150154615,0.007829381033790076,-2.590520390792032e-19,0.0029322268744017554,0.08357490850697724,low,raw_composition_structure_to_endpoint_linear_surrogate
log_kvrh,benefit_gate_probability,lattice_beta,0.0013666699140874679,0.004471291940451506,-9.251858538542972e-20,-0.0016516990408413368,0.08357490850697724,low,raw_composition_structure_to_endpoint_linear_surrogate
log_kvrh,benefit_gate_probability,lattice_gamma,0.0017508826962067939,0.005728309087313674,-9.251858538542972e-20,-0.002126021244997056,0.08357490850697724,low,raw_composition_structure_to_endpoint_linear_surrogate
log_kvrh,benefit_gate_probability,spacegroup_number,0.0020148901777812794,0.0065920542480250605,9.251858538542972e-20,-0.0023609182345415425,0.08357490850697724,low,raw_composition_structure_to_endpoint_linear_surrogate
log_kvrh,benefit_gate_probability,crystal_system,0.006028965105968902,0.019724779780186795,4.440892098500626e-19,-0.002258999546466217,0.08357490850697724,low,raw_composition_structure_to_endpoint_linear_surrogate
log_kvrh,realized_local_gain,n_elements,2.440800364958785e-05,0.029251757569389445,2.8912057932946784e-22,-2.782705199616344e-05,-0.0023608191337194384,low,raw_composition_structure_to_endpoint_linear_surrogate
log_kvrh,realized_local_gain,composition_entropy,4.111587825532113e-05,0.04927530003042644,1.1564823173178714e-21,-4.892352843032354e-05,-0.0023608191337194384,low,raw_composition_structure_to_endpoint_linear_surrogate
log_kvrh,realized_local_gain,max_atomic_fraction,4.60792930657248e-05,0.05522370158078006,-5.782411586589357e-22,5.72622583566304e-05,-0.0023608191337194384,low,raw_composition_structure_to_endpoint_linear_surrogate
log_kvrh,realized_local_gain,min_atomic_fraction,3.3665067016416454e-05,0.04034587969828051,0.0,5.119384211951184e-05,-0.0023608191337194384,low,raw_composition_structure_to_endpoint_linear_surrogate
log_kvrh,realized_local_gain,metal_fraction,2.4761303159303097e-05,0.029675169158306883,2.3129646346357427e-21,2.7827961690786792e-05,-0.0023608191337194384,low,raw_composition_structure_to_endpoint_linear_surrogate
log_kvrh,realized_local_gain,transition_metal_fraction,2.686627404872564e-05,0.03219787027848023,1.3010426069826053e-21,3.213577096385559e-05,-0.0023608191337194384,low,raw_composition_structure_to_endpoint_linear_surrogate
log_kvrh,realized_local_gain,alkali_fraction,1.514388942338647e-05,0.01814918534224417,1.4456028966473392e-22,2.30219864992215e-05,-0.0023608191337194384,low,raw_composition_structure_to_endpoint_linear_surrogate
log_kvrh,realized_local_gain,alkaline_fraction,9.314125996148034e-06,0.011162508803323245,2.168404344971009e-22,1.4066637838962735e-05,-0.0023608191337194384,low,raw_composition_structure_to_endpoint_linear_surrogate
log_kvrh,realized_local_gain,halogen_fraction,2.7729541296087112e-06,0.0033232452401620737,-2.349104707051926e-22,4.9787706946407816e-06,-0.0023608191337194384,low,raw_composition_structure_to_endpoint_linear_surrogate
log_kvrh,realized_local_gain,chalcogen_fraction,2.6404295249193665e-05,0.03164421205881935,-8.673617379884036e-22,-3.0421404111258974e-05,-0.0023608191337194384,low,raw_composition_structure_to_endpoint_linear_surrogate
log_kvrh,realized_local_gain,rare_earth_fraction,5.450226092294245e-06,0.006531820243842193,-1.9877039828900914e-22,-7.241486747012681e-06,-0.0023608191337194384,low,raw_composition_structure_to_endpoint_linear_surrogate
log_kvrh,realized_local_gain,atomic_number_mean,2.2075110765168655e-05,0.026455903468821238,-5.059610138265688e-22,2.7083110331968813e-05,-0.0023608191337194384,low,raw_composition_structure_to_endpoint_linear_surrogate
log_kvrh,realized_local_gain,atomic_number_std,1.2848862885249477e-05,0.015398712142030924,5.059610138265688e-22,-1.5488421583844188e-05,-0.0023608191337194384,low,raw_composition_structure_to_endpoint_linear_surrogate
log_kvrh,realized_local_gain,atomic_number_min,2.676709603155251e-05,0.0320790104423293,-7.228014483236697e-22,3.3805180701845115e-05,-0.0023608191337194384,low,raw_composition_structure_to_endpoint_linear_surrogate
log_kvrh,realized_local_gain,atomic_number_max,1.3759576177021958e-05,0.016490155949095378,-4.336808689942018e-22,1.5951808846316897e-05,-0.0023608191337194384,low,raw_composition_structure_to_endpoint_linear_surrogate
log_kvrh,realized_local_gain,atomic_number_range,8.24432026151364e-06,0.00988040075199983,-3.6140072416183483e-22,-9.822088196512578e-06,-0.0023608191337194384,low,raw_composition_structure_to_endpoint_linear_surrogate
log_kvrh,realized_local_gain,atomic_mass_mean,2.4398807288184488e-05,0.029240736195492847,-8.3122166557222e-22,3.010531477641933e-05,-0.0023608191337194384,low,raw_composition_structure_to_endpoint_linear_surrogate
log_kvrh,realized_local_gain,atomic_mass_std,1.5215716971933772e-05,0.01823526702541143,1.4456028966473392e-22,-1.829282074553479e-05,-0.0023608191337194384,low,raw_composition_structure_to_endpoint_linear_surrogate
log_kvrh,realized_local_gain,atomic_mass_min,3.131552266513348e-05,0.037530069657076316,5.782411586589357e-22,4.039442579991904e-05,-0.0023608191337194384,low,raw_composition_structure_to_endpoint_linear_surrogate
log_kvrh,realized_local_gain,atomic_mass_max,1.3443607678984777e-05,0.016111483689092508,5.782411586589357e-22,1.549067059616617e-05,-0.0023608191337194384,low,raw_composition_structure_to_endpoint_linear_surrogate
log_kvrh,realized_local_gain,atomic_mass_range,1.0916408245693292e-05,0.013082763019698917,0.0,-1.2954005463011759e-05,-0.0023608191337194384,low,raw_composition_structure_to_endpoint_linear_surrogate
log_kvrh,realized_local_gain,electronegativity_mean,5.821565191230442e-06,0.006976851367815356,-2.710505431213761e-23,-7.323312098257117e-06,-0.0023608191337194384,low,raw_composition_structure_to_endpoint_linear_surrogate
log_kvrh,realized_local_gain,electronegativity_std,1.8022219808072498e-05,0.021598718693115526,-2.8912057932946784e-22,2.169858223735161e-05,-0.0023608191337194384,low,raw_composition_structure_to_endpoint_linear_surrogate
log_kvrh,realized_local_gain,electronegativity_min,2.5976414750385813e-05,0.031131418927538086,2.8912057932946784e-22,-3.2107717247930295e-05,-0.0023608191337194384,low,raw_composition_structure_to_endpoint_linear_surrogate
log_kvrh,realized_local_gain,electronegativity_max,5.215690339541677e-06,0.00625074100936788,6.32451267283211e-23,6.229758888709596e-06,-0.0023608191337194384,low,raw_composition_structure_to_endpoint_linear_surrogate
log_kvrh,realized_local_gain,electronegativity_range,1.714111966909948e-05,0.020542764751547295,6.505213034913027e-22,2.071244966151807e-05,-0.0023608191337194384,low,raw_composition_structure_to_endpoint_linear_surrogate
log_kvrh,realized_local_gain,atomic_radius_mean,8.775316651778932e-06,0.0105167730625441,-2.349104707051926e-22,1.1177960325483378e-05,-0.0023608191337194384,low,raw_composition_structure_to_endpoint_linear_surrogate
log_kvrh,realized_local_gain,atomic_radius_std,1.9392675768044116e-05,0.023241140829564674,-1.0119220276531376e-21,-2.3511891642270447e-05,-0.0023608191337194384,low,raw_composition_structure_to_endpoint_linear_surrogate
log_kvrh,realized_local_gain,atomic_radius_min,1.5816730816336032e-05,0.01895555171254513,-2.8912057932946784e-22,1.8268082634072506e-05,-0.0023608191337194384,low,raw_composition_structure_to_endpoint_linear_surrogate
log_kvrh,realized_local_gain,atomic_radius_max,1.1619807147377823e-05,0.013925751018309698,1.4456028966473392e-22,-1.4333073555752238e-05,-0.0023608191337194384,low,raw_composition_structure_to_endpoint_linear_surrogate
log_kvrh,realized_local_gain,atomic_radius_range,1.925288055990751e-05,0.023073603344873933,-2.8912057932946784e-22,-2.3376161477320997e-05,-0.0023608191337194384,low,raw_composition_structure_to_endpoint_linear_surrogate
log_kvrh,realized_local_gain,period_mean,1.1128878675740565e-05,0.013337398081198987,-1.0842021724855045e-22,1.347789223907303e-05,-0.0023608191337194384,low,raw_composition_structure_to_endpoint_linear_surrogate
log_kvrh,realized_local_gain,period_std,8.933760122307822e-06,0.010706659546293544,-3.7947076036992656e-22,-1.1013408222772217e-05,-0.0023608191337194384,low,raw_composition_structure_to_endpoint_linear_surrogate
log_kvrh,realized_local_gain,period_min,1.1905932395477752e-05,0.014268657653037354,-1.0119220276531376e-21,1.4058924247966977e-05,-0.0023608191337194384,low,raw_composition_structure_to_endpoint_linear_surrogate
log_kvrh,realized_local_gain,period_max,7.81698095440615e-06,0.009368256211592478,-4.698209414103852e-22,9.312902197131368e-06,-0.0023608191337194384,low,raw_composition_structure_to_endpoint_linear_surrogate
log_kvrh,realized_local_gain,period_range,4.853923586172496e-06,0.005817181857290357,-1.9877039828900914e-22,-6.012990587310923e-06,-0.0023608191337194384,low,raw_composition_structure_to_endpoint_linear_surrogate
log_kvrh,realized_local_gain,group_mean,7.15530041333506e-06,0.008575265557638654,-3.6140072416183483e-22,-8.98134438259211e-06,-0.0023608191337194384,low,raw_composition_structure_to_endpoint_linear_surrogate
log_kvrh,realized_local_gain,group_std,1.5397104208226915e-05,0.01845265045170071,-4.336808689942018e-22,1.866963025122242e-05,-0.0023608191337194384,low,raw_composition_structure_to_endpoint_linear_surrogate
log_kvrh,realized_local_gain,group_min,7.742783810796785e-06,0.009279334688621507,-7.228014483236696e-23,-1.0093708282707427e-05,-0.0023608191337194384,low,raw_composition_structure_to_endpoint_linear_surrogate
log_kvrh,realized_local_gain,group_max,7.180024740404216e-06,0.008604896412823547,-1.4456028966473392e-22,9.771117985210084e-06,-0.0023608191337194384,low,raw_composition_structure_to_endpoint_linear_surrogate
log_kvrh,realized_local_gain,group_range,1.2581137011749325e-05,0.01507785622693392,-5.782411586589357e-22,1.5132884148238169e-05,-0.0023608191337194384,low,raw_composition_structure_to_endpoint_linear_surrogate
log_kvrh,realized_local_gain,n_sites,7.577497737220606e-07,0.0009081247691288227,-3.614007241618348e-23,-1.321664419063874e-06,-0.0023608191337194384,low,raw_composition_structure_to_endpoint_linear_surrogate
log_kvrh,realized_local_gain,volume,8.437304955283181e-06,0.01011168314435742,-1.4456028966473392e-22,-1.31262625167578e-05,-0.0023608191337194384,low,raw_composition_structure_to_endpoint_linear_surrogate
log_kvrh,realized_local_gain,volume_per_atom,2.216728713186589e-05,0.026566372181091372,1.4456028966473392e-22,3.111915536526882e-05,-0.0023608191337194384,low,raw_composition_structure_to_endpoint_linear_surrogate
log_kvrh,realized_local_gain,density,5.425857949594536e-07,0.0006502616257604662,-3.614007241618348e-23,6.970349634985036e-07,-0.0023608191337194384,low,raw_composition_structure_to_endpoint_linear_surrogate
log_kvrh,realized_local_gain,lattice_a,1.889931210511928e-05,0.022649869438892502,-5.782411586589357e-22,-2.7163699388579688e-05,-0.0023608191337194384,low,raw_composition_structure_to_endpoint_linear_surrogate
log_kvrh,realized_local_gain,lattice_b,2.1446054478911333e-05,0.02570201133379567,-2.8912057932946784e-22,-2.8860252219672395e-05,-0.0023608191337194384,low,raw_composition_structure_to_endpoint_linear_surrogate
log_kvrh,realized_local_gain,lattice_c,4.296593122144874e-06,0.005149249491586757,-7.228014483236696e-23,-6.610768525328387e-06,-0.0023608191337194384,low,raw_composition_structure_to_endpoint_linear_surrogate
log_kvrh,realized_local_gain,lattice_length_anisotropy,2.7113959146948404e-06,0.0032494708338273166,3.614007241618348e-23,-4.420730801056194e-06,-0.0023608191337194384,low,raw_composition_structure_to_endpoint_linear_surrogate
log_kvrh,realized_local_gain,lattice_alpha,6.351171542614951e-06,0.007611557787083289,-2.8912057932946784e-22,7.782038521556724e-06,-0.0023608191337194384,low,raw_composition_structure_to_endpoint_linear_surrogate
log_kvrh,realized_local_gain,lattice_beta,1.0203643342978365e-06,0.0012228550342680631,-3.614007241618348e-23,-1.233168869012348e-06,-0.0023608191337194384,low,raw_composition_structure_to_endpoint_linear_surrogate
log_kvrh,realized_local_gain,lattice_gamma,8.287894311511104e-06,0.00993262204650393,-5.782411586589357e-22,-1.0063632144367114e-05,-0.0023608191337194384,low,raw_composition_structure_to_endpoint_linear_surrogate
log_kvrh,realized_local_gain,spacegroup_number,9.63599590823072e-06,0.011548253609506213,-4.336808689942018e-22,1.129083793180272e-05,-0.0023608191337194384,low,raw_composition_structure_to_endpoint_linear_surrogate
log_kvrh,realized_local_gain,crystal_system,5.3161230195675375e-05,0.06371104495474215,-2.8912057932946784e-22,-2.3129047842208875e-05,-0.0023608191337194384,low,raw_composition_structure_to_endpoint_linear_surrogate
log_gvrh,stage1_anchor_prediction,n_elements,0.03537394145664596,0.004046488122366122,-1.3322676295501879e-18,0.041559603048995086,0.7393138661439205,moderate,raw_composition_structure_to_endpoint_linear_surrogate
log_gvrh,stage1_anchor_prediction,composition_entropy,0.011511236935982576,0.001316790881001595,1.8503717077085942e-20,-0.013774156818726624,0.7393138661439205,moderate,raw_composition_structure_to_endpoint_linear_surrogate
log_gvrh,stage1_anchor_prediction,max_atomic_fraction,0.007468900629660396,0.0008543808363027485,0.0,0.00928644597257744,0.7393138661439205,moderate,raw_composition_structure_to_endpoint_linear_surrogate
log_gvrh,stage1_anchor_prediction,min_atomic_fraction,0.004332765369793242,0.0004956327421798696,-1.1102230246251566e-19,0.006535440497145828,0.7393138661439205,moderate,raw_composition_structure_to_endpoint_linear_surrogate
log_gvrh,stage1_anchor_prediction,metal_fraction,0.05902738280650124,0.0067522473771717715,4.292862361883939e-18,-0.06659176399148237,0.7393138661439205,moderate,raw_composition_structure_to_endpoint_linear_surrogate
log_gvrh,stage1_anchor_prediction,transition_metal_fraction,0.08744656819508269,0.010003168574719301,1.7763568394002505e-18,-0.10466676256908158,0.7393138661439205,moderate,raw_composition_structure_to_endpoint_linear_surrogate
log_gvrh,stage1_anchor_prediction,alkali_fraction,0.060765685916316085,0.006951094963764821,3.7007434154171884e-18,-0.08705299346299,0.7393138661439205,moderate,raw_composition_structure_to_endpoint_linear_surrogate
log_gvrh,stage1_anchor_prediction,alkaline_fraction,0.018876339673672856,0.002159298091700635,1.1287267417022424e-18,-0.028714096321891702,0.7393138661439205,moderate,raw_composition_structure_to_endpoint_linear_surrogate
log_gvrh,stage1_anchor_prediction,halogen_fraction,0.03236496595521811,0.0037022860593322075,-5.921189464667501e-19,-0.05851330462405713,0.7393138661439205,moderate,raw_composition_structure_to_endpoint_linear_surrogate
log_gvrh,stage1_anchor_prediction,chalcogen_fraction,0.019571685411551035,0.0022388399282446464,-5.921189464667501e-19,-0.022630534957500004,0.7393138661439205,moderate,raw_composition_structure_to_endpoint_linear_surrogate
log_gvrh,stage1_anchor_prediction,rare_earth_fraction,0.041978821377629025,0.004802032092004573,0.0,-0.05481921789895239,0.7393138661439205,moderate,raw_composition_structure_to_endpoint_linear_surrogate
log_gvrh,stage1_anchor_prediction,atomic_number_mean,3.017574234227924,0.3451856873830849,1.8947806286936004e-17,-3.6838305386833667,0.7393138661439205,moderate,raw_composition_structure_to_endpoint_linear_surrogate
log_gvrh,stage1_anchor_prediction,atomic_number_std,0.14785305292145282,0.01691317387505384,1.1842378929335003e-18,0.17697857359218006,0.7393138661439205,moderate,raw_composition_structure_to_endpoint_linear_surrogate
log_gvrh,stage1_anchor_prediction,atomic_number_min,0.1415936897995818,0.016197154187022472,1.1842378929335003e-18,0.17776664674465792,0.7393138661439205,moderate,raw_composition_structure_to_endpoint_linear_surrogate
log_gvrh,stage1_anchor_prediction,atomic_number_max,0.1866892443072965,0.02135571492899198,2.3684757858670005e-18,0.21604990948935665,0.7393138661439205,moderate,raw_composition_structure_to_endpoint_linear_surrogate
log_gvrh,stage1_anchor_prediction,atomic_number_range,0.07107491976047656,0.008130386571747417,-1.7763568394002505e-18,0.08403947937239309,0.7393138661439205,moderate,raw_composition_structure_to_endpoint_linear_surrogate
log_gvrh,stage1_anchor_prediction,atomic_mass_mean,2.28683675794911,0.2615953268926092,-5.684341886080802e-17,2.804311839968932,0.7393138661439205,moderate,raw_composition_structure_to_endpoint_linear_surrogate
log_gvrh,stage1_anchor_prediction,atomic_mass_std,0.22689946212029213,0.025955433311447545,-4.736951571734001e-18,-0.2716924328386483,0.7393138661439205,moderate,raw_composition_structure_to_endpoint_linear_surrogate
log_gvrh,stage1_anchor_prediction,atomic_mass_min,0.18490357363528703,0.021151448882653898,-1.1842378929335003e-18,-0.23689252413694817,0.7393138661439205,moderate,raw_composition_structure_to_endpoint_linear_surrogate
log_gvrh,stage1_anchor_prediction,atomic_mass_max,0.1850396304892678,0.02116701266833705,0.0,-0.2128716866838829,0.7393138661439205,moderate,raw_composition_structure_to_endpoint_linear_surrogate
log_gvrh,stage1_anchor_prediction,atomic_mass_range,0.046121879945800894,0.005275963935503594,0.0,-0.05442585594494176,0.7393138661439205,moderate,raw_composition_structure_to_endpoint_linear_surrogate
log_gvrh,stage1_anchor_prediction,electronegativity_mean,0.0292393224582774,0.0033447381366439022,-7.401486830834377e-19,-0.0362419142620638,0.7393138661439205,moderate,raw_composition_structure_to_endpoint_linear_surrogate
log_gvrh,stage1_anchor_prediction,electronegativity_std,0.009314810187249794,0.0010655377159765078,-2.7755575615628914e-19,-0.011266581954714638,0.7393138661439205,moderate,raw_composition_structure_to_endpoint_linear_surrogate
log_gvrh,stage1_anchor_prediction,electronegativity_min,0.00440285112870318,0.0005036499768813988,-7.401486830834377e-20,-0.005526276854880052,0.7393138661439205,moderate,raw_composition_structure_to_endpoint_linear_surrogate
log_gvrh,stage1_anchor_prediction,electronegativity_max,0.008218270821133529,0.0009401026262471244,-2.590520390792032e-19,0.009763252677799983,0.7393138661439205,moderate,raw_composition_structure_to_endpoint_linear_surrogate
log_gvrh,stage1_anchor_prediction,electronegativity_range,0.009135075609618298,0.0010449775577465942,0.0,0.011118974358396372,0.7393138661439205,moderate,raw_composition_structure_to_endpoint_linear_surrogate
log_gvrh,stage1_anchor_prediction,atomic_radius_mean,0.05479739049874079,0.006268371028475071,-8.881784197001253e-19,0.06908065098116367,0.7393138661439205,moderate,raw_composition_structure_to_endpoint_linear_surrogate
log_gvrh,stage1_anchor_prediction,atomic_radius_std,0.046723833277187564,0.005344822448447653,-5.921189464667501e-19,0.0563593654367196,0.7393138661439205,moderate,raw_composition_structure_to_endpoint_linear_surrogate
log_gvrh,stage1_anchor_prediction,atomic_radius_min,0.01953485429975309,0.0022346267518134426,-5.181040781584064e-19,-0.02240510999899925,0.7393138661439205,moderate,raw_composition_structure_to_endpoint_linear_surrogate
log_gvrh,stage1_anchor_prediction,atomic_radius_max,0.058175811181660306,0.00665483458336461,-1.1842378929335003e-18,-0.07296271759557271,0.7393138661439205,moderate,raw_composition_structure_to_endpoint_linear_surrogate
log_gvrh,stage1_anchor_prediction,atomic_radius_range,0.023667345144352255,0.002707349734604368,-2.9605947323337507e-19,-0.028544547192140612,0.7393138661439205,moderate,raw_composition_structure_to_endpoint_linear_surrogate
log_gvrh,stage1_anchor_prediction,period_mean,0.6499350790812279,0.07434723046156809,2.3684757858670008e-17,0.7824928728231271,0.7393138661439205,moderate,raw_composition_structure_to_endpoint_linear_surrogate
log_gvrh,stage1_anchor_prediction,period_std,0.0541912213736098,0.006199030263381256,4.1448326252672514e-18,0.06623739157407726,0.7393138661439205,moderate,raw_composition_structure_to_endpoint_linear_surrogate
log_gvrh,stage1_anchor_prediction,period_min,0.0712601690137023,0.008151577563533668,5.921189464667502e-18,0.08479783335121738,0.7393138661439205,moderate,raw_composition_structure_to_endpoint_linear_surrogate
log_gvrh,stage1_anchor_prediction,period_max,0.034677293760429564,0.003966797352490554,5.921189464667501e-19,0.04115551703711162,0.7393138661439205,moderate,raw_composition_structure_to_endpoint_linear_surrogate
log_gvrh,stage1_anchor_prediction,period_range,0.04089998881158557,0.004678622514650381,-2.9605947323337507e-19,-0.04926007412657896,0.7393138661439205,moderate,raw_composition_structure_to_endpoint_linear_surrogate
log_gvrh,stage1_anchor_prediction,group_mean,0.049478764786754954,0.005659963967100849,1.3322676295501879e-18,0.062118528939436146,0.7393138661439205,moderate,raw_composition_structure_to_endpoint_linear_surrogate
log_gvrh,stage1_anchor_prediction,group_std,0.0490796688115299,0.005614310668177075,-1.1842378929335003e-18,0.06010088169026062,0.7393138661439205,moderate,raw_composition_structure_to_endpoint_linear_surrogate
log_gvrh,stage1_anchor_prediction,group_min,0.014658308871947568,0.001676790040968587,-8.881784197001253e-19,-0.019774517415768855,0.7393138661439205,moderate,raw_composition_structure_to_endpoint_linear_surrogate
log_gvrh,stage1_anchor_prediction,group_max,0.04483294422616812,0.005128520284465167,-8.881784197001253e-19,-0.06103880951832252,0.7393138661439205,moderate,raw_composition_structure_to_endpoint_linear_surrogate
log_gvrh,stage1_anchor_prediction,group_range,0.02279457708855413,0.0026075122433342466,1.3322676295501879e-18,-0.02792131527814945,0.7393138661439205,moderate,raw_composition_structure_to_endpoint_linear_surrogate
log_gvrh,stage1_anchor_prediction,n_sites,0.054488507671675186,0.006233037372132147,5.921189464667501e-19,0.08794382383695165,0.7393138661439205,moderate,raw_composition_structure_to_endpoint_linear_surrogate
log_gvrh,stage1_anchor_prediction,volume,0.054786993327006275,0.006267181677495297,-5.921189464667501e-19,-0.08778268222556562,0.7393138661439205,moderate,raw_composition_structure_to_endpoint_linear_surrogate
log_gvrh,stage1_anchor_prediction,volume_per_atom,0.1081166384481914,0.012367654699913683,1.7763568394002505e-18,-0.14939067518878346,0.7393138661439205,moderate,raw_composition_structure_to_endpoint_linear_surrogate
log_gvrh,stage1_anchor_prediction,density,0.2153164644398593,0.024630433591167296,-1.0658141036401503e-17,0.27401085738824804,0.7393138661439205,moderate,raw_composition_structure_to_endpoint_linear_surrogate
log_gvrh,stage1_anchor_prediction,lattice_a,0.0034834697393879613,0.00039848030342705593,-3.7007434154171883e-20,-0.004714889879721795,0.7393138661439205,moderate,raw_composition_structure_to_endpoint_linear_surrogate
log_gvrh,stage1_anchor_prediction,lattice_b,0.008362005286101997,0.0009565446675159037,3.7007434154171883e-20,-0.01154521683645271,0.7393138661439205,moderate,raw_composition_structure_to_endpoint_linear_surrogate
log_gvrh,stage1_anchor_prediction,lattice_c,0.00536329841230933,0.0006135172510734556,1.1102230246251566e-19,-0.008558479216162596,0.7393138661439205,moderate,raw_composition_structure_to_endpoint_linear_surrogate
log_gvrh,stage1_anchor_prediction,lattice_length_anisotropy,0.008174994342474961,0.0009351521528291609,-2.220446049250313e-19,0.014443610444189403,0.7393138661439205,moderate,raw_composition_structure_to_endpoint_linear_surrogate
log_gvrh,stage1_anchor_prediction,lattice_alpha,0.011430652637379178,0.0013075726996590524,-2.9605947323337507e-19,0.013874743633664366,0.7393138661439205,moderate,raw_composition_structure_to_endpoint_linear_surrogate
log_gvrh,stage1_anchor_prediction,lattice_beta,0.0031894434141112164,0.00036484610876561327,-2.9605947323337507e-19,-0.0038179761829724157,0.7393138661439205,moderate,raw_composition_structure_to_endpoint_linear_surrogate
log_gvrh,stage1_anchor_prediction,lattice_gamma,0.00014845560572298417,1.6982100962454696e-05,1.1564823173178715e-20,-0.00018109471420757473,0.7393138661439205,moderate,raw_composition_structure_to_endpoint_linear_surrogate
log_gvrh,stage1_anchor_prediction,spacegroup_number,0.04878834157523827,0.005580985227108525,1.7763568394002505e-18,0.056869079756808105,0.7393138661439205,moderate,raw_composition_structure_to_endpoint_linear_surrogate
log_gvrh,stage1_anchor_prediction,crystal_system,0.0519153031130636,0.005938683922839493,1.1842378929335003e-18,0.016956688074841963,0.7393138661439205,moderate,raw_composition_structure_to_endpoint_linear_surrogate
log_gvrh,hpsafemoe_prediction,n_elements,0.03448763972728391,0.003939500930332231,-6.661338147750939e-19,0.04051831823488783,0.7387251222980402,moderate,raw_composition_structure_to_endpoint_linear_surrogate
log_gvrh,hpsafemoe_prediction,composition_entropy,0.00931762321613686,0.0010643461141069865,4.440892098500626e-19,-0.011149314714884895,0.7387251222980402,moderate,raw_composition_structure_to_endpoint_linear_surrogate
log_gvrh,hpsafemoe_prediction,max_atomic_fraction,0.008429138043400198,0.000962855023610196,1.4802973661668753e-19,0.010480355666345531,0.7387251222980402,moderate,raw_composition_structure_to_endpoint_linear_surrogate
log_gvrh,hpsafemoe_prediction,min_atomic_fraction,0.004385489265891097,0.0005009516214956303,7.401486830834377e-20,0.006614967971245278,0.7387251222980402,moderate,raw_composition_structure_to_endpoint_linear_surrogate
log_gvrh,hpsafemoe_prediction,metal_fraction,0.0595139580818474,0.006798241198446198,6.217248937900877e-18,-0.0671406940703605,0.7387251222980402,moderate,raw_composition_structure_to_endpoint_linear_surrogate
log_gvrh,hpsafemoe_prediction,transition_metal_fraction,0.08800494955665392,0.010052748851293552,-3.848773152033876e-18,-0.10533510176867367,0.7387251222980402,moderate,raw_composition_structure_to_endpoint_linear_surrogate
log_gvrh,hpsafemoe_prediction,alkali_fraction,0.061380307454466515,0.007011433088291337,3.1086244689504384e-18,-0.08793350100496866,0.7387251222980402,moderate,raw_composition_structure_to_endpoint_linear_surrogate
log_gvrh,hpsafemoe_prediction,alkaline_fraction,0.019605424811088273,0.002239515081159298,-4.070817756958907e-19,-0.02982315778319844,0.7387251222980402,moderate,raw_composition_structure_to_endpoint_linear_surrogate
log_gvrh,hpsafemoe_prediction,halogen_fraction,0.033059161036083945,0.0037763267271266115,5.921189464667501e-19,-0.05976835455339824,0.7387251222980402,moderate,raw_composition_structure_to_endpoint_linear_surrogate
log_gvrh,hpsafemoe_prediction,chalcogen_fraction,0.0201405599401103,0.0023006432231634007,5.921189464667501e-19,-0.023288318619677284,0.7387251222980402,moderate,raw_composition_structure_to_endpoint_linear_surrogate
log_gvrh,hpsafemoe_prediction,rare_earth_fraction,0.04230525598354112,0.004832502213053851,5.921189464667501e-19,-0.05524550165833375,0.7387251222980402,moderate,raw_composition_structure_to_endpoint_linear_surrogate
log_gvrh,hpsafemoe_prediction,atomic_number_mean,3.024586357094979,0.34549655650164274,3.789561257387201e-17,-3.692390882308274,0.7387251222980402,moderate,raw_composition_structure_to_endpoint_linear_surrogate
log_gvrh,hpsafemoe_prediction,atomic_number_std,0.1495142767864858,0.01707891978563937,-1.1842378929335003e-18,0.17896704135961272,0.7387251222980402,moderate,raw_composition_structure_to_endpoint_linear_surrogate
log_gvrh,hpsafemoe_prediction,atomic_number_min,0.13909623697242215,0.015888873790486133,0.0,0.17463116934368372,0.7387251222980402,moderate,raw_composition_structure_to_endpoint_linear_surrogate
log_gvrh,hpsafemoe_prediction,atomic_number_max,0.18304267619087128,0.020908847310126696,7.105427357601002e-18,0.2118298446729625,0.7387251222980402,moderate,raw_composition_structure_to_endpoint_linear_surrogate
log_gvrh,hpsafemoe_prediction,atomic_number_range,0.06947318745202077,0.007935877571345062,-2.3684757858670005e-18,0.08214557995259497,0.7387251222980402,moderate,raw_composition_structure_to_endpoint_linear_surrogate
log_gvrh,hpsafemoe_prediction,atomic_mass_mean,2.2904889612858725,0.26164108258074875,0.0,2.8087904793049745,0.7387251222980402,moderate,raw_composition_structure_to_endpoint_linear_surrogate
log_gvrh,hpsafemoe_prediction,atomic_mass_std,0.22798711895471077,0.026042822133614963,-4.736951571734001e-18,-0.27299480759386086,0.7387251222980402,moderate,raw_composition_structure_to_endpoint_linear_surrogate
log_gvrh,hpsafemoe_prediction,atomic_mass_min,0.18209361528396242,0.02080043669243077,4.736951571734001e-18,-0.2332924956816953,0.7387251222980402,moderate,raw_composition_structure_to_endpoint_linear_surrogate
log_gvrh,hpsafemoe_prediction,atomic_mass_max,0.18167328773757827,0.020752422946836154,-4.736951571734001e-18,-0.20899900785495618,0.7387251222980402,moderate,raw_composition_structure_to_endpoint_linear_surrogate
log_gvrh,hpsafemoe_prediction,atomic_mass_range,0.04486506958190877,0.005124908075907623,-5.921189464667501e-19,-0.0529427641911866,0.7387251222980402,moderate,raw_composition_structure_to_endpoint_linear_surrogate
log_gvrh,hpsafemoe_prediction,electronegativity_mean,0.031447546030321814,0.003592232980359868,-1.4802973661668753e-19,-0.03897899031721863,0.7387251222980402,moderate,raw_composition_structure_to_endpoint_linear_surrogate
log_gvrh,hpsafemoe_prediction,electronegativity_std,0.009280136119355275,0.001060063987124267,-3.1456319031046104e-19,-0.01122464248200572,0.7387251222980402,moderate,raw_composition_structure_to_endpoint_linear_surrogate
log_gvrh,hpsafemoe_prediction,electronegativity_min,0.003440641747112474,0.00039302229641903616,-1.1102230246251566e-19,-0.0043185513879961945,0.7387251222980402,moderate,raw_composition_structure_to_endpoint_linear_surrogate
log_gvrh,hpsafemoe_prediction,electronegativity_max,0.010017423371060107,0.0011442838362348872,-3.3306690738754697e-19,0.011900634291663437,0.7387251222980402,moderate,raw_composition_structure_to_endpoint_linear_surrogate
log_gvrh,hpsafemoe_prediction,electronegativity_range,0.010201208487714853,0.00116527749204224,2.220446049250313e-19,0.012416643325877885,0.7387251222980402,moderate,raw_composition_structure_to_endpoint_linear_surrogate
log_gvrh,hpsafemoe_prediction,atomic_radius_mean,0.05297166259725025,0.006050918988173601,-1.7763568394002505e-18,0.06677903641883631,0.7387251222980402,moderate,raw_composition_structure_to_endpoint_linear_surrogate
log_gvrh,hpsafemoe_prediction,atomic_radius_std,0.04808609465261974,0.005492843700468517,-8.881784197001253e-19,0.058002556529856975,0.7387251222980402,moderate,raw_composition_structure_to_endpoint_linear_surrogate
log_gvrh,hpsafemoe_prediction,atomic_radius_min,0.01713965997758827,0.001957852348297098,-4.440892098500626e-19,-0.019657989829397593,0.7387251222980402,moderate,raw_composition_structure_to_endpoint_linear_surrogate
log_gvrh,hpsafemoe_prediction,atomic_radius_max,0.05810262833824794,0.006637025908508074,0.0,-0.07287093341537343,0.7387251222980402,moderate,raw_composition_structure_to_endpoint_linear_surrogate
log_gvrh,hpsafemoe_prediction,atomic_radius_range,0.025367826770350974,0.0028977505550558907,0.0,-0.030595452256761746,0.7387251222980402,moderate,raw_composition_structure_to_endpoint_linear_surrogate
log_gvrh,hpsafemoe_prediction,period_mean,0.6532990145462261,0.07462592673611991,4.263256414560601e-17,0.7865429012193772,0.7387251222980402,moderate,raw_composition_structure_to_endpoint_linear_surrogate
log_gvrh,hpsafemoe_prediction,period_std,0.05384272109038529,0.006150419440254829,2.3684757858670005e-18,0.06581142313973487,0.7387251222980402,moderate,raw_composition_structure_to_endpoint_linear_surrogate
log_gvrh,hpsafemoe_prediction,period_min,0.07050068823312325,0.008053248325478404,-8.881784197001253e-19,0.08389407006302463,0.7387251222980402,moderate,raw_composition_structure_to_endpoint_linear_surrogate
log_gvrh,hpsafemoe_prediction,period_max,0.03452256154352464,0.003943490026966769,-1.1842378929335003e-18,0.04097187858963025,0.7387251222980402,moderate,raw_composition_structure_to_endpoint_linear_surrogate
log_gvrh,hpsafemoe_prediction,period_range,0.04030306762826354,0.004603793523485969,-1.1842378929335003e-18,-0.04854114039108026,0.7387251222980402,moderate,raw_composition_structure_to_endpoint_linear_surrogate
log_gvrh,hpsafemoe_prediction,group_mean,0.050379601352013234,0.00575482949733463,8.881784197001253e-19,0.06324949173711047,0.7387251222980402,moderate,raw_composition_structure_to_endpoint_linear_surrogate
log_gvrh,hpsafemoe_prediction,group_std,0.04903484617602339,0.005601218977485399,-1.1842378929335003e-18,0.060045993791078445,0.7387251222980402,moderate,raw_composition_structure_to_endpoint_linear_surrogate
log_gvrh,hpsafemoe_prediction,group_min,0.01527476571956259,0.0017448266752571647,-1.4802973661668753e-19,-0.02060613699588032,0.7387251222980402,moderate,raw_composition_structure_to_endpoint_linear_surrogate
log_gvrh,hpsafemoe_prediction,group_max,0.04558453418058733,0.005207092054812767,-2.0724163126336257e-18,-0.06206207838579303,0.7387251222980402,moderate,raw_composition_structure_to_endpoint_linear_surrogate
log_gvrh,hpsafemoe_prediction,group_range,0.022855024647292832,0.0026107147828253866,1.3322676295501879e-18,-0.02799535812346221,0.7387251222980402,moderate,raw_composition_structure_to_endpoint_linear_surrogate
log_gvrh,hpsafemoe_prediction,n_sites,0.0544073503507192,0.006214916677930926,8.881784197001253e-19,0.08781283685561903,0.7387251222980402,moderate,raw_composition_structure_to_endpoint_linear_surrogate
log_gvrh,hpsafemoe_prediction,volume,0.05434879870036671,0.0062082283605261945,-5.921189464667501e-19,-0.08708058310810429,0.7387251222980402,moderate,raw_composition_structure_to_endpoint_linear_surrogate
log_gvrh,hpsafemoe_prediction,volume_per_atom,0.1082963360266586,0.012370620892072083,2.960594732333751e-18,-0.14963897316550856,0.7387251222980402,moderate,raw_composition_structure_to_endpoint_linear_surrogate
log_gvrh,hpsafemoe_prediction,density,0.2162094587294484,0.02469746757234438,-8.289665250534503e-18,0.2751472782911719,0.7387251222980402,moderate,raw_composition_structure_to_endpoint_linear_surrogate
log_gvrh,hpsafemoe_prediction,lattice_a,0.003561330825871946,0.00040680853235207213,-6.47630097698008e-20,-0.004820275163979204,0.7387251222980402,moderate,raw_composition_structure_to_endpoint_linear_surrogate
log_gvrh,hpsafemoe_prediction,lattice_b,0.008167383421212825,0.0009329549612753959,3.7007434154171883e-20,-0.011276507172397032,0.7387251222980402,moderate,raw_composition_structure_to_endpoint_linear_surrogate
log_gvrh,hpsafemoe_prediction,lattice_c,0.005832167172969312,0.0006662047094393947,2.0354088784794536e-19,-0.009306676171604522,0.7387251222980402,moderate,raw_composition_structure_to_endpoint_linear_surrogate
log_gvrh,hpsafemoe_prediction,lattice_length_anisotropy,0.008339718089458012,0.000952640639716977,-1.1102230246251566e-19,0.01473464497371424,0.7387251222980402,moderate,raw_composition_structure_to_endpoint_linear_surrogate
log_gvrh,hpsafemoe_prediction,lattice_alpha,0.011353501547380466,0.0012969031879861927,2.9605947323337507e-19,0.013781096172863272,0.7387251222980402,moderate,raw_composition_structure_to_endpoint_linear_surrogate
log_gvrh,hpsafemoe_prediction,lattice_beta,0.0026969982637287744,0.00030807637904713993,-2.590520390792032e-19,-0.0032284865412179897,0.7387251222980402,moderate,raw_composition_structure_to_endpoint_linear_surrogate
log_gvrh,hpsafemoe_prediction,lattice_gamma,0.0003735165051926905,4.266655043189104e-05,9.251858538542971e-21,-0.0004556369860893028,0.7387251222980402,moderate,raw_composition_structure_to_endpoint_linear_surrogate
log_gvrh,hpsafemoe_prediction,spacegroup_number,0.05083791186143632,0.005807182012395986,1.1842378929335003e-18,0.059258117225795104,0.7387251222980402,moderate,raw_composition_structure_to_endpoint_linear_surrogate
log_gvrh,hpsafemoe_prediction,crystal_system,0.054790520263579084,0.006258685930919052,1.7763568394002505e-18,0.01801038680662259,0.7387251222980402,moderate,raw_composition_structure_to_endpoint_linear_surrogate
log_gvrh,stage2_correction,n_elements,1.189989892056779e-05,0.0017111826340791894,-8.492917017803117e-22,1.3980773843595728e-05,-0.03818206568482552,low,raw_composition_structure_to_endpoint_linear_surrogate
log_gvrh,stage2_correction,composition_entropy,0.00027768621486412933,0.039930744939135024,-1.4456028966473393e-21,0.0003322747582391456,-0.03818206568482552,low,raw_composition_structure_to_endpoint_linear_surrogate
log_gvrh,stage2_correction,max_atomic_fraction,6.755859083622452e-05,0.009714795746877898,4.6259292692714854e-21,-8.399886876157175e-05,-0.03818206568482552,low,raw_composition_structure_to_endpoint_linear_surrogate
log_gvrh,stage2_correction,min_atomic_fraction,2.9707653570659373e-05,0.004271903587474119,-4.336808689942018e-22,-4.481031988818056e-05,-0.03818206568482552,low,raw_composition_structure_to_endpoint_linear_surrogate
log_gvrh,stage2_correction,metal_fraction,0.00013352408770933073,0.01920050763830954,1.1564823173178715e-20,-0.0001506352494920108,-0.03818206568482552,low,raw_composition_structure_to_endpoint_linear_surrogate
log_gvrh,stage2_correction,transition_metal_fraction,2.7790684053159176e-05,0.003996247048683201,-5.782411586589357e-22,-3.3263294254558745e-05,-0.03818206568482552,low,raw_composition_structure_to_endpoint_linear_surrogate
log_gvrh,stage2_correction,alkali_fraction,0.0002763612269528788,0.039740214219569164,-2.8912057932946787e-21,-0.0003959154203654445,-0.03818206568482552,low,raw_composition_structure_to_endpoint_linear_surrogate
log_gvrh,stage2_correction,alkaline_fraction,0.00041565270881832367,0.05977006207242243,-4.163336342344337e-20,-0.0006322778739837271,-0.03818206568482552,low,raw_composition_structure_to_endpoint_linear_surrogate
log_gvrh,stage2_correction,halogen_fraction,0.0003995926083630839,0.05746065043926359,0.0,-0.0007224319052589938,-0.03818206568482552,low,raw_composition_structure_to_endpoint_linear_surrogate
log_gvrh,stage2_correction,chalcogen_fraction,0.00010293314641650265,0.014801588971030158,-1.1564823173178714e-21,-0.00011902051965791965,-0.03818206568482552,low,raw_composition_structure_to_endpoint_linear_surrogate
log_gvrh,stage2_correction,rare_earth_fraction,7.268223043261633e-05,0.010451565290816835,2.6020852139652107e-21,-9.491412328195532e-05,-0.03818206568482552,low,raw_composition_structure_to_endpoint_linear_surrogate
log_gvrh,stage2_correction,atomic_number_mean,6.686713807015886e-05,0.009615366165712924,1.1564823173178714e-21,-8.163086841846446e-05,-0.03818206568482552,low,raw_composition_structure_to_endpoint_linear_surrogate
log_gvrh,stage2_correction,atomic_number_std,6.370776178885563e-05,0.009161053917922017,5.782411586589357e-22,7.625753128095284e-05,-0.03818206568482552,low,raw_composition_structure_to_endpoint_linear_surrogate
log_gvrh,stage2_correction,atomic_number_min,4.9173986425629837e-05,0.007071124904644875,2.8912057932946784e-22,-6.173647064586463e-05,-0.03818206568482552,low,raw_composition_structure_to_endpoint_linear_surrogate
log_gvrh,stage2_correction,atomic_number_max,8.471051597750978e-05,0.012181209675156306,-2.3129646346357427e-21,-9.80329604827823e-05,-0.03818206568482552,low,raw_composition_structure_to_endpoint_linear_surrogate
log_gvrh,stage2_correction,atomic_number_range,4.4243584797475835e-05,0.006362142609799439,1.4456028966473393e-21,-5.231392232982613e-05,-0.03818206568482552,low,raw_composition_structure_to_endpoint_linear_surrogate
log_gvrh,stage2_correction,atomic_mass_mean,6.534649324114653e-05,0.009396700356752923,8.673617379884036e-22,-8.013337377913312e-05,-0.03818206568482552,low,raw_composition_structure_to_endpoint_linear_surrogate
log_gvrh,stage2_correction,atomic_mass_std,4.552673947777938e-05,0.006546657791014785,5.782411586589357e-22,5.451432318235981e-05,-0.03818206568482552,low,raw_composition_structure_to_endpoint_linear_surrogate
log_gvrh,stage2_correction,atomic_mass_min,2.744777952511975e-05,0.003946938035434861,2.8912057932946784e-22,-3.516521420232403e-05,-0.03818206568482552,low,raw_composition_structure_to_endpoint_linear_surrogate
log_gvrh,stage2_correction,atomic_mass_max,7.551478449631267e-05,0.010858881130744688,-2.3129646346357427e-21,-8.687306336915943e-05,-0.03818206568482552,low,raw_composition_structure_to_endpoint_linear_surrogate
log_gvrh,stage2_correction,atomic_mass_range,5.503067056721774e-05,0.00791330484779132,-5.782411586589357e-22,-6.493862245781295e-05,-0.03818206568482552,low,raw_composition_structure_to_endpoint_linear_surrogate
log_gvrh,stage2_correction,electronegativity_mean,0.0001367185419018562,0.019659864022435046,-2.8912057932946787e-21,-0.00016946157629718771,-0.03818206568482552,low,raw_composition_structure_to_endpoint_linear_surrogate
log_gvrh,stage2_correction,electronegativity_std,0.00011902553418637511,0.017115643458087953,5.782411586589357e-21,0.00014396546023557987,-0.03818206568482552,low,raw_composition_structure_to_endpoint_linear_surrogate
log_gvrh,stage2_correction,electronegativity_min,2.875333107839409e-05,0.004134673844013609,5.782411586589357e-22,3.608999336891837e-05,-0.03818206568482552,low,raw_composition_structure_to_endpoint_linear_surrogate
log_gvrh,stage2_correction,electronegativity_max,0.0001166409746171913,0.016772748366965615,-4.6259292692714854e-21,0.00013856872480328178,-0.03818206568482552,low,raw_composition_structure_to_endpoint_linear_surrogate
log_gvrh,stage2_correction,electronegativity_range,8.542056954975812e-05,0.012283314016563544,-5.782411586589357e-22,0.00010397167610778658,-0.03818206568482552,low,raw_composition_structure_to_endpoint_linear_surrogate
log_gvrh,stage2_correction,atomic_radius_mean,9.973995040606479e-05,0.01434241351107495,1.734723475976807e-21,-0.00012573775211135768,-0.03818206568482552,low,raw_composition_structure_to_endpoint_linear_surrogate
log_gvrh,stage2_correction,atomic_radius_std,0.00020360589273013275,0.02927813674398586,4.6259292692714854e-21,-0.0002455941242100459,-0.03818206568482552,low,raw_composition_structure_to_endpoint_linear_surrogate
log_gvrh,stage2_correction,atomic_radius_min,0.0001532575443152581,0.02203814083837432,1.1564823173178714e-21,0.00017577567182588407,-0.03818206568482552,low,raw_composition_structure_to_endpoint_linear_surrogate
log_gvrh,stage2_correction,atomic_radius_max,0.0003133400187167526,0.045057693529095284,-9.251858538542971e-21,-0.0003929835928824846,-0.03818206568482552,low,raw_composition_structure_to_endpoint_linear_surrogate
log_gvrh,stage2_correction,atomic_radius_range,0.00031612784676580345,0.04545857785392676,-6.938893903907229e-21,-0.00038127327698643905,-0.03818206568482552,low,raw_composition_structure_to_endpoint_linear_surrogate
log_gvrh,stage2_correction,period_mean,4.730664560606183e-05,0.006802604877400853,2.6020852139652107e-21,5.695509323214501e-05,-0.03818206568482552,low,raw_composition_structure_to_endpoint_linear_surrogate
log_gvrh,stage2_correction,period_std,0.00018198204849593632,0.026168669429802588,9.251858538542971e-21,0.0002224348501498833,-0.03818206568482552,low,raw_composition_structure_to_endpoint_linear_surrogate
log_gvrh,stage2_correction,period_min,2.554182097601677e-05,0.0036728648527742332,2.168404344971009e-22,-3.0394133336877557e-05,-0.03818206568482552,low,raw_composition_structure_to_endpoint_linear_surrogate
log_gvrh,stage2_correction,period_max,4.557634548708817e-05,0.006553791039981165,2.3129646346357427e-21,5.4090670285336206e-05,-0.03818206568482552,low,raw_composition_structure_to_endpoint_linear_surrogate
log_gvrh,stage2_correction,period_range,5.813031422644247e-05,0.008359027659128103,2.023844055306275e-21,7.001233181229503e-05,-0.03818206568482552,low,raw_composition_structure_to_endpoint_linear_surrogate
log_gvrh,stage2_correction,group_mean,0.00018843929220935832,0.027097208687167768,2.8912057932946787e-21,0.00023657768492974527,-0.03818206568482552,low,raw_composition_structure_to_endpoint_linear_surrogate
log_gvrh,stage2_correction,group_std,9.304387473251598e-06,0.0013379530676057548,-1.4456028966473392e-22,1.1393758439520447e-05,-0.03818206568482552,low,raw_composition_structure_to_endpoint_linear_surrogate
log_gvrh,stage2_correction,group_min,0.00015023681574552646,0.021603765865503118,-4.6259292692714854e-21,-0.00020267416626314053,-0.03818206568482552,low,raw_composition_structure_to_endpoint_linear_surrogate
log_gvrh,stage2_correction,group_max,0.00022418514211159523,0.03223739332246638,-9.251858538542971e-21,-0.00030522185019025907,-0.03818206568482552,low,raw_composition_structure_to_endpoint_linear_surrogate
log_gvrh,stage2_correction,group_range,4.722136969522132e-05,0.006790342365029144,2.3129646346357427e-21,-5.784194837237747e-05,-0.03818206568482552,low,raw_composition_structure_to_endpoint_linear_surrogate
log_gvrh,stage2_correction,n_sites,9.195222567834633e-05,0.013222553636464766,2.8912057932946787e-21,0.00014840983322939846,-0.03818206568482552,low,raw_composition_structure_to_endpoint_linear_surrogate
log_gvrh,stage2_correction,volume,0.00011575344362278926,0.016645123112754186,-1.1564823173178714e-21,0.00018546642443774113,-0.03818206568482552,low,raw_composition_structure_to_endpoint_linear_surrogate
log_gvrh,stage2_correction,volume_per_atom,0.0003556032828482144,0.051135069826490645,4.6259292692714854e-21,-0.0004913565135443901,-0.03818206568482552,low,raw_composition_structure_to_endpoint_linear_surrogate
log_gvrh,stage2_correction,density,0.00031059905658500247,0.04466354843325646,-1.61907524424502e-20,0.00039526709682997387,-0.03818206568482552,low,raw_composition_structure_to_endpoint_linear_surrogate
log_gvrh,stage2_correction,lattice_a,8.665125199787804e-05,0.012460283791462134,-2.3129646346357427e-21,-0.00011728280756697479,-0.03818206568482552,low,raw_composition_structure_to_endpoint_linear_surrogate
log_gvrh,stage2_correction,lattice_b,0.00012184840933037491,0.017521567487933053,-5.782411586589357e-22,0.00016823312815098673,-0.03818206568482552,low,raw_composition_structure_to_endpoint_linear_surrogate
log_gvrh,stage2_correction,lattice_c,0.00012819279438434992,0.018433877886596138,2.3129646346357427e-21,-0.0002045635506467855,-0.03818206568482552,low,raw_composition_structure_to_endpoint_linear_surrogate
log_gvrh,stage2_correction,lattice_length_anisotropy,3.543612023621056e-06,0.000509564610355971,5.421010862427522e-23,-6.260866918108817e-06,-0.03818206568482552,low,raw_composition_structure_to_endpoint_linear_surrogate
log_gvrh,stage2_correction,lattice_alpha,0.00012447651326085484,0.017899483790954723,-4.6259292692714854e-21,0.00015109195989904294,-0.03818206568482552,low,raw_composition_structure_to_endpoint_linear_surrogate
log_gvrh,stage2_correction,lattice_beta,0.0001881109156994558,0.027049988775054608,1.1564823173178715e-20,0.00022518129424089236,-0.03818206568482552,low,raw_composition_structure_to_endpoint_linear_surrogate
log_gvrh,stage2_correction,lattice_gamma,0.00012467483213451566,0.017928001664500016,6.938893903907229e-21,-0.00015208555436032215,-0.03818206568482552,low,raw_composition_structure_to_endpoint_linear_surrogate
log_gvrh,stage2_correction,spacegroup_number,6.366284548344466e-05,0.009154595039378653,8.673617379884036e-22,7.420722493221339e-05,-0.03818206568482552,low,raw_composition_structure_to_endpoint_linear_surrogate
log_gvrh,stage2_correction,crystal_system,0.0002956136281221751,0.04250867257078127,-6.938893903907229e-21,1.7983951617002897e-05,-0.03818206568482552,low,raw_composition_structure_to_endpoint_linear_surrogate
log_gvrh,benefit_gate_probability,n_elements,0.0004700392597779593,0.010014646025989983,-4.85722573273506e-20,0.0005522326393217162,-0.09046897653110841,low,raw_composition_structure_to_endpoint_linear_surrogate
log_gvrh,benefit_gate_probability,composition_entropy,0.0004114031553059576,0.008765346486824976,-2.1973164029039556e-20,0.0004922782502364941,-0.09046897653110841,low,raw_composition_structure_to_endpoint_linear_surrogate
log_gvrh,benefit_gate_probability,max_atomic_fraction,0.0015317544894236246,0.03263552712074526,5.551115123125783e-20,-0.0019045045602557715,-0.09046897653110841,low,raw_composition_structure_to_endpoint_linear_surrogate
log_gvrh,benefit_gate_probability,min_atomic_fraction,0.0008199236694506889,0.017469275485112363,-3.23815048849004e-20,-0.0012367534118636453,-0.09046897653110841,low,raw_composition_structure_to_endpoint_linear_surrogate
log_gvrh,benefit_gate_probability,metal_fraction,0.0019759251560000804,0.04209901747470528,-5.551115123125783e-20,-0.0022291407038073554,-0.09046897653110841,low,raw_composition_structure_to_endpoint_linear_surrogate
log_gvrh,benefit_gate_probability,transition_metal_fraction,0.002245307993010952,0.04783848221519361,0.0,0.002687459593321736,-0.09046897653110841,low,raw_composition_structure_to_endpoint_linear_surrogate
log_gvrh,benefit_gate_probability,alkali_fraction,0.0005812364458016428,0.012383810800948147,-1.734723475976807e-20,0.0008326800192217673,-0.09046897653110841,low,raw_composition_structure_to_endpoint_linear_surrogate
log_gvrh,benefit_gate_probability,alkaline_fraction,0.0031199778439278776,0.06647417862633237,-3.7007434154171883e-20,-0.00474601251521565,-0.09046897653110841,low,raw_composition_structure_to_endpoint_linear_surrogate
log_gvrh,benefit_gate_probability,halogen_fraction,0.0012383086881325312,0.026383377397908223,-9.251858538542972e-20,-0.002238764396896677,-0.09046897653110841,low,raw_composition_structure_to_endpoint_linear_surrogate
log_gvrh,benefit_gate_probability,chalcogen_fraction,0.0011566167475015625,0.024642850725770646,-3.7007434154171883e-20,-0.0013373838372302822,-0.09046897653110841,low,raw_composition_structure_to_endpoint_linear_surrogate
log_gvrh,benefit_gate_probability,rare_earth_fraction,0.0003606983998056563,0.007685032092640627,-1.61907524424502e-20,0.00047102809287749743,-0.09046897653110841,low,raw_composition_structure_to_endpoint_linear_surrogate
log_gvrh,benefit_gate_probability,atomic_number_mean,0.0012586882599764106,0.026817584102841966,0.0,-0.0015365965808525335,-0.09046897653110841,low,raw_composition_structure_to_endpoint_linear_surrogate
log_gvrh,benefit_gate_probability,atomic_number_std,0.00035824478681541883,0.007632755468782427,-2.3129646346357427e-21,-0.0004288153008318988,-0.09046897653110841,low,raw_composition_structure_to_endpoint_linear_surrogate
log_gvrh,benefit_gate_probability,atomic_number_min,0.0006441824760919525,0.013724937523844611,-1.3877787807814457e-20,-0.0008087518506553911,-0.09046897653110841,low,raw_composition_structure_to_endpoint_linear_surrogate
log_gvrh,benefit_gate_probability,atomic_number_max,0.00036593880420662567,0.007796684032381872,-1.8503717077085942e-20,-0.0004234900935018403,-0.09046897653110841,low,raw_composition_structure_to_endpoint_linear_surrogate
log_gvrh,benefit_gate_probability,atomic_number_range,0.00015238140960214345,0.0032466349275329528,-3.469446951953614e-21,0.0001801768383580607,-0.09046897653110841,low,raw_composition_structure_to_endpoint_linear_surrogate
log_gvrh,benefit_gate_probability,atomic_mass_mean,0.001264628505152309,0.02694414683458552,0.0,-0.0015507939855494276,-0.09046897653110841,low,raw_composition_structure_to_endpoint_linear_surrogate
log_gvrh,benefit_gate_probability,atomic_mass_std,0.00032952303820695536,0.007020810531040186,-6.938893903907229e-21,-0.00039457526734623227,-0.09046897653110841,low,raw_composition_structure_to_endpoint_linear_surrogate
log_gvrh,benefit_gate_probability,atomic_mass_min,0.0007055695085163115,0.01503284827284531,2.3129646346357427e-21,-0.0009039530093462574,-0.09046897653110841,low,raw_composition_structure_to_endpoint_linear_surrogate
log_gvrh,benefit_gate_probability,atomic_mass_max,0.0003443391308783063,0.007336481872327584,-9.251858538542971e-21,-0.00039613163616633324,-0.09046897653110841,low,raw_composition_structure_to_endpoint_linear_surrogate
log_gvrh,benefit_gate_probability,atomic_mass_range,0.0001867882600320349,0.003979706518376909,-1.1564823173178714e-21,0.00022041839891731065,-0.09046897653110841,low,raw_composition_structure_to_endpoint_linear_surrogate
log_gvrh,benefit_gate_probability,electronegativity_mean,0.0013413486826590567,0.02857874523205586,-2.7755575615628914e-20,-0.0016625913278883052,-0.09046897653110841,low,raw_composition_structure_to_endpoint_linear_surrogate
log_gvrh,benefit_gate_probability,electronegativity_std,0.0008426425041471629,0.0179533224724122,-3.23815048849004e-20,-0.0010192049693610564,-0.09046897653110841,low,raw_composition_structure_to_endpoint_linear_surrogate
log_gvrh,benefit_gate_probability,electronegativity_min,0.0004462494557352358,0.009507780989592627,-9.251858538542971e-21,-0.000560113882264927,-0.09046897653110841,low,raw_composition_structure_to_endpoint_linear_surrogate
log_gvrh,benefit_gate_probability,electronegativity_max,0.001570059559547665,0.0334516540937862,2.7755575615628914e-20,-0.001865220620332991,-0.09046897653110841,low,raw_composition_structure_to_endpoint_linear_surrogate
log_gvrh,benefit_gate_probability,electronegativity_range,0.0011211089151352562,0.023886321638249896,-1.3877787807814457e-20,-0.0013645843573788824,-0.09046897653110841,low,raw_composition_structure_to_endpoint_linear_surrogate
log_gvrh,benefit_gate_probability,atomic_radius_mean,0.0006634418339199472,0.014135276973843657,-9.251858538542971e-21,0.0008363718300852334,-0.09046897653110841,low,raw_composition_structure_to_endpoint_linear_surrogate
log_gvrh,benefit_gate_probability,atomic_radius_std,0.0008713280083039206,0.018564495186671637,9.251858538542971e-21,-0.0010510159417768906,-0.09046897653110841,low,raw_composition_structure_to_endpoint_linear_surrogate
log_gvrh,benefit_gate_probability,atomic_radius_min,8.18916055282747e-05,0.0017447807280036307,-4.915049848600954e-21,-9.392393727138473e-05,-0.09046897653110841,low,raw_composition_structure_to_endpoint_linear_surrogate
log_gvrh,benefit_gate_probability,atomic_radius_max,0.0018717118874084513,0.03987865188939311,-3.7007434154171883e-20,-0.0023474564958762597,-0.09046897653110841,low,raw_composition_structure_to_endpoint_linear_surrogate
log_gvrh,benefit_gate_probability,atomic_radius_range,0.0011604150551911877,0.024723777385018984,-9.251858538542971e-21,-0.0013995453272577802,-0.09046897653110841,low,raw_composition_structure_to_endpoint_linear_surrogate
log_gvrh,benefit_gate_probability,period_mean,0.0007716651318288806,0.016441080154699684,3.7007434154171883e-20,0.0009290504317997475,-0.09046897653110841,low,raw_composition_structure_to_endpoint_linear_surrogate
log_gvrh,benefit_gate_probability,period_std,3.4433472967918574e-05,0.0007336388100476903,-2.3129646346357427e-21,-4.208769196226549e-05,-0.09046897653110841,low,raw_composition_structure_to_endpoint_linear_surrogate
log_gvrh,benefit_gate_probability,period_min,0.000502314780123487,0.01070230754540814,-2.3129646346357427e-21,0.0005977421272544891,-0.09046897653110841,low,raw_composition_structure_to_endpoint_linear_surrogate
log_gvrh,benefit_gate_probability,period_max,0.0011067532830129313,0.02358046085919002,0.0,0.0013135109074426709,-0.09046897653110841,low,raw_composition_structure_to_endpoint_linear_surrogate
log_gvrh,benefit_gate_probability,period_range,0.0003579265387861901,0.00762597488334218,-1.3877787807814457e-20,0.00043108783999185746,-0.09046897653110841,low,raw_composition_structure_to_endpoint_linear_surrogate
log_gvrh,benefit_gate_probability,group_mean,0.000568715401247069,0.012117037703847831,2.544261098099317e-20,0.0007139985054785772,-0.09046897653110841,low,raw_composition_structure_to_endpoint_linear_surrogate
log_gvrh,benefit_gate_probability,group_std,0.00013507645351889695,0.002877935917686665,4.6259292692714854e-21,-0.00016540889840259204,-0.09046897653110841,low,raw_composition_structure_to_endpoint_linear_surrogate
log_gvrh,benefit_gate_probability,group_min,7.655287730116785e-05,0.0016310339030071556,2.6020852139652107e-21,0.00010327222728374874,-0.09046897653110841,low,raw_composition_structure_to_endpoint_linear_surrogate
log_gvrh,benefit_gate_probability,group_max,0.001155353845975448,0.024615943373913072,-4.625929269271486e-20,-0.0015729822019941021,-0.09046897653110841,low,raw_composition_structure_to_endpoint_linear_surrogate
log_gvrh,benefit_gate_probability,group_range,0.0009816306804337615,0.02091460146848096,4.625929269271486e-20,-0.0012024096612372795,-0.09046897653110841,low,raw_composition_structure_to_endpoint_linear_surrogate
log_gvrh,benefit_gate_probability,n_sites,0.0004437944356773748,0.009455474386782901,2.3129646346357427e-21,0.0007162791079947102,-0.09046897653110841,low,raw_composition_structure_to_endpoint_linear_surrogate
log_gvrh,benefit_gate_probability,volume,7.3445566774636e-05,0.001564829613963834,0.0,0.00011767845719462718,-0.09046897653110841,low,raw_composition_structure_to_endpoint_linear_surrogate
log_gvrh,benefit_gate_probability,volume_per_atom,0.0002874961767221681,0.006125387153954032,4.6259292692714854e-21,-0.0003972491983766165,-0.09046897653110841,low,raw_composition_structure_to_endpoint_linear_surrogate
log_gvrh,benefit_gate_probability,density,0.004329255438847498,0.0922390201972287,-2.220446049250313e-19,0.0055093928731245615,-0.09046897653110841,low,raw_composition_structure_to_endpoint_linear_surrogate
log_gvrh,benefit_gate_probability,lattice_a,7.442403873305472e-05,0.0015856769157712395,-1.1564823173178714e-21,-0.00010073322672013657,-0.09046897653110841,low,raw_composition_structure_to_endpoint_linear_surrogate
log_gvrh,benefit_gate_probability,lattice_b,0.00020556037434047223,0.00437966476877333,-3.469446951953614e-21,0.0002838121973789665,-0.09046897653110841,low,raw_composition_structure_to_endpoint_linear_surrogate
log_gvrh,benefit_gate_probability,lattice_c,0.0002063416919772154,0.004396311504983284,4.6259292692714854e-21,-0.0003292695924138277,-0.09046897653110841,low,raw_composition_structure_to_endpoint_linear_surrogate
log_gvrh,benefit_gate_probability,lattice_length_anisotropy,0.0001915863608189197,0.004081934747143107,-8.673617379884036e-22,0.0003384954956740221,-0.09046897653110841,low,raw_composition_structure_to_endpoint_linear_surrogate
log_gvrh,benefit_gate_probability,lattice_alpha,0.0006159184567126828,0.013122744954890226,-9.251858538542971e-21,0.0007476135402965094,-0.09046897653110841,low,raw_composition_structure_to_endpoint_linear_surrogate
log_gvrh,benefit_gate_probability,lattice_beta,0.001302409821704374,0.02774911472565816,7.401486830834377e-20,0.0015590712968087967,-0.09046897653110841,low,raw_composition_structure_to_endpoint_linear_surrogate
log_gvrh,benefit_gate_probability,lattice_gamma,0.0013801014746948651,0.02940441135820191,9.251858538542972e-20,-0.0016835274149477571,-0.09046897653110841,low,raw_composition_structure_to_endpoint_linear_surrogate
log_gvrh,benefit_gate_probability,spacegroup_number,0.0008038262663825941,0.01712630457297875,9.251858538542971e-21,0.0009369627779422173,-0.09046897653110841,low,raw_composition_structure_to_endpoint_linear_surrogate
log_gvrh,benefit_gate_probability,crystal_system,0.001838928480694289,0.03918016935428851,1.295260195396016e-19,-4.590376284366023e-05,-0.09046897653110841,low,raw_composition_structure_to_endpoint_linear_surrogate
log_gvrh,realized_local_gain,n_elements,9.416912950341586e-06,0.012999428437658231,3.4333068795374306e-22,-1.106360071983466e-05,7.287221984730863e-05,low,raw_composition_structure_to_endpoint_linear_surrogate
log_gvrh,realized_local_gain,composition_entropy,4.25572886108546e-06,0.005874753549436864,2.0328790734103207e-22,-5.092335170978597e-06,7.287221984730863e-05,low,raw_composition_structure_to_endpoint_linear_surrogate
log_gvrh,realized_local_gain,max_atomic_fraction,4.296967624318775e-08,5.931680947442552e-05,2.2587545260114675e-24,-5.342628007485635e-08,7.287221984730863e-05,low,raw_composition_structure_to_endpoint_linear_surrogate
log_gvrh,realized_local_gain,min_atomic_fraction,5.469521528306688e-06,0.007550314425798615,-7.228014483236696e-23,8.250096519261148e-06,7.287221984730863e-05,low,raw_composition_structure_to_endpoint_linear_surrogate
log_gvrh,realized_local_gain,metal_fraction,3.087516484802745e-06,0.004262113264286627,3.2526065174565134e-22,-3.483182877170537e-06,7.287221984730863e-05,low,raw_composition_structure_to_endpoint_linear_surrogate
log_gvrh,realized_local_gain,transition_metal_fraction,7.430750367052888e-06,0.010257661735218948,1.4456028966473392e-22,8.894032097901986e-06,7.287221984730863e-05,low,raw_composition_structure_to_endpoint_linear_surrogate
log_gvrh,realized_local_gain,alkali_fraction,6.673337245040769e-06,0.009212102778768926,-2.349104707051926e-22,-9.560230824496896e-06,7.287221984730863e-05,low,raw_composition_structure_to_endpoint_linear_surrogate
log_gvrh,realized_local_gain,alkaline_fraction,4.916318273011039e-05,0.06786653747759268,7.228014483236697e-22,-7.478549278131717e-05,7.287221984730863e-05,low,raw_composition_structure_to_endpoint_linear_surrogate
log_gvrh,realized_local_gain,halogen_fraction,1.467732315030928e-05,0.020261078439926437,-1.1564823173178714e-21,2.6535442111945363e-05,7.287221984730863e-05,low,raw_composition_structure_to_endpoint_linear_surrogate
log_gvrh,realized_local_gain,chalcogen_fraction,7.138821405387158e-06,0.009854673020545116,7.228014483236696e-23,-8.254544459140695e-06,7.287221984730863e-05,low,raw_composition_structure_to_endpoint_linear_surrogate
log_gvrh,realized_local_gain,rare_earth_fraction,1.529981918689619e-05,0.02112039324117921,5.421010862427522e-22,1.9979696768428097e-05,7.287221984730863e-05,low,raw_composition_structure_to_endpoint_linear_surrogate
log_gvrh,realized_local_gain,atomic_number_mean,7.461788033070811e-06,0.010300507190029836,3.614007241618348e-23,9.109291270324426e-06,7.287221984730863e-05,low,raw_composition_structure_to_endpoint_linear_surrogate
log_gvrh,realized_local_gain,atomic_number_std,1.022774361511723e-05,0.01411872679555879,0.0,1.2242503217242247e-05,7.287221984730863e-05,low,raw_composition_structure_to_endpoint_linear_surrogate
log_gvrh,realized_local_gain,atomic_number_min,8.8565315809248e-06,0.01222585884559078,2.168404344971009e-22,1.1119110767984347e-05,7.287221984730863e-05,low,raw_composition_structure_to_endpoint_linear_surrogate
log_gvrh,realized_local_gain,atomic_number_max,1.7715687029785583e-05,0.024455339768144953,5.782411586589357e-22,2.0501837658235966e-05,7.287221984730863e-05,low,raw_composition_structure_to_endpoint_linear_surrogate
log_gvrh,realized_local_gain,atomic_number_range,1.0388341950313567e-05,0.01434042222553684,-2.168404344971009e-22,1.2283247761501085e-05,7.287221984730863e-05,low,raw_composition_structure_to_endpoint_linear_surrogate
log_gvrh,realized_local_gain,atomic_mass_mean,6.704793101781475e-06,0.009255525518344236,7.228014483236696e-23,8.221982008339848e-06,7.287221984730863e-05,low,raw_composition_structure_to_endpoint_linear_surrogate
log_gvrh,realized_local_gain,atomic_mass_std,9.881977392910148e-06,0.013641419286671033,1.4456028966473392e-22,1.18328111228086e-05,7.287221984730863e-05,low,raw_composition_structure_to_endpoint_linear_surrogate
log_gvrh,realized_local_gain,atomic_mass_min,8.628652986353082e-06,0.011911287446425228,-2.168404344971009e-22,1.1054753273026564e-05,7.287221984730863e-05,low,raw_composition_structure_to_endpoint_linear_surrogate
log_gvrh,realized_local_gain,atomic_mass_max,1.6813081712337515e-05,0.023209352543510968,1.4456028966473392e-22,1.9341959627761006e-05,7.287221984730863e-05,low,raw_composition_structure_to_endpoint_linear_surrogate
log_gvrh,realized_local_gain,atomic_mass_range,1.0353768663824208e-05,0.014292696079405608,7.228014483236696e-23,1.2217904440294886e-05,7.287221984730863e-05,low,raw_composition_structure_to_endpoint_linear_surrogate
log_gvrh,realized_local_gain,electronegativity_mean,1.7660112038441476e-05,0.024378622150948014,1.8070036208091742e-22,2.1889572416355635e-05,7.287221984730863e-05,low,raw_composition_structure_to_endpoint_linear_surrogate
log_gvrh,realized_local_gain,electronegativity_std,2.1797510863139e-06,0.003009002887450234,7.228014483236696e-23,2.636483595602359e-06,7.287221984730863e-05,low,raw_composition_structure_to_endpoint_linear_surrogate
log_gvrh,realized_local_gain,electronegativity_min,1.015821469662297e-05,0.014022746700480909,3.6140072416183483e-22,1.2750171451148878e-05,7.287221984730863e-05,low,raw_composition_structure_to_endpoint_linear_surrogate
log_gvrh,realized_local_gain,electronegativity_max,8.855175766239285e-06,0.012223987232667096,-3.975407965780183e-22,1.0519891640684652e-05,7.287221984730863e-05,low,raw_composition_structure_to_endpoint_linear_surrogate
log_gvrh,realized_local_gain,electronegativity_range,2.6187080553250164e-06,0.003614954087802403,-9.03501810404587e-24,3.1874227388580455e-06,7.287221984730863e-05,low,raw_composition_structure_to_endpoint_linear_surrogate
log_gvrh,realized_local_gain,atomic_radius_mean,5.0917998573066665e-06,0.007028894523394255,1.4456028966473392e-22,-6.419007284965946e-06,7.287221984730863e-05,low,raw_composition_structure_to_endpoint_linear_surrogate
log_gvrh,realized_local_gain,atomic_radius_std,9.138058625721232e-07,0.001261448839875702,-1.3552527156068806e-23,1.1022537093946904e-06,7.287221984730863e-05,low,raw_composition_structure_to_endpoint_linear_surrogate
log_gvrh,realized_local_gain,atomic_radius_min,1.5700488814056862e-06,0.0021673491286460537,-4.5175090520229354e-23,-1.8007361279446423e-06,7.287221984730863e-05,low,raw_composition_structure_to_endpoint_linear_surrogate
log_gvrh,realized_local_gain,atomic_radius_max,9.139610737216673e-07,0.0012616630986505113,-2.710505431213761e-23,-1.1462682231807475e-06,7.287221984730863e-05,low,raw_composition_structure_to_endpoint_linear_surrogate
log_gvrh,realized_local_gain,atomic_radius_range,5.50118584133557e-07,0.0007594024925557628,4.517509052022935e-24,6.634831997547083e-07,7.287221984730863e-05,low,raw_composition_structure_to_endpoint_linear_surrogate
log_gvrh,realized_local_gain,period_mean,9.043130924953709e-06,0.012483446956685063,4.336808689942018e-22,1.0887526653871102e-05,7.287221984730863e-05,low,raw_composition_structure_to_endpoint_linear_surrogate
log_gvrh,realized_local_gain,period_std,6.863825291474996e-06,0.009475058987550833,2.8912057932946784e-22,8.389585471658832e-06,7.287221984730863e-05,low,raw_composition_structure_to_endpoint_linear_surrogate
log_gvrh,realized_local_gain,period_min,9.652362945910612e-06,0.013324451657495417,-5.059610138265688e-22,1.1486072456204925e-05,7.287221984730863e-05,low,raw_composition_structure_to_endpoint_linear_surrogate
log_gvrh,realized_local_gain,period_max,1.9761995858782586e-05,0.027280134403517457,0.0,2.3453824363351393e-05,7.287221984730863e-05,low,raw_composition_structure_to_endpoint_linear_surrogate
log_gvrh,realized_local_gain,period_range,5.74987279264732e-06,0.007937320891444116,-3.614007241618348e-23,6.925164730215638e-06,7.287221984730863e-05,low,raw_composition_structure_to_endpoint_linear_surrogate
log_gvrh,realized_local_gain,group_mean,3.403801118482126e-05,0.04698723380906311,1.1564823173178714e-21,4.2733305731010785e-05,7.287221984730863e-05,low,raw_composition_structure_to_endpoint_linear_surrogate
log_gvrh,realized_local_gain,group_std,2.1934347143478213e-05,0.030278922351942888,1.4456028966473392e-22,-2.685987160356711e-05,7.287221984730863e-05,low,raw_composition_structure_to_endpoint_linear_surrogate
log_gvrh,realized_local_gain,group_min,2.0927112925634882e-05,0.028888501817754972,4.336808689942018e-22,2.8231330273145354e-05,7.287221984730863e-05,low,raw_composition_structure_to_endpoint_linear_surrogate
log_gvrh,realized_local_gain,group_max,7.872566327548793e-07,0.0010867559585116078,3.614007241618348e-23,1.0718280603287557e-06,7.287221984730863e-05,low,raw_composition_structure_to_endpoint_linear_surrogate
log_gvrh,realized_local_gain,group_range,1.7535457523917048e-05,0.024206544799321595,1.0119220276531376e-21,-2.1479364858132675e-05,7.287221984730863e-05,low,raw_composition_structure_to_endpoint_linear_surrogate
log_gvrh,realized_local_gain,n_sites,9.213394843098267e-06,0.012718485087663559,-2.8912057932946784e-22,-1.4870313165924926e-05,7.287221984730863e-05,low,raw_composition_structure_to_endpoint_linear_surrogate
log_gvrh,realized_local_gain,volume,2.421774408465191e-05,0.03343100151929661,5.782411586589357e-22,-3.8802978665287454e-05,7.287221984730863e-05,low,raw_composition_structure_to_endpoint_linear_surrogate
log_gvrh,realized_local_gain,volume_per_atom,2.293460392442718e-05,0.03165971099380421,1.4456028966473392e-22,-3.168999716079144e-05,7.287221984730863e-05,low,raw_composition_structure_to_endpoint_linear_surrogate
log_gvrh,realized_local_gain,density,2.9833066620391746e-05,0.04118258463816485,-1.4456028966473393e-21,3.7965439310181196e-05,7.287221984730863e-05,low,raw_composition_structure_to_endpoint_linear_surrogate
log_gvrh,realized_local_gain,lattice_a,1.2390660079472855e-05,0.017104490595573934,-2.529805069132844e-22,-1.6770806747999422e-05,7.287221984730863e-05,low,raw_composition_structure_to_endpoint_linear_surrogate
log_gvrh,realized_local_gain,lattice_b,1.850177190788785e-05,0.025540478196492116,2.8912057932946784e-22,-2.5544945408032487e-05,7.287221984730863e-05,low,raw_composition_structure_to_endpoint_linear_surrogate
log_gvrh,realized_local_gain,lattice_c,1.8630585216265316e-05,0.025718296489270338,4.336808689942018e-22,-2.9729741681424928e-05,7.287221984730863e-05,low,raw_composition_structure_to_endpoint_linear_surrogate
log_gvrh,realized_local_gain,lattice_length_anisotropy,1.4263294251692694e-05,0.019689538799805464,3.975407965780183e-22,-2.520044139381327e-05,7.287221984730863e-05,low,raw_composition_structure_to_endpoint_linear_surrogate
log_gvrh,realized_local_gain,lattice_alpha,8.429659813544296e-06,0.01163659047055305,0.0,-1.0232081451715479e-05,7.287221984730863e-05,low,raw_composition_structure_to_endpoint_linear_surrogate
log_gvrh,realized_local_gain,lattice_beta,6.046732187503019e-06,0.008347115744579423,-4.336808689942018e-22,-7.238341139572321e-06,7.287221984730863e-05,low,raw_composition_structure_to_endpoint_linear_surrogate
log_gvrh,realized_local_gain,lattice_gamma,6.576949908400371e-07,0.0009079046405458406,-6.32451267283211e-23,8.022943008577136e-07,7.287221984730863e-05,low,raw_composition_structure_to_endpoint_linear_surrogate
log_gvrh,realized_local_gain,spacegroup_number,3.923323432425564e-05,0.054158897365355584,1.4456028966473392e-22,4.573137474785622e-05,7.287221984730863e-05,low,raw_composition_structure_to_endpoint_linear_surrogate
log_gvrh,realized_local_gain,crystal_system,9.356400787640096e-05,0.1291589538040326,6.938893903907229e-21,-1.2398648411424002e-05,7.287221984730863e-05,low,raw_composition_structure_to_endpoint_linear_surrogate
perovskites,stage1_anchor_prediction,n_elements,0.28215679613841976,0.017509837979354653,0.0,0.3673985904197252,0.5598976515370069,moderate,raw_composition_structure_to_endpoint_linear_surrogate
perovskites,stage1_anchor_prediction,composition_entropy,0.28893157306364553,0.017930261119716576,-1.6579330501069006e-17,-0.35409657213972423,0.5598976515370069,moderate,raw_composition_structure_to_endpoint_linear_surrogate
perovskites,stage1_anchor_prediction,max_atomic_fraction,0.03307704779973257,0.002052666303754587,-1.4062824978585316e-18,0.04362775065703772,0.5598976515370069,moderate,raw_composition_structure_to_endpoint_linear_surrogate
perovskites,stage1_anchor_prediction,min_atomic_fraction,0.00013776140334979426,8.549075852420942e-06,-2.7755575615628914e-20,-0.001335651109286573,0.5598976515370069,moderate,raw_composition_structure_to_endpoint_linear_surrogate
perovskites,stage1_anchor_prediction,metal_fraction,0.013916307241052537,0.0008636059396641637,1.3322676295501879e-18,-0.017141879519442682,0.5598976515370069,moderate,raw_composition_structure_to_endpoint_linear_surrogate
perovskites,stage1_anchor_prediction,transition_metal_fraction,0.3014381256279575,0.018706381745122156,-1.3618735768735253e-17,0.3843699361097066,0.5598976515370069,moderate,raw_composition_structure_to_endpoint_linear_surrogate
perovskites,stage1_anchor_prediction,alkali_fraction,0.35840695184293464,0.022241702993981614,-4.736951571734001e-18,0.48627854091375866,0.5598976515370069,moderate,raw_composition_structure_to_endpoint_linear_surrogate
perovskites,stage1_anchor_prediction,alkaline_fraction,0.238647639835733,0.014809785072939024,-9.473903143468002e-18,0.3140212954345145,0.5598976515370069,moderate,raw_composition_structure_to_endpoint_linear_surrogate
perovskites,stage1_anchor_prediction,halogen_fraction,0.20850083900772157,0.012938961455295604,-3.2566542055671258e-18,-0.2252764753445149,0.5598976515370069,moderate,raw_composition_structure_to_endpoint_linear_surrogate
perovskites,stage1_anchor_prediction,chalcogen_fraction,0.15416806044202946,0.009567225730075976,-4.736951571734001e-18,-0.17841939352467762,0.5598976515370069,moderate,raw_composition_structure_to_endpoint_linear_surrogate
perovskites,stage1_anchor_prediction,rare_earth_fraction,0.018948172465279765,0.0011758690005437764,-1.1842378929335003e-18,-0.048738324612330075,0.5598976515370069,moderate,raw_composition_structure_to_endpoint_linear_surrogate
perovskites,stage1_anchor_prediction,atomic_number_mean,2.0234910698194217,0.12557202686632235,6.631732200427602e-17,-2.475029728327371,0.5598976515370069,moderate,raw_composition_structure_to_endpoint_linear_surrogate
perovskites,stage1_anchor_prediction,atomic_number_std,0.47731257863193527,0.029620643669532886,-7.697546304067752e-18,0.5472890856996457,0.5598976515370069,moderate,raw_composition_structure_to_endpoint_linear_surrogate
perovskites,stage1_anchor_prediction,atomic_number_min,0.9181459984314918,0.05697749582484422,-3.6119255734471757e-17,-1.549785601462986,0.5598976515370069,moderate,raw_composition_structure_to_endpoint_linear_surrogate
perovskites,stage1_anchor_prediction,atomic_number_max,0.19970077069199957,0.012392854565352211,-8.733754460384564e-18,0.22772978314843684,0.5598976515370069,moderate,raw_composition_structure_to_endpoint_linear_surrogate
perovskites,stage1_anchor_prediction,atomic_number_range,0.2868546589229595,0.017801373810964312,-1.3026616822268503e-17,0.32622607559576977,0.5598976515370069,moderate,raw_composition_structure_to_endpoint_linear_surrogate
perovskites,stage1_anchor_prediction,atomic_mass_mean,1.364093640689908,0.08465172189377582,4.0264088359739013e-17,1.6589519832732265,0.5598976515370069,moderate,raw_composition_structure_to_endpoint_linear_surrogate
perovskites,stage1_anchor_prediction,atomic_mass_std,0.5818012498882192,0.036104909614621206,-2.2500519965736505e-17,0.6630777527418275,0.5598976515370069,moderate,raw_composition_structure_to_endpoint_linear_surrogate
perovskites,stage1_anchor_prediction,atomic_mass_min,0.9192377506131426,0.05704524682030468,6.572520305780926e-17,1.466791735316292,0.5598976515370069,moderate,raw_composition_structure_to_endpoint_linear_surrogate
perovskites,stage1_anchor_prediction,atomic_mass_max,0.46218522801168765,0.02868188386632232,-1.6579330501069006e-17,-0.5227493891730148,0.5598976515370069,moderate,raw_composition_structure_to_endpoint_linear_surrogate
perovskites,stage1_anchor_prediction,atomic_mass_range,0.5188769579559457,0.032200009318832455,9.473903143468002e-18,-0.5859064516924235,0.5598976515370069,moderate,raw_composition_structure_to_endpoint_linear_surrogate
perovskites,stage1_anchor_prediction,electronegativity_mean,0.19555553098156117,0.012135612929819335,-1.1842378929335003e-18,-0.24023505504243303,0.5598976515370069,moderate,raw_composition_structure_to_endpoint_linear_surrogate
perovskites,stage1_anchor_prediction,electronegativity_std,0.3361321283849509,0.020859391615677316,1.3914795241968628e-17,-0.4135731451498543,0.5598976515370069,moderate,raw_composition_structure_to_endpoint_linear_surrogate
perovskites,stage1_anchor_prediction,electronegativity_min,0.04537060517768822,0.0028155690614549635,1.0732155904709847e-18,-0.05231570315979184,0.5598976515370069,moderate,raw_composition_structure_to_endpoint_linear_surrogate
perovskites,stage1_anchor_prediction,electronegativity_max,0.021236139217744917,0.0013178536264188219,-1.8503717077085942e-20,0.0253118048354537,0.5598976515370069,moderate,raw_composition_structure_to_endpoint_linear_surrogate
perovskites,stage1_anchor_prediction,electronegativity_range,0.04676572229734383,0.002902146011086224,-1.7763568394002505e-18,0.057116652594473294,0.5598976515370069,moderate,raw_composition_structure_to_endpoint_linear_surrogate
perovskites,stage1_anchor_prediction,atomic_radius_mean,0.6897911444202439,0.04280645139047736,8.289665250534503e-18,-0.8784590181899148,0.5598976515370069,moderate,raw_composition_structure_to_endpoint_linear_surrogate
perovskites,stage1_anchor_prediction,atomic_radius_std,0.4907737232724199,0.030456003529360304,-1.1250259982868253e-17,0.6156798516350506,0.5598976515370069,moderate,raw_composition_structure_to_endpoint_linear_surrogate
perovskites,stage1_anchor_prediction,atomic_radius_min,0.03902548936833358,0.002421809452249813,-1.609823385706477e-18,0.044382089016067994,0.5598976515370069,moderate,raw_composition_structure_to_endpoint_linear_surrogate
perovskites,stage1_anchor_prediction,atomic_radius_max,0.044423627241284736,0.0027568023386136888,-3.3306690738754697e-19,0.05386311267398014,0.5598976515370069,moderate,raw_composition_structure_to_endpoint_linear_surrogate
perovskites,stage1_anchor_prediction,atomic_radius_range,0.0376364043423677,0.002335606836976715,8.141635513917814e-19,0.046115058949226295,0.5598976515370069,moderate,raw_composition_structure_to_endpoint_linear_surrogate
perovskites,stage1_anchor_prediction,period_mean,0.5916833993147741,0.03671816734122887,0.0,0.7160047256434154,0.5598976515370069,moderate,raw_composition_structure_to_endpoint_linear_surrogate
perovskites,stage1_anchor_prediction,period_std,0.5918309299698916,0.036727322668704404,-3.789561257387201e-17,-0.6958284542128865,0.5598976515370069,moderate,raw_composition_structure_to_endpoint_linear_surrogate
perovskites,stage1_anchor_prediction,period_min,0.0,0.0,0.0,0.0,0.5598976515370069,moderate,raw_composition_structure_to_endpoint_linear_surrogate
perovskites,stage1_anchor_prediction,period_max,0.029462730354271136,0.0018283721745962094,-3.7007434154171887e-19,0.03372979891365446,0.5598976515370069,moderate,raw_composition_structure_to_endpoint_linear_surrogate
perovskites,stage1_anchor_prediction,period_range,0.029462730354333198,0.0018283721746000607,-1.5543122344752192e-18,0.03372979891372552,0.5598976515370069,moderate,raw_composition_structure_to_endpoint_linear_surrogate
perovskites,stage1_anchor_prediction,group_mean,0.185564507723922,0.011515598806879678,-1.1842378929335003e-18,0.2270428979142025,0.5598976515370069,moderate,raw_composition_structure_to_endpoint_linear_surrogate
perovskites,stage1_anchor_prediction,group_std,0.2229058771493764,0.013832896626798834,5.033011044967377e-18,-0.26439384528330834,0.5598976515370069,moderate,raw_composition_structure_to_endpoint_linear_surrogate
perovskites,stage1_anchor_prediction,group_min,0.058695631257495384,0.0036424817955137867,2.220446049250313e-18,-0.06860217701645865,0.5598976515370069,moderate,raw_composition_structure_to_endpoint_linear_surrogate
perovskites,stage1_anchor_prediction,group_max,0.09041524602005195,0.0056109097152419445,-9.547918011776345e-18,0.1136782339734026,0.5598976515370069,moderate,raw_composition_structure_to_endpoint_linear_surrogate
perovskites,stage1_anchor_prediction,group_range,0.07315576957324377,0.004539836325098114,-5.921189464667501e-19,0.08619986505246402,0.5598976515370069,moderate,raw_composition_structure_to_endpoint_linear_surrogate
perovskites,stage1_anchor_prediction,n_sites,0.0,0.0,0.0,0.0,0.5598976515370069,moderate,raw_composition_structure_to_endpoint_linear_surrogate
perovskites,stage1_anchor_prediction,volume,0.12703583330526802,0.007883477871843708,-4.440892098500626e-18,0.16741522543041754,0.5598976515370069,moderate,raw_composition_structure_to_endpoint_linear_surrogate
perovskites,stage1_anchor_prediction,volume_per_atom,0.12703583330526266,0.007883477871843377,1.3322676295501879e-18,0.16741522543041043,0.5598976515370069,moderate,raw_composition_structure_to_endpoint_linear_surrogate
perovskites,stage1_anchor_prediction,density,0.04580687274008467,0.0028426425696523785,-8.141635513917814e-19,0.05613314309968587,0.5598976515370069,moderate,raw_composition_structure_to_endpoint_linear_surrogate
perovskites,stage1_anchor_prediction,lattice_a,0.0492562814180125,0.003056702935738567,-1.3322676295501879e-18,0.0630242118797355,0.5598976515370069,moderate,raw_composition_structure_to_endpoint_linear_surrogate
perovskites,stage1_anchor_prediction,lattice_b,0.049256281418145774,0.0030567029357468378,-1.7023419710919066e-18,0.06302421187990603,0.5598976515370069,moderate,raw_composition_structure_to_endpoint_linear_surrogate
perovskites,stage1_anchor_prediction,lattice_c,0.04925628141806804,0.0030567029357420135,-1.4802973661668755e-18,0.06302421187980656,0.5598976515370069,moderate,raw_composition_structure_to_endpoint_linear_surrogate
perovskites,stage1_anchor_prediction,lattice_length_anisotropy,0.0,0.0,0.0,0.0,0.5598976515370069,moderate,raw_composition_structure_to_endpoint_linear_surrogate
perovskites,stage1_anchor_prediction,lattice_alpha,0.0,0.0,0.0,0.0,0.5598976515370069,moderate,raw_composition_structure_to_endpoint_linear_surrogate
perovskites,stage1_anchor_prediction,lattice_beta,0.0,0.0,0.0,0.0,0.5598976515370069,moderate,raw_composition_structure_to_endpoint_linear_surrogate
perovskites,stage1_anchor_prediction,lattice_gamma,0.0,0.0,0.0,0.0,0.5598976515370069,moderate,raw_composition_structure_to_endpoint_linear_surrogate
perovskites,stage1_anchor_prediction,spacegroup_number,0.947365248636732,0.05879075832276749,-3.315866100213801e-17,1.20676431857936,0.5598976515370069,moderate,raw_composition_structure_to_endpoint_linear_surrogate
perovskites,stage1_anchor_prediction,crystal_system,1.249257430158551,0.07752531746869622,6.631732200427602e-17,-0.17259153758752177,0.5598976515370069,moderate,raw_composition_structure_to_endpoint_linear_surrogate
perovskites,hpsafemoe_prediction,n_elements,0.28049820206683485,0.017488726900852233,-2.2500519965736505e-17,0.3652389219930967,0.5599789679154743,moderate,raw_composition_structure_to_endpoint_linear_surrogate
perovskites,hpsafemoe_prediction,composition_entropy,0.28735273937069017,0.01791609909096084,-1.0658141036401503e-17,-0.3521616517268171,0.5599789679154743,moderate,raw_composition_structure_to_endpoint_linear_surrogate
perovskites,hpsafemoe_prediction,max_atomic_fraction,0.032444228950548784,0.0020228588113718957,7.401486830834377e-19,0.04279307934264409,0.5599789679154743,moderate,raw_composition_structure_to_endpoint_linear_surrogate
perovskites,hpsafemoe_prediction,min_atomic_fraction,0.00014469400940905663,9.021498163262324e-06,0.0,-0.001402865457777125,0.5599789679154743,moderate,raw_composition_structure_to_endpoint_linear_surrogate
perovskites,hpsafemoe_prediction,metal_fraction,0.013706287114416363,0.000854570583349346,2.220446049250313e-19,-0.016883180164427358,0.5599789679154743,moderate,raw_composition_structure_to_endpoint_linear_surrogate
perovskites,hpsafemoe_prediction,transition_metal_fraction,0.3006763739288081,0.01874681174578977,-2.3684757858670008e-17,0.38339861089554006,0.5599789679154743,moderate,raw_composition_structure_to_endpoint_linear_surrogate
perovskites,hpsafemoe_prediction,alkali_fraction,0.35776050700708356,0.022305939064331336,-2.7237471537470506e-17,0.4854014590102338,0.5599789679154743,moderate,raw_composition_structure_to_endpoint_linear_surrogate
perovskites,hpsafemoe_prediction,alkaline_fraction,0.23824914726773946,0.01485454894264748,-1.3026616822268503e-17,0.31349694433467334,0.5599789679154743,moderate,raw_composition_structure_to_endpoint_linear_surrogate
perovskites,hpsafemoe_prediction,halogen_fraction,0.20716394134136457,0.012916423588911381,-1.0658141036401503e-17,-0.22383201307948752,0.5599789679154743,moderate,raw_composition_structure_to_endpoint_linear_surrogate
perovskites,hpsafemoe_prediction,chalcogen_fraction,0.15375713795424711,0.00958657337168162,-6.217248937900877e-18,-0.1779438310713033,0.5599789679154743,moderate,raw_composition_structure_to_endpoint_linear_surrogate
perovskites,hpsafemoe_prediction,rare_earth_fraction,0.018894135566583755,0.0011780267200177242,-7.401486830834377e-19,-0.04859933137092298,0.5599789679154743,moderate,raw_composition_structure_to_endpoint_linear_surrogate
perovskites,hpsafemoe_prediction,atomic_number_mean,2.0078032228169924,0.12518412587233158,5.210646728907401e-17,-2.4558411644223526,0.5599789679154743,moderate,raw_composition_structure_to_endpoint_linear_surrogate
perovskites,hpsafemoe_prediction,atomic_number_std,0.4827608249178539,0.0300995591529916,-5.921189464667502e-18,0.5535360732335448,0.5599789679154743,moderate,raw_composition_structure_to_endpoint_linear_surrogate
perovskites,hpsafemoe_prediction,atomic_number_min,0.9155200888181733,0.05708158087148799,-1.0598929141754828e-16,-1.5453531942898167,0.5599789679154743,moderate,raw_composition_structure_to_endpoint_linear_surrogate
perovskites,hpsafemoe_prediction,atomic_number_max,0.1954494814411747,0.012186041046435794,-9.769962616701377e-18,0.22288180396519763,0.5599789679154743,moderate,raw_composition_structure_to_endpoint_linear_surrogate
perovskites,hpsafemoe_prediction,atomic_number_range,0.2823190545551606,0.017602254872370136,-7.105427357601002e-18,0.32106794980859377,0.5599789679154743,moderate,raw_composition_structure_to_endpoint_linear_surrogate
perovskites,hpsafemoe_prediction,atomic_mass_mean,1.3511866316750791,0.08424486795040984,5.210646728907401e-17,1.6432550343508296,0.5599789679154743,moderate,raw_composition_structure_to_endpoint_linear_surrogate
perovskites,hpsafemoe_prediction,atomic_mass_std,0.5776236106868196,0.03601414021320172,-2.1316282072803006e-17,0.6583165054705944,0.5599789679154743,moderate,raw_composition_structure_to_endpoint_linear_surrogate
perovskites,hpsafemoe_prediction,atomic_mass_min,0.9162013476221677,0.057124056541863304,-1.4210854715202004e-17,1.4619466657907196,0.5599789679154743,moderate,raw_composition_structure_to_endpoint_linear_surrogate
perovskites,hpsafemoe_prediction,atomic_mass_max,0.45928713035932983,0.028636002415504094,-1.4210854715202004e-17,-0.5194715285108487,0.5599789679154743,moderate,raw_composition_structure_to_endpoint_linear_surrogate
perovskites,hpsafemoe_prediction,atomic_mass_range,0.5157830717927547,0.032158456689561396,1.1842378929335003e-18,-0.582412891540983,0.5599789679154743,moderate,raw_composition_structure_to_endpoint_linear_surrogate
perovskites,hpsafemoe_prediction,electronegativity_mean,0.19442601764381318,0.012122229304638249,-2.3684757858670005e-18,-0.23884747629432468,0.5599789679154743,moderate,raw_composition_structure_to_endpoint_linear_surrogate
perovskites,hpsafemoe_prediction,electronegativity_std,0.3353587384237676,0.02090921562737913,8.585724723767878e-18,-0.4126215749437847,0.5599789679154743,moderate,raw_composition_structure_to_endpoint_linear_surrogate
perovskites,hpsafemoe_prediction,electronegativity_min,0.04545997930634705,0.002834375254988845,1.4802973661668755e-18,-0.05241875821860731,0.5599789679154743,moderate,raw_composition_structure_to_endpoint_linear_surrogate
perovskites,hpsafemoe_prediction,electronegativity_max,0.02078363976907875,0.0012958350436788287,6.846375318521799e-19,0.024772461143300006,0.5599789679154743,moderate,raw_composition_structure_to_endpoint_linear_surrogate
perovskites,hpsafemoe_prediction,electronegativity_range,0.046566955655043166,0.0029033939043256276,-6.661338147750939e-19,0.05687389177099078,0.5599789679154743,moderate,raw_composition_structure_to_endpoint_linear_surrogate
perovskites,hpsafemoe_prediction,atomic_radius_mean,0.686124653045011,0.04277905023500671,1.7763568394002505e-18,-0.8737896882923906,0.5599789679154743,moderate,raw_composition_structure_to_endpoint_linear_surrogate
perovskites,hpsafemoe_prediction,atomic_radius_std,0.4876145692681932,0.03040218429912146,-1.3618735768735253e-17,0.6117166657993351,0.5599789679154743,moderate,raw_composition_structure_to_endpoint_linear_surrogate
perovskites,hpsafemoe_prediction,atomic_radius_min,0.03902030530158054,0.0024328692946296256,1.4247862149356176e-18,0.044376193389496166,0.5599789679154743,moderate,raw_composition_structure_to_endpoint_linear_surrogate
perovskites,hpsafemoe_prediction,atomic_radius_max,0.044728985467796974,0.00278879866478467,-1.0362081563168129e-18,0.05423335584370648,0.5599789679154743,moderate,raw_composition_structure_to_endpoint_linear_surrogate
perovskites,hpsafemoe_prediction,atomic_radius_range,0.037936013812811066,0.002365265019135947,1.1842378929335003e-18,0.04648216384759962,0.5599789679154743,moderate,raw_composition_structure_to_endpoint_linear_surrogate
perovskites,hpsafemoe_prediction,period_mean,0.5887006040500953,0.03670477748069737,7.105427357601002e-18,0.7123952015168129,0.5599789679154743,moderate,raw_composition_structure_to_endpoint_linear_surrogate
perovskites,hpsafemoe_prediction,period_std,0.5924456623980446,0.036938277382630565,-5.684341886080802e-17,-0.6965512084549772,0.5599789679154743,moderate,raw_composition_structure_to_endpoint_linear_surrogate
perovskites,hpsafemoe_prediction,period_min,0.0,0.0,0.0,0.0,0.5599789679154743,moderate,raw_composition_structure_to_endpoint_linear_surrogate
perovskites,hpsafemoe_prediction,period_max,0.030668976660100974,0.001912173957568959,-1.1102230246251566e-18,0.035110745107260755,0.5599789679154743,moderate,raw_composition_structure_to_endpoint_linear_surrogate
perovskites,hpsafemoe_prediction,period_range,0.03066897666024994,0.001912173957578247,3.7007434154171887e-19,0.035110745107431285,0.5599789679154743,moderate,raw_composition_structure_to_endpoint_linear_surrogate
perovskites,hpsafemoe_prediction,group_mean,0.18470829314996043,0.011516340822935187,4.1448326252672514e-18,0.22599529759185089,0.5599789679154743,moderate,raw_composition_structure_to_endpoint_linear_surrogate
perovskites,hpsafemoe_prediction,group_std,0.22329581031132056,0.013922226295442349,5.921189464667502e-18,-0.26485635407584596,0.5599789679154743,moderate,raw_composition_structure_to_endpoint_linear_surrogate
perovskites,hpsafemoe_prediction,group_min,0.05877535971082749,0.003664573273225809,2.0724163126336257e-18,-0.0686953618983921,0.5599789679154743,moderate,raw_composition_structure_to_endpoint_linear_surrogate
perovskites,hpsafemoe_prediction,group_max,0.08998585350074252,0.005610510175176118,-9.695947748393034e-18,0.11313836281864553,0.5599789679154743,moderate,raw_composition_structure_to_endpoint_linear_surrogate
perovskites,hpsafemoe_prediction,group_range,0.07315883202866313,0.004561365542834221,-1.0362081563168129e-18,0.08620347356134062,0.5599789679154743,moderate,raw_composition_structure_to_endpoint_linear_surrogate
perovskites,hpsafemoe_prediction,n_sites,0.0,0.0,0.0,0.0,0.5599789679154743,moderate,raw_composition_structure_to_endpoint_linear_surrogate
perovskites,hpsafemoe_prediction,volume,0.12548117888210458,0.00782360119421808,-2.960594732333751e-18,0.1653664112183293,0.5599789679154743,moderate,raw_composition_structure_to_endpoint_linear_surrogate
perovskites,hpsafemoe_prediction,volume_per_atom,0.1254811788821585,0.007823601194221444,7.401486830834377e-19,0.16536641121840034,0.5599789679154743,moderate,raw_composition_structure_to_endpoint_linear_surrogate
perovskites,hpsafemoe_prediction,density,0.04497979377691296,0.0028044362624244186,-5.921189464667501e-19,0.055119615237657626,0.5599789679154743,moderate,raw_composition_structure_to_endpoint_linear_surrogate
perovskites,hpsafemoe_prediction,lattice_a,0.049930620684188284,0.0031131143896877744,-1.4062824978585316e-18,0.0638870399204805,0.5599789679154743,moderate,raw_composition_structure_to_endpoint_linear_surrogate
perovskites,hpsafemoe_prediction,lattice_b,0.04993062068417163,0.003113114389686736,-1.3322676295501879e-18,0.06388703992045919,0.5599789679154743,moderate,raw_composition_structure_to_endpoint_linear_surrogate
perovskites,hpsafemoe_prediction,lattice_c,0.049930620684154964,0.003113114389685697,-1.0362081563168129e-18,0.06388703992043787,0.5599789679154743,moderate,raw_composition_structure_to_endpoint_linear_surrogate
perovskites,hpsafemoe_prediction,lattice_length_anisotropy,0.0,0.0,0.0,0.0,0.5599789679154743,moderate,raw_composition_structure_to_endpoint_linear_surrogate
perovskites,hpsafemoe_prediction,lattice_alpha,0.0,0.0,0.0,0.0,0.5599789679154743,moderate,raw_composition_structure_to_endpoint_linear_surrogate
perovskites,hpsafemoe_prediction,lattice_beta,0.0,0.0,0.0,0.0,0.5599789679154743,moderate,raw_composition_structure_to_endpoint_linear_surrogate
perovskites,hpsafemoe_prediction,lattice_gamma,0.0,0.0,0.0,0.0,0.5599789679154743,moderate,raw_composition_structure_to_endpoint_linear_surrogate
perovskites,hpsafemoe_prediction,spacegroup_number,0.943980630801154,0.05885606157233752,4.736951571734001e-18,1.2024529549929497,0.5599789679154743,moderate,raw_composition_structure_to_endpoint_linear_surrogate
perovskites,hpsafemoe_prediction,crystal_system,1.244075787623004,0.07756663512772607,2.3684757858670008e-17,-0.17190548770724945,0.5599789679154743,moderate,raw_composition_structure_to_endpoint_linear_surrogate
perovskites,stage2_correction,n_elements,0.00024407442674307522,0.017108453629812722,1.6768993601109136e-20,-0.00031781123676679745,-0.2084729203286937,low,raw_composition_structure_to_endpoint_linear_surrogate
perovskites,stage2_correction,composition_entropy,0.0001425144738394567,0.00998958514333038,1.3877787807814457e-20,0.00017465687855349713,-0.2084729203286937,low,raw_composition_structure_to_endpoint_linear_surrogate
perovskites,stage2_correction,max_atomic_fraction,7.510380677623963e-05,0.005264418779138504,-2.023844055306275e-21,9.90599335003112e-05,-0.2084729203286937,low,raw_composition_structure_to_endpoint_linear_surrogate
perovskites,stage2_correction,min_atomic_fraction,6.2145430206494356e-06,0.00043560983638476846,-1.5901631863120731e-21,-6.0252444279792865e-05,-0.2084729203286937,low,raw_composition_structure_to_endpoint_linear_surrogate
perovskites,stage2_correction,metal_fraction,0.00037601084414965504,0.026356567450684897,3.469446951953614e-21,0.0004631640044137045,-0.2084729203286937,low,raw_composition_structure_to_endpoint_linear_surrogate
perovskites,stage2_correction,transition_metal_fraction,0.0005768774743815303,0.04043636054886238,1.734723475976807e-20,-0.0007355882986242682,-0.2084729203286937,low,raw_composition_structure_to_endpoint_linear_surrogate
perovskites,stage2_correction,alkali_fraction,0.0001109983592137801,0.0077804557689005426,9.251858538542971e-21,-0.0001506000926732925,-0.2084729203286937,low,raw_composition_structure_to_endpoint_linear_surrogate
perovskites,stage2_correction,alkaline_fraction,0.00011167960106210939,0.007828207574480314,1.214306433183765e-20,-0.00014695210488263263,-0.2084729203286937,low,raw_composition_structure_to_endpoint_linear_surrogate
perovskites,stage2_correction,halogen_fraction,0.00044363809934584145,0.031096915610360713,2.920117851227625e-20,0.0004793324948945156,-0.2084729203286937,low,raw_composition_structure_to_endpoint_linear_surrogate
perovskites,stage2_correction,chalcogen_fraction,0.0003719223452550274,0.02606998317109583,2.544261098099317e-20,0.0004304274120619806,-0.2084729203286937,low,raw_composition_structure_to_endpoint_linear_surrogate
perovskites,stage2_correction,rare_earth_fraction,5.313519916015099e-05,0.0037245241259922313,5.782411586589357e-22,0.00013667389769401756,-0.2084729203286937,low,raw_composition_structure_to_endpoint_linear_surrogate
perovskites,stage2_correction,atomic_number_mean,0.00030187757601827386,0.021160178803269206,-6.3606527452482926e-21,0.00036924105379289394,-0.2084729203286937,low,raw_composition_structure_to_endpoint_linear_surrogate
perovskites,stage2_correction,atomic_number_std,9.72480396976945e-05,0.006816623928854098,-1.879283765641541e-21,0.00011150510821395128,-0.2084729203286937,low,raw_composition_structure_to_endpoint_linear_surrogate
perovskites,stage2_correction,atomic_number_min,3.988264044841556e-05,0.0027955829451336393,-9.75781955236954e-22,-6.731994913757901e-05,-0.2084729203286937,low,raw_composition_structure_to_endpoint_linear_surrogate
perovskites,stage2_correction,atomic_number_max,0.00022022591335280804,0.015436786544809808,8.673617379884036e-21,-0.0002511357333159787,-0.2084729203286937,low,raw_composition_structure_to_endpoint_linear_surrogate
perovskites,stage2_correction,atomic_number_range,0.00021862041106849317,0.015324248489306462,7.806255641895631e-21,-0.00024862653099583373,-0.2084729203286937,low,raw_composition_structure_to_endpoint_linear_surrogate
perovskites,stage2_correction,atomic_mass_mean,2.5305210330715588e-05,0.0017737745953673063,8.673617379884036e-22,3.0775107817418434e-05,-0.2084729203286937,low,raw_composition_structure_to_endpoint_linear_surrogate
perovskites,stage2_correction,atomic_mass_std,0.00010284957055357229,0.007209264535174683,3.397166807121247e-21,-0.00011721745549056039,-0.2084729203286937,low,raw_composition_structure_to_endpoint_linear_surrogate
perovskites,stage2_correction,atomic_mass_min,8.71997155275203e-05,0.006112284312382463,1.879283765641541e-21,-0.0001391411764501459,-0.2084729203286937,low,raw_composition_structure_to_endpoint_linear_surrogate
perovskites,stage2_correction,atomic_mass_max,0.0003717795029687338,0.026059970607862394,-6.071532165918825e-21,-0.0004204970135459154,-0.2084729203286937,low,raw_composition_structure_to_endpoint_linear_surrogate
perovskites,stage2_correction,atomic_mass_range,0.00036898551195437126,0.02586412515879512,8.962737959213503e-21,-0.0004166517489748566,-0.2084729203286937,low,raw_composition_structure_to_endpoint_linear_surrogate
perovskites,stage2_correction,electronegativity_mean,0.00016937716452133505,0.011872531685643449,-3.469446951953614e-21,-0.00020807558976969473,-0.2084729203286937,low,raw_composition_structure_to_endpoint_linear_surrogate
perovskites,stage2_correction,electronegativity_std,0.0003157258376367205,0.022130875917728093,9.830099697201908e-21,-0.00038846547726300836,-0.2084729203286937,low,raw_composition_structure_to_endpoint_linear_surrogate
perovskites,stage2_correction,electronegativity_min,2.8248028994594168e-06,0.00019800521530932203,5.646886315028669e-23,-3.2572091422248053e-06,-0.2084729203286937,low,raw_composition_structure_to_endpoint_linear_surrogate
perovskites,stage2_correction,electronegativity_max,0.00018128169386846522,0.01270698243510485,1.214306433183765e-20,0.00021607349661773023,-0.2084729203286937,low,raw_composition_structure_to_endpoint_linear_surrogate
perovskites,stage2_correction,electronegativity_range,0.00010880862013275009,0.0076269654994401285,-2.7466455036299445e-21,0.00013289186716483755,-0.2084729203286937,low,raw_composition_structure_to_endpoint_linear_surrogate
perovskites,stage2_correction,atomic_radius_mean,0.001351766728793751,0.09475240280799986,-8.0953762212251e-21,0.0017214945175847369,-0.2084729203286937,low,raw_composition_structure_to_endpoint_linear_surrogate
perovskites,stage2_correction,atomic_radius_std,0.0005958397854424821,0.041765528146751996,1.2721305490496585e-20,-0.0007474861291541838,-0.2084729203286937,low,raw_composition_structure_to_endpoint_linear_surrogate
perovskites,stage2_correction,atomic_radius_min,0.00025846715654625227,0.018117315368135187,-5.782411586589357e-21,-0.00029394410000336624,-0.2084729203286937,low,raw_composition_structure_to_endpoint_linear_surrogate
perovskites,stage2_correction,atomic_radius_max,0.0003030577863855219,0.021242905923070012,8.673617379884036e-22,-0.0003674539137956778,-0.2084729203286937,low,raw_composition_structure_to_endpoint_linear_surrogate
perovskites,stage2_correction,atomic_radius_range,0.00025791693125187327,0.018078747198333675,1.1564823173178714e-21,-0.00031601994655197814,-0.2084729203286937,low,raw_composition_structure_to_endpoint_linear_surrogate
perovskites,stage2_correction,period_mean,0.00031053638850010793,0.021767120275227023,1.2721305490496585e-20,0.0003757846204707014,-0.2084729203286937,low,raw_composition_structure_to_endpoint_linear_surrogate
perovskites,stage2_correction,period_std,0.00026151369536603076,0.018330863214278324,-9.830099697201908e-21,-0.0003074673207959953,-0.2084729203286937,low,raw_composition_structure_to_endpoint_linear_surrogate
perovskites,stage2_correction,period_min,0.0,0.0,0.0,0.0,-0.2084729203286937,low,raw_composition_structure_to_endpoint_linear_surrogate
perovskites,stage2_correction,period_max,0.0006532525984706941,0.04578989261031881,-4.163336342344337e-20,0.0007478627581793199,-0.2084729203286937,low,raw_composition_structure_to_endpoint_linear_surrogate
perovskites,stage2_correction,period_range,0.0006532525984706949,0.045789892610318864,-2.7755575615628914e-20,0.0007478627581793207,-0.2084729203286937,low,raw_composition_structure_to_endpoint_linear_surrogate
perovskites,stage2_correction,group_mean,6.154409896993101e-05,0.004313947911159205,1.0119220276531376e-21,7.530077141928732e-05,-0.2084729203286937,low,raw_composition_structure_to_endpoint_linear_surrogate
perovskites,stage2_correction,group_std,1.606969710460858e-05,0.0011264091507986376,2.710505431213761e-22,-1.9060641488507276e-05,-0.2084729203286937,low,raw_composition_structure_to_endpoint_linear_surrogate
perovskites,stage2_correction,group_min,4.074301341184847e-06,0.00028558909878305134,-1.3100776250866513e-22,4.761954779908175e-06,-0.2084729203286937,low,raw_composition_structure_to_endpoint_linear_surrogate
perovskites,stage2_correction,group_max,0.00024062479237311655,0.016866650707459158,5.637851296924623e-21,-0.00030253527641926816,-0.2084729203286937,low,raw_composition_structure_to_endpoint_linear_surrogate
perovskites,stage2_correction,group_range,4.5949664378893565e-05,0.0032208523966309453,1.4456028966473392e-22,-5.4142754450843674e-05,-0.2084729203286937,low,raw_composition_structure_to_endpoint_linear_surrogate
perovskites,stage2_correction,n_sites,0.0,0.0,0.0,0.0,-0.2084729203286937,low,raw_composition_structure_to_endpoint_linear_surrogate
perovskites,stage2_correction,volume,0.0007950593345185863,0.055729868708774555,3.0068540250264655e-20,-0.0010477755311694968,-0.2084729203286937,low,raw_composition_structure_to_endpoint_linear_surrogate
perovskites,stage2_correction,volume_per_atom,0.0007950593345185861,0.05572986870877454,-6.938893903907229e-21,-0.0010477755311694963,-0.2084729203286937,low,raw_composition_structure_to_endpoint_linear_surrogate
perovskites,stage2_correction,density,0.0006966714231670726,0.048833345211606274,1.4456028966473392e-20,-0.0008537224733064545,-0.2084729203286937,low,raw_composition_structure_to_endpoint_linear_surrogate
perovskites,stage2_correction,lattice_a,0.00020174938626673166,0.014141670087464343,-5.2041704279304214e-21,0.0002581416156606439,-0.2084729203286937,low,raw_composition_structure_to_endpoint_linear_surrogate
perovskites,stage2_correction,lattice_b,0.00020174938626673166,0.014141670087464343,-5.2041704279304214e-21,0.0002581416156606439,-0.2084729203286937,low,raw_composition_structure_to_endpoint_linear_surrogate
perovskites,stage2_correction,lattice_c,0.0002017493862667324,0.014141670087464395,-5.782411586589357e-21,0.0002581416156606448,-0.2084729203286937,low,raw_composition_structure_to_endpoint_linear_surrogate
perovskites,stage2_correction,lattice_length_anisotropy,0.0,0.0,0.0,0.0,-0.2084729203286937,low,raw_composition_structure_to_endpoint_linear_surrogate
perovskites,stage2_correction,lattice_alpha,0.0,0.0,0.0,0.0,-0.2084729203286937,low,raw_composition_structure_to_endpoint_linear_surrogate
perovskites,stage2_correction,lattice_beta,0.0,0.0,0.0,0.0,-0.2084729203286937,low,raw_composition_structure_to_endpoint_linear_surrogate
perovskites,stage2_correction,lattice_gamma,0.0,0.0,0.0,0.0,-0.2084729203286937,low,raw_composition_structure_to_endpoint_linear_surrogate
perovskites,stage2_correction,spacegroup_number,0.0006074828645561087,0.042581652481373106,1.3877787807814457e-20,-0.0007738183833000123,-0.2084729203286937,low,raw_composition_structure_to_endpoint_linear_surrogate
perovskites,stage2_correction,crystal_system,0.00062875681380009,0.04407285489458934,-1.8503717077085942e-20,6.0472928146584545e-05,-0.2084729203286937,low,raw_composition_structure_to_endpoint_linear_surrogate
perovskites,benefit_gate_probability,n_elements,7.576028300184714e-05,0.008143121231674549,2.8912057932946787e-21,-9.864806223211887e-05,-0.04007887163268342,low,raw_composition_structure_to_endpoint_linear_surrogate
perovskites,benefit_gate_probability,composition_entropy,8.04761379657108e-05,0.008650006596408466,-2.3129646346357427e-21,-9.862655122991551e-05,-0.04007887163268342,low,raw_composition_structure_to_endpoint_linear_surrogate
perovskites,benefit_gate_probability,max_atomic_fraction,6.23693473047257e-05,0.006703791698222838,-1.3010426069826053e-21,8.22635184774489e-05,-0.04007887163268342,low,raw_composition_structure_to_endpoint_linear_surrogate
perovskites,benefit_gate_probability,min_atomic_fraction,1.0989042554333829e-05,0.00118116118623513,4.336808689942018e-21,0.00010654309930645213,-0.04007887163268342,low,raw_composition_structure_to_endpoint_linear_surrogate
perovskites,benefit_gate_probability,metal_fraction,0.0001133376455499746,0.012182137543011826,-4.6259292692714854e-21,0.00013960745702018735,-0.04007887163268342,low,raw_composition_structure_to_endpoint_linear_surrogate
perovskites,benefit_gate_probability,transition_metal_fraction,0.00015994069393287534,0.017191282938341233,1.3588667228484988e-20,-0.00020394365901875712,-0.04007887163268342,low,raw_composition_structure_to_endpoint_linear_surrogate
perovskites,benefit_gate_probability,alkali_fraction,0.0007542076949388905,0.08106628500317851,-9.71445146547012e-20,0.0010232921419491231,-0.04007887163268342,low,raw_composition_structure_to_endpoint_linear_surrogate
perovskites,benefit_gate_probability,alkaline_fraction,0.00012691453266974658,0.013641454131921193,4.04768811061255e-21,-0.00016699878526287633,-0.04007887163268342,low,raw_composition_structure_to_endpoint_linear_surrogate
perovskites,benefit_gate_probability,halogen_fraction,5.293509448097065e-05,0.005689747644662053,5.0596101382656876e-21,5.7194165565253796e-05,-0.04007887163268342,low,raw_composition_structure_to_endpoint_linear_surrogate
perovskites,benefit_gate_probability,chalcogen_fraction,0.0006266039093802437,0.06735074627691309,-1.0408340855860843e-20,-0.0007251715379389736,-0.04007887163268342,low,raw_composition_structure_to_endpoint_linear_surrogate
perovskites,benefit_gate_probability,rare_earth_fraction,0.00019087077024712657,0.020515813301113933,2.3129646346357427e-21,-0.0004909561371343879,-0.04007887163268342,low,raw_composition_structure_to_endpoint_linear_surrogate
perovskites,benefit_gate_probability,atomic_number_mean,7.056340140415351e-05,0.007584532546417844,-2.023844055306275e-21,8.630950677867975e-05,-0.04007887163268342,low,raw_composition_structure_to_endpoint_linear_surrogate
perovskites,benefit_gate_probability,atomic_number_std,0.00032752110461469294,0.03520372357564162,-3.758567531283082e-21,0.0003755374023573248,-0.04007887163268342,low,raw_composition_structure_to_endpoint_linear_surrogate
perovskites,benefit_gate_probability,atomic_number_min,0.0003341137666186907,0.035912338219236596,-4.915049848600954e-21,-0.0005639677193396248,-0.04007887163268342,low,raw_composition_structure_to_endpoint_linear_surrogate
perovskites,benefit_gate_probability,atomic_number_max,0.00038587892752734555,0.041476335133636175,-1.9371078815074346e-20,0.00044003898524200475,-0.04007887163268342,low,raw_composition_structure_to_endpoint_linear_surrogate
perovskites,benefit_gate_probability,atomic_number_range,0.0004205776147419383,0.045205935992723455,-5.782411586589357e-21,0.0004783027936720413,-0.04007887163268342,low,raw_composition_structure_to_endpoint_linear_surrogate
perovskites,benefit_gate_probability,atomic_mass_mean,9.224246992690865e-05,0.009914715013744036,2.457524924300477e-21,0.00011218132235399269,-0.04007887163268342,low,raw_composition_structure_to_endpoint_linear_surrogate
perovskites,benefit_gate_probability,atomic_mass_std,0.00032421672660330096,0.03484855131814902,-1.3010426069826053e-20,0.00036950917262335253,-0.04007887163268342,low,raw_composition_structure_to_endpoint_linear_surrogate
perovskites,benefit_gate_probability,atomic_mass_min,0.000342270444023031,0.036789061619934345,1.734723475976807e-20,-0.0005461475643283287,-0.04007887163268342,low,raw_composition_structure_to_endpoint_linear_surrogate
perovskites,benefit_gate_probability,atomic_mass_max,0.00038484606496948465,0.04136531753059853,1.2721305490496585e-20,0.0004352758011196089,-0.04007887163268342,low,raw_composition_structure_to_endpoint_linear_surrogate
perovskites,benefit_gate_probability,atomic_mass_range,0.0004072774073742016,0.04377635842634543,-6.071532165918825e-21,0.0004598902629038467,-0.04007887163268342,low,raw_composition_structure_to_endpoint_linear_surrogate
perovskites,benefit_gate_probability,electronegativity_mean,0.00020029106953157257,0.02152835755348995,-8.673617379884036e-22,-0.0002460525451359493,-0.04007887163268342,low,raw_composition_structure_to_endpoint_linear_surrogate
perovskites,benefit_gate_probability,electronegativity_std,0.0001672637205197382,0.01797840108147365,5.0596101382656876e-21,-0.00020579937805169195,-0.04007887163268342,low,raw_composition_structure_to_endpoint_linear_surrogate
perovskites,benefit_gate_probability,electronegativity_min,4.745350367049148e-06,0.0005100556887401065,-7.67976538843899e-23,5.471744099940656e-06,-0.04007887163268342,low,raw_composition_structure_to_endpoint_linear_surrogate
perovskites,benefit_gate_probability,electronegativity_max,0.00016262117963703664,0.01747939590708798,-3.0357660829594125e-21,-0.00019383163384257732,-0.04007887163268342,low,raw_composition_structure_to_endpoint_linear_surrogate
perovskites,benefit_gate_probability,electronegativity_range,9.927849219876202e-05,0.010670984394985223,3.614007241618348e-21,-0.0001212523803859196,-0.04007887163268342,low,raw_composition_structure_to_endpoint_linear_surrogate
perovskites,benefit_gate_probability,atomic_radius_mean,9.514970549119023e-05,0.010227200272654743,-1.1564823173178714e-21,0.00012117452875841451,-0.04007887163268342,low,raw_composition_structure_to_endpoint_linear_surrogate
perovskites,benefit_gate_probability,atomic_radius_std,0.00010001220838488956,0.01074984814280323,-2.5298050691328438e-21,0.00012546617453258207,-0.04007887163268342,low,raw_composition_structure_to_endpoint_linear_surrogate
perovskites,benefit_gate_probability,atomic_radius_min,0.0001118885905872414,0.012026385349839469,-7.228014483236697e-22,0.0001272463066498987,-0.04007887163268342,low,raw_composition_structure_to_endpoint_linear_surrogate
perovskites,benefit_gate_probability,atomic_radius_max,0.00011872883330335432,0.012761611295207548,-4.336808689942018e-22,0.00014395727956058345,-0.04007887163268342,low,raw_composition_structure_to_endpoint_linear_surrogate
perovskites,benefit_gate_probability,atomic_radius_range,9.945395685447159e-05,0.010689844276531366,-1.4456028966473392e-22,0.00012185874722136757,-0.04007887163268342,low,raw_composition_structure_to_endpoint_linear_surrogate
perovskites,benefit_gate_probability,period_mean,0.00010708992382086843,0.011510598928766701,-2.023844055306275e-21,-0.00012959108133392676,-0.04007887163268342,low,raw_composition_structure_to_endpoint_linear_surrogate
perovskites,benefit_gate_probability,period_std,0.00011603264916900114,0.012471810975052722,5.493291007259889e-21,0.00013642210101050256,-0.04007887163268342,low,raw_composition_structure_to_endpoint_linear_surrogate
perovskites,benefit_gate_probability,period_min,0.0,0.0,0.0,0.0,-0.04007887163268342,low,raw_composition_structure_to_endpoint_linear_surrogate
perovskites,benefit_gate_probability,period_max,0.0002595040578512971,0.02789288687244048,4.6259292692714854e-21,0.0002970878660379385,-0.04007887163268342,low,raw_composition_structure_to_endpoint_linear_surrogate
perovskites,benefit_gate_probability,period_range,0.0002595040578512971,0.02789288687244048,4.6259292692714854e-21,0.0002970878660379385,-0.04007887163268342,low,raw_composition_structure_to_endpoint_linear_surrogate
perovskites,benefit_gate_probability,group_mean,4.681568917570387e-06,0.000503200116732478,-3.614007241618348e-23,-5.728018719030134e-06,-0.04007887163268342,low,raw_composition_structure_to_endpoint_linear_surrogate
perovskites,benefit_gate_probability,group_std,0.00014809843956502199,0.015918413973854836,3.32488666228888e-21,-0.0001756630036758246,-0.04007887163268342,low,raw_composition_structure_to_endpoint_linear_surrogate
perovskites,benefit_gate_probability,group_min,0.00012722249634471597,0.013674555718146348,-8.962737959213503e-21,0.00014869488627573872,-0.04007887163268342,low,raw_composition_structure_to_endpoint_linear_surrogate
perovskites,benefit_gate_probability,group_max,0.00029275627586392537,0.03146701346978044,2.0816681711721686e-20,-0.0003680796977255426,-0.04007887163268342,low,raw_composition_structure_to_endpoint_linear_surrogate
perovskites,benefit_gate_probability,group_range,0.00017544399967264746,0.01885766132459412,-4.336808689942018e-22,-0.00020672667630001915,-0.04007887163268342,low,raw_composition_structure_to_endpoint_linear_surrogate
perovskites,benefit_gate_probability,n_sites,0.0,0.0,0.0,0.0,-0.04007887163268342,low,raw_composition_structure_to_endpoint_linear_surrogate
perovskites,benefit_gate_probability,volume,7.938750121760743e-05,0.008532994084498426,2.023844055306275e-21,-0.00010462147621581467,-0.04007887163268342,low,raw_composition_structure_to_endpoint_linear_surrogate
perovskites,benefit_gate_probability,volume_per_atom,7.93875012176075e-05,0.008532994084498433,-5.782411586589357e-22,-0.00010462147621581472,-0.04007887163268342,low,raw_composition_structure_to_endpoint_linear_surrogate
perovskites,benefit_gate_probability,density,0.00016053646011043654,0.017255319079936608,-2.7466455036299445e-21,0.00019672628907081965,-0.04007887163268342,low,raw_composition_structure_to_endpoint_linear_surrogate
perovskites,benefit_gate_probability,lattice_a,0.00013236592630732017,0.014227399135205548,4.04768811061255e-21,-0.00016936435201946298,-0.04007887163268342,low,raw_composition_structure_to_endpoint_linear_surrogate
perovskites,benefit_gate_probability,lattice_b,0.00013236592630732003,0.014227399135205534,4.192248400277284e-21,-0.00016936435201946281,-0.04007887163268342,low,raw_composition_structure_to_endpoint_linear_surrogate
perovskites,benefit_gate_probability,lattice_c,0.00013236592630732,0.01422739913520553,3.469446951953614e-21,-0.0001693643520194628,-0.04007887163268342,low,raw_composition_structure_to_endpoint_linear_surrogate
perovskites,benefit_gate_probability,lattice_length_anisotropy,0.0,0.0,0.0,0.0,-0.04007887163268342,low,raw_composition_structure_to_endpoint_linear_surrogate
perovskites,benefit_gate_probability,lattice_alpha,0.0,0.0,0.0,0.0,-0.04007887163268342,low,raw_composition_structure_to_endpoint_linear_surrogate
perovskites,benefit_gate_probability,lattice_beta,0.0,0.0,0.0,0.0,-0.04007887163268342,low,raw_composition_structure_to_endpoint_linear_surrogate
perovskites,benefit_gate_probability,lattice_gamma,0.0,0.0,0.0,0.0,-0.04007887163268342,low,raw_composition_structure_to_endpoint_linear_surrogate
perovskites,benefit_gate_probability,spacegroup_number,2.4526074895616136e-05,0.0026361939699626317,-1.0119220276531376e-21,-3.1241585124032364e-05,-0.04007887163268342,low,raw_composition_structure_to_endpoint_linear_surrogate
perovskites,benefit_gate_probability,crystal_system,0.0005689776978649108,0.06115677223275549,-4.394632805807911e-20,-5.341731398924486e-05,-0.04007887163268342,low,raw_composition_structure_to_endpoint_linear_surrogate
perovskites,realized_local_gain,n_elements,5.568776005869003e-06,0.013432247857697324,-1.8973538018496328e-22,7.251147173913037e-06,-0.003465068021426987,low,raw_composition_structure_to_endpoint_linear_surrogate
perovskites,realized_local_gain,composition_entropy,3.2177202164230538e-06,0.007761349251283685,8.583267198843577e-23,3.943437841212018e-06,-0.003465068021426987,low,raw_composition_structure_to_endpoint_linear_surrogate
perovskites,realized_local_gain,max_atomic_fraction,2.7381728427187645e-06,0.006604649973683877,1.8070036208091742e-22,-3.6115775132438594e-06,-0.003465068021426987,low,raw_composition_structure_to_endpoint_linear_surrogate
perovskites,realized_local_gain,min_atomic_fraction,2.553790013015452e-07,0.0006159906664441722,-1.3552527156068806e-23,-2.4760000848047063e-06,-0.003465068021426987,low,raw_composition_structure_to_endpoint_linear_surrogate
perovskites,realized_local_gain,metal_fraction,3.0472685555208616e-05,0.07350208822115509,1.734723475976807e-21,-3.7535755382024725e-05,-0.003465068021426987,low,raw_composition_structure_to_endpoint_linear_surrogate
perovskites,realized_local_gain,transition_metal_fraction,1.436699659429339e-05,0.03465412489600174,8.583267198843577e-22,-1.8319652006636387e-05,-0.003465068021426987,low,raw_composition_structure_to_endpoint_linear_surrogate
perovskites,realized_local_gain,alkali_fraction,3.3731544555928466e-06,0.008136266688059893,3.071906155375596e-22,-4.576620566392535e-06,-0.003465068021426987,low,raw_composition_structure_to_endpoint_linear_surrogate
perovskites,realized_local_gain,alkaline_fraction,8.165601766901028e-06,0.01969595952946755,-5.059610138265688e-22,1.0744597543933826e-05,-0.003465068021426987,low,raw_composition_structure_to_endpoint_linear_surrogate
perovskites,realized_local_gain,halogen_fraction,2.0419577508656696e-05,0.04925334148054624,-2.168404344971009e-22,2.2062503302463715e-05,-0.003465068021426987,low,raw_composition_structure_to_endpoint_linear_surrogate
perovskites,realized_local_gain,chalcogen_fraction,2.6989039644546898e-05,0.06509930899801054,-1.0842021724855045e-21,-3.1234537629823926e-05,-0.003465068021426987,low,raw_composition_structure_to_endpoint_linear_surrogate
perovskites,realized_local_gain,rare_earth_fraction,1.187258127371588e-06,0.0028637433829468866,-5.421010862427522e-23,-3.0538550415083108e-06,-0.003465068021426987,low,raw_composition_structure_to_endpoint_linear_surrogate
perovskites,realized_local_gain,atomic_number_mean,9.97251067113512e-06,0.02405434065888867,2.8912057932946784e-22,-1.2197859800450728e-05,-0.003465068021426987,low,raw_composition_structure_to_endpoint_linear_surrogate
perovskites,realized_local_gain,atomic_number_std,2.4915667790405266e-06,0.006009820200131103,3.162256336416055e-23,-2.8568434302926767e-06,-0.003465068021426987,low,raw_composition_structure_to_endpoint_linear_surrogate
perovskites,realized_local_gain,atomic_number_min,4.1963238230207266e-06,0.010121804436481105,-1.942528892369862e-22,-7.083189657313403e-06,-0.003465068021426987,low,raw_composition_structure_to_endpoint_linear_surrogate
perovskites,realized_local_gain,atomic_number_max,3.6863177505186014e-06,0.008891636807623445,-1.6263032587282567e-22,4.203711077492932e-06,-0.003465068021426987,low,raw_composition_structure_to_endpoint_linear_surrogate
perovskites,realized_local_gain,atomic_number_range,4.111067571128453e-06,0.00991616084341355,-1.535953077687798e-22,4.67532040537106e-06,-0.003465068021426987,low,raw_composition_structure_to_endpoint_linear_surrogate
perovskites,realized_local_gain,atomic_mass_mean,1.0671883270127298e-05,0.025741272595932698,-3.071906155375596e-22,-1.2978685178301944e-05,-0.003465068021426987,low,raw_composition_structure_to_endpoint_linear_surrogate
perovskites,realized_local_gain,atomic_mass_std,4.018963794234983e-06,0.009694000577215143,1.5811281682080274e-22,-4.580405218352662e-06,-0.003465068021426987,low,raw_composition_structure_to_endpoint_linear_surrogate
perovskites,realized_local_gain,atomic_mass_min,4.29735386402426e-06,0.010365495428972554,-4.517509052022935e-24,-6.857119528953117e-06,-0.003465068021426987,low,raw_composition_structure_to_endpoint_linear_surrogate
perovskites,realized_local_gain,atomic_mass_max,2.176910325974523e-06,0.0052508484865710576,5.872761767629815e-23,2.462169870904731e-06,-0.003465068021426987,low,raw_composition_structure_to_endpoint_linear_surrogate
perovskites,realized_local_gain,atomic_mass_range,2.4420400033149324e-06,0.005890358414195083,-1.5811281682080274e-23,2.7575072881819618e-06,-0.003465068021426987,low,raw_composition_structure_to_endpoint_linear_surrogate
perovskites,realized_local_gain,electronegativity_mean,1.4027822758407993e-05,0.03383601566954746,1.0842021724855045e-22,1.7232827706670144e-05,-0.003465068021426987,low,raw_composition_structure_to_endpoint_linear_surrogate
perovskites,realized_local_gain,electronegativity_std,6.50890967378123e-06,0.015699911062942825,2.07805416393055e-22,-8.008488382875264e-06,-0.003465068021426987,low,raw_composition_structure_to_endpoint_linear_surrogate
perovskites,realized_local_gain,electronegativity_min,3.912733508389471e-07,0.0009437766257866132,1.1858461261560205e-23,-4.511674551542856e-07,-0.003465068021426987,low,raw_composition_structure_to_endpoint_linear_surrogate
perovskites,realized_local_gain,electronegativity_max,9.133644662843573e-06,0.022030941597605925,2.80085561225422e-22,1.088658483407842e-05,-0.003465068021426987,low,raw_composition_structure_to_endpoint_linear_surrogate
perovskites,realized_local_gain,electronegativity_range,5.670218658894256e-06,0.013676934097068692,-2.07805416393055e-22,6.925241252890006e-06,-0.003465068021426987,low,raw_composition_structure_to_endpoint_linear_surrogate
perovskites,realized_local_gain,atomic_radius_mean,1.617180105326772e-05,0.0390074299673623,2.07805416393055e-22,-2.059502298707572e-05,-0.003465068021426987,low,raw_composition_structure_to_endpoint_linear_surrogate
perovskites,realized_local_gain,atomic_radius_std,4.963387920925277e-06,0.011972012646496383,1.264902534566422e-22,-6.226612782743104e-06,-0.003465068021426987,low,raw_composition_structure_to_endpoint_linear_surrogate
perovskites,realized_local_gain,atomic_radius_min,1.2508338889260215e-05,0.03017092231246946,-7.228014483236696e-23,-1.4225220977670912e-05,-0.003465068021426987,low,raw_composition_structure_to_endpoint_linear_surrogate
perovskites,realized_local_gain,atomic_radius_max,1.0706063844669255e-06,0.002582371835217827,6.776263578034403e-24,1.2980973391212164e-06,-0.003465068021426987,low,raw_composition_structure_to_endpoint_linear_surrogate
perovskites,realized_local_gain,atomic_radius_range,2.9189331749509757e-06,0.007040655584759607,4.5175090520229354e-23,3.5765046577573362e-06,-0.003465068021426987,low,raw_composition_structure_to_endpoint_linear_surrogate
perovskites,realized_local_gain,period_mean,1.3163371284037814e-05,0.03175090280947649,-3.4333068795374306e-22,-1.5929187899618278e-05,-0.003465068021426987,low,raw_composition_structure_to_endpoint_linear_surrogate
perovskites,realized_local_gain,period_std,4.772425917941124e-06,0.011511399945827127,-3.342956698496972e-22,-5.611044609472215e-06,-0.003465068021426987,low,raw_composition_structure_to_endpoint_linear_surrogate
perovskites,realized_local_gain,period_min,0.0,0.0,0.0,0.0,-0.003465068021426987,low,raw_composition_structure_to_endpoint_linear_surrogate
perovskites,realized_local_gain,period_max,7.5815533200335065e-06,0.018287196905336197,-2.349104707051926e-22,8.679584881066799e-06,-0.003465068021426987,low,raw_composition_structure_to_endpoint_linear_surrogate
perovskites,realized_local_gain,period_range,7.581553320033513e-06,0.018287196905336214,-1.264902534566422e-22,8.679584881066806e-06,-0.003465068021426987,low,raw_composition_structure_to_endpoint_linear_surrogate
perovskites,realized_local_gain,group_mean,2.8897293468394433e-05,0.06970214062749336,-2.8912057932946784e-22,3.535657400984568e-05,-0.003465068021426987,low,raw_composition_structure_to_endpoint_linear_surrogate
perovskites,realized_local_gain,group_std,1.6080749680892474e-05,0.03878780816892062,1.4456028966473392e-22,-1.9073751206300972e-05,-0.003465068021426987,low,raw_composition_structure_to_endpoint_linear_surrogate
perovskites,realized_local_gain,group_min,2.2507325862888994e-06,0.0054289125525189596,-1.1971398987860779e-22,2.6306072870046093e-06,-0.003465068021426987,low,raw_composition_structure_to_endpoint_linear_surrogate
perovskites,realized_local_gain,group_max,3.5296135285459983e-06,0.008513656090197344,-1.3100776250866513e-22,4.437749718059203e-06,-0.003465068021426987,low,raw_composition_structure_to_endpoint_linear_surrogate
perovskites,realized_local_gain,group_range,1.5849646901818754e-06,0.0038230373320428013,-5.646886315028669e-23,-1.8675730322242055e-06,-0.003465068021426987,low,raw_composition_structure_to_endpoint_linear_surrogate
perovskites,realized_local_gain,n_sites,0.0,0.0,0.0,0.0,-0.003465068021426987,low,raw_composition_structure_to_endpoint_linear_surrogate
perovskites,realized_local_gain,volume,1.4017107346387589e-05,0.03381016940279087,3.071906155375596e-22,-1.847256105006811e-05,-0.003465068021426987,low,raw_composition_structure_to_endpoint_linear_surrogate
perovskites,realized_local_gain,volume_per_atom,1.4017107346387596e-05,0.033810169402790885,-3.614007241618348e-23,-1.847256105006812e-05,-0.003465068021426987,low,raw_composition_structure_to_endpoint_linear_surrogate
perovskites,realized_local_gain,density,3.3270527087833092e-06,0.008025066293365283,3.839882694219495e-23,-4.077072164738783e-06,-0.003465068021426987,low,raw_composition_structure_to_endpoint_linear_surrogate
perovskites,realized_local_gain,lattice_a,1.5323087605654965e-05,0.03696027824560502,5.963111948670274e-22,-1.960613940209851e-05,-0.003465068021426987,low,raw_composition_structure_to_endpoint_linear_surrogate
perovskites,realized_local_gain,lattice_b,1.5323087605654965e-05,0.03696027824560502,5.963111948670274e-22,-1.960613940209851e-05,-0.003465068021426987,low,raw_composition_structure_to_endpoint_linear_surrogate
perovskites,realized_local_gain,lattice_c,1.5323087605654965e-05,0.03696027824560502,5.963111948670274e-22,-1.960613940209851e-05,-0.003465068021426987,low,raw_composition_structure_to_endpoint_linear_surrogate
perovskites,realized_local_gain,lattice_length_anisotropy,0.0,0.0,0.0,0.0,-0.003465068021426987,low,raw_composition_structure_to_endpoint_linear_surrogate
perovskites,realized_local_gain,lattice_alpha,0.0,0.0,0.0,0.0,-0.003465068021426987,low,raw_composition_structure_to_endpoint_linear_surrogate
perovskites,realized_local_gain,lattice_beta,0.0,0.0,0.0,0.0,-0.003465068021426987,low,raw_composition_structure_to_endpoint_linear_surrogate
perovskites,realized_local_gain,lattice_gamma,0.0,0.0,0.0,0.0,-0.003465068021426987,low,raw_composition_structure_to_endpoint_linear_surrogate
perovskites,realized_local_gain,spacegroup_number,1.2335822420683108e-06,0.002975480143365872,-9.03501810404587e-24,-1.5713506864467912e-06,-0.003465068021426987,low,raw_composition_structure_to_endpoint_linear_surrogate
perovskites,realized_local_gain,crystal_system,1.2391976162240044e-05,0.029890247889744388,-1.4456028966473392e-22,4.532298116981203e-07,-0.003465068021426987,low,raw_composition_structure_to_endpoint_linear_surrogate
phonons,stage1_anchor_prediction,n_elements,0.6265090749292219,7.418865102411151e-05,3.370163173565693e-17,0.8754241694987286,0.7219310041035468,moderate,raw_composition_structure_to_endpoint_linear_surrogate
phonons,stage1_anchor_prediction,composition_entropy,23.357946193379757,0.002765952782050912,7.189681436940144e-16,29.07899372288375,0.7219310041035468,moderate,raw_composition_structure_to_endpoint_linear_surrogate
phonons,stage1_anchor_prediction,max_atomic_fraction,8.419870381913851,0.0009970467315299914,-5.841616167513867e-16,-10.439598991491948,0.7219310041035468,moderate,raw_composition_structure_to_endpoint_linear_surrogate
phonons,stage1_anchor_prediction,min_atomic_fraction,10.25439134752926,0.0012142832268350805,-3.594840718470072e-16,-13.443869736031047,0.7219310041035468,moderate,raw_composition_structure_to_endpoint_linear_surrogate
phonons,stage1_anchor_prediction,metal_fraction,56.246047142783745,0.006660427645733814,-7.189681436940144e-16,-73.03268135302642,0.7219310041035468,moderate,raw_composition_structure_to_endpoint_linear_surrogate
phonons,stage1_anchor_prediction,transition_metal_fraction,3.812884813801836,0.0004515062784656959,-1.3480652694262771e-16,4.535862724053004,0.7219310041035468,moderate,raw_composition_structure_to_endpoint_linear_surrogate
phonons,stage1_anchor_prediction,alkali_fraction,183.36676955993389,0.021713545454768474,1.7255235448656347e-14,-213.72242984813784,0.7219310041035468,moderate,raw_composition_structure_to_endpoint_linear_surrogate
phonons,stage1_anchor_prediction,alkaline_fraction,105.6621776558196,0.012512084402673424,-7.189681436940144e-15,-138.24841994419694,0.7219310041035468,moderate,raw_composition_structure_to_endpoint_linear_surrogate
phonons,stage1_anchor_prediction,halogen_fraction,302.94338147551633,0.03587332044773719,-1.4379362873880287e-14,-368.38282661608537,0.7219310041035468,moderate,raw_composition_structure_to_endpoint_linear_surrogate
phonons,stage1_anchor_prediction,chalcogen_fraction,173.86957550050772,0.020588926444480984,7.189681436940144e-16,-183.35506987647386,0.7219310041035468,moderate,raw_composition_structure_to_endpoint_linear_surrogate
phonons,stage1_anchor_prediction,rare_earth_fraction,9.084346958603177,0.0010757313393583293,-6.290971257322626e-16,-27.193847542410367,0.7219310041035468,moderate,raw_composition_structure_to_endpoint_linear_surrogate
phonons,stage1_anchor_prediction,atomic_number_mean,516.1216741325399,0.06111702495694087,-2.0131108023432404e-14,644.9398191313958,0.7219310041035468,moderate,raw_composition_structure_to_endpoint_linear_surrogate
phonons,stage1_anchor_prediction,atomic_number_std,1051.761061048014,0.12454525790812435,-1.150349029910423e-14,-1284.3012505717998,0.7219310041035468,moderate,raw_composition_structure_to_endpoint_linear_surrogate
phonons,stage1_anchor_prediction,atomic_number_min,27.385372205357378,0.003242864154742188,-7.189681436940144e-16,36.915333602977626,0.7219310041035468,moderate,raw_composition_structure_to_endpoint_linear_surrogate
phonons,stage1_anchor_prediction,atomic_number_max,359.54675258036826,0.042576060940619186,1.4379362873880287e-14,453.81416189851006,0.7219310041035468,moderate,raw_composition_structure_to_endpoint_linear_surrogate
phonons,stage1_anchor_prediction,atomic_number_range,349.60944039138536,0.041399324935335644,5.751745149552115e-15,428.1291067775601,0.7219310041035468,moderate,raw_composition_structure_to_endpoint_linear_surrogate
phonons,stage1_anchor_prediction,atomic_mass_mean,44.19044776501192,0.005232852705618141,1.797420359235036e-16,-55.355990219599335,0.7219310041035468,moderate,raw_composition_structure_to_endpoint_linear_surrogate
phonons,stage1_anchor_prediction,atomic_mass_std,1001.0182142896628,0.11853649682106336,4.601396119641692e-14,1221.20716248198,0.7219310041035468,moderate,raw_composition_structure_to_endpoint_linear_surrogate
phonons,stage1_anchor_prediction,atomic_mass_min,31.722414858644832,0.003756439068110808,0.0,-44.585180560767185,0.7219310041035468,moderate,raw_composition_structure_to_endpoint_linear_surrogate
phonons,stage1_anchor_prediction,atomic_mass_max,388.2007065689677,0.04596914537943806,-1.2941426586492259e-14,-483.94098838744685,0.7219310041035468,moderate,raw_composition_structure_to_endpoint_linear_surrogate
phonons,stage1_anchor_prediction,atomic_mass_range,379.1644522989006,0.04489910898023206,2.8758725747760576e-15,-463.6307861361274,0.7219310041035468,moderate,raw_composition_structure_to_endpoint_linear_surrogate
phonons,stage1_anchor_prediction,electronegativity_mean,249.5320866999908,0.029548572622982907,2.8758725747760576e-15,306.87337153464614,0.7219310041035468,moderate,raw_composition_structure_to_endpoint_linear_surrogate
phonons,stage1_anchor_prediction,electronegativity_std,236.34909220561,0.027987496148381336,-2.8758725747760576e-15,-286.9184623925248,0.7219310041035468,moderate,raw_composition_structure_to_endpoint_linear_surrogate
phonons,stage1_anchor_prediction,electronegativity_min,73.84984255268515,0.008744997345721916,-1.4379362873880288e-15,-86.92240429999947,0.7219310041035468,moderate,raw_composition_structure_to_endpoint_linear_surrogate
phonons,stage1_anchor_prediction,electronegativity_max,76.51315055926655,0.009060375424311299,4.313808862164087e-15,85.76798473251984,0.7219310041035468,moderate,raw_composition_structure_to_endpoint_linear_surrogate
phonons,stage1_anchor_prediction,electronegativity_range,94.97131100576338,0.011246115549571119,-1.4379362873880288e-15,113.68408962889589,0.7219310041035468,moderate,raw_composition_structure_to_endpoint_linear_surrogate
phonons,stage1_anchor_prediction,atomic_radius_mean,9.991640925946092,0.001183169392872701,-3.594840718470072e-16,-12.157038513934822,0.7219310041035468,moderate,raw_composition_structure_to_endpoint_linear_surrogate
phonons,stage1_anchor_prediction,atomic_radius_std,85.08340909064519,0.01007523050752409,-2.8758725747760576e-15,104.17834311255137,0.7219310041035468,moderate,raw_composition_structure_to_endpoint_linear_surrogate
phonons,stage1_anchor_prediction,atomic_radius_min,45.12754994991356,0.005343820526758567,-2.8758725747760576e-15,49.87605365764466,0.7219310041035468,moderate,raw_composition_structure_to_endpoint_linear_surrogate
phonons,stage1_anchor_prediction,atomic_radius_max,26.83570672267618,0.0031777750087003016,1.797420359235036e-15,30.868910655699437,0.7219310041035468,moderate,raw_composition_structure_to_endpoint_linear_surrogate
phonons,stage1_anchor_prediction,atomic_radius_range,5.103221954660632,0.0006043027433172826,-1.797420359235036e-16,-6.133564731600927,0.7219310041035468,moderate,raw_composition_structure_to_endpoint_linear_surrogate
phonons,stage1_anchor_prediction,period_mean,724.5392616832427,0.08579698617192104,-1.150349029910423e-14,-880.7503621537471,0.7219310041035468,moderate,raw_composition_structure_to_endpoint_linear_surrogate
phonons,stage1_anchor_prediction,period_std,30.847291638397788,0.0036528105433406934,1.0784522155410217e-15,-37.26805691581103,0.7219310041035468,moderate,raw_composition_structure_to_endpoint_linear_surrogate
phonons,stage1_anchor_prediction,period_min,82.31215603061946,0.00974707001568608,-7.908649580634159e-15,-97.21688587614335,0.7219310041035468,moderate,raw_composition_structure_to_endpoint_linear_surrogate
phonons,stage1_anchor_prediction,period_max,2.699265656918759,0.0003196360369802115,8.98710179617518e-17,-3.4944961596338544,0.7219310041035468,moderate,raw_composition_structure_to_endpoint_linear_surrogate
phonons,stage1_anchor_prediction,period_range,63.014564253013866,0.007461927853689012,2.1569044310820434e-15,73.36525183846243,0.7219310041035468,moderate,raw_composition_structure_to_endpoint_linear_surrogate
phonons,stage1_anchor_prediction,group_mean,275.4954125856554,0.03262304384875798,7.189681436940144e-15,-340.7729429717001,0.7219310041035468,moderate,raw_composition_structure_to_endpoint_linear_surrogate
phonons,stage1_anchor_prediction,group_std,244.50660782656715,0.028953475898467636,-7.189681436940144e-15,296.52091277958243,0.7219310041035468,moderate,raw_composition_structure_to_endpoint_linear_surrogate
phonons,stage1_anchor_prediction,group_min,125.69539634051476,0.014884336504618576,2.8758725747760576e-15,156.79609739754233,0.7219310041035468,moderate,raw_composition_structure_to_endpoint_linear_surrogate
phonons,stage1_anchor_prediction,group_max,39.07624518399273,0.004627249681284126,-5.392261077705109e-16,76.2702729931334,0.7219310041035468,moderate,raw_composition_structure_to_endpoint_linear_surrogate
phonons,stage1_anchor_prediction,group_range,95.59990161500443,0.011320550687404176,-1.4379362873880288e-15,-117.28939514470403,0.7219310041035468,moderate,raw_composition_structure_to_endpoint_linear_surrogate
phonons,stage1_anchor_prediction,n_sites,4.995268427596425,0.0005915193266571279,-3.145485628661313e-16,-6.87014988917872,0.7219310041035468,moderate,raw_composition_structure_to_endpoint_linear_surrogate
phonons,stage1_anchor_prediction,volume,18.53937892134106,0.0021953576860072204,0.0,25.26779049844481,0.7219310041035468,moderate,raw_composition_structure_to_endpoint_linear_surrogate
phonons,stage1_anchor_prediction,volume_per_atom,198.5192496537977,0.02350784038650662,5.751745149552115e-15,240.56693454581546,0.7219310041035468,moderate,raw_composition_structure_to_endpoint_linear_surrogate
phonons,stage1_anchor_prediction,density,25.313015965512054,0.002997464175671025,-3.594840718470072e-16,-33.51908118693973,0.7219310041035468,moderate,raw_composition_structure_to_endpoint_linear_surrogate
phonons,stage1_anchor_prediction,lattice_a,28.353912869672264,0.0033575547924725923,-4.49355089808759e-16,36.046896595806174,0.7219310041035468,moderate,raw_composition_structure_to_endpoint_linear_surrogate
phonons,stage1_anchor_prediction,lattice_b,21.849619891672482,0.0025873429292878193,3.594840718470072e-16,-28.90187139378395,0.7219310041035468,moderate,raw_composition_structure_to_endpoint_linear_surrogate
phonons,stage1_anchor_prediction,lattice_c,47.087716339174946,0.005575935441005476,-1.4379362873880288e-15,-65.5697377534525,0.7219310041035468,moderate,raw_composition_structure_to_endpoint_linear_surrogate
phonons,stage1_anchor_prediction,lattice_length_anisotropy,41.98082724796657,0.004971198450325329,1.0784522155410217e-15,61.032267974398565,0.7219310041035468,moderate,raw_composition_structure_to_endpoint_linear_surrogate
phonons,stage1_anchor_prediction,lattice_alpha,46.660276907110024,0.005525319805688475,1.797420359235036e-16,57.16688528750092,0.7219310041035468,moderate,raw_composition_structure_to_endpoint_linear_surrogate
phonons,stage1_anchor_prediction,lattice_beta,78.02119064452557,0.009238951384489198,4.313808862164087e-15,-94.5917158476077,0.7219310041035468,moderate,raw_composition_structure_to_endpoint_linear_surrogate
phonons,stage1_anchor_prediction,lattice_gamma,1.9239699904979435,0.00022782868424059194,0.0,2.348071489337599,0.7219310041035468,moderate,raw_composition_structure_to_endpoint_linear_surrogate
phonons,stage1_anchor_prediction,spacegroup_number,141.7899903164369,0.01679019272224694,-1.4379362873880288e-15,-169.80989135042182,0.7219310041035468,moderate,raw_composition_structure_to_endpoint_linear_surrogate
phonons,stage1_anchor_prediction,crystal_system,176.2682056346002,0.02087296244822795,1.2941426586492259e-14,-37.689277566445526,0.7219310041035468,moderate,raw_composition_structure_to_endpoint_linear_surrogate
phonons,hpsafemoe_prediction,n_elements,0.7243902174195389,8.589462193837919e-05,0.0,1.0121939647069667,0.7230349326014351,moderate,raw_composition_structure_to_endpoint_linear_surrogate
phonons,hpsafemoe_prediction,composition_entropy,23.033122473187422,0.0027311541477498913,1.4379362873880288e-15,28.674611126814852,0.7230349326014351,moderate,raw_composition_structure_to_endpoint_linear_surrogate
phonons,hpsafemoe_prediction,max_atomic_fraction,8.856745902977424,0.0010501892800961715,-3.594840718470072e-16,-10.981270661271992,0.7230349326014351,moderate,raw_composition_structure_to_endpoint_linear_surrogate
phonons,hpsafemoe_prediction,min_atomic_fraction,10.449825100485771,0.0012390887600965002,-3.594840718470072e-16,-13.700090298298164,0.7230349326014351,moderate,raw_composition_structure_to_endpoint_linear_surrogate
phonons,hpsafemoe_prediction,metal_fraction,56.46730889035183,0.0066956151979691595,-2.5163885029290505e-15,-73.31997867482278,0.7230349326014351,moderate,raw_composition_structure_to_endpoint_linear_surrogate
phonons,hpsafemoe_prediction,transition_metal_fraction,4.029892520575603,0.00047784479439852645,-4.49355089808759e-17,4.794018219447025,0.7230349326014351,moderate,raw_composition_structure_to_endpoint_linear_surrogate
phonons,hpsafemoe_prediction,alkali_fraction,183.72912106204728,0.021785693695467602,7.189681436940144e-15,-214.14476724153064,0.7230349326014351,moderate,raw_composition_structure_to_endpoint_linear_surrogate
phonons,hpsafemoe_prediction,alkaline_fraction,105.61772725831418,0.012523629577937264,-2.8758725747760576e-15,-138.19026103286888,0.7230349326014351,moderate,raw_composition_structure_to_endpoint_linear_surrogate
phonons,hpsafemoe_prediction,halogen_fraction,302.8934852902057,0.03591561672281977,0.0,-368.3221522495005,0.7230349326014351,moderate,raw_composition_structure_to_endpoint_linear_surrogate
phonons,hpsafemoe_prediction,chalcogen_fraction,174.16736882162388,0.020651908238389912,-6.4707132932461295e-15,-183.66910938019282,0.7230349326014351,moderate,raw_composition_structure_to_endpoint_linear_surrogate
phonons,hpsafemoe_prediction,rare_earth_fraction,9.0665154525274,0.0010750627194655823,8.98710179617518e-17,-27.140469213743927,0.7230349326014351,moderate,raw_composition_structure_to_endpoint_linear_surrogate
phonons,hpsafemoe_prediction,atomic_number_mean,519.8344731106896,0.06163940989904216,-1.2222458442798246e-14,649.5792908324511,0.7230349326014351,moderate,raw_composition_structure_to_endpoint_linear_surrogate
phonons,hpsafemoe_prediction,atomic_number_std,1050.4411432182114,0.1245561338288904,-1.7255235448656347e-14,-1282.6895041569078,0.7230349326014351,moderate,raw_composition_structure_to_endpoint_linear_surrogate
phonons,hpsafemoe_prediction,atomic_number_min,25.773588471807688,0.003056105099910722,3.594840718470072e-16,34.7426578484301,0.7230349326014351,moderate,raw_composition_structure_to_endpoint_linear_surrogate
phonons,hpsafemoe_prediction,atomic_number_max,357.38969320951645,0.04237750848190393,5.751745149552115e-15,451.09155605233536,0.7230349326014351,moderate,raw_composition_structure_to_endpoint_linear_surrogate
phonons,hpsafemoe_prediction,atomic_number_range,348.3981898045867,0.0413113403213574,5.751745149552115e-15,426.6458183651266,0.7230349326014351,moderate,raw_composition_structure_to_endpoint_linear_surrogate
phonons,hpsafemoe_prediction,atomic_mass_mean,45.216304697687136,0.005361526569607202,-8.98710179617518e-17,-56.64104907742876,0.7230349326014351,moderate,raw_composition_structure_to_endpoint_linear_surrogate
phonons,hpsafemoe_prediction,atomic_mass_std,998.5752337313944,0.1184061298949193,4.026221604686481e-14,1218.2268117621097,0.7230349326014351,moderate,raw_composition_structure_to_endpoint_linear_surrogate
phonons,hpsafemoe_prediction,atomic_mass_min,30.75719280775231,0.0036470363411570572,3.594840718470072e-16,-43.22858146161161,0.7230349326014351,moderate,raw_composition_structure_to_endpoint_linear_surrogate
phonons,hpsafemoe_prediction,atomic_mass_max,385.9298923320196,0.045761664637968755,-1.8693171736044374e-14,-481.11013293644646,0.7230349326014351,moderate,raw_composition_structure_to_endpoint_linear_surrogate
phonons,hpsafemoe_prediction,atomic_mass_range,377.39472582393773,0.044749606657665836,-2.8758725747760576e-15,-461.4668183067115,0.7230349326014351,moderate,raw_composition_structure_to_endpoint_linear_surrogate
phonons,hpsafemoe_prediction,electronegativity_mean,249.7515583508153,0.029614308927973794,3.594840718470072e-15,307.1432767253391,0.7230349326014351,moderate,raw_composition_structure_to_endpoint_linear_surrogate
phonons,hpsafemoe_prediction,electronegativity_std,236.44191260421147,0.02803611672983678,-1.4379362873880288e-15,-287.0311426901171,0.7230349326014351,moderate,raw_composition_structure_to_endpoint_linear_surrogate
phonons,hpsafemoe_prediction,electronegativity_min,74.08061685768452,0.008784114452317976,-1.4379362873880288e-15,-87.19402921818255,0.7230349326014351,moderate,raw_composition_structure_to_endpoint_linear_surrogate
phonons,hpsafemoe_prediction,electronegativity_max,75.99459183977508,0.00901106417296967,2.5163885029290505e-15,85.1867024821986,0.7230349326014351,moderate,raw_composition_structure_to_endpoint_linear_surrogate
phonons,hpsafemoe_prediction,electronegativity_range,94.70695999439853,0.011229884567782188,-7.189681436940144e-16,113.367651919958,0.7230349326014351,moderate,raw_composition_structure_to_endpoint_linear_surrogate
phonons,hpsafemoe_prediction,atomic_radius_mean,8.143733563890274,0.0009656437908963635,-8.98710179617518e-17,-9.908650973069598,0.7230349326014351,moderate,raw_composition_structure_to_endpoint_linear_surrogate
phonons,hpsafemoe_prediction,atomic_radius_std,85.43146510986071,0.010130042097191067,-2.8758725747760576e-15,104.60451197178918,0.7230349326014351,moderate,raw_composition_structure_to_endpoint_linear_surrogate
phonons,hpsafemoe_prediction,atomic_radius_min,44.29335880604212,0.00525208819436957,-1.797420359235036e-15,48.95408554063761,0.7230349326014351,moderate,raw_composition_structure_to_endpoint_linear_surrogate
phonons,hpsafemoe_prediction,atomic_radius_max,26.395833065464466,0.003129887797191951,1.0784522155410217e-15,30.362927311769454,0.7230349326014351,moderate,raw_composition_structure_to_endpoint_linear_surrogate
phonons,hpsafemoe_prediction,atomic_radius_range,4.967549924172028,0.0005890275882199836,-3.594840718470072e-16,-5.970500457959133,0.7230349326014351,moderate,raw_composition_structure_to_endpoint_linear_surrogate
phonons,hpsafemoe_prediction,period_mean,728.3556355013577,0.08636482167158206,-1.150349029910423e-14,-885.3895484617606,0.7230349326014351,moderate,raw_composition_structure_to_endpoint_linear_surrogate
phonons,hpsafemoe_prediction,period_std,29.242450414781285,0.003467425653368146,7.189681436940144e-16,-35.3291731148056,0.7230349326014351,moderate,raw_composition_structure_to_endpoint_linear_surrogate
phonons,hpsafemoe_prediction,period_min,81.13777199249884,0.009620917128125366,-3.594840718470072e-15,-95.82984944659984,0.7230349326014351,moderate,raw_composition_structure_to_endpoint_linear_surrogate
phonons,hpsafemoe_prediction,period_max,2.785030421181902,0.0003302351817594438,1.797420359235036e-16,-3.605528076252085,0.7230349326014351,moderate,raw_composition_structure_to_endpoint_linear_surrogate
phonons,hpsafemoe_prediction,period_range,62.01218820837059,0.007353099660434393,4.313808862164087e-15,72.1982268526699,0.7230349326014351,moderate,raw_composition_structure_to_endpoint_linear_surrogate
phonons,hpsafemoe_prediction,group_mean,275.05770221294887,0.032614986749796585,1.4379362873880287e-14,-340.2315188859902,0.7230349326014351,moderate,raw_composition_structure_to_endpoint_linear_surrogate
phonons,hpsafemoe_prediction,group_std,244.120068071659,0.02894655456458537,0.0,296.05214376769436,0.7230349326014351,moderate,raw_composition_structure_to_endpoint_linear_surrogate
phonons,hpsafemoe_prediction,group_min,125.4716092009644,0.014877805051962869,-5.751745149552115e-15,156.51693880342646,0.7230349326014351,moderate,raw_composition_structure_to_endpoint_linear_surrogate
phonons,hpsafemoe_prediction,group_max,38.989392027062436,0.004623169953484041,-1.2581942514645253e-15,76.10075020612567,0.7230349326014351,moderate,raw_composition_structure_to_endpoint_linear_surrogate
phonons,hpsafemoe_prediction,group_range,95.44039087143881,0.011316851186582927,-1.4379362873880288e-15,-117.09369495761348,0.7230349326014351,moderate,raw_composition_structure_to_endpoint_linear_surrogate
phonons,hpsafemoe_prediction,n_sites,5.298097013595691,0.0006282222330345111,-3.594840718470072e-16,-7.286639574707806,0.7230349326014351,moderate,raw_composition_structure_to_endpoint_linear_surrogate
phonons,hpsafemoe_prediction,volume,18.768499387181215,0.002225476159735269,0.0,25.580064601817867,0.7230349326014351,moderate,raw_composition_structure_to_endpoint_linear_surrogate
phonons,hpsafemoe_prediction,volume_per_atom,198.30354416291186,0.023513856959016633,7.549165508787152e-15,240.30554121092428,0.7230349326014351,moderate,raw_composition_structure_to_endpoint_linear_surrogate
phonons,hpsafemoe_prediction,density,25.596001953395515,0.0030350477657646257,-3.594840718470072e-16,-33.89380659759627,0.7230349326014351,moderate,raw_composition_structure_to_endpoint_linear_surrogate
phonons,hpsafemoe_prediction,lattice_a,28.678953557937117,0.003400608973189178,-6.290971257322626e-16,36.46012732460076,0.7230349326014351,moderate,raw_composition_structure_to_endpoint_linear_surrogate
phonons,hpsafemoe_prediction,lattice_b,22.1507566272368,0.002626527554338329,7.189681436940144e-16,-29.300203961873194,0.7230349326014351,moderate,raw_composition_structure_to_endpoint_linear_surrogate
phonons,hpsafemoe_prediction,lattice_c,47.40516222268947,0.005621070507482005,-7.189681436940144e-16,-66.01178177153633,0.7230349326014351,moderate,raw_composition_structure_to_endpoint_linear_surrogate
phonons,hpsafemoe_prediction,lattice_length_anisotropy,42.21855530710603,0.0050060682208083775,7.189681436940144e-16,61.377880092157284,0.7230349326014351,moderate,raw_composition_structure_to_endpoint_linear_surrogate
phonons,hpsafemoe_prediction,lattice_alpha,47.01467093477562,0.005574767975036064,0.0,57.60107908293139,0.7230349326014351,moderate,raw_composition_structure_to_endpoint_linear_surrogate
phonons,hpsafemoe_prediction,lattice_beta,79.11883972771946,0.009381522090157888,1.4379362873880288e-15,-95.9224890557598,0.7230349326014351,moderate,raw_composition_structure_to_endpoint_linear_surrogate
phonons,hpsafemoe_prediction,lattice_gamma,2.4328573304141137,0.0002884762322858755,-2.246775449043795e-17,2.969133075559512,0.7230349326014351,moderate,raw_composition_structure_to_endpoint_linear_surrogate
phonons,hpsafemoe_prediction,spacegroup_number,140.84709176280592,0.01670095399849901,-2.8758725747760576e-15,-168.68066141966847,0.7230349326014351,moderate,raw_composition_structure_to_endpoint_linear_surrogate
phonons,hpsafemoe_prediction,crystal_system,174.0770335026565,0.020641196721470165,-8.627617724328174e-15,-37.61955013802799,0.7230349326014351,moderate,raw_composition_structure_to_endpoint_linear_surrogate
phonons,stage2_correction,n_elements,0.002288858907282943,0.000914383680096808,-4.388233298913662e-20,0.0031982336540525014,-0.044970985606126446,low,raw_composition_structure_to_endpoint_linear_surrogate
phonons,stage2_correction,composition_entropy,0.036612282590724535,0.01462635970506004,1.4042346556523719e-18,0.04557970665836509,-0.044970985606126446,low,raw_composition_structure_to_endpoint_linear_surrogate
phonons,stage2_correction,max_atomic_fraction,0.10125176393841613,0.04044939608628193,-7.021173278261859e-18,-0.12553967754287515,-0.044970985606126446,low,raw_composition_structure_to_endpoint_linear_surrogate
phonons,stage2_correction,min_atomic_fraction,0.004967525863817611,0.0019844930440581863,0.0,0.006512602099940335,-0.044970985606126446,low,raw_composition_structure_to_endpoint_linear_surrogate
phonons,stage2_correction,metal_fraction,0.06937837705757517,0.02771619322239308,-2.457410647391651e-18,-0.09008435546721041,-0.044970985606126446,low,raw_composition_structure_to_endpoint_linear_surrogate
phonons,stage2_correction,transition_metal_fraction,0.018911363596596453,0.007554962075679856,-1.7552933195654649e-19,-0.022497230676445226,-0.044970985606126446,low,raw_composition_structure_to_endpoint_linear_surrogate
phonons,stage2_correction,alkali_fraction,0.05431333654324192,0.021697811249405573,2.106351983478558e-18,-0.06330469957582595,-0.044970985606126446,low,raw_composition_structure_to_endpoint_linear_surrogate
phonons,stage2_correction,alkaline_fraction,0.005412772479330001,0.00216236606084722,6.143526618479127e-19,0.00708207287968564,-0.044970985606126446,low,raw_composition_structure_to_endpoint_linear_surrogate
phonons,stage2_correction,halogen_fraction,0.029043803781475006,0.011602803519785402,1.5797639876089183e-18,0.03531761770331799,-0.044970985606126446,low,raw_composition_structure_to_endpoint_linear_surrogate
phonons,stage2_correction,chalcogen_fraction,0.1726953364083102,0.06899062093261064,-5.6169386226094876e-18,-0.1821167699025895,-0.044970985606126446,low,raw_composition_structure_to_endpoint_linear_surrogate
phonons,stage2_correction,rare_earth_fraction,0.013229251363511645,0.00528499660167045,8.776466597827324e-19,0.03960155268385703,-0.044970985606126446,low,raw_composition_structure_to_endpoint_linear_surrogate
phonons,stage2_correction,atomic_number_mean,0.012242250731678167,0.0048906965130445824,-1.974704984511148e-19,0.015297778350269688,-0.044970985606126446,low,raw_composition_structure_to_endpoint_linear_surrogate
phonons,stage2_correction,atomic_number_std,0.005529878350897615,0.0022091490658914456,0.0,-0.00675251247131264,-0.044970985606126446,low,raw_composition_structure_to_endpoint_linear_surrogate
phonons,stage2_correction,atomic_number_min,0.004860906201392642,0.0019418992087682023,1.7552933195654649e-19,-0.006552475266415697,-0.044970985606126446,low,raw_composition_structure_to_endpoint_linear_surrogate
phonons,stage2_correction,atomic_number_max,0.018685133797336207,0.007464584798278906,-2.6329399793481975e-19,-0.023584077100805532,-0.044970985606126446,low,raw_composition_structure_to_endpoint_linear_surrogate
phonons,stage2_correction,atomic_number_range,0.01606403732391125,0.006417474453629424,-5.265879958696395e-19,-0.019671900000835837,-0.044970985606126446,low,raw_composition_structure_to_endpoint_linear_surrogate
phonons,stage2_correction,atomic_mass_mean,0.020639296777882433,0.00824525971536322,-1.7552933195654649e-19,0.025854200813969958,-0.044970985606126446,low,raw_composition_structure_to_endpoint_linear_surrogate
phonons,stage2_correction,atomic_mass_std,0.009743823050791071,0.0038925915228085594,-3.5105866391309297e-19,-0.011887122861222801,-0.044970985606126446,low,raw_composition_structure_to_endpoint_linear_surrogate
phonons,stage2_correction,atomic_mass_min,0.0043191968131241106,0.001725489965537056,6.582349948370494e-20,0.006070539416646897,-0.044970985606126446,low,raw_composition_structure_to_endpoint_linear_surrogate
phonons,stage2_correction,atomic_mass_max,0.01364848641868094,0.005452478175720964,-4.8270566288050285e-19,-0.017014554316056203,-0.044970985606126446,low,raw_composition_structure_to_endpoint_linear_surrogate
phonons,stage2_correction,atomic_mass_range,0.016455107075248263,0.006573704178958613,1.7552933195654649e-19,-0.020120805584478645,-0.044970985606126446,low,raw_composition_structure_to_endpoint_linear_surrogate
phonons,stage2_correction,electronegativity_mean,0.007433817799191428,0.0029697600209279912,-1.5358816546197818e-19,-0.00914207371717627,-0.044970985606126446,low,raw_composition_structure_to_endpoint_linear_surrogate
phonons,stage2_correction,electronegativity_std,0.02908868173399926,0.011620731958822761,-1.7552933195654649e-19,-0.03531251065218387,-0.044970985606126446,low,raw_composition_structure_to_endpoint_linear_surrogate
phonons,stage2_correction,electronegativity_min,0.042475144231070516,0.016968533346930253,-7.021173278261859e-19,-0.04999390021610358,-0.044970985606126446,low,raw_composition_structure_to_endpoint_linear_surrogate
phonons,stage2_correction,electronegativity_max,0.062068710885633975,0.024796030938334695,-3.1595279752178367e-18,-0.06957638273544484,-0.044970985606126446,low,raw_composition_structure_to_endpoint_linear_surrogate
phonons,stage2_correction,electronegativity_range,0.023937531082756893,0.009562882051941713,1.2287053236958255e-18,-0.02865408932747566,-0.044970985606126446,low,raw_composition_structure_to_endpoint_linear_surrogate
phonons,stage2_correction,atomic_radius_mean,0.05918192445854044,0.023642779251015638,-7.021173278261859e-19,-0.07200788542179633,-0.044970985606126446,low,raw_composition_structure_to_endpoint_linear_surrogate
phonons,stage2_correction,atomic_radius_std,0.10966194547556739,0.043809206828548865,-2.8084693113047438e-18,0.13427294350620536,-0.044970985606126446,low,raw_composition_structure_to_endpoint_linear_surrogate
phonons,stage2_correction,atomic_radius_min,0.10935378904210546,0.04368610041391673,5.6169386226094876e-18,-0.12086043793612275,-0.044970985606126446,low,raw_composition_structure_to_endpoint_linear_surrogate
phonons,stage2_correction,atomic_radius_max,0.04359772852554704,0.01741699819338111,1.4042346556523719e-18,0.050150137671214644,-0.044970985606126446,low,raw_composition_structure_to_endpoint_linear_surrogate
phonons,stage2_correction,atomic_radius_range,0.09228172389823441,0.03686592565197125,7.021173278261859e-18,0.11091344489859357,-0.044970985606126446,low,raw_composition_structure_to_endpoint_linear_surrogate
phonons,stage2_correction,period_mean,0.03917392042139097,0.015649716723365945,-8.776466597827324e-20,-0.047619841218771816,-0.044970985606126446,low,raw_composition_structure_to_endpoint_linear_surrogate
phonons,stage2_correction,period_std,0.051801909969707245,0.020694513289319615,-1.053175991739279e-18,0.06258431215710586,-0.044970985606126446,low,raw_composition_structure_to_endpoint_linear_surrogate
phonons,stage2_correction,period_min,0.047316464135015626,0.01890260796210618,-3.5105866391309295e-18,-0.055884325179932054,-0.044970985606126446,low,raw_composition_structure_to_endpoint_linear_surrogate
phonons,stage2_correction,period_max,0.04900677418473738,0.01957787541474438,0.0,-0.06344465715912401,-0.044970985606126446,low,raw_composition_structure_to_endpoint_linear_surrogate
phonons,stage2_correction,period_range,0.003229229723155615,0.001290055472070221,-3.5105866391309297e-19,-0.0037596586549787786,-0.044970985606126446,low,raw_composition_structure_to_endpoint_linear_surrogate
phonons,stage2_correction,group_mean,0.024080255085053445,0.009619899327249864,8.776466597827324e-19,-0.029785974713069235,-0.044970985606126446,low,raw_composition_structure_to_endpoint_linear_surrogate
phonons,stage2_correction,group_std,0.07950977772932362,0.03176361938802148,1.4042346556523719e-18,-0.0964240274599198,-0.044970985606126446,low,raw_composition_structure_to_endpoint_linear_surrogate
phonons,stage2_correction,group_min,0.01452477922868656,0.005802551236976837,1.7552933195654649e-19,-0.018118632542828188,-0.044970985606126446,low,raw_composition_structure_to_endpoint_linear_surrogate
phonons,stage2_correction,group_max,0.0921563878227233,0.03681585473601829,-5.6169386226094876e-18,-0.17987380374456932,-0.044970985606126446,low,raw_composition_structure_to_endpoint_linear_surrogate
phonons,stage2_correction,group_range,0.04318733619402456,0.01725304922772534,-1.4042346556523719e-18,-0.05298558319136498,-0.044970985606126446,low,raw_composition_structure_to_endpoint_linear_surrogate
phonons,stage2_correction,n_sites,0.08415973120626205,0.033621244407629695,-2.8084693113047438e-18,-0.11574752716506566,-0.044970985606126446,low,raw_composition_structure_to_endpoint_linear_surrogate
phonons,stage2_correction,volume,0.02748659061923641,0.010980707375085429,-3.5105866391309297e-19,-0.037462172612692086,-0.044970985606126446,low,raw_composition_structure_to_endpoint_linear_surrogate
phonons,stage2_correction,volume_per_atom,0.005923042062593057,0.002366215314246333,-1.5358816546197818e-19,-0.007177581391572006,-0.044970985606126446,low,raw_composition_structure_to_endpoint_linear_surrogate
phonons,stage2_correction,density,0.05071407217165076,0.020259929433595593,-2.106351983478558e-18,-0.06715474381867068,-0.044970985606126446,low,raw_composition_structure_to_endpoint_linear_surrogate
phonons,stage2_correction,lattice_a,0.026709920259851555,0.010670432810245838,1.1409406577175521e-18,-0.03395685590608314,-0.044970985606126446,low,raw_composition_structure_to_endpoint_linear_surrogate
phonons,stage2_correction,lattice_b,0.07123340596894036,0.028457264748148945,7.021173278261859e-19,-0.09422492237680417,-0.044970985606126446,low,raw_composition_structure_to_endpoint_linear_surrogate
phonons,stage2_correction,lattice_c,0.06221704678198896,0.024855290127430162,-1.053175991739279e-18,-0.0866373601961089,-0.044970985606126446,low,raw_composition_structure_to_endpoint_linear_surrogate
phonons,stage2_correction,lattice_length_anisotropy,0.012175785254434647,0.004864144003631293,-1.7552933195654649e-19,-0.0177013136034231,-0.044970985606126446,low,raw_composition_structure_to_endpoint_linear_surrogate
phonons,stage2_correction,lattice_alpha,0.028598896824879035,0.011425066194440253,-7.021173278261859e-19,-0.03503858019084771,-0.044970985606126446,low,raw_composition_structure_to_endpoint_linear_surrogate
phonons,stage2_correction,lattice_beta,0.1266970216267178,0.05061460473763578,1.7552933195654648e-18,-0.15360555984149926,-0.044970985606126446,low,raw_composition_structure_to_endpoint_linear_surrogate
phonons,stage2_correction,lattice_gamma,0.05922604368482774,0.02366040458404392,0.0,0.07228126493106848,-0.044970985606126446,low,raw_composition_structure_to_endpoint_linear_surrogate
phonons,stage2_correction,spacegroup_number,0.027090876552063957,0.010822622276936348,3.5105866391309297e-19,0.032444453897112535,-0.044970985606126446,low,raw_composition_structure_to_endpoint_linear_surrogate
phonons,stage2_correction,crystal_system,0.2675781610688746,0.10689566877765114,-5.6169386226094876e-18,-0.08884197886093079,-0.044970985606126446,low,raw_composition_structure_to_endpoint_linear_surrogate
phonons,benefit_gate_probability,n_elements,0.00017439149596210033,0.005035708154779534,0.0,0.0002436780832544359,-0.12261278703993583,low,raw_composition_structure_to_endpoint_linear_surrogate
phonons,benefit_gate_probability,composition_entropy,0.0007080594259915958,0.020445840009935375,2.194116649456831e-20,0.0008814839897899039,-0.12261278703993583,low,raw_composition_structure_to_endpoint_linear_surrogate
phonons,benefit_gate_probability,max_atomic_fraction,0.0007487470108510112,0.021620729884837132,-2.7426458118210387e-20,-0.0009283537851310839,-0.12261278703993583,low,raw_composition_structure_to_endpoint_linear_surrogate
phonons,benefit_gate_probability,min_atomic_fraction,1.8429710571085296e-06,5.321741367091089e-05,-2.1426920404851866e-23,-2.4162002384483117e-06,-0.12261278703993583,low,raw_composition_structure_to_endpoint_linear_surrogate
phonons,benefit_gate_probability,metal_fraction,0.00025022960705959127,0.007225600456521744,-8.227937435463117e-21,-0.0003249106396949848,-0.12261278703993583,low,raw_composition_structure_to_endpoint_linear_surrogate
phonons,benefit_gate_probability,transition_metal_fraction,0.000135522889735903,0.003913342891161898,-4.113968717731559e-21,-0.00016121998272381483,-0.12261278703993583,low,raw_composition_structure_to_endpoint_linear_surrogate
phonons,benefit_gate_probability,alkali_fraction,0.000790600432364768,0.022829284320702827,4.388233298913662e-20,-0.0009214812795660809,-0.12261278703993583,low,raw_composition_structure_to_endpoint_linear_surrogate
phonons,benefit_gate_probability,alkaline_fraction,0.0004537694715595444,0.013102993444238797,4.93676246127787e-20,0.00059371209124957,-0.12261278703993583,low,raw_composition_structure_to_endpoint_linear_surrogate
phonons,benefit_gate_probability,halogen_fraction,0.000567061917987353,0.016374412690940053,2.194116649456831e-20,-0.0006895541708060147,-0.12261278703993583,low,raw_composition_structure_to_endpoint_linear_surrogate
phonons,benefit_gate_probability,chalcogen_fraction,0.001277127026516913,0.03687816855197014,3.8397041365494545e-20,0.0013468009829440118,-0.12261278703993583,low,raw_composition_structure_to_endpoint_linear_surrogate
phonons,benefit_gate_probability,rare_earth_fraction,0.0002240112986764886,0.006468523693111172,-2.468381230638935e-20,-0.000670574245099337,-0.12261278703993583,low,raw_composition_structure_to_endpoint_linear_surrogate
phonons,benefit_gate_probability,atomic_number_mean,0.0011986209709501884,0.034611237002149346,-2.468381230638935e-20,0.001497783237859522,-0.12261278703993583,low,raw_composition_structure_to_endpoint_linear_surrogate
phonons,benefit_gate_probability,atomic_number_std,0.00013384163916023748,0.0038647952989332808,1.3713229059105194e-21,0.0001634334935168564,-0.12261278703993583,low,raw_composition_structure_to_endpoint_linear_surrogate
phonons,benefit_gate_probability,atomic_number_min,0.000766025371527034,0.022119657778525134,5.485291623642078e-21,0.0010325980573210292,-0.12261278703993583,low,raw_composition_structure_to_endpoint_linear_surrogate
phonons,benefit_gate_probability,atomic_number_max,0.00043461076125814207,0.012549768797775546,1.2341906153194674e-20,0.000548558753366436,-0.12261278703993583,low,raw_composition_structure_to_endpoint_linear_surrogate
phonons,benefit_gate_probability,atomic_number_range,2.6116021540551876e-05,0.0007541231406761718,-8.570768161940746e-22,-3.198148471683976e-05,-0.12261278703993583,low,raw_composition_structure_to_endpoint_linear_surrogate
phonons,benefit_gate_probability,atomic_mass_mean,0.001062755048875096,0.030687988749844245,0.0,0.0013312799726355922,-0.12261278703993583,low,raw_composition_structure_to_endpoint_linear_surrogate
phonons,benefit_gate_probability,atomic_mass_std,0.0002672243463405118,0.007716338532441928,1.2341906153194674e-20,0.0003260043434595957,-0.12261278703993583,low,raw_composition_structure_to_endpoint_linear_surrogate
phonons,benefit_gate_probability,atomic_mass_min,0.0005386804737407175,0.015554873472879422,2.742645811821039e-21,0.0007571039687019433,-0.12261278703993583,low,raw_composition_structure_to_endpoint_linear_surrogate
phonons,benefit_gate_probability,atomic_mass_max,0.0003777631903978588,0.010908245083667669,1.7827197776836752e-20,0.0004709293121934494,-0.12261278703993583,low,raw_composition_structure_to_endpoint_linear_surrogate
phonons,benefit_gate_probability,atomic_mass_range,7.702712008575093e-05,0.0022242259842721675,6.856614529552597e-22,9.418642497373731e-05,-0.12261278703993583,low,raw_composition_structure_to_endpoint_linear_surrogate
phonons,benefit_gate_probability,electronegativity_mean,0.0015649730623876338,0.045189976545578756,-4.388233298913662e-20,-0.001924596417106029,-0.12261278703993583,low,raw_composition_structure_to_endpoint_linear_surrogate
phonons,benefit_gate_probability,electronegativity_std,0.0011155156566721566,0.03221149780324741,1.0970583247284155e-20,-0.0013541919454834522,-0.12261278703993583,low,raw_composition_structure_to_endpoint_linear_surrogate
phonons,benefit_gate_probability,electronegativity_min,0.000588588311946152,0.01699600628988985,0.0,-0.0006927775259742571,-0.12261278703993583,low,raw_composition_structure_to_endpoint_linear_surrogate
phonons,benefit_gate_probability,electronegativity_max,0.002261696752745862,0.06530848719776965,-5.485291623642078e-21,-0.002535265782956361,-0.12261278703993583,low,raw_composition_structure_to_endpoint_linear_surrogate
phonons,benefit_gate_probability,electronegativity_range,0.0013697452430495207,0.03955260118815642,2.194116649456831e-20,-0.0016396345310021642,-0.12261278703993583,low,raw_composition_structure_to_endpoint_linear_surrogate
phonons,benefit_gate_probability,atomic_radius_mean,0.0013976833373987398,0.04035933828716002,5.485291623642078e-21,0.0017005905525405503,-0.12261278703993583,low,raw_composition_structure_to_endpoint_linear_surrogate
phonons,benefit_gate_probability,atomic_radius_std,0.0002802439461893992,0.008092290953569488,-8.227937435463117e-21,0.00034313799004258056,-0.12261278703993583,low,raw_composition_structure_to_endpoint_linear_surrogate
phonons,benefit_gate_probability,atomic_radius_min,0.00043125395316359237,0.01245283800535074,-8.227937435463117e-21,0.000476632241988132,-0.12261278703993583,low,raw_composition_structure_to_endpoint_linear_surrogate
phonons,benefit_gate_probability,atomic_radius_max,0.0007745805666403888,0.022366696577982494,3.291174974185247e-20,0.000890994172590911,-0.12261278703993583,low,raw_composition_structure_to_endpoint_linear_surrogate
phonons,benefit_gate_probability,atomic_radius_range,0.00033241529653656063,0.009598784678734597,1.6455874870926235e-20,0.0003995300923996161,-0.12261278703993583,low,raw_composition_structure_to_endpoint_linear_surrogate
phonons,benefit_gate_probability,period_mean,0.0015099821161876374,0.04360206450496787,8.227937435463117e-21,0.0018355351683610522,-0.12261278703993583,low,raw_composition_structure_to_endpoint_linear_surrogate
phonons,benefit_gate_probability,period_std,0.00039458573437546607,0.011394010868431535,5.485291623642078e-21,-0.00047671749530733723,-0.12261278703993583,low,raw_composition_structure_to_endpoint_linear_surrogate
phonons,benefit_gate_probability,period_min,0.0009122020796095494,0.026340639064733745,7.130879110734701e-20,0.0010773796939105007,-0.12261278703993583,low,raw_composition_structure_to_endpoint_linear_surrogate
phonons,benefit_gate_probability,period_max,0.00042273559637953596,0.012206862945121216,-1.6455874870926235e-20,0.0005472777065504217,-0.12261278703993583,low,raw_composition_structure_to_endpoint_linear_surrogate
phonons,benefit_gate_probability,period_range,0.0003717626823776848,0.010734975125730172,-8.227937435463117e-21,-0.0004328279206576703,-0.12261278703993583,low,raw_composition_structure_to_endpoint_linear_surrogate
phonons,benefit_gate_probability,group_mean,0.0006801204386829546,0.019639077125941408,1.6455874870926235e-20,-0.0008412722422125074,-0.12261278703993583,low,raw_composition_structure_to_endpoint_linear_surrogate
phonons,benefit_gate_probability,group_std,0.00011949601873170291,0.0034505528648122786,2.742645811821039e-21,-0.00014491660925983616,-0.12261278703993583,low,raw_composition_structure_to_endpoint_linear_surrogate
phonons,benefit_gate_probability,group_min,0.0003437432796944796,0.009925890176917461,5.485291623642078e-21,0.00042879537621819575,-0.12261278703993583,low,raw_composition_structure_to_endpoint_linear_surrogate
phonons,benefit_gate_probability,group_max,0.00039957890996369336,0.011538193214532555,2.056984358865779e-20,-0.000779910976649154,-0.12261278703993583,low,raw_composition_structure_to_endpoint_linear_surrogate
phonons,benefit_gate_probability,group_range,0.000574839279254195,0.016598990852495672,-2.7426458118210387e-20,-0.000705257539287678,-0.12261278703993583,low,raw_composition_structure_to_endpoint_linear_surrogate
phonons,benefit_gate_probability,n_sites,0.00048341117277803564,0.013958923693153769,-1.6455874870926235e-20,-0.0006648506007687748,-0.12261278703993583,low,raw_composition_structure_to_endpoint_linear_surrogate
phonons,benefit_gate_probability,volume,0.0004462336533410925,0.012885390051101776,5.485291623642078e-21,0.0006081831820697671,-0.12261278703993583,low,raw_composition_structure_to_endpoint_linear_surrogate
phonons,benefit_gate_probability,volume_per_atom,0.002035599090250988,0.05877971791047903,6.582349948370494e-20,0.002466752387790738,-0.12261278703993583,low,raw_composition_structure_to_endpoint_linear_surrogate
phonons,benefit_gate_probability,density,0.00012048514507177763,0.0034791147596990794,-3.428307264776298e-21,-0.00015954445590298232,-0.12261278703993583,low,raw_composition_structure_to_endpoint_linear_surrogate
phonons,benefit_gate_probability,lattice_a,6.568472256595321e-05,0.0018967042586852188,2.0569843588657793e-21,-8.350630169255013e-05,-0.12261278703993583,low,raw_composition_structure_to_endpoint_linear_surrogate
phonons,benefit_gate_probability,lattice_b,0.0005395235717774816,0.015579218671798607,-5.485291623642078e-21,0.0007136618834898251,-0.12261278703993583,low,raw_composition_structure_to_endpoint_linear_surrogate
phonons,benefit_gate_probability,lattice_c,0.00034832921292911133,0.01005831304111451,5.485291623642078e-21,0.00048504911512615816,-0.12261278703993583,low,raw_composition_structure_to_endpoint_linear_surrogate
phonons,benefit_gate_probability,lattice_length_anisotropy,0.00035835413100901437,0.010347791386646541,8.227937435463117e-21,0.0005209798564542168,-0.12261278703993583,low,raw_composition_structure_to_endpoint_linear_surrogate
phonons,benefit_gate_probability,lattice_alpha,7.171925752402997e-05,0.0020709567744460412,1.0284921794328897e-21,8.786845770210615e-05,-0.12261278703993583,low,raw_composition_structure_to_endpoint_linear_surrogate
phonons,benefit_gate_probability,lattice_beta,0.00035940018053475317,0.010377996988691556,1.7827197776836752e-20,-0.00043573136313201927,-0.12261278703993583,low,raw_composition_structure_to_endpoint_linear_surrogate
phonons,benefit_gate_probability,lattice_gamma,0.00026010443497865264,0.007510744816369823,0.0,-0.00031743936290065135,-0.12261278703993583,low,raw_composition_structure_to_endpoint_linear_surrogate
phonons,benefit_gate_probability,spacegroup_number,0.00034427163994122273,0.009941147044739525,-8.227937435463117e-21,-0.0004123050551240044,-0.12261278703993583,low,raw_composition_structure_to_endpoint_linear_surrogate
phonons,benefit_gate_probability,crystal_system,0.0031380905649221035,0.09061513097891673,-3.291174974185247e-20,-0.0011596865132346649,-0.12261278703993583,low,raw_composition_structure_to_endpoint_linear_surrogate
phonons,realized_local_gain,n_elements,0.004383608499013355,0.009828941518826954,-8.776466597827324e-20,0.006125237419888716,-0.0026473112075855454,low,raw_composition_structure_to_endpoint_linear_surrogate
phonons,realized_local_gain,composition_entropy,0.005340225538388668,0.011973871418029775,4.388233298913662e-19,0.006648203725788199,-0.0026473112075855454,low,raw_composition_structure_to_endpoint_linear_surrogate
phonons,realized_local_gain,max_atomic_fraction,0.006043742046814473,0.013551298467092875,-3.0717633092395636e-19,-0.007493493428626917,-0.0026473112075855454,low,raw_composition_structure_to_endpoint_linear_surrogate
phonons,realized_local_gain,min_atomic_fraction,0.008396759909452545,0.018827242924685357,-3.5105866391309297e-19,-0.011008449219622076,-0.0026473112075855454,low,raw_composition_structure_to_endpoint_linear_surrogate
phonons,realized_local_gain,metal_fraction,0.003720205382732578,0.008341456850705035,0.0,-0.004830500774484738,-0.0026473112075855454,low,raw_composition_structure_to_endpoint_linear_surrogate
phonons,realized_local_gain,transition_metal_fraction,0.0018016470524782524,0.00403965899791494,1.0970583247284155e-20,-0.002143265298142519,-0.0026473112075855454,low,raw_composition_structure_to_endpoint_linear_surrogate
phonons,realized_local_gain,alkali_fraction,0.004783649768315788,0.010725915379968047,8.776466597827324e-20,-0.005575564506483638,-0.0026473112075855454,low,raw_composition_structure_to_endpoint_linear_surrogate
phonons,realized_local_gain,alkaline_fraction,4.106522457590613e-05,9.207658277533765e-05,4.456799444209188e-21,5.3729750211711086e-05,-0.0026473112075855454,low,raw_composition_structure_to_endpoint_linear_surrogate
phonons,realized_local_gain,halogen_fraction,0.0063695757671144125,0.014281883915681807,-2.6329399793481975e-19,-0.0077454813965776165,-0.0026473112075855454,low,raw_composition_structure_to_endpoint_linear_surrogate
phonons,realized_local_gain,chalcogen_fraction,0.002406876740464454,0.0053967070121281584,-1.7552933195654649e-19,-0.0025381844503935703,-0.0026473112075855454,low,raw_composition_structure_to_endpoint_linear_surrogate
phonons,realized_local_gain,rare_earth_fraction,0.0034642419376058405,0.007767534764899599,-1.7552933195654649e-19,0.010370152915841821,-0.0026473112075855454,low,raw_composition_structure_to_endpoint_linear_surrogate
phonons,realized_local_gain,atomic_number_mean,0.0031915433063656982,0.007156088989272785,-1.0422054084919948e-19,0.00398811649639989,-0.0026473112075855454,low,raw_composition_structure_to_endpoint_linear_surrogate
phonons,realized_local_gain,atomic_number_std,0.011518971800379828,0.025827876784259615,2.6329399793481975e-19,0.014065770673985577,-0.0026473112075855454,low,raw_composition_structure_to_endpoint_linear_surrogate
phonons,realized_local_gain,atomic_number_min,0.002631215592402391,0.005899720330173111,2.194116649456831e-20,-0.003546864386085969,-0.0026473112075855454,low,raw_composition_structure_to_endpoint_linear_surrogate
phonons,realized_local_gain,atomic_number_max,0.012113561661250976,0.02716106814281852,0.0,0.015289543831098129,-0.0026473112075855454,low,raw_composition_structure_to_endpoint_linear_surrogate
phonons,realized_local_gain,atomic_number_range,0.013954530704017051,0.031288895037804985,1.7552933195654649e-19,0.017088613966266538,-0.0026473112075855454,low,raw_composition_structure_to_endpoint_linear_surrogate
phonons,realized_local_gain,atomic_mass_mean,0.003741031461130965,0.008388153152779073,-4.388233298913662e-20,0.004686272971815027,-0.0026473112075855454,low,raw_composition_structure_to_endpoint_linear_surrogate
phonons,realized_local_gain,atomic_mass_std,0.010482254080379966,0.02350334487323158,2.6329399793481975e-19,0.012787982855037013,-0.0026473112075855454,low,raw_composition_structure_to_endpoint_linear_surrogate
phonons,realized_local_gain,atomic_mass_min,0.0021656182738600174,0.004855756477948246,0.0,-0.003043730503998289,-0.0026473112075855454,low,raw_composition_structure_to_endpoint_linear_surrogate
phonons,realized_local_gain,atomic_mass_max,0.011551840448195305,0.025901574975431104,5.265879958696395e-19,0.014400821507007049,-0.0026473112075855454,low,raw_composition_structure_to_endpoint_linear_surrogate
phonons,realized_local_gain,atomic_mass_range,0.013070664756719056,0.029307087878605,1.7552933195654649e-19,0.01598241222176144,-0.0026473112075855454,low,raw_composition_structure_to_endpoint_linear_surrogate
phonons,realized_local_gain,electronegativity_mean,0.004252327914540488,0.009534583756806998,-1.6455874870926232e-19,-0.005229492612606674,-0.0026473112075855454,low,raw_composition_structure_to_endpoint_linear_surrogate
phonons,realized_local_gain,electronegativity_std,0.004545384729123461,0.010191676718662071,-8.776466597827324e-20,-0.005517917523152691,-0.0026473112075855454,low,raw_composition_structure_to_endpoint_linear_surrogate
phonons,realized_local_gain,electronegativity_min,0.00819631505826132,0.018377804814381494,-2.6329399793481975e-19,-0.009647189305191824,-0.0026473112075855454,low,raw_composition_structure_to_endpoint_linear_surrogate
phonons,realized_local_gain,electronegativity_max,0.009268236426292112,0.02078127046181032,-4.388233298913662e-19,-0.010389298499633319,-0.0026473112075855454,low,raw_composition_structure_to_endpoint_linear_surrogate
phonons,realized_local_gain,electronegativity_range,0.0026128486699024296,0.005858537955612613,6.582349948370494e-20,-0.0031276742337262593,-0.0026473112075855454,low,raw_composition_structure_to_endpoint_linear_surrogate
phonons,realized_local_gain,atomic_radius_mean,0.0033515895488962196,0.007514945205217834,-6.582349948370494e-20,-0.004077949110743755,-0.0026473112075855454,low,raw_composition_structure_to_endpoint_linear_surrogate
phonons,realized_local_gain,atomic_radius_std,0.01621214256314996,0.036350919837834915,-3.5105866391309297e-19,0.019850569794800724,-0.0026473112075855454,low,raw_composition_structure_to_endpoint_linear_surrogate
phonons,realized_local_gain,atomic_radius_min,0.009719473998260775,0.021793036842630075,4.388233298913662e-20,-0.010742196445394776,-0.0026473112075855454,low,raw_composition_structure_to_endpoint_linear_surrogate
phonons,realized_local_gain,atomic_radius_max,0.01689497593345312,0.03788197108598444,7.021173278261859e-19,0.019434163147239347,-0.0026473112075855454,low,raw_composition_structure_to_endpoint_linear_surrogate
phonons,realized_local_gain,atomic_radius_range,0.017780766846062092,0.03986809440879065,7.021173278261859e-19,0.02137071156158992,-0.0026473112075855454,low,raw_composition_structure_to_endpoint_linear_surrogate
phonons,realized_local_gain,period_mean,0.00032820017169280625,0.0007358915137525676,0.0,-0.00039896032605026,-0.0026473112075855454,low,raw_composition_structure_to_endpoint_linear_surrogate
phonons,realized_local_gain,period_std,0.0200530554566273,0.04496302746957125,-3.5105866391309297e-19,0.024227034932403482,-0.0026473112075855454,low,raw_composition_structure_to_endpoint_linear_surrogate
phonons,realized_local_gain,period_min,0.007389304521885491,0.016568323112514067,-7.021173278261859e-19,-0.008727327882663961,-0.0026473112075855454,low,raw_composition_structure_to_endpoint_linear_surrogate
phonons,realized_local_gain,period_max,0.018177157629934347,0.040756883139389945,-1.4042346556523719e-18,0.02353232901254098,-0.0026473112075855454,low,raw_composition_structure_to_endpoint_linear_surrogate
phonons,realized_local_gain,period_range,0.020970273685171077,0.04701961722442458,1.4042346556523719e-18,0.024414822640949616,-0.0026473112075855454,low,raw_composition_structure_to_endpoint_linear_surrogate
phonons,realized_local_gain,group_mean,0.012103080684279881,0.027137567661483966,2.6329399793481975e-19,-0.014970856992123811,-0.0026473112075855454,low,raw_composition_structure_to_endpoint_linear_surrogate
phonons,realized_local_gain,group_std,0.0029766740805361324,0.0066743084983028975,8.776466597827324e-20,-0.0036099070010982065,-0.0026473112075855454,low,raw_composition_structure_to_endpoint_linear_surrogate
phonons,realized_local_gain,group_min,0.005640660761130876,0.012647508271136877,8.776466597827324e-20,-0.007036324478366732,-0.0026473112075855454,low,raw_composition_structure_to_endpoint_linear_surrogate
phonons,realized_local_gain,group_max,0.007274103826371938,0.01631001973086268,1.3164699896740988e-19,-0.01419782996051659,-0.0026473112075855454,low,raw_composition_structure_to_endpoint_linear_surrogate
phonons,realized_local_gain,group_range,0.0008738610067324169,0.001959374048273102,2.194116649456831e-20,0.001072120652727751,-0.0026473112075855454,low,raw_composition_structure_to_endpoint_linear_surrogate
phonons,realized_local_gain,n_sites,0.003901622786642649,0.008748231555592763,-1.7552933195654649e-19,-0.00536602461785378,-0.0026473112075855454,low,raw_composition_structure_to_endpoint_linear_surrogate
phonons,realized_local_gain,volume,0.003662893415048542,0.008212951766635121,-2.194116649456831e-20,-0.0049922504859663715,-0.0026473112075855454,low,raw_composition_structure_to_endpoint_linear_surrogate
phonons,realized_local_gain,volume_per_atom,0.00220950184920192,0.004954152376160799,3.8397041365494545e-20,0.0026774888967330346,-0.0026473112075855454,low,raw_composition_structure_to_endpoint_linear_surrogate
phonons,realized_local_gain,density,0.0006076502442316404,0.001362475393456781,8.227937435463117e-21,0.0008046405018435777,-0.0026473112075855454,low,raw_composition_structure_to_endpoint_linear_surrogate
phonons,realized_local_gain,lattice_a,0.0053064915536077725,0.011898232965443725,-1.0970583247284155e-19,0.006746248858090296,-0.0026473112075855454,low,raw_composition_structure_to_endpoint_linear_surrogate
phonons,realized_local_gain,lattice_b,0.00187863076084847,0.004212272124211142,2.194116649456831e-20,-0.0024849834878428578,-0.0026473112075855454,low,raw_composition_structure_to_endpoint_linear_surrogate
phonons,realized_local_gain,lattice_c,0.011201360897346564,0.025115728563824692,-1.7552933195654649e-19,-0.015597917113464772,-0.0026473112075855454,low,raw_composition_structure_to_endpoint_linear_surrogate
phonons,realized_local_gain,lattice_length_anisotropy,0.006409729800245609,0.014371917421976996,-1.7552933195654649e-19,-0.009318547833785879,-0.0026473112075855454,low,raw_composition_structure_to_endpoint_linear_surrogate
phonons,realized_local_gain,lattice_alpha,0.003890782554472668,0.008723925551059459,-6.582349948370494e-20,-0.004766879553950014,-0.0026473112075855454,low,raw_composition_structure_to_endpoint_linear_surrogate
phonons,realized_local_gain,lattice_beta,0.007528361768309308,0.016880117731759018,1.3164699896740988e-19,-0.009127272364125014,-0.0026473112075855454,low,raw_composition_structure_to_endpoint_linear_surrogate
phonons,realized_local_gain,lattice_gamma,0.0032322410658324903,0.007247341640561425,0.0,0.0039447252976036245,-0.0026473112075855454,low,raw_composition_structure_to_endpoint_linear_surrogate
phonons,realized_local_gain,spacegroup_number,0.00399610064432188,0.00896007012150535,-1.3164699896740988e-19,-0.004785792105093229,-0.0026473112075855454,low,raw_composition_structure_to_endpoint_linear_surrogate
phonons,realized_local_gain,crystal_system,0.07237125433429518,0.1622710665553375,2.632939979348197e-18,0.0014520549190365703,-0.0026473112075855454,low,raw_composition_structure_to_endpoint_linear_surrogate
mp_gap,stage1_anchor_prediction,n_elements,0.21673024381530445,0.037761776076256984,0.0,-0.26318473613687654,0.11319225057169335,low,raw_composition_structure_to_endpoint_linear_surrogate
mp_gap,stage1_anchor_prediction,composition_entropy,0.1690269438482023,0.0294502395793418,-1.1842378929335003e-18,0.2234205625384153,0.11319225057169335,low,raw_composition_structure_to_endpoint_linear_surrogate
mp_gap,stage1_anchor_prediction,max_atomic_fraction,0.08268864591717093,0.014407173065490806,5.921189464667501e-19,0.10767594383888238,0.11319225057169335,low,raw_composition_structure_to_endpoint_linear_surrogate
mp_gap,stage1_anchor_prediction,min_atomic_fraction,0.08313278524374884,0.014484557234408123,-1.1842378929335003e-18,0.11637135656047204,0.11319225057169335,low,raw_composition_structure_to_endpoint_linear_surrogate
mp_gap,stage1_anchor_prediction,metal_fraction,0.1741901360148388,0.03034984317412834,-4.736951571734001e-18,-0.22005255801712872,0.11319225057169335,low,raw_composition_structure_to_endpoint_linear_surrogate
mp_gap,stage1_anchor_prediction,transition_metal_fraction,0.19976430527750244,0.03480573283692954,-1.7763568394002505e-18,-0.2594646090166444,0.11319225057169335,low,raw_composition_structure_to_endpoint_linear_surrogate
mp_gap,stage1_anchor_prediction,alkali_fraction,0.08347432376426964,0.014544064855062641,3.552713678800501e-18,-0.11200077823129406,0.11319225057169335,low,raw_composition_structure_to_endpoint_linear_surrogate
mp_gap,stage1_anchor_prediction,alkaline_fraction,0.05802659290288955,0.010110205059956226,-2.960594732333751e-18,-0.0980579726048039,0.11319225057169335,low,raw_composition_structure_to_endpoint_linear_surrogate
mp_gap,stage1_anchor_prediction,halogen_fraction,0.009283284597518935,0.0016174637561078636,0.0,0.01436793119794022,0.11319225057169335,low,raw_composition_structure_to_endpoint_linear_surrogate
mp_gap,stage1_anchor_prediction,chalcogen_fraction,0.1258618764320332,0.021929417467062094,0.0,-0.1323115159064997,0.11319225057169335,low,raw_composition_structure_to_endpoint_linear_surrogate
mp_gap,stage1_anchor_prediction,rare_earth_fraction,0.033223937195272855,0.005788739285545553,1.1842378929335003e-18,-0.04658844375119575,0.11319225057169335,low,raw_composition_structure_to_endpoint_linear_surrogate
mp_gap,stage1_anchor_prediction,atomic_number_mean,0.0981407394217167,0.01709945303784803,2.3684757858670005e-18,0.1223128908867499,0.11319225057169335,low,raw_composition_structure_to_endpoint_linear_surrogate
mp_gap,stage1_anchor_prediction,atomic_number_std,0.03037597937526861,0.005292528218827641,-1.1842378929335003e-18,0.036438245453878526,0.11319225057169335,low,raw_composition_structure_to_endpoint_linear_surrogate
mp_gap,stage1_anchor_prediction,atomic_number_min,0.03183291482447542,0.005546375901652162,-1.7763568394002505e-18,-0.04477640577997771,0.11319225057169335,low,raw_composition_structure_to_endpoint_linear_surrogate
mp_gap,stage1_anchor_prediction,atomic_number_max,0.009271938358892515,0.0016154868556311412,-8.881784197001253e-19,-0.010557475810679007,0.11319225057169335,low,raw_composition_structure_to_endpoint_linear_surrogate
mp_gap,stage1_anchor_prediction,atomic_number_range,0.017200430569747932,0.002996899722696481,2.9605947323337507e-19,0.020167046119760057,0.11319225057169335,low,raw_composition_structure_to_endpoint_linear_surrogate
mp_gap,stage1_anchor_prediction,atomic_mass_mean,0.14044675423639372,0.02447059898401354,-4.736951571734001e-18,0.1766150444185281,0.11319225057169335,low,raw_composition_structure_to_endpoint_linear_surrogate
mp_gap,stage1_anchor_prediction,atomic_mass_std,0.17410706956647892,0.030335370175034185,0.0,0.20809041953147833,0.11319225057169335,low,raw_composition_structure_to_endpoint_linear_surrogate
mp_gap,stage1_anchor_prediction,atomic_mass_min,0.025534531069399204,0.004448983342059943,1.1842378929335003e-18,-0.03717239537770978,0.11319225057169335,low,raw_composition_structure_to_endpoint_linear_surrogate
mp_gap,stage1_anchor_prediction,atomic_mass_max,0.039979846932483055,0.006965848424523602,-1.1842378929335003e-18,0.045461936798467883,0.11319225057169335,low,raw_composition_structure_to_endpoint_linear_surrogate
mp_gap,stage1_anchor_prediction,atomic_mass_range,0.06340255158591061,0.011046879814756255,2.3684757858670005e-18,0.07376545885515484,0.11319225057169335,low,raw_composition_structure_to_endpoint_linear_surrogate
mp_gap,stage1_anchor_prediction,electronegativity_mean,0.06214651944447746,0.010828036317723142,0.0,0.07241304131062043,0.11319225057169335,low,raw_composition_structure_to_endpoint_linear_surrogate
mp_gap,stage1_anchor_prediction,electronegativity_std,0.3444493067639715,0.06001477856836401,0.0,0.4003082002402478,0.11319225057169335,low,raw_composition_structure_to_endpoint_linear_surrogate
mp_gap,stage1_anchor_prediction,electronegativity_min,0.0008927784976615708,0.00015555236371682016,0.0,0.0011088615514363576,0.11319225057169335,low,raw_composition_structure_to_endpoint_linear_surrogate
mp_gap,stage1_anchor_prediction,electronegativity_max,0.05827028885111102,0.010152665178421614,2.3684757858670005e-18,0.06519349130423963,0.11319225057169335,low,raw_composition_structure_to_endpoint_linear_surrogate
mp_gap,stage1_anchor_prediction,electronegativity_range,0.04796860719351288,0.008357762034702478,2.3684757858670005e-18,0.05445258528688407,0.11319225057169335,low,raw_composition_structure_to_endpoint_linear_surrogate
mp_gap,stage1_anchor_prediction,atomic_radius_mean,0.32497422654600266,0.056621557551712574,0.0,-0.38261174594484165,0.11319225057169335,low,raw_composition_structure_to_endpoint_linear_surrogate
mp_gap,stage1_anchor_prediction,atomic_radius_std,0.17100157537082306,0.029794287516896226,7.253457094217689e-18,-0.212514413002858,0.11319225057169335,low,raw_composition_structure_to_endpoint_linear_surrogate
mp_gap,stage1_anchor_prediction,atomic_radius_min,0.0053025377849498035,0.0009238823384603541,-2.220446049250313e-19,-0.005985553452565073,0.11319225057169335,low,raw_composition_structure_to_endpoint_linear_surrogate
mp_gap,stage1_anchor_prediction,atomic_radius_max,0.22589892753042137,0.03935927246286798,0.0,0.2848310248997217,0.11319225057169335,low,raw_composition_structure_to_endpoint_linear_surrogate
mp_gap,stage1_anchor_prediction,atomic_radius_range,0.1646554701608384,0.028688580257599145,-8.289665250534503e-18,0.20659882643613772,0.11319225057169335,low,raw_composition_structure_to_endpoint_linear_surrogate
mp_gap,stage1_anchor_prediction,period_mean,0.23548764528921504,0.0410299530586715,-9.473903143468002e-18,-0.2815569219755956,0.11319225057169335,low,raw_composition_structure_to_endpoint_linear_surrogate
mp_gap,stage1_anchor_prediction,period_std,0.5166887478162071,0.09002474436740078,-2.842170943040401e-17,-0.6504088588389357,0.11319225057169335,low,raw_composition_structure_to_endpoint_linear_surrogate
mp_gap,stage1_anchor_prediction,period_min,0.12053243738609447,0.021000848014446603,9.473903143468002e-18,-0.1486047618350126,0.11319225057169335,low,raw_composition_structure_to_endpoint_linear_surrogate
mp_gap,stage1_anchor_prediction,period_max,0.06828391915976698,0.011897379985036824,-1.1842378929335003e-18,-0.07685786659827565,0.11319225057169335,low,raw_composition_structure_to_endpoint_linear_surrogate
mp_gap,stage1_anchor_prediction,period_range,0.06459886408463554,0.011255318119899195,5.921189464667501e-19,0.07680346047187048,0.11319225057169335,low,raw_composition_structure_to_endpoint_linear_surrogate
mp_gap,stage1_anchor_prediction,group_mean,0.10972012588225609,0.019116975792983017,3.552713678800501e-18,-0.14177096249033772,0.11319225057169335,low,raw_composition_structure_to_endpoint_linear_surrogate
mp_gap,stage1_anchor_prediction,group_std,0.21546602162581635,0.03754150559443734,5.921189464667502e-18,0.26687333600751284,0.11319225057169335,low,raw_composition_structure_to_endpoint_linear_surrogate
mp_gap,stage1_anchor_prediction,group_min,0.07804171567311477,0.01359751984760593,-1.7763568394002505e-18,0.11054329032792587,0.11319225057169335,low,raw_composition_structure_to_endpoint_linear_surrogate
mp_gap,stage1_anchor_prediction,group_max,0.10991774147921486,0.019151407147786882,-6.5133084111342516e-18,-0.16871647420059188,0.11319225057169335,low,raw_composition_structure_to_endpoint_linear_surrogate
mp_gap,stage1_anchor_prediction,group_range,0.1560634726004167,0.027191562203206687,4.736951571734001e-18,-0.19398781493755823,0.11319225057169335,low,raw_composition_structure_to_endpoint_linear_surrogate
mp_gap,stage1_anchor_prediction,n_sites,0.02258466320911812,0.0039350160819602905,2.9605947323337507e-19,0.03228268842417947,0.11319225057169335,low,raw_composition_structure_to_endpoint_linear_surrogate
mp_gap,stage1_anchor_prediction,volume,0.06777681202934163,0.011809024684139762,0.0,0.10051982205727183,0.11319225057169335,low,raw_composition_structure_to_endpoint_linear_surrogate
mp_gap,stage1_anchor_prediction,volume_per_atom,0.021264228991129654,0.0037049515538845512,0.0,-0.04756065122544173,0.11319225057169335,low,raw_composition_structure_to_endpoint_linear_surrogate
mp_gap,stage1_anchor_prediction,density,0.10499091136236458,0.018292985857047202,0.0,-0.13504051108936693,0.11319225057169335,low,raw_composition_structure_to_endpoint_linear_surrogate
mp_gap,stage1_anchor_prediction,lattice_a,0.0021266412442225184,0.0003705331985290392,1.8503717077085942e-20,0.0028734771839531437,0.11319225057169335,low,raw_composition_structure_to_endpoint_linear_surrogate
mp_gap,stage1_anchor_prediction,lattice_b,0.006811614036850937,0.00118681472160689,1.1102230246251566e-19,-0.009283971238275845,0.11319225057169335,low,raw_composition_structure_to_endpoint_linear_surrogate
mp_gap,stage1_anchor_prediction,lattice_c,0.08871274168548537,0.01545677533354747,-1.7763568394002505e-18,0.15704035936899524,0.11319225057169335,low,raw_composition_structure_to_endpoint_linear_surrogate
mp_gap,stage1_anchor_prediction,lattice_length_anisotropy,0.07963697264408943,0.01387546784167255,-3.552713678800501e-18,-0.15427609808797088,0.11319225057169335,low,raw_composition_structure_to_endpoint_linear_surrogate
mp_gap,stage1_anchor_prediction,lattice_alpha,0.017518448171628148,0.0030523091997454845,2.220446049250313e-19,-0.025602010122044327,0.11319225057169335,low,raw_composition_structure_to_endpoint_linear_surrogate
mp_gap,stage1_anchor_prediction,lattice_beta,0.05930029648865815,0.010332127523321827,2.960594732333751e-18,-0.08509623714773473,0.11319225057169335,low,raw_composition_structure_to_endpoint_linear_surrogate
mp_gap,stage1_anchor_prediction,lattice_gamma,0.048044438006253624,0.008370974340101058,-1.1842378929335003e-18,0.06869496297891642,0.11319225057169335,low,raw_composition_structure_to_endpoint_linear_surrogate
mp_gap,stage1_anchor_prediction,spacegroup_number,0.08558062187891807,0.01491105358886842,0.0,-0.09458939614691253,0.11319225057169335,low,raw_composition_structure_to_endpoint_linear_surrogate
mp_gap,stage1_anchor_prediction,crystal_system,0.18900295897635389,0.03293074048630343,1.1842378929335004e-17,0.004337308511635607,0.11319225057169335,low,raw_composition_structure_to_endpoint_linear_surrogate
mp_gap,hpsafemoe_prediction,n_elements,0.2178062293459767,0.038003205929559455,0.0,-0.26449135104669225,0.11241603368793385,low,raw_composition_structure_to_endpoint_linear_surrogate
mp_gap,hpsafemoe_prediction,composition_entropy,0.17043874274435944,0.029738445306815766,-1.1842378929335003e-18,0.22528668456836703,0.11241603368793385,low,raw_composition_structure_to_endpoint_linear_surrogate
mp_gap,hpsafemoe_prediction,max_atomic_fraction,0.08320695160870739,0.01451809218795884,1.1842378929335003e-18,0.1083508739204459,0.11241603368793385,low,raw_composition_structure_to_endpoint_linear_surrogate
mp_gap,hpsafemoe_prediction,min_atomic_fraction,0.08311647101104487,0.014502304977483163,2.3684757858670005e-18,0.11634851948860636,0.11241603368793385,low,raw_composition_structure_to_endpoint_linear_surrogate
mp_gap,hpsafemoe_prediction,metal_fraction,0.17366700377899788,0.030301717850774363,-9.473903143468002e-18,-0.21939169059195948,0.11241603368793385,low,raw_composition_structure_to_endpoint_linear_surrogate
mp_gap,hpsafemoe_prediction,transition_metal_fraction,0.1992883730726946,0.03477217848171882,2.3684757858670005e-18,-0.2588464427067656,0.11241603368793385,low,raw_composition_structure_to_endpoint_linear_surrogate
mp_gap,hpsafemoe_prediction,alkali_fraction,0.08388195165871319,0.014635867358943897,7.697546304067752e-18,-0.11254770858481677,0.11241603368793385,low,raw_composition_structure_to_endpoint_linear_surrogate
mp_gap,hpsafemoe_prediction,alkaline_fraction,0.05802783709474647,0.010124796932486423,-7.105427357601002e-18,-0.09806007513960592,0.11241603368793385,low,raw_composition_structure_to_endpoint_linear_surrogate
mp_gap,hpsafemoe_prediction,halogen_fraction,0.00773776396231726,0.001350098379542507,2.9605947323337507e-19,0.011975897008068531,0.11241603368793385,low,raw_composition_structure_to_endpoint_linear_surrogate
mp_gap,hpsafemoe_prediction,chalcogen_fraction,0.12586434440311703,0.02196102753306769,-4.736951571734001e-18,-0.13231411034577367,0.11241603368793385,low,raw_composition_structure_to_endpoint_linear_surrogate
mp_gap,hpsafemoe_prediction,rare_earth_fraction,0.03350949136720905,0.005846793752624889,-1.1842378929335003e-18,-0.04698886361711885,0.11241603368793385,low,raw_composition_structure_to_endpoint_linear_surrogate
mp_gap,hpsafemoe_prediction,atomic_number_mean,0.09790459877141222,0.01708256297229545,2.3684757858670005e-18,0.12201858858410974,0.11241603368793385,low,raw_composition_structure_to_endpoint_linear_surrogate
mp_gap,hpsafemoe_prediction,atomic_number_std,0.030796137956874244,0.005373363177557038,-5.921189464667501e-19,0.03694225690769734,0.11241603368793385,low,raw_composition_structure_to_endpoint_linear_surrogate
mp_gap,hpsafemoe_prediction,atomic_number_min,0.03129487197767136,0.005460383148259176,-5.921189464667501e-19,-0.044019590861571645,0.11241603368793385,low,raw_composition_structure_to_endpoint_linear_surrogate
mp_gap,hpsafemoe_prediction,atomic_number_max,0.009993727358463492,0.0017437227573701434,-2.9605947323337507e-19,-0.011379339547087086,0.11241603368793385,low,raw_composition_structure_to_endpoint_linear_surrogate
mp_gap,hpsafemoe_prediction,atomic_number_range,0.015975609730622117,0.002787451893667893,-5.921189464667501e-19,0.018730976350987083,0.11241603368793385,low,raw_composition_structure_to_endpoint_linear_surrogate
mp_gap,hpsafemoe_prediction,atomic_mass_mean,0.14024206978107928,0.02446967781353978,-4.736951571734001e-18,0.17635764897807316,0.11241603368793385,low,raw_composition_structure_to_endpoint_linear_surrogate
mp_gap,hpsafemoe_prediction,atomic_mass_std,0.17422840156284397,0.030399671502751927,-4.736951571734001e-18,0.2082354338958523,0.11241603368793385,low,raw_composition_structure_to_endpoint_linear_surrogate
mp_gap,hpsafemoe_prediction,atomic_mass_min,0.025345481292762068,0.004422323217499041,1.1842378929335003e-18,-0.03689718245039486,0.11241603368793385,low,raw_composition_structure_to_endpoint_linear_surrogate
mp_gap,hpsafemoe_prediction,atomic_mass_max,0.039326623099749096,0.006861776913643364,-1.1842378929335003e-18,0.04471914204367167,0.11241603368793385,low,raw_composition_structure_to_endpoint_linear_surrogate
mp_gap,hpsafemoe_prediction,atomic_mass_range,0.0625493270934339,0.010913714292860055,2.3684757858670005e-18,0.0727727780462647,0.11241603368793385,low,raw_composition_structure_to_endpoint_linear_surrogate
mp_gap,hpsafemoe_prediction,electronegativity_mean,0.061327634580908785,0.01070055127968313,1.1842378929335003e-18,0.07145887776317966,0.11241603368793385,low,raw_composition_structure_to_endpoint_linear_surrogate
mp_gap,hpsafemoe_prediction,electronegativity_std,0.3442441630190154,0.06006431430608729,4.736951571734001e-18,0.4000697886025371,0.11241603368793385,low,raw_composition_structure_to_endpoint_linear_surrogate
mp_gap,hpsafemoe_prediction,electronegativity_min,6.661634042550388e-05,1.1623333781894079e-05,-1.1564823173178714e-21,-8.273978236339463e-05,0.11241603368793385,low,raw_composition_structure_to_endpoint_linear_surrogate
mp_gap,hpsafemoe_prediction,electronegativity_max,0.057577230316022486,0.010046174285849896,0.0,0.06441808918299613,0.11241603368793385,low,raw_composition_structure_to_endpoint_linear_surrogate
mp_gap,hpsafemoe_prediction,electronegativity_range,0.04787813657017206,0.00835385970852826,2.3684757858670005e-18,0.054349885633472206,0.11241603368793385,low,raw_composition_structure_to_endpoint_linear_surrogate
mp_gap,hpsafemoe_prediction,atomic_radius_mean,0.32597621084925726,0.05687689055653104,0.0,-0.38379144246340013,0.11241603368793385,low,raw_composition_structure_to_endpoint_linear_surrogate
mp_gap,hpsafemoe_prediction,atomic_radius_std,0.1732184601384602,0.030223455184041032,7.549516567451065e-18,-0.21526947513645384,0.11241603368793385,low,raw_composition_structure_to_endpoint_linear_surrogate
mp_gap,hpsafemoe_prediction,atomic_radius_min,0.0052969963442025805,0.0009242290428575969,-3.7007434154171887e-19,-0.005979298223249996,0.11241603368793385,low,raw_composition_structure_to_endpoint_linear_surrogate
mp_gap,hpsafemoe_prediction,atomic_radius_max,0.22572360145033704,0.0393846426469869,-4.736951571734001e-18,0.284609960073837,0.11241603368793385,low,raw_composition_structure_to_endpoint_linear_surrogate
mp_gap,hpsafemoe_prediction,atomic_radius_range,0.16452664658194985,0.028706892588557572,-5.921189464667502e-18,0.20643718710408465,0.11241603368793385,low,raw_composition_structure_to_endpoint_linear_surrogate
mp_gap,hpsafemoe_prediction,period_mean,0.23579822735266634,0.04114248072158725,0.0,-0.28192826430100204,0.11241603368793385,low,raw_composition_structure_to_endpoint_linear_surrogate
mp_gap,hpsafemoe_prediction,period_std,0.5157418302751673,0.08998752258504736,-2.842170943040401e-17,-0.6492168770899907,0.11241603368793385,low,raw_composition_structure_to_endpoint_linear_surrogate
mp_gap,hpsafemoe_prediction,period_min,0.1201853848715423,0.020970152895587745,0.0,-0.14817687986906458,0.11241603368793385,low,raw_composition_structure_to_endpoint_linear_surrogate
mp_gap,hpsafemoe_prediction,period_max,0.06620797961172305,0.011552082283962749,2.3684757858670005e-18,-0.07452126543634857,0.11241603368793385,low,raw_composition_structure_to_endpoint_linear_surrogate
mp_gap,hpsafemoe_prediction,period_range,0.0659522212050841,0.011507457116790524,5.921189464667501e-19,0.07841250594933447,0.11241603368793385,low,raw_composition_structure_to_endpoint_linear_surrogate
mp_gap,hpsafemoe_prediction,group_mean,0.11078218072268942,0.019329465644632657,2.960594732333751e-18,-0.1431432589194116,0.11241603368793385,low,raw_composition_structure_to_endpoint_linear_surrogate
mp_gap,hpsafemoe_prediction,group_std,0.2147342223123913,0.03746719685275315,5.033011044967377e-18,0.2659669391539017,0.11241603368793385,low,raw_composition_structure_to_endpoint_linear_surrogate
mp_gap,hpsafemoe_prediction,group_min,0.07839332432601266,0.013678202211250177,-3.7007434154171884e-18,0.11104133137000016,0.11241603368793385,low,raw_composition_structure_to_endpoint_linear_surrogate
mp_gap,hpsafemoe_prediction,group_max,0.10864112379075293,0.01895589034453394,-9.473903143468002e-18,-0.16675695035666233,0.11241603368793385,low,raw_composition_structure_to_endpoint_linear_surrogate
mp_gap,hpsafemoe_prediction,group_range,0.15541913201730828,0.027117797765393695,-1.1842378929335003e-18,-0.19318689580055537,0.11241603368793385,low,raw_composition_structure_to_endpoint_linear_surrogate
mp_gap,hpsafemoe_prediction,n_sites,0.022659141218358533,0.003953605975797839,5.921189464667501e-19,0.0323891478539482,0.11241603368793385,low,raw_composition_structure_to_endpoint_linear_surrogate
mp_gap,hpsafemoe_prediction,volume,0.0672963947935316,0.011741990838990463,-1.1842378929335003e-18,0.09980731502705087,0.11241603368793385,low,raw_composition_structure_to_endpoint_linear_surrogate
mp_gap,hpsafemoe_prediction,volume_per_atom,0.021140107499618883,0.0036885623569787073,-5.921189464667501e-19,-0.047283034812930946,0.11241603368793385,low,raw_composition_structure_to_endpoint_linear_surrogate
mp_gap,hpsafemoe_prediction,density,0.10474102115512339,0.0182753937212128,0.0,-0.13471909944654759,0.11241603368793385,low,raw_composition_structure_to_endpoint_linear_surrogate
mp_gap,hpsafemoe_prediction,lattice_a,0.00211947779387734,0.0003698101349337591,1.8503717077085942e-20,0.002863798066151224,0.11241603368793385,low,raw_composition_structure_to_endpoint_linear_surrogate
mp_gap,hpsafemoe_prediction,lattice_b,0.007125859365310215,0.0012433322118386245,1.4802973661668753e-19,-0.009712275686442617,0.11241603368793385,low,raw_composition_structure_to_endpoint_linear_surrogate
mp_gap,hpsafemoe_prediction,lattice_c,0.08819068398426573,0.015387662394168621,-2.0724163126336257e-18,0.15611620656463776,0.11241603368793385,low,raw_composition_structure_to_endpoint_linear_surrogate
mp_gap,hpsafemoe_prediction,lattice_length_anisotropy,0.07887602746552443,0.013762425086182608,-4.736951571734001e-18,-0.15280196303348403,0.11241603368793385,low,raw_composition_structure_to_endpoint_linear_surrogate
mp_gap,hpsafemoe_prediction,lattice_alpha,0.017513111897400443,0.003055717919101017,-2.7755575615628914e-19,-0.025594211523364052,0.11241603368793385,low,raw_composition_structure_to_endpoint_linear_surrogate
mp_gap,hpsafemoe_prediction,lattice_beta,0.059432154601355335,0.010369824669086961,2.960594732333751e-18,-0.08528545423251066,0.11241603368793385,low,raw_composition_structure_to_endpoint_linear_surrogate
mp_gap,hpsafemoe_prediction,lattice_gamma,0.047842637211513495,0.008347665719304353,-4.440892098500626e-19,0.06840642389512103,0.11241603368793385,low,raw_composition_structure_to_endpoint_linear_surrogate
mp_gap,hpsafemoe_prediction,spacegroup_number,0.08502965545993581,0.014836120694374072,3.552713678800501e-18,-0.09398043141021672,0.11241603368793385,low,raw_composition_structure_to_endpoint_linear_surrogate
mp_gap,hpsafemoe_prediction,crystal_system,0.18739974705295576,0.03269783054316662,2.1316282072803006e-17,0.004235122115501894,0.11241603368793385,low,raw_composition_structure_to_endpoint_linear_surrogate
mp_gap,stage2_correction,n_elements,3.996928311139722e-05,0.0037092888768469868,0.0,-4.8536397339254825e-05,-0.07922922924645115,low,raw_composition_structure_to_endpoint_linear_surrogate
mp_gap,stage2_correction,composition_entropy,0.0002018898853881434,0.018736085511741742,-3.469446951953614e-21,0.0002668589441263505,-0.07922922924645115,low,raw_composition_structure_to_endpoint_linear_surrogate
mp_gap,stage2_correction,max_atomic_fraction,0.00012537339396283292,0.011635088234702004,-4.6259292692714854e-21,-0.0001632593976778226,-0.07922922924645115,low,raw_composition_structure_to_endpoint_linear_surrogate
mp_gap,stage2_correction,min_atomic_fraction,3.963428079966937e-06,0.0003678199493903919,0.0,-5.5481059721898535e-06,-0.07922922924645115,low,raw_composition_structure_to_endpoint_linear_surrogate
mp_gap,stage2_correction,metal_fraction,0.00032327024195027753,0.03000060594881861,4.6259292692714854e-21,0.00040838388039328915,-0.07922922924645115,low,raw_composition_structure_to_endpoint_linear_surrogate
mp_gap,stage2_correction,transition_metal_fraction,0.00045819181162948415,0.04252179819194669,-9.251858538542971e-21,0.0005951241343838865,-0.07922922924645115,low,raw_composition_structure_to_endpoint_linear_surrogate
mp_gap,stage2_correction,alkali_fraction,0.00035202574121804593,0.03266921657375375,2.0816681711721686e-20,-0.0004723267610434441,-0.07922922924645115,low,raw_composition_structure_to_endpoint_linear_surrogate
mp_gap,stage2_correction,alkaline_fraction,3.0050376864961623e-05,0.0027887797822042457,0.0,-5.078152764060878e-05,-0.07922922924645115,low,raw_composition_structure_to_endpoint_linear_surrogate
mp_gap,stage2_correction,halogen_fraction,0.000885082511851988,0.08213874407390152,0.0,-0.0013698604735427572,-0.07922922924645115,low,raw_composition_structure_to_endpoint_linear_surrogate
mp_gap,stage2_correction,chalcogen_fraction,0.0002802765836939165,0.026010644510160576,-9.251858538542971e-21,0.0002946390178892867,-0.07922922924645115,low,raw_composition_structure_to_endpoint_linear_surrogate
mp_gap,stage2_correction,rare_earth_fraction,7.145451741471479e-05,0.006631228433799288,4.6259292692714854e-21,0.00010019747947928115,-0.07922922924645115,low,raw_composition_structure_to_endpoint_linear_surrogate
mp_gap,stage2_correction,atomic_number_mean,4.6482902443839756e-05,0.004313775468975909,-1.1564823173178714e-21,-5.793168268563838e-05,-0.07922922924645115,low,raw_composition_structure_to_endpoint_linear_surrogate
mp_gap,stage2_correction,atomic_number_std,1.3597532857447762e-05,0.0012618984743889559,0.0,1.6311251522321607e-05,-0.07922922924645115,low,raw_composition_structure_to_endpoint_linear_surrogate
mp_gap,stage2_correction,atomic_number_min,9.386553903193067e-06,0.000871104940461405,4.336808689942018e-22,1.3203193887914176e-05,-0.07922922924645115,low,raw_composition_structure_to_endpoint_linear_surrogate
mp_gap,stage2_correction,atomic_number_max,0.00011682551612718883,0.010841815358427664,-9.251858538542971e-21,-0.00013302316223877565,-0.07922922924645115,low,raw_composition_structure_to_endpoint_linear_surrogate
mp_gap,stage2_correction,atomic_number_range,0.00013219736553471203,0.01226837659709131,2.3129646346357427e-21,-0.00015499788547958344,-0.07922922924645115,low,raw_composition_structure_to_endpoint_linear_surrogate
mp_gap,stage2_correction,atomic_mass_mean,5.204053108269266e-05,0.004829542790453462,1.1564823173178714e-21,-6.544217243542301e-05,-0.07922922924645115,low,raw_composition_structure_to_endpoint_linear_surrogate
mp_gap,stage2_correction,atomic_mass_std,1.8278170209750046e-05,0.0016962779457209967,0.0,-2.184582232464931e-05,-0.07922922924645115,low,raw_composition_structure_to_endpoint_linear_surrogate
mp_gap,stage2_correction,atomic_mass_min,3.580643823731337e-06,0.0003322962353440424,-7.228014483236696e-23,5.2125926088380495e-06,-0.07922922924645115,low,raw_composition_structure_to_endpoint_linear_surrogate
mp_gap,stage2_correction,atomic_mass_max,0.00013219668878276399,0.012268313792150168,4.6259292692714854e-21,-0.00015032367483942946,-0.07922922924645115,low,raw_composition_structure_to_endpoint_linear_surrogate
mp_gap,stage2_correction,atomic_mass_range,0.00014490257912041149,0.013447464730847751,-6.938893903907229e-21,-0.00016858635765832193,-0.07922922924645115,low,raw_composition_structure_to_endpoint_linear_surrogate
mp_gap,stage2_correction,electronegativity_mean,0.0004657573615759211,0.04322390761395798,0.0,-0.0005426998545695681,-0.07922922924645115,low,raw_composition_structure_to_endpoint_linear_surrogate
mp_gap,stage2_correction,electronegativity_std,0.0004052358778989143,0.037607302843046184,-4.6259292692714854e-21,-0.00047095245009637777,-0.07922922924645115,low,raw_composition_structure_to_endpoint_linear_surrogate
mp_gap,stage2_correction,electronegativity_min,0.00017363889318979827,0.0161142949024593,0.0,-0.00021566546797044297,-0.07922922924645115,low,raw_composition_structure_to_endpoint_linear_surrogate
mp_gap,stage2_correction,electronegativity_max,0.00045073640398124047,0.04182991035935995,-2.7755575615628914e-20,-0.0005042892426453961,-0.07922922924645115,low,raw_composition_structure_to_endpoint_linear_surrogate
mp_gap,stage2_correction,electronegativity_range,0.0002866866604115874,0.026605521986504725,-1.3877787807814457e-20,-0.00032543846361219957,-0.07922922924645115,low,raw_composition_structure_to_endpoint_linear_surrogate
mp_gap,stage2_correction,atomic_radius_mean,4.327994860774773e-05,0.004016530181784787,0.0,-5.0956092356048e-05,-0.07922922924645115,low,raw_composition_structure_to_endpoint_linear_surrogate
mp_gap,stage2_correction,atomic_radius_std,0.0005231786636173351,0.048552804716331915,1.734723475976807e-20,-0.0006501870310443243,-0.07922922924645115,low,raw_composition_structure_to_endpoint_linear_surrogate
mp_gap,stage2_correction,atomic_radius_min,0.00014421610220432727,0.013383757278753938,4.6259292692714854e-21,0.00016279246343414036,-0.07922922924645115,low,raw_composition_structure_to_endpoint_linear_surrogate
mp_gap,stage2_correction,atomic_radius_max,0.0002740125758662662,0.02542932273626666,9.251858538542971e-21,-0.0003454964734566563,-0.07922922924645115,low,raw_composition_structure_to_endpoint_linear_surrogate
mp_gap,stage2_correction,atomic_radius_range,0.00029926107446307134,0.02777247146728582,1.734723475976807e-20,-0.00037549306270659856,-0.07922922924645115,low,raw_composition_structure_to_endpoint_linear_surrogate
mp_gap,stage2_correction,period_mean,8.428966330908822e-06,0.0007822374738976121,0.0,1.0077954674233213e-05,-0.07922922924645115,low,raw_composition_structure_to_endpoint_linear_surrogate
mp_gap,stage2_correction,period_std,0.00016942018586791762,0.015722784149061204,9.251858538542971e-21,0.00021326647855282802,-0.07922922924645115,low,raw_composition_structure_to_endpoint_linear_surrogate
mp_gap,stage2_correction,period_min,5.68050421906571e-08,5.2717060388442495e-06,4.517509052022935e-24,-7.003508722494577e-08,-0.07922922924645115,low,raw_composition_structure_to_endpoint_linear_surrogate
mp_gap,stage2_correction,period_max,0.0002734139268180574,0.02537376601663606,9.251858538542971e-21,0.00030774465455513057,-0.07922922924645115,low,raw_composition_structure_to_endpoint_linear_surrogate
mp_gap,stage2_correction,period_range,0.00022401032215004624,0.020788939194487092,-4.6259292692714854e-21,0.0002663323599622566,-0.07922922924645115,low,raw_composition_structure_to_endpoint_linear_surrogate
mp_gap,stage2_correction,group_mean,0.0002700881632893841,0.025065123561640076,9.251858538542971e-21,-0.0003489848244238648,-0.07922922924645115,low,raw_composition_structure_to_endpoint_linear_surrogate
mp_gap,stage2_correction,group_std,2.0531781766788312e-05,0.0019054209583178928,4.698209414103852e-22,2.5430390615354927e-05,-0.07922922924645115,low,raw_composition_structure_to_endpoint_linear_surrogate
mp_gap,stage2_correction,group_min,0.00011529113067476271,0.010699419036841972,-2.023844055306275e-21,-0.0001633057502707574,-0.07922922924645115,low,raw_composition_structure_to_endpoint_linear_surrogate
mp_gap,stage2_correction,group_max,0.00010224972365148652,0.0094891309795093,4.6259292692714854e-21,0.00015694657323109056,-0.07922922924645115,low,raw_composition_structure_to_endpoint_linear_surrogate
mp_gap,stage2_correction,group_range,0.00018482302940353592,0.01715222175091281,-2.3129646346357427e-21,0.0002297361133051981,-0.07922922924645115,low,raw_composition_structure_to_endpoint_linear_surrogate
mp_gap,stage2_correction,n_sites,0.000128573319839167,0.011932052516666729,-1.1564823173178714e-21,-0.00018378367592191677,-0.07922922924645115,low,raw_composition_structure_to_endpoint_linear_surrogate
mp_gap,stage2_correction,volume,0.000316355975983586,0.02935893795166363,3.469446951953614e-21,-0.00046918769798228176,-0.07922922924645115,low,raw_composition_structure_to_endpoint_linear_surrogate
mp_gap,stage2_correction,volume_per_atom,7.441103222631067e-05,0.0069056033199918,0.0,-0.00016643148230377746,-0.07922922924645115,low,raw_composition_structure_to_endpoint_linear_surrogate
mp_gap,stage2_correction,density,0.0003107755194090383,0.028841052118134758,4.6259292692714854e-21,0.00039972302774108275,-0.07922922924645115,low,raw_composition_structure_to_endpoint_linear_surrogate
mp_gap,stage2_correction,lattice_a,0.00021658055945953365,0.020099431303421803,-6.938893903907229e-21,-0.0002926395308966648,-0.07922922924645115,low,raw_composition_structure_to_endpoint_linear_surrogate
mp_gap,stage2_correction,lattice_b,0.00018654082757921497,0.017311639412919796,2.3129646346357427e-21,-0.0002542480634751655,-0.07922922924645115,low,raw_composition_structure_to_endpoint_linear_surrogate
mp_gap,stage2_correction,lattice_c,1.9686946676468107e-05,0.001827017315336336,6.505213034913027e-22,-3.485006913563391e-05,-0.07922922924645115,low,raw_composition_structure_to_endpoint_linear_surrogate
mp_gap,stage2_correction,lattice_length_anisotropy,0.00023024212777090613,0.021367272491276616,1.2721305490496585e-20,0.00044603474879332644,-0.07922922924645115,low,raw_composition_structure_to_endpoint_linear_surrogate
mp_gap,stage2_correction,lattice_alpha,1.5166574412568407e-05,0.0014075110031775977,-9.03501810404587e-24,-2.216490797719026e-05,-0.07922922924645115,low,raw_composition_structure_to_endpoint_linear_surrogate
mp_gap,stage2_correction,lattice_beta,5.376120168586727e-05,0.004989227023750436,2.023844055306275e-21,-7.71476069918597e-05,-0.07922922924645115,low,raw_composition_structure_to_endpoint_linear_surrogate
mp_gap,stage2_correction,lattice_gamma,0.00013349676971585254,0.012388965837138463,8.673617379884036e-22,-0.0001908765308534101,-0.07922922924645115,low,raw_composition_structure_to_endpoint_linear_surrogate
mp_gap,stage2_correction,spacegroup_number,0.00013937047901704897,0.012934066546501649,2.3129646346357427e-21,-0.00015404152437195715,-0.07922922924645115,low,raw_composition_structure_to_endpoint_linear_surrogate
mp_gap,stage2_correction,crystal_system,0.0010751418961879036,0.09977691782579881,-5.551115123125783e-20,7.349537725187316e-05,-0.07922922924645115,low,raw_composition_structure_to_endpoint_linear_surrogate
mp_gap,benefit_gate_probability,n_elements,8.045674855165857e-05,0.004816361810162722,0.0,-9.770204547937674e-05,-0.2030443291127626,low,raw_composition_structure_to_endpoint_linear_surrogate
mp_gap,benefit_gate_probability,composition_entropy,0.0004414134066900107,0.026424218138899273,4.6259292692714854e-21,-0.0005834621947803109,-0.2030443291127626,low,raw_composition_structure_to_endpoint_linear_surrogate
mp_gap,benefit_gate_probability,max_atomic_fraction,0.0005803001966107844,0.03473836260722825,1.8503717077085942e-20,0.0007556584182373201,-0.2030443291127626,low,raw_composition_structure_to_endpoint_linear_surrogate
mp_gap,benefit_gate_probability,min_atomic_fraction,0.00014738680066147473,0.008822978442538109,-4.6259292692714854e-21,-0.00020631573791007326,-0.2030443291127626,low,raw_composition_structure_to_endpoint_linear_surrogate
mp_gap,benefit_gate_probability,metal_fraction,0.00041662294232905106,0.024940192896098622,4.6259292692714854e-21,0.0005263153602470378,-0.2030443291127626,low,raw_composition_structure_to_endpoint_linear_surrogate
mp_gap,benefit_gate_probability,transition_metal_fraction,0.00018998230246881128,0.011372862099070036,5.782411586589357e-21,0.00024675921837825687,-0.2030443291127626,low,raw_composition_structure_to_endpoint_linear_surrogate
mp_gap,benefit_gate_probability,alkali_fraction,0.0003155490528084392,0.018889632436535457,-1.8503717077085942e-20,0.00042338455576468634,-0.2030443291127626,low,raw_composition_structure_to_endpoint_linear_surrogate
mp_gap,benefit_gate_probability,alkaline_fraction,0.00017047651757903223,0.01020519227507683,-1.5034270125132327e-20,-0.000288084839282278,-0.2030443291127626,low,raw_composition_structure_to_endpoint_linear_surrogate
mp_gap,benefit_gate_probability,halogen_fraction,5.0165943541203046e-05,0.003003071078462676,-1.4456028966473393e-21,-7.764286634844697e-05,-0.2030443291127626,low,raw_composition_structure_to_endpoint_linear_surrogate
mp_gap,benefit_gate_probability,chalcogen_fraction,0.0006216178256318714,0.037211749291203716,-1.8503717077085942e-20,-0.0006534718785022207,-0.2030443291127626,low,raw_composition_structure_to_endpoint_linear_surrogate
mp_gap,benefit_gate_probability,rare_earth_fraction,0.00011139510953899682,0.006668417020084234,1.3877787807814457e-20,0.00015620438855314963,-0.2030443291127626,low,raw_composition_structure_to_endpoint_linear_surrogate
mp_gap,benefit_gate_probability,atomic_number_mean,0.0004542221365168675,0.027190983864401528,2.7755575615628914e-20,0.0005660974529996283,-0.2030443291127626,low,raw_composition_structure_to_endpoint_linear_surrogate
mp_gap,benefit_gate_probability,atomic_number_std,0.00013587587283891525,0.008133902707287408,4.6259292692714854e-21,-0.00016299321067472905,-0.2030443291127626,low,raw_composition_structure_to_endpoint_linear_surrogate
mp_gap,benefit_gate_probability,atomic_number_min,0.0004232583059163464,0.025337403973524575,9.251858538542971e-21,0.0005953581618257787,-0.2030443291127626,low,raw_composition_structure_to_endpoint_linear_surrogate
mp_gap,benefit_gate_probability,atomic_number_max,0.0003016678202759,0.018058663755209942,9.251858538542971e-21,0.00034349351690507685,-0.2030443291127626,low,raw_composition_structure_to_endpoint_linear_surrogate
mp_gap,benefit_gate_probability,atomic_number_range,3.902674353070474e-05,0.0023362479903797527,0.0,-4.5757815974213954e-05,-0.2030443291127626,low,raw_composition_structure_to_endpoint_linear_surrogate
mp_gap,benefit_gate_probability,atomic_mass_mean,0.0004877815744463968,0.029199943934550665,0.0,0.0006133966207035788,-0.2030443291127626,low,raw_composition_structure_to_endpoint_linear_surrogate
mp_gap,benefit_gate_probability,atomic_mass_std,8.82225541445203e-05,0.00528124424893779,0.0,-0.00010544240592747495,-0.2030443291127626,low,raw_composition_structure_to_endpoint_linear_surrogate
mp_gap,benefit_gate_probability,atomic_mass_min,0.0004428808737418027,0.02651206474459929,-1.8503717077085942e-20,0.0006447325349038888,-0.2030443291127626,low,raw_composition_structure_to_endpoint_linear_surrogate
mp_gap,benefit_gate_probability,atomic_mass_max,0.0003237403978223476,0.01937998883309707,0.0,0.0003681321124056721,-0.2030443291127626,low,raw_composition_structure_to_endpoint_linear_surrogate
mp_gap,benefit_gate_probability,atomic_mass_range,6.810394832401876e-06,0.00040768892819288276,-2.8912057932946784e-22,-7.923528110949677e-06,-0.2030443291127626,low,raw_composition_structure_to_endpoint_linear_surrogate
mp_gap,benefit_gate_probability,electronegativity_mean,0.00013658505153393326,0.008176356090561684,-2.3129646346357427e-21,-0.0001591487193096352,-0.2030443291127626,low,raw_composition_structure_to_endpoint_linear_surrogate
mp_gap,benefit_gate_probability,electronegativity_std,0.0006770519109594767,0.040530185797269504,-9.251858538542971e-21,-0.0007868485336541185,-0.2030443291127626,low,raw_composition_structure_to_endpoint_linear_surrogate
mp_gap,benefit_gate_probability,electronegativity_min,0.00033676978777863264,0.020159963879626284,0.0,0.0004182796408417372,-0.2030443291127626,low,raw_composition_structure_to_endpoint_linear_surrogate
mp_gap,benefit_gate_probability,electronegativity_max,0.00025349644778357365,0.015174993174535191,-1.3877787807814457e-20,-0.00028361483682466665,-0.2030443291127626,low,raw_composition_structure_to_endpoint_linear_surrogate
mp_gap,benefit_gate_probability,electronegativity_range,0.00038104420062051497,0.022810351759048293,-1.8503717077085942e-20,-0.0004325504334252832,-0.2030443291127626,low,raw_composition_structure_to_endpoint_linear_surrogate
mp_gap,benefit_gate_probability,atomic_radius_mean,8.493917074993353e-05,0.005084691906536622,-2.3129646346357427e-21,0.00010000400574886403,-0.2030443291127626,low,raw_composition_structure_to_endpoint_linear_surrogate
mp_gap,benefit_gate_probability,atomic_radius_std,0.0006481480448012844,0.0387999210322077,2.0816681711721686e-20,-0.000805494341097146,-0.2030443291127626,low,raw_composition_structure_to_endpoint_linear_surrogate
mp_gap,benefit_gate_probability,atomic_radius_min,0.0003437799098324512,0.020579609027514816,1.3877787807814457e-20,0.0003880619261329068,-0.2030443291127626,low,raw_composition_structure_to_endpoint_linear_surrogate
mp_gap,benefit_gate_probability,atomic_radius_max,6.209534216323163e-05,0.0037171976244099753,2.3129646346357427e-21,7.829466099377715e-05,-0.2030443291127626,low,raw_composition_structure_to_endpoint_linear_surrogate
mp_gap,benefit_gate_probability,atomic_radius_range,0.0002041407535929373,0.01222042584621192,9.830099697201908e-21,-0.00025614235639357795,-0.2030443291127626,low,raw_composition_structure_to_endpoint_linear_surrogate
mp_gap,benefit_gate_probability,period_mean,0.00027656813552449423,0.016556127731073005,0.0,0.00033067413307042093,-0.2030443291127626,low,raw_composition_structure_to_endpoint_linear_surrogate
mp_gap,benefit_gate_probability,period_std,0.0004629627727139319,0.02771422233890982,-3.7007434154171883e-20,-0.0005827784908389152,-0.2030443291127626,low,raw_composition_structure_to_endpoint_linear_surrogate
mp_gap,benefit_gate_probability,period_min,0.0003793209923347664,0.022707195781111817,-9.251858538542971e-21,0.0004676658578168913,-0.2030443291127626,low,raw_composition_structure_to_endpoint_linear_surrogate
mp_gap,benefit_gate_probability,period_max,0.00015728075830027995,0.009415257904245574,0.0,0.00017702943370363807,-0.2030443291127626,low,raw_composition_structure_to_endpoint_linear_surrogate
mp_gap,benefit_gate_probability,period_range,0.0002504853880995747,0.014994742876938071,8.0953762212251e-21,-0.0002978093326607348,-0.2030443291127626,low,raw_composition_structure_to_endpoint_linear_surrogate
mp_gap,benefit_gate_probability,group_mean,0.0004342599000575998,0.025995989596566765,1.61907524424502e-20,-0.0005611135013478885,-0.2030443291127626,low,raw_composition_structure_to_endpoint_linear_surrogate
mp_gap,benefit_gate_probability,group_std,0.0008696042972586886,0.05205690016892685,-2.312964634635743e-20,-0.0010770802656714052,-0.2030443291127626,low,raw_composition_structure_to_endpoint_linear_surrogate
mp_gap,benefit_gate_probability,group_min,2.1060947329172127e-05,0.001260766116305879,6.143812310751192e-22,-2.9832076282657527e-05,-0.2030443291127626,low,raw_composition_structure_to_endpoint_linear_surrogate
mp_gap,benefit_gate_probability,group_max,0.0007114469315577996,0.04258916613952331,-7.401486830834377e-20,-0.0010920240559706153,-0.2030443291127626,low,raw_composition_structure_to_endpoint_linear_surrogate
mp_gap,benefit_gate_probability,group_range,0.0005214908297946212,0.03121787248660952,-4.6259292692714854e-21,-0.0006482161706144335,-0.2030443291127626,low,raw_composition_structure_to_endpoint_linear_surrogate
mp_gap,benefit_gate_probability,n_sites,7.109663603823536e-05,0.00425603978298644,1.734723475976807e-21,0.00010162606933642486,-0.2030443291127626,low,raw_composition_structure_to_endpoint_linear_surrogate
mp_gap,benefit_gate_probability,volume,0.0001414058864449013,0.008464944500810177,5.782411586589357e-22,-0.00020971913723440939,-0.2030443291127626,low,raw_composition_structure_to_endpoint_linear_surrogate
mp_gap,benefit_gate_probability,volume_per_atom,7.572855174170607e-05,0.004533318970918892,0.0,0.00016937831316139157,-0.2030443291127626,low,raw_composition_structure_to_endpoint_linear_surrogate
mp_gap,benefit_gate_probability,density,0.0004617703160096722,0.027642838607475767,0.0,0.0005939342622203162,-0.2030443291127626,low,raw_composition_structure_to_endpoint_linear_surrogate
mp_gap,benefit_gate_probability,lattice_a,1.0166992396229679e-05,0.0006086240717268703,-2.8912057932946784e-22,-1.3737446670593329e-05,-0.2030443291127626,low,raw_composition_structure_to_endpoint_linear_surrogate
mp_gap,benefit_gate_probability,lattice_b,0.0001949070732617151,0.011667672396499807,-4.04768811061255e-21,0.0002656509386040959,-0.2030443291127626,low,raw_composition_structure_to_endpoint_linear_surrogate
mp_gap,benefit_gate_probability,lattice_c,7.201118264375648e-05,0.004310787053087938,1.3010426069826053e-21,-0.0001274750592316788,-0.2030443291127626,low,raw_composition_structure_to_endpoint_linear_surrogate
mp_gap,benefit_gate_probability,lattice_length_anisotropy,6.075896322185413e-05,0.0036371983128168197,3.469446951953614e-21,0.0001177048230051458,-0.2030443291127626,low,raw_composition_structure_to_endpoint_linear_surrogate
mp_gap,benefit_gate_probability,lattice_alpha,0.0004038993589951782,0.024178524273380894,4.915049848600954e-21,0.0005902712030183617,-0.2030443291127626,low,raw_composition_structure_to_endpoint_linear_surrogate
mp_gap,benefit_gate_probability,lattice_beta,1.567945783016518e-05,0.0009386153835035593,-3.6140072416183483e-22,2.250010439861519e-05,-0.2030443291127626,low,raw_composition_structure_to_endpoint_linear_surrogate
mp_gap,benefit_gate_probability,lattice_gamma,8.336250490823255e-05,0.0049903083615381455,-2.023844055306275e-21,0.00011919348890615354,-0.2030443291127626,low,raw_composition_structure_to_endpoint_linear_surrogate
mp_gap,benefit_gate_probability,spacegroup_number,0.00024622514324280405,0.014739712926070521,0.0,-0.00027214440727569905,-0.2030443291127626,low,raw_composition_structure_to_endpoint_linear_surrogate
mp_gap,benefit_gate_probability,crystal_system,0.0018264833541459411,0.10933830700551074,8.789265611615822e-20,-0.0002571631109325968,-0.2030443291127626,low,raw_composition_structure_to_endpoint_linear_surrogate
mp_gap,realized_local_gain,n_elements,1.4374972133769153e-05,0.007925271237104922,0.0,-1.745613893751284e-05,0.001981494056495392,low,raw_composition_structure_to_endpoint_linear_surrogate
mp_gap,realized_local_gain,composition_entropy,3.146185410279686e-05,0.01734568422578979,1.4456028966473392e-22,-4.158641801191854e-05,0.001981494056495392,low,raw_composition_structure_to_endpoint_linear_surrogate
mp_gap,realized_local_gain,max_atomic_fraction,1.5056357777103087e-05,0.008300935689894002,2.8912057932946784e-22,1.9606168615331213e-05,0.001981494056495392,low,raw_composition_structure_to_endpoint_linear_surrogate
mp_gap,realized_local_gain,min_atomic_fraction,7.242786864554058e-05,0.039931242913012116,0.0,-0.0001013863459807395,0.001981494056495392,low,raw_composition_structure_to_endpoint_linear_surrogate
mp_gap,realized_local_gain,metal_fraction,6.047302623893097e-05,0.03334024796793998,-1.734723475976807e-21,-7.639493497944165e-05,0.001981494056495392,low,raw_composition_structure_to_endpoint_linear_surrogate
mp_gap,realized_local_gain,transition_metal_fraction,6.0662079489221245e-05,0.033444477616030005,5.782411586589357e-22,-7.879116699523799e-05,0.001981494056495392,low,raw_composition_structure_to_endpoint_linear_surrogate
mp_gap,realized_local_gain,alkali_fraction,3.1353521552779103e-05,0.017285957860082198,-8.673617379884036e-22,4.2068251120184886e-05,0.001981494056495392,low,raw_composition_structure_to_endpoint_linear_surrogate
mp_gap,realized_local_gain,alkaline_fraction,1.0277025943858917e-05,0.005665973982969399,6.505213034913027e-22,1.7366939502174248e-05,0.001981494056495392,low,raw_composition_structure_to_endpoint_linear_surrogate
mp_gap,realized_local_gain,halogen_fraction,1.0514881700993775e-05,0.00579710963826381,5.059610138265688e-22,-1.6274099457721708e-05,0.001981494056495392,low,raw_composition_structure_to_endpoint_linear_surrogate
mp_gap,realized_local_gain,chalcogen_fraction,0.00010655397812721847,0.05874579583128065,2.3129646346357427e-21,0.00011201420772948299,0.001981494056495392,low,raw_composition_structure_to_endpoint_linear_surrogate
mp_gap,realized_local_gain,rare_earth_fraction,3.586536983687218e-05,0.019773449390455576,0.0,-5.0292406810192614e-05,0.001981494056495392,low,raw_composition_structure_to_endpoint_linear_surrogate
mp_gap,realized_local_gain,atomic_number_mean,1.719420680096415e-05,0.009479583774941552,-5.782411586589357e-22,-2.1429155238921816e-05,0.001981494056495392,low,raw_composition_structure_to_endpoint_linear_surrogate
mp_gap,realized_local_gain,atomic_number_std,4.280835409110321e-05,0.023601285221905067,1.1564823173178714e-21,-5.1351803165831934e-05,0.001981494056495392,low,raw_composition_structure_to_endpoint_linear_surrogate
mp_gap,realized_local_gain,atomic_number_min,1.9621546280820314e-05,0.010817834978726612,1.1564823173178714e-21,2.7599807405167496e-05,0.001981494056495392,low,raw_composition_structure_to_endpoint_linear_surrogate
mp_gap,realized_local_gain,atomic_number_max,1.1069118562920361e-05,0.006102673880023376,5.782411586589357e-22,1.2603831793326143e-05,0.001981494056495392,low,raw_composition_structure_to_endpoint_linear_surrogate
mp_gap,realized_local_gain,atomic_number_range,4.9094217669222075e-06,0.002706683446627558,-2.168404344971009e-22,-5.756166090923909e-06,0.001981494056495392,low,raw_composition_structure_to_endpoint_linear_surrogate
mp_gap,realized_local_gain,atomic_mass_mean,1.50868024532207e-05,0.008317720579194141,5.782411586589357e-22,-1.8972003304001387e-05,0.001981494056495392,low,raw_composition_structure_to_endpoint_linear_surrogate
mp_gap,realized_local_gain,atomic_mass_std,3.917237804859616e-05,0.021596683329092353,-1.1564823173178714e-21,-4.6818297513563154e-05,0.001981494056495392,low,raw_composition_structure_to_endpoint_linear_surrogate
mp_gap,realized_local_gain,atomic_mass_min,1.811407960270459e-05,0.009986731989879837,-5.782411586589357e-22,2.63699273374158e-05,0.001981494056495392,low,raw_composition_structure_to_endpoint_linear_surrogate
mp_gap,realized_local_gain,atomic_mass_max,1.1449204815381137e-05,0.006312224661493764,-2.8912057932946784e-22,1.3019135030421291e-05,0.001981494056495392,low,raw_composition_structure_to_endpoint_linear_surrogate
mp_gap,realized_local_gain,atomic_mass_range,2.203875786810461e-06,0.0012150502429378424,-1.0842021724855045e-22,-2.5640909491403744e-06,0.001981494056495392,low,raw_composition_structure_to_endpoint_linear_surrogate
mp_gap,realized_local_gain,electronegativity_mean,5.833812057042776e-05,0.03216322262618133,1.1564823173178714e-21,6.797550003785029e-05,0.001981494056495392,low,raw_composition_structure_to_endpoint_linear_surrogate
mp_gap,realized_local_gain,electronegativity_std,3.456981207833662e-05,0.01905917693523393,0.0,4.017595327954945e-05,0.001981494056495392,low,raw_composition_structure_to_endpoint_linear_surrogate
mp_gap,realized_local_gain,electronegativity_min,6.432920267961973e-06,0.0035466251687891475,-7.228014483236696e-23,7.989907874442024e-06,0.001981494056495392,low,raw_composition_structure_to_endpoint_linear_surrogate
mp_gap,realized_local_gain,electronegativity_max,4.737039406278909e-05,0.026116448648565917,0.0,5.299855954553008e-05,0.001981494056495392,low,raw_composition_structure_to_endpoint_linear_surrogate
mp_gap,realized_local_gain,electronegativity_range,3.610802303583607e-05,0.019907229991937392,2.3129646346357427e-21,4.0988790772427047e-05,0.001981494056495392,low,raw_composition_structure_to_endpoint_linear_surrogate
mp_gap,realized_local_gain,atomic_radius_mean,2.8043572979903692e-05,0.015461102828935239,5.782411586589357e-22,-3.301738890008143e-05,0.001981494056495392,low,raw_composition_structure_to_endpoint_linear_surrogate
mp_gap,realized_local_gain,atomic_radius_std,6.82726420889341e-06,0.0037640365601649063,-2.349104707051926e-22,8.484670638981504e-06,0.001981494056495392,low,raw_composition_structure_to_endpoint_linear_surrogate
mp_gap,realized_local_gain,atomic_radius_min,1.3029754988084618e-08,7.183620355757534e-06,0.0,1.4708107347460452e-08,0.001981494056495392,low,raw_composition_structure_to_endpoint_linear_surrogate
mp_gap,realized_local_gain,atomic_radius_max,2.138056949272781e-05,0.011787627193765509,1.1564823173178714e-21,2.6958293198329935e-05,0.001981494056495392,low,raw_composition_structure_to_endpoint_linear_surrogate
mp_gap,realized_local_gain,atomic_radius_range,1.5212118975459788e-05,0.008386810621247324,-2.168404344971009e-22,1.90871637903493e-05,0.001981494056495392,low,raw_composition_structure_to_endpoint_linear_surrogate
mp_gap,realized_local_gain,period_mean,3.0302515209434342e-05,0.016706512539046918,-5.782411586589357e-22,-3.623070288892881e-05,0.001981494056495392,low,raw_composition_structure_to_endpoint_linear_surrogate
mp_gap,realized_local_gain,period_std,6.055883558276093e-05,0.0333875567430946,-5.2041704279304214e-21,-7.623158683147692e-05,0.001981494056495392,low,raw_composition_structure_to_endpoint_linear_surrogate
mp_gap,realized_local_gain,period_min,2.0697473823407266e-05,0.011411019962121606,0.0,2.5517970388846426e-05,0.001981494056495392,low,raw_composition_structure_to_endpoint_linear_surrogate
mp_gap,realized_local_gain,period_max,1.7601756602793437e-05,0.009704275878137898,5.782411586589357e-22,-1.9811889497841063e-05,0.001981494056495392,low,raw_composition_structure_to_endpoint_linear_surrogate
mp_gap,realized_local_gain,period_range,3.511471059045543e-05,0.019359592717960332,5.782411586589357e-22,-4.174889644006394e-05,0.001981494056495392,low,raw_composition_structure_to_endpoint_linear_surrogate
mp_gap,realized_local_gain,group_mean,6.753909603091374e-05,0.03723594384551477,-2.3129646346357427e-21,8.726824338777457e-05,0.001981494056495392,low,raw_composition_structure_to_endpoint_linear_surrogate
mp_gap,realized_local_gain,group_std,1.0837733742894898e-05,0.005975105809505685,-2.529805069132844e-22,-1.3423472234292205e-05,0.001981494056495392,low,raw_composition_structure_to_endpoint_linear_surrogate
mp_gap,realized_local_gain,group_min,1.5304747160472565e-05,0.00843787878914328,-1.4456028966473392e-22,2.16786252603933e-05,0.001981494056495392,low,raw_composition_structure_to_endpoint_linear_surrogate
mp_gap,realized_local_gain,group_max,4.546719353212083e-05,0.02506716797631232,1.734723475976807e-21,6.97891394173702e-05,0.001981494056495392,low,raw_composition_structure_to_endpoint_linear_surrogate
mp_gap,realized_local_gain,group_range,2.0364889959027768e-05,0.011227658400807684,-1.4456028966473392e-22,2.5313678074500743e-05,0.001981494056495392,low,raw_composition_structure_to_endpoint_linear_surrogate
mp_gap,realized_local_gain,n_sites,2.47688599058034e-05,0.013655673983965817,0.0,3.540479570394378e-05,0.001981494056495392,low,raw_composition_structure_to_endpoint_linear_surrogate
mp_gap,realized_local_gain,volume,2.4437030368916034e-05,0.013472728301717337,-2.8912057932946784e-22,3.624257132702216e-05,0.001981494056495392,low,raw_composition_structure_to_endpoint_linear_surrogate
mp_gap,realized_local_gain,volume_per_atom,1.7471680001870916e-05,0.009632561489106847,0.0,3.9078044129328346e-05,0.001981494056495392,low,raw_composition_structure_to_endpoint_linear_surrogate
mp_gap,realized_local_gain,density,6.328510626973562e-05,0.034890615980982496,2.3129646346357427e-21,-8.13980275446342e-05,0.001981494056495392,low,raw_composition_structure_to_endpoint_linear_surrogate
mp_gap,realized_local_gain,lattice_a,6.344394026549592e-05,0.03497818502016807,1.734723475976807e-21,8.572424489003915e-05,0.001981494056495392,low,raw_composition_structure_to_endpoint_linear_surrogate
mp_gap,realized_local_gain,lattice_b,2.9282244541294778e-05,0.016144012542175748,-5.782411586589357e-22,3.9910587218065795e-05,0.001981494056495392,low,raw_composition_structure_to_endpoint_linear_surrogate
mp_gap,realized_local_gain,lattice_c,1.50552453996743e-05,0.00830032240920315,-2.8912057932946784e-22,2.6650975981955176e-05,0.001981494056495392,low,raw_composition_structure_to_endpoint_linear_surrogate
mp_gap,realized_local_gain,lattice_length_anisotropy,3.2885074050379585e-06,0.001813033994614101,-9.035018104045871e-23,-6.3706350723555385e-06,0.001981494056495392,low,raw_composition_structure_to_endpoint_linear_surrogate
mp_gap,realized_local_gain,lattice_alpha,4.287825434871482e-06,0.0023639822931471413,-1.3552527156068806e-23,6.26636270003225e-06,0.001981494056495392,low,raw_composition_structure_to_endpoint_linear_surrogate
mp_gap,realized_local_gain,lattice_beta,4.085161160252645e-05,0.02252248556797681,-1.5901631863120731e-21,5.8622277368556266e-05,0.001981494056495392,low,raw_composition_structure_to_endpoint_linear_surrogate
mp_gap,realized_local_gain,lattice_gamma,2.5774613551064634e-05,0.014210170393574667,-3.6140072416183483e-22,3.685309261929127e-05,0.001981494056495392,low,raw_composition_structure_to_endpoint_linear_surrogate
mp_gap,realized_local_gain,spacegroup_number,3.4522724050018556e-05,0.019033216161677753,5.782411586589357e-22,-3.8156811081109575e-05,0.001981494056495392,low,raw_composition_structure_to_endpoint_linear_surrogate
mp_gap,realized_local_gain,crystal_system,0.0002586104410096563,0.14257821654722394,4.6259292692714854e-21,-4.300922438095732e-05,0.001981494056495392,low,raw_composition_structure_to_endpoint_linear_surrogate
mp_is_metal,stage1_anchor_prediction,n_elements,0.015827876206013742,0.0023765504814569835,7.401486830834377e-19,-0.019547842534166193,0.5567380343960315,moderate,raw_composition_structure_to_endpoint_linear_surrogate
mp_is_metal,stage1_anchor_prediction,composition_entropy,0.02324389689345217,0.0034900635836462948,-7.401486830834377e-20,-0.030757713471018633,0.5567380343960315,moderate,raw_composition_structure_to_endpoint_linear_surrogate
mp_is_metal,stage1_anchor_prediction,max_atomic_fraction,0.0022010418298349273,0.00033048571724447154,0.0,-0.0028677194665078787,0.5567380343960315,moderate,raw_composition_structure_to_endpoint_linear_surrogate
mp_is_metal,stage1_anchor_prediction,min_atomic_fraction,0.019736821840731437,0.00296347740135846,-2.9605947323337507e-19,-0.027289824441709243,0.5567380343960315,moderate,raw_composition_structure_to_endpoint_linear_surrogate
mp_is_metal,stage1_anchor_prediction,metal_fraction,0.010520731945853672,0.001579684491195262,7.401486830834377e-19,0.013075300092936004,0.5567380343960315,moderate,raw_composition_structure_to_endpoint_linear_surrogate
mp_is_metal,stage1_anchor_prediction,transition_metal_fraction,0.013442085604541956,0.0020183247960407023,-4.440892098500626e-19,-0.017629555071099645,0.5567380343960315,moderate,raw_composition_structure_to_endpoint_linear_surrogate
mp_is_metal,stage1_anchor_prediction,alkali_fraction,0.039074586052926706,0.0058670364291535495,1.1842378929335003e-18,-0.05243667685749642,0.5567380343960315,moderate,raw_composition_structure_to_endpoint_linear_surrogate
mp_is_metal,stage1_anchor_prediction,alkaline_fraction,0.012631018515022428,0.0018965433354705733,4.440892098500626e-19,-0.02108453448425962,0.5567380343960315,moderate,raw_composition_structure_to_endpoint_linear_surrogate
mp_is_metal,stage1_anchor_prediction,halogen_fraction,0.0328604651823069,0.004933988194843233,-1.924386576016938e-18,-0.05293949484547511,0.5567380343960315,moderate,raw_composition_structure_to_endpoint_linear_surrogate
mp_is_metal,stage1_anchor_prediction,chalcogen_fraction,0.07429665779167892,0.01115561908289201,0.0,-0.07731500222632803,0.5567380343960315,moderate,raw_composition_structure_to_endpoint_linear_surrogate
mp_is_metal,stage1_anchor_prediction,rare_earth_fraction,0.00437211033605145,0.0006564709496640036,-2.220446049250313e-19,0.006035658049313497,0.5567380343960315,moderate,raw_composition_structure_to_endpoint_linear_surrogate
mp_is_metal,stage1_anchor_prediction,atomic_number_mean,1.5439781103235988,0.23182781275825493,1.1368683772161603e-16,-1.8930435523355982,0.5567380343960315,moderate,raw_composition_structure_to_endpoint_linear_surrogate
mp_is_metal,stage1_anchor_prediction,atomic_number_std,0.2528612404017289,0.03796703327703656,0.0,-0.30416208955273305,0.5567380343960315,moderate,raw_composition_structure_to_endpoint_linear_surrogate
mp_is_metal,stage1_anchor_prediction,atomic_number_min,0.2488807171569813,0.037369359002192196,4.736951571734001e-18,0.33519680298854837,0.5567380343960315,moderate,raw_composition_structure_to_endpoint_linear_surrogate
mp_is_metal,stage1_anchor_prediction,atomic_number_max,0.413184760183527,0.062039557800670664,0.0,0.47667121718245653,0.5567380343960315,moderate,raw_composition_structure_to_endpoint_linear_surrogate
mp_is_metal,stage1_anchor_prediction,atomic_number_range,0.2578068927834819,0.03870962137893921,-9.473903143468002e-18,0.3029022220780462,0.5567380343960315,moderate,raw_composition_structure_to_endpoint_linear_surrogate
mp_is_metal,stage1_anchor_prediction,atomic_mass_mean,1.1711933952261384,0.17585430863089363,3.789561257387201e-17,1.4483400730600238,0.5567380343960315,moderate,raw_composition_structure_to_endpoint_linear_surrogate
mp_is_metal,stage1_anchor_prediction,atomic_mass_std,0.1378000116439835,0.02069062707812049,-2.3684757858670005e-18,0.1654686181816487,0.5567380343960315,moderate,raw_composition_structure_to_endpoint_linear_surrogate
mp_is_metal,stage1_anchor_prediction,atomic_mass_min,0.23539913829799988,0.03534510430679982,-4.736951571734001e-18,-0.32720758113299553,0.5567380343960315,moderate,raw_composition_structure_to_endpoint_linear_surrogate
mp_is_metal,stage1_anchor_prediction,atomic_mass_max,0.35892390318411055,0.05389230771179037,-9.473903143468002e-18,-0.4130096264111671,0.5567380343960315,moderate,raw_composition_structure_to_endpoint_linear_surrogate
mp_is_metal,stage1_anchor_prediction,atomic_mass_range,0.22508313277030192,0.03379615942092508,2.3684757858670005e-18,-0.2633490022369074,0.5567380343960315,moderate,raw_composition_structure_to_endpoint_linear_surrogate
mp_is_metal,stage1_anchor_prediction,electronegativity_mean,0.15434672914920305,0.02317511134762856,-2.3684757858670005e-18,0.17848626832915215,0.5567380343960315,moderate,raw_composition_structure_to_endpoint_linear_surrogate
mp_is_metal,stage1_anchor_prediction,electronegativity_std,0.15429231932977494,0.0231669417308793,0.0,-0.17728759651913606,0.5567380343960315,moderate,raw_composition_structure_to_endpoint_linear_surrogate
mp_is_metal,stage1_anchor_prediction,electronegativity_min,0.03543114085509258,0.005319974313783647,1.6283271027835629e-18,-0.044498180370510454,0.5567380343960315,moderate,raw_composition_structure_to_endpoint_linear_surrogate
mp_is_metal,stage1_anchor_prediction,electronegativity_max,0.019726826488909537,0.0029619766025225655,2.3684757858670005e-18,0.021724304153622143,0.5567380343960315,moderate,raw_composition_structure_to_endpoint_linear_surrogate
mp_is_metal,stage1_anchor_prediction,electronegativity_range,0.03373358694025747,0.005065087143762205,1.7763568394002505e-18,0.03801536403636874,0.5567380343960315,moderate,raw_composition_structure_to_endpoint_linear_surrogate
mp_is_metal,stage1_anchor_prediction,atomic_radius_mean,0.22958610155886905,0.03447227872481431,-9.473903143468002e-18,0.2672522887500577,0.5567380343960315,moderate,raw_composition_structure_to_endpoint_linear_surrogate
mp_is_metal,stage1_anchor_prediction,atomic_radius_std,0.0032073678864709206,0.0004815852484306141,3.7007434154171883e-20,-0.003902426037825535,0.5567380343960315,moderate,raw_composition_structure_to_endpoint_linear_surrogate
mp_is_metal,stage1_anchor_prediction,atomic_radius_min,0.012475116901343395,0.0018731347587148332,-4.440892098500626e-19,0.013857708722582629,0.5567380343960315,moderate,raw_composition_structure_to_endpoint_linear_surrogate
mp_is_metal,stage1_anchor_prediction,atomic_radius_max,0.02468910651181812,0.0037070613393545998,1.1842378929335003e-18,-0.030874415283278722,0.5567380343960315,moderate,raw_composition_structure_to_endpoint_linear_surrogate
mp_is_metal,stage1_anchor_prediction,atomic_radius_range,0.02544756986327557,0.0038209443657071063,7.401486830834377e-19,-0.031927678359011225,0.5567380343960315,moderate,raw_composition_structure_to_endpoint_linear_surrogate
mp_is_metal,stage1_anchor_prediction,period_mean,0.2868322923091421,0.04306777570863887,-1.4210854715202004e-17,0.33739553248096854,0.5567380343960315,moderate,raw_composition_structure_to_endpoint_linear_surrogate
mp_is_metal,stage1_anchor_prediction,period_std,0.10096456838320894,0.015159797213352266,-2.3684757858670005e-18,0.12647718314138956,0.5567380343960315,moderate,raw_composition_structure_to_endpoint_linear_surrogate
mp_is_metal,stage1_anchor_prediction,period_min,0.0040318225699951995,0.0006053768519007398,-4.440892098500626e-19,0.004834638075294606,0.5567380343960315,moderate,raw_composition_structure_to_endpoint_linear_surrogate
mp_is_metal,stage1_anchor_prediction,period_max,0.033354520832777165,0.00500817049060478,-5.921189464667501e-19,-0.03814441772408372,0.5567380343960315,moderate,raw_composition_structure_to_endpoint_linear_surrogate
mp_is_metal,stage1_anchor_prediction,period_range,0.031881544769298054,0.0047870036121637006,-2.7385501274087195e-18,-0.03782847823765678,0.5567380343960315,moderate,raw_composition_structure_to_endpoint_linear_surrogate
mp_is_metal,stage1_anchor_prediction,group_mean,0.05010098309963448,0.00752264637132209,2.0724163126336257e-18,-0.06449035849021101,0.5567380343960315,moderate,raw_composition_structure_to_endpoint_linear_surrogate
mp_is_metal,stage1_anchor_prediction,group_std,0.03512636297677467,0.005274212014153159,-5.921189464667501e-19,0.04311400657525155,0.5567380343960315,moderate,raw_composition_structure_to_endpoint_linear_surrogate
mp_is_metal,stage1_anchor_prediction,group_min,0.007877587708516333,0.0011828172407793377,3.7007434154171883e-20,0.011371602707640704,0.5567380343960315,moderate,raw_composition_structure_to_endpoint_linear_surrogate
mp_is_metal,stage1_anchor_prediction,group_max,0.006292081952612681,0.0009447540654991323,-5.921189464667501e-19,0.009233932859274319,0.5567380343960315,moderate,raw_composition_structure_to_endpoint_linear_surrogate
mp_is_metal,stage1_anchor_prediction,group_range,0.002000744169929939,0.00030041108853963964,1.8503717077085942e-20,-0.0024801070433113637,0.5567380343960315,moderate,raw_composition_structure_to_endpoint_linear_surrogate
mp_is_metal,stage1_anchor_prediction,n_sites,0.00619575284620521,0.000930290281398773,1.8503717077085942e-20,0.00853166895819868,0.5567380343960315,moderate,raw_composition_structure_to_endpoint_linear_surrogate
mp_is_metal,stage1_anchor_prediction,volume,0.012440988705845328,0.0018680104212240348,-2.220446049250313e-19,-0.018572431090092323,0.5567380343960315,moderate,raw_composition_structure_to_endpoint_linear_surrogate
mp_is_metal,stage1_anchor_prediction,volume_per_atom,0.03926061702196961,0.005894968918850231,-1.1842378929335003e-18,-0.05328577426848824,0.5567380343960315,moderate,raw_composition_structure_to_endpoint_linear_surrogate
mp_is_metal,stage1_anchor_prediction,density,0.11620932501036009,0.017448792479071187,2.3684757858670005e-18,0.1461658094301015,0.5567380343960315,moderate,raw_composition_structure_to_endpoint_linear_surrogate
mp_is_metal,stage1_anchor_prediction,lattice_a,0.009469593864712245,0.0014218564490562104,7.401486830834377e-20,-0.01363846059524576,0.5567380343960315,moderate,raw_composition_structure_to_endpoint_linear_surrogate
mp_is_metal,stage1_anchor_prediction,lattice_b,0.006269191385621708,0.0009413170542858052,-1.1102230246251566e-19,-0.009826573285494078,0.5567380343960315,moderate,raw_composition_structure_to_endpoint_linear_surrogate
mp_is_metal,stage1_anchor_prediction,lattice_c,0.0185572927874819,0.0027863714963774987,0.0,-0.030970505335403686,0.5567380343960315,moderate,raw_composition_structure_to_endpoint_linear_surrogate
mp_is_metal,stage1_anchor_prediction,lattice_length_anisotropy,0.02383387363071169,0.0035786483994947917,5.921189464667501e-19,0.043440108797710764,0.5567380343960315,moderate,raw_composition_structure_to_endpoint_linear_surrogate
mp_is_metal,stage1_anchor_prediction,lattice_alpha,0.007752037231632774,0.0011639658773745995,-2.683038976177462e-19,-0.011170617420930284,0.5567380343960315,moderate,raw_composition_structure_to_endpoint_linear_surrogate
mp_is_metal,stage1_anchor_prediction,lattice_beta,0.003950825499178843,0.0005932151679742455,-3.7007434154171883e-20,0.0056383551457201975,0.5567380343960315,moderate,raw_composition_structure_to_endpoint_linear_surrogate
mp_is_metal,stage1_anchor_prediction,lattice_gamma,0.004314369975186082,0.0006478012531975913,1.295260195396016e-19,-0.006152514859763869,0.5567380343960315,moderate,raw_composition_structure_to_endpoint_linear_surrogate
mp_is_metal,stage1_anchor_prediction,spacegroup_number,0.04412191968590512,0.006624891937965991,-1.1842378929335003e-18,0.04861751696165584,0.5567380343960315,moderate,raw_composition_structure_to_endpoint_linear_surrogate
mp_is_metal,stage1_anchor_prediction,crystal_system,0.022928282618600818,0.0034426742025891136,5.921189464667501e-19,-0.004029467376199136,0.5567380343960315,moderate,raw_composition_structure_to_endpoint_linear_surrogate
mp_is_metal,hpsafemoe_prediction,n_elements,0.014937250365577772,0.0020772996697176267,1.1842378929335003e-18,-0.018447896245788797,0.5439698879363637,moderate,raw_composition_structure_to_endpoint_linear_surrogate
mp_is_metal,hpsafemoe_prediction,composition_entropy,0.020805356886428265,0.002893367917841891,2.220446049250313e-19,-0.027530891601713847,0.5439698879363637,moderate,raw_composition_structure_to_endpoint_linear_surrogate
mp_is_metal,hpsafemoe_prediction,max_atomic_fraction,0.003372159065167134,0.00046896080207972304,-5.551115123125783e-20,0.004393558570427558,0.5439698879363637,moderate,raw_composition_structure_to_endpoint_linear_surrogate
mp_is_metal,hpsafemoe_prediction,min_atomic_fraction,0.022232233953011604,0.0030918014438656464,-2.9605947323337507e-19,-0.03074019547932494,0.5439698879363637,moderate,raw_composition_structure_to_endpoint_linear_surrogate
mp_is_metal,hpsafemoe_prediction,metal_fraction,0.007590004482260524,0.001055529861137548,1.4802973661668753e-19,0.009432954553261652,0.5439698879363637,moderate,raw_composition_structure_to_endpoint_linear_surrogate
mp_is_metal,hpsafemoe_prediction,transition_metal_fraction,0.008413427718906517,0.0011700420220546806,2.220446049250313e-19,-0.011034373063139924,0.5439698879363637,moderate,raw_composition_structure_to_endpoint_linear_surrogate
mp_is_metal,hpsafemoe_prediction,alkali_fraction,0.035185008801711375,0.004893123257225375,2.0724163126336257e-18,-0.047217005300183246,0.5439698879363637,moderate,raw_composition_structure_to_endpoint_linear_surrogate
mp_is_metal,hpsafemoe_prediction,alkaline_fraction,0.006958052400986175,0.0009676452895075674,-2.9605947323337507e-19,-0.011614842905771638,0.5439698879363637,moderate,raw_composition_structure_to_endpoint_linear_surrogate
mp_is_metal,hpsafemoe_prediction,halogen_fraction,0.03546092882546977,0.004931495016430981,3.885780586188048e-18,-0.05712894349963449,0.5439698879363637,moderate,raw_composition_structure_to_endpoint_linear_surrogate
mp_is_metal,hpsafemoe_prediction,chalcogen_fraction,0.08239055800986286,0.011457923965453934,-5.921189464667502e-18,-0.08573772179391881,0.5439698879363637,moderate,raw_composition_structure_to_endpoint_linear_surrogate
mp_is_metal,hpsafemoe_prediction,rare_earth_fraction,0.009058817300683477,0.001259795325524373,-4.440892098500626e-19,0.012505613846769847,0.5439698879363637,moderate,raw_composition_structure_to_endpoint_linear_surrogate
mp_is_metal,hpsafemoe_prediction,atomic_number_mean,1.6348611032228375,0.22735753546617576,1.1368683772161603e-16,-2.0044735412548107,0.5439698879363637,moderate,raw_composition_structure_to_endpoint_linear_surrogate
mp_is_metal,hpsafemoe_prediction,atomic_number_std,0.28733533947016754,0.039959269020158374,4.736951571734001e-18,-0.345630343016353,0.5439698879363637,moderate,raw_composition_structure_to_endpoint_linear_surrogate
mp_is_metal,hpsafemoe_prediction,atomic_number_min,0.2573301093147293,0.03578648934744635,-1.4210854715202004e-17,0.3465765887382304,0.5439698879363637,moderate,raw_composition_structure_to_endpoint_linear_surrogate
mp_is_metal,hpsafemoe_prediction,atomic_number_max,0.4548063182880281,0.06324919189561076,1.8947806286936004e-17,0.5246879900031445,0.5439698879363637,moderate,raw_composition_structure_to_endpoint_linear_surrogate
mp_is_metal,hpsafemoe_prediction,atomic_number_range,0.29619974354835354,0.04119202760779601,-4.736951571734001e-18,0.34801071271238015,0.5439698879363637,moderate,raw_composition_structure_to_endpoint_linear_surrogate
mp_is_metal,hpsafemoe_prediction,atomic_mass_mean,1.2623994453762442,0.17555988463411912,0.0,1.561128770363439,0.5439698879363637,moderate,raw_composition_structure_to_endpoint_linear_surrogate
mp_is_metal,hpsafemoe_prediction,atomic_mass_std,0.17517264256760343,0.024360981013467224,-4.736951571734001e-18,0.210345229750601,0.5439698879363637,moderate,raw_composition_structure_to_endpoint_linear_surrogate
mp_is_metal,hpsafemoe_prediction,atomic_mass_min,0.2527304733925172,0.03514682528959195,9.473903143468002e-18,-0.35129834151166506,0.5439698879363637,moderate,raw_composition_structure_to_endpoint_linear_surrogate
mp_is_metal,hpsafemoe_prediction,atomic_mass_max,0.4083038900108607,0.05678217309783814,-9.473903143468002e-18,-0.4698306119476001,0.5439698879363637,moderate,raw_composition_structure_to_endpoint_linear_surrogate
mp_is_metal,hpsafemoe_prediction,atomic_mass_range,0.2664015145607053,0.0370480352585175,4.736951571734001e-18,-0.31169182777261994,0.5439698879363637,moderate,raw_composition_structure_to_endpoint_linear_surrogate
mp_is_metal,hpsafemoe_prediction,electronegativity_mean,0.14890819096396696,0.020708425469022598,-4.736951571734001e-18,0.17219715296403137,0.5439698879363637,moderate,raw_composition_structure_to_endpoint_linear_surrogate
mp_is_metal,hpsafemoe_prediction,electronegativity_std,0.17768054097237215,0.024709750459008344,0.0,-0.2041615304899551,0.5439698879363637,moderate,raw_composition_structure_to_endpoint_linear_surrogate
mp_is_metal,hpsafemoe_prediction,electronegativity_min,0.02938043365133086,0.0040858902158268495,1.924386576016938e-18,-0.0368990612333846,0.5439698879363637,moderate,raw_composition_structure_to_endpoint_linear_surrogate
mp_is_metal,hpsafemoe_prediction,electronegativity_max,0.033916744651331716,0.004716747777386755,3.552713678800501e-18,0.03735104970485281,0.5439698879363637,moderate,raw_composition_structure_to_endpoint_linear_surrogate
mp_is_metal,hpsafemoe_prediction,electronegativity_range,0.04263934118545578,0.005929785415235519,2.3684757858670005e-18,0.04805151851496703,0.5439698879363637,moderate,raw_composition_structure_to_endpoint_linear_surrogate
mp_is_metal,hpsafemoe_prediction,atomic_radius_mean,0.22401726841981795,0.031153725505727172,0.0,0.26076982577876606,0.5439698879363637,moderate,raw_composition_structure_to_endpoint_linear_surrogate
mp_is_metal,hpsafemoe_prediction,atomic_radius_std,0.005465175670464085,0.0007600332951080402,-1.1102230246251566e-19,0.006649515924777916,0.5439698879363637,moderate,raw_composition_structure_to_endpoint_linear_surrogate
mp_is_metal,hpsafemoe_prediction,atomic_radius_min,0.016412953083005048,0.0022825233014093964,-8.881784197001253e-19,0.018231967275369243,0.5439698879363637,moderate,raw_composition_structure_to_endpoint_linear_surrogate
mp_is_metal,hpsafemoe_prediction,atomic_radius_max,0.026743052880155563,0.003719113863365935,-5.921189464667501e-19,-0.033442932419177396,0.5439698879363637,moderate,raw_composition_structure_to_endpoint_linear_surrogate
mp_is_metal,hpsafemoe_prediction,atomic_radius_range,0.02962805258740759,0.004120326187745308,6.661338147750939e-19,-0.03717270208892387,0.5439698879363637,moderate,raw_composition_structure_to_endpoint_linear_surrogate
mp_is_metal,hpsafemoe_prediction,period_mean,0.2990660614405602,0.041590641881846586,0.0,0.3517858893585526,0.5439698879363637,moderate,raw_composition_structure_to_endpoint_linear_surrogate
mp_is_metal,hpsafemoe_prediction,period_std,0.10643699345354421,0.014802023527456111,-1.7763568394002505e-18,0.13333242868873185,0.5439698879363637,moderate,raw_composition_structure_to_endpoint_linear_surrogate
mp_is_metal,hpsafemoe_prediction,period_min,0.019472263968823733,0.002707976804372683,-5.921189464667501e-19,0.023349576317286846,0.5439698879363637,moderate,raw_composition_structure_to_endpoint_linear_surrogate
mp_is_metal,hpsafemoe_prediction,period_max,0.023207892021714624,0.0032274846609418387,-5.921189464667501e-19,-0.026540675916464807,0.5439698879363637,moderate,raw_composition_structure_to_endpoint_linear_surrogate
mp_is_metal,hpsafemoe_prediction,period_range,0.037984743709678755,0.005282477941473019,-2.4424906541753442e-18,-0.04507012007047706,0.5439698879363637,moderate,raw_composition_structure_to_endpoint_linear_surrogate
mp_is_metal,hpsafemoe_prediction,group_mean,0.03978109764719685,0.005532294028756495,1.4802973661668755e-18,-0.05120652509552315,0.5439698879363637,moderate,raw_composition_structure_to_endpoint_linear_surrogate
mp_is_metal,hpsafemoe_prediction,group_std,0.04838404985390976,0.006728692920133717,-5.921189464667501e-19,0.05938645697301581,0.5439698879363637,moderate,raw_composition_structure_to_endpoint_linear_surrogate
mp_is_metal,hpsafemoe_prediction,group_min,0.0066825885878906,0.0009293369747938197,1.6653345369377348e-19,0.009646575232409305,0.5439698879363637,moderate,raw_composition_structure_to_endpoint_linear_surrogate
mp_is_metal,hpsafemoe_prediction,group_max,0.0013110844142977447,0.00018233042589075514,0.0,0.001924079429613812,0.5439698879363637,moderate,raw_composition_structure_to_endpoint_linear_surrogate
mp_is_metal,hpsafemoe_prediction,group_range,0.004925448265899817,0.0006849742627025444,-7.401486830834377e-20,-0.006105547685365309,0.5439698879363637,moderate,raw_composition_structure_to_endpoint_linear_surrogate
mp_is_metal,hpsafemoe_prediction,n_sites,0.0007844989626546178,0.00010909902399250734,-6.938893903907229e-21,0.0010802699225678225,0.5439698879363637,moderate,raw_composition_structure_to_endpoint_linear_surrogate
mp_is_metal,hpsafemoe_prediction,volume,0.012506871506691908,0.0017393107442265846,-1.4802973661668753e-19,-0.018670783705601934,0.5439698879363637,moderate,raw_composition_structure_to_endpoint_linear_surrogate
mp_is_metal,hpsafemoe_prediction,volume_per_atom,0.04494768007098689,0.0062508024355808585,-1.1842378929335003e-18,-0.061004439456837645,0.5439698879363637,moderate,raw_composition_structure_to_endpoint_linear_surrogate
mp_is_metal,hpsafemoe_prediction,density,0.11088360359643579,0.015420406533372503,2.3684757858670005e-18,0.139467221505285,0.5439698879363637,moderate,raw_composition_structure_to_endpoint_linear_surrogate
mp_is_metal,hpsafemoe_prediction,lattice_a,0.007809924956923359,0.0010861138520462108,3.7007434154171883e-20,-0.011248143827344848,0.5439698879363637,moderate,raw_composition_structure_to_endpoint_linear_surrogate
mp_is_metal,hpsafemoe_prediction,lattice_b,0.0035869547136012764,0.0004988320915492538,-1.8503717077085942e-20,-0.005622331684719484,0.5439698879363637,moderate,raw_composition_structure_to_endpoint_linear_surrogate
mp_is_metal,hpsafemoe_prediction,lattice_c,0.014531091098127641,0.0020208157458710256,-2.9605947323337507e-19,-0.024251125395153394,0.5439698879363637,moderate,raw_composition_structure_to_endpoint_linear_surrogate
mp_is_metal,hpsafemoe_prediction,lattice_length_anisotropy,0.026312894603128904,0.0036592924353973065,5.921189464667501e-19,0.04795842346288737,0.5439698879363637,moderate,raw_composition_structure_to_endpoint_linear_surrogate
mp_is_metal,hpsafemoe_prediction,lattice_alpha,0.009418442575205556,0.0013098078409273662,2.590520390792032e-19,-0.013571892854088219,0.5439698879363637,moderate,raw_composition_structure_to_endpoint_linear_surrogate
mp_is_metal,hpsafemoe_prediction,lattice_beta,0.0030397235345901437,0.0004227295211566042,1.8503717077085942e-20,0.004338091073975647,0.5439698879363637,moderate,raw_composition_structure_to_endpoint_linear_surrogate
mp_is_metal,hpsafemoe_prediction,lattice_gamma,0.004393301177494113,0.0006109694128184066,2.1279274638648833e-19,-0.0062650748390638,0.5439698879363637,moderate,raw_composition_structure_to_endpoint_linear_surrogate
mp_is_metal,hpsafemoe_prediction,spacegroup_number,0.057319123477362385,0.007971279409121906,-2.3684757858670005e-18,0.06315938829783363,0.5439698879363637,moderate,raw_composition_structure_to_endpoint_linear_surrogate
mp_is_metal,hpsafemoe_prediction,crystal_system,0.03118313360992038,0.004336588834175484,1.7023419710919066e-18,-0.007639526439533029,0.5439698879363637,moderate,raw_composition_structure_to_endpoint_linear_surrogate
mp_is_metal,stage2_correction,n_elements,1.8390746488646913e-05,0.0007702861396985523,-5.782411586589357e-22,2.2713054598522153e-05,-0.0017946982087881924,low,raw_composition_structure_to_endpoint_linear_surrogate
mp_is_metal,stage2_correction,composition_entropy,7.053839059706035e-05,0.002954461072425773,5.782411586589357e-22,-9.334061395283315e-05,-0.0017946982087881924,low,raw_composition_structure_to_endpoint_linear_surrogate
mp_is_metal,stage2_correction,max_atomic_fraction,0.00037390613203161705,0.015660849396736044,-4.6259292692714854e-21,0.00048715925292258075,-0.0017946982087881924,low,raw_composition_structure_to_endpoint_linear_surrogate
mp_is_metal,stage2_correction,min_atomic_fraction,0.0004682799918939587,0.019613645779780732,1.8503717077085942e-20,-0.000647484122391894,-0.0017946982087881924,low,raw_composition_structure_to_endpoint_linear_surrogate
mp_is_metal,stage2_correction,metal_fraction,0.0003334081697240176,0.013964614876248485,9.251858538542971e-21,0.0004143639335185381,-0.0017946982087881924,low,raw_composition_structure_to_endpoint_linear_surrogate
mp_is_metal,stage2_correction,transition_metal_fraction,0.0005005915339883986,0.020966996664313783,-2.312964634635743e-20,0.000656535471965211,-0.0017946982087881924,low,raw_composition_structure_to_endpoint_linear_surrogate
mp_is_metal,stage2_correction,alkali_fraction,0.0006112177287137317,0.025600513011087518,4.6259292692714854e-21,-0.0008202320169616816,-0.0017946982087881924,low,raw_composition_structure_to_endpoint_linear_surrogate
mp_is_metal,stage2_correction,alkaline_fraction,0.00032507535851032427,0.013615599735041735,1.8503717077085942e-20,0.0005426373651770251,-0.0017946982087881924,low,raw_composition_structure_to_endpoint_linear_surrogate
mp_is_metal,stage2_correction,halogen_fraction,7.784742075441318e-05,0.0032605957161893195,-3.469446951953614e-21,0.00012541524007337462,-0.0017946982087881924,low,raw_composition_structure_to_endpoint_linear_surrogate
mp_is_metal,stage2_correction,chalcogen_fraction,0.0005795876271533827,0.0242757038825274,-9.251858538542971e-21,-0.0006031337077013806,-0.0017946982087881924,low,raw_composition_structure_to_endpoint_linear_surrogate
mp_is_metal,stage2_correction,rare_earth_fraction,0.0005256668862931813,0.02201726378318011,-2.7755575615628914e-20,0.0007256782948388212,-0.0017946982087881924,low,raw_composition_structure_to_endpoint_linear_surrogate
mp_is_metal,stage2_correction,atomic_number_mean,0.0005732537360913925,0.024010412394853232,-1.8503717077085942e-20,0.0007028560066390187,-0.0017946982087881924,low,raw_composition_structure_to_endpoint_linear_surrogate
mp_is_metal,stage2_correction,atomic_number_std,0.00045647711660446523,0.01911928894387416,0.0,0.000549087845170878,-0.0017946982087881924,low,raw_composition_structure_to_endpoint_linear_surrogate
mp_is_metal,stage2_correction,atomic_number_min,0.00028865524679868817,0.012090163708012348,-9.251858538542971e-21,0.00038876581921676854,-0.0017946982087881924,low,raw_composition_structure_to_endpoint_linear_surrogate
mp_is_metal,stage2_correction,atomic_number_max,0.00033659875872927815,0.014098250913792909,1.8503717077085942e-20,0.0003883176619445554,-0.0017946982087881924,low,raw_composition_structure_to_endpoint_linear_surrogate
mp_is_metal,stage2_correction,atomic_number_range,0.00014581319105664493,0.006107304025178491,-4.6259292692714854e-21,0.00017131869168619178,-0.0017946982087881924,low,raw_composition_structure_to_endpoint_linear_surrogate
mp_is_metal,stage2_correction,atomic_mass_mean,0.0005573196968404927,0.023343024064969083,1.8503717077085942e-20,0.0006892016755984985,-0.0017946982087881924,low,raw_composition_structure_to_endpoint_linear_surrogate
mp_is_metal,stage2_correction,atomic_mass_std,0.00047444797309253485,0.0198719882255383,0.0,0.0005697114939985091,-0.0017946982087881924,low,raw_composition_structure_to_endpoint_linear_surrogate
mp_is_metal,stage2_correction,atomic_mass_min,0.00022950329601572654,0.009612617304315571,-4.6259292692714854e-21,0.0003190122907599182,-0.0017946982087881924,low,raw_composition_structure_to_endpoint_linear_surrogate
mp_is_metal,stage2_correction,atomic_mass_max,0.00030100832423349494,0.012607565453315546,4.6259292692714854e-21,0.00034636683273378256,-0.0017946982087881924,low,raw_composition_structure_to_endpoint_linear_surrogate
mp_is_metal,stage2_correction,atomic_mass_range,0.00016669917272561126,0.006982101696036195,-4.6259292692714854e-21,0.00019503931845398545,-0.0017946982087881924,low,raw_composition_structure_to_endpoint_linear_surrogate
mp_is_metal,stage2_correction,electronegativity_mean,0.00038424965138391537,0.016094081924719488,4.6259292692714854e-21,-0.00044434557674361203,-0.0017946982087881924,low,raw_composition_structure_to_endpoint_linear_surrogate
mp_is_metal,stage2_correction,electronegativity_std,0.0005594481077334825,0.023432171365839423,0.0,-0.0006428266217533467,-0.0017946982087881924,low,raw_composition_structure_to_endpoint_linear_surrogate
mp_is_metal,stage2_correction,electronegativity_min,0.0004393827193855187,0.018403299668920875,-2.3707887505016365e-20,0.0005518233685690645,-0.0017946982087881924,low,raw_composition_structure_to_endpoint_linear_surrogate
mp_is_metal,stage2_correction,electronegativity_max,0.0004430950068043858,0.01855878675298763,-9.251858538542971e-21,-0.0004879614418559147,-0.0017946982087881924,low,raw_composition_structure_to_endpoint_linear_surrogate
mp_is_metal,stage2_correction,electronegativity_range,0.000584103746133465,0.024464859002344557,-2.7755575615628914e-20,-0.0006582435654884706,-0.0017946982087881924,low,raw_composition_structure_to_endpoint_linear_surrogate
mp_is_metal,stage2_correction,atomic_radius_mean,0.0005543557651332135,0.023218881441691687,-1.8503717077085942e-20,0.0006453040754980209,-0.0017946982087881924,low,raw_composition_structure_to_endpoint_linear_surrogate
mp_is_metal,stage2_correction,atomic_radius_std,0.0005481207742549015,0.022957732332944226,-4.6259292692714854e-21,-0.0006669022254503429,-0.0017946982087881924,low,raw_composition_structure_to_endpoint_linear_surrogate
mp_is_metal,stage2_correction,atomic_radius_min,0.000810966119034308,0.03396686271777399,-1.8503717077085942e-20,0.0009008438438160466,-0.0017946982087881924,low,raw_composition_structure_to_endpoint_linear_surrogate
mp_is_metal,stage2_correction,atomic_radius_max,0.00033841555207816607,0.014174346287964304,4.6259292692714854e-21,-0.0004231980727281455,-0.0017946982087881924,low,raw_composition_structure_to_endpoint_linear_surrogate
mp_is_metal,stage2_correction,atomic_radius_range,0.0008041688364075539,0.03368216233335867,2.544261098099317e-20,-0.0010089467911124075,-0.0017946982087881924,low,raw_composition_structure_to_endpoint_linear_surrogate
mp_is_metal,stage2_correction,period_mean,0.0006987449765935429,0.029266542877216053,-3.7007434154171883e-20,0.0008219208219139077,-0.0017946982087881924,low,raw_composition_structure_to_endpoint_linear_surrogate
mp_is_metal,stage2_correction,period_std,0.0002199549588428551,0.009212690537559706,-2.3129646346357427e-21,0.0002755351115535608,-0.0017946982087881924,low,raw_composition_structure_to_endpoint_linear_surrogate
mp_is_metal,stage2_correction,period_min,0.0007355814033990743,0.030809416029311178,3.7007434154171883e-20,0.0008820501891173352,-0.0017946982087881924,low,raw_composition_structure_to_endpoint_linear_surrogate
mp_is_metal,stage2_correction,period_max,0.0006092631560525555,0.025518646827413727,9.251858538542971e-21,0.0006967567738381232,-0.0017946982087881924,low,raw_composition_structure_to_endpoint_linear_surrogate
mp_is_metal,stage2_correction,period_range,0.00018486234889429214,0.007742856180052101,-1.0408340855860843e-20,-0.00021934512247487353,-0.0017946982087881924,low,raw_composition_structure_to_endpoint_linear_surrogate
mp_is_metal,stage2_correction,group_mean,7.393525067192312e-05,0.0030967366584536402,1.734723475976807e-21,-9.517000517562143e-05,-0.0017946982087881924,low,raw_composition_structure_to_endpoint_linear_surrogate
mp_is_metal,stage2_correction,group_std,0.0005230613350376078,0.02190813172485494,-1.3877787807814457e-20,0.0006420041224587367,-0.0017946982087881924,low,raw_composition_structure_to_endpoint_linear_surrogate
mp_is_metal,stage2_correction,group_min,0.00023994970906757325,0.010050159477406317,0.0,-0.0003463766907197436,-0.0017946982087881924,low,raw_composition_structure_to_endpoint_linear_surrogate
mp_is_metal,stage2_correction,group_max,0.000110856192573712,0.004643149678127423,-4.6259292692714854e-21,0.00016268679381001899,-0.0017946982087881924,low,raw_composition_structure_to_endpoint_linear_surrogate
mp_is_metal,stage2_correction,group_range,0.0003034774237775606,0.012710982307955128,1.1564823173178715e-20,0.0003761882740975682,-0.0017946982087881924,low,raw_composition_structure_to_endpoint_linear_surrogate
mp_is_metal,stage2_correction,n_sites,0.0004179712180779004,0.01750649090166516,-5.782411586589357e-21,-0.0005755542797159544,-0.0017946982087881924,low,raw_composition_structure_to_endpoint_linear_surrogate
mp_is_metal,stage2_correction,volume,4.1605691100163546e-05,0.0017426311219514462,-5.782411586589357e-22,-6.211072521514286e-05,-0.0017946982087881924,low,raw_composition_structure_to_endpoint_linear_surrogate
mp_is_metal,stage2_correction,volume_per_atom,7.964154883266647e-06,0.000333574176816582,-7.228014483236696e-23,-1.0809207586104689e-05,-0.0017946982087881924,low,raw_composition_structure_to_endpoint_linear_surrogate
mp_is_metal,stage2_correction,density,0.00038603376950447656,0.016168808715211744,9.251858538542971e-21,0.0004855457028250078,-0.0017946982087881924,low,raw_composition_structure_to_endpoint_linear_surrogate
mp_is_metal,stage2_correction,lattice_a,4.953489975238062e-05,0.002074741595408907,-5.782411586589357e-22,7.134200135866346e-05,-0.0017946982087881924,low,raw_composition_structure_to_endpoint_linear_surrogate
mp_is_metal,stage2_correction,lattice_b,0.0003814323646847265,0.015976081445658895,9.251858538542971e-21,0.0005978718553129746,-0.0017946982087881924,low,raw_composition_structure_to_endpoint_linear_surrogate
mp_is_metal,stage2_correction,lattice_c,0.0010306385954270232,0.0431677216357643,2.7755575615628914e-20,0.0017200460478845974,-0.0017946982087881924,low,raw_composition_structure_to_endpoint_linear_surrogate
mp_is_metal,stage2_correction,lattice_length_anisotropy,0.001237103561276107,0.05181539135515617,2.7755575615628914e-20,0.0022547704216498705,-0.0017946982087881924,low,raw_composition_structure_to_endpoint_linear_surrogate
mp_is_metal,stage2_correction,lattice_alpha,0.0006686898558127414,0.028007700938488388,6.938893903907229e-21,-0.000963576196726788,-0.0017946982087881924,low,raw_composition_structure_to_endpoint_linear_surrogate
mp_is_metal,stage2_correction,lattice_beta,0.0005756923592332277,0.024112552762415987,-2.0816681711721686e-20,-0.0008215898112202435,-0.0017946982087881924,low,raw_composition_structure_to_endpoint_linear_surrogate
mp_is_metal,stage2_correction,lattice_gamma,1.412325022422389e-05,0.0005915444433933114,-5.963111948670274e-22,2.0140485719227893e-05,-0.0017946982087881924,low,raw_composition_structure_to_endpoint_linear_surrogate
mp_is_metal,stage2_correction,spacegroup_number,0.00019762205829413704,0.008277289477979911,4.6259292692714854e-21,-0.0002177578364565542,-0.0017946982087881924,low,raw_composition_structure_to_endpoint_linear_surrogate
mp_is_metal,stage2_correction,crystal_system,0.0022865227707654346,0.0957697285160788,-1.7115938296304497e-19,-2.5448576910776385e-05,-0.0017946982087881924,low,raw_composition_structure_to_endpoint_linear_surrogate
mp_is_metal,benefit_gate_probability,n_elements,0.0,0.0,0.0,0.0,,low,raw_composition_structure_to_endpoint_linear_surrogate
mp_is_metal,benefit_gate_probability,composition_entropy,0.0,0.0,0.0,0.0,,low,raw_composition_structure_to_endpoint_linear_surrogate
mp_is_metal,benefit_gate_probability,max_atomic_fraction,0.0,0.0,0.0,0.0,,low,raw_composition_structure_to_endpoint_linear_surrogate
mp_is_metal,benefit_gate_probability,min_atomic_fraction,0.0,0.0,0.0,0.0,,low,raw_composition_structure_to_endpoint_linear_surrogate
mp_is_metal,benefit_gate_probability,metal_fraction,0.0,0.0,0.0,0.0,,low,raw_composition_structure_to_endpoint_linear_surrogate
mp_is_metal,benefit_gate_probability,transition_metal_fraction,0.0,0.0,0.0,0.0,,low,raw_composition_structure_to_endpoint_linear_surrogate
mp_is_metal,benefit_gate_probability,alkali_fraction,0.0,0.0,0.0,0.0,,low,raw_composition_structure_to_endpoint_linear_surrogate
mp_is_metal,benefit_gate_probability,alkaline_fraction,0.0,0.0,0.0,0.0,,low,raw_composition_structure_to_endpoint_linear_surrogate
mp_is_metal,benefit_gate_probability,halogen_fraction,0.0,0.0,0.0,0.0,,low,raw_composition_structure_to_endpoint_linear_surrogate
mp_is_metal,benefit_gate_probability,chalcogen_fraction,0.0,0.0,0.0,0.0,,low,raw_composition_structure_to_endpoint_linear_surrogate
mp_is_metal,benefit_gate_probability,rare_earth_fraction,0.0,0.0,0.0,0.0,,low,raw_composition_structure_to_endpoint_linear_surrogate
mp_is_metal,benefit_gate_probability,atomic_number_mean,0.0,0.0,0.0,0.0,,low,raw_composition_structure_to_endpoint_linear_surrogate
mp_is_metal,benefit_gate_probability,atomic_number_std,0.0,0.0,0.0,0.0,,low,raw_composition_structure_to_endpoint_linear_surrogate
mp_is_metal,benefit_gate_probability,atomic_number_min,0.0,0.0,0.0,0.0,,low,raw_composition_structure_to_endpoint_linear_surrogate
mp_is_metal,benefit_gate_probability,atomic_number_max,0.0,0.0,0.0,0.0,,low,raw_composition_structure_to_endpoint_linear_surrogate
mp_is_metal,benefit_gate_probability,atomic_number_range,0.0,0.0,0.0,0.0,,low,raw_composition_structure_to_endpoint_linear_surrogate
mp_is_metal,benefit_gate_probability,atomic_mass_mean,0.0,0.0,0.0,0.0,,low,raw_composition_structure_to_endpoint_linear_surrogate
mp_is_metal,benefit_gate_probability,atomic_mass_std,0.0,0.0,0.0,0.0,,low,raw_composition_structure_to_endpoint_linear_surrogate
mp_is_metal,benefit_gate_probability,atomic_mass_min,0.0,0.0,0.0,0.0,,low,raw_composition_structure_to_endpoint_linear_surrogate
mp_is_metal,benefit_gate_probability,atomic_mass_max,0.0,0.0,0.0,0.0,,low,raw_composition_structure_to_endpoint_linear_surrogate
mp_is_metal,benefit_gate_probability,atomic_mass_range,0.0,0.0,0.0,0.0,,low,raw_composition_structure_to_endpoint_linear_surrogate
mp_is_metal,benefit_gate_probability,electronegativity_mean,0.0,0.0,0.0,0.0,,low,raw_composition_structure_to_endpoint_linear_surrogate
mp_is_metal,benefit_gate_probability,electronegativity_std,0.0,0.0,0.0,0.0,,low,raw_composition_structure_to_endpoint_linear_surrogate
mp_is_metal,benefit_gate_probability,electronegativity_min,0.0,0.0,0.0,0.0,,low,raw_composition_structure_to_endpoint_linear_surrogate
mp_is_metal,benefit_gate_probability,electronegativity_max,0.0,0.0,0.0,0.0,,low,raw_composition_structure_to_endpoint_linear_surrogate
mp_is_metal,benefit_gate_probability,electronegativity_range,0.0,0.0,0.0,0.0,,low,raw_composition_structure_to_endpoint_linear_surrogate
mp_is_metal,benefit_gate_probability,atomic_radius_mean,0.0,0.0,0.0,0.0,,low,raw_composition_structure_to_endpoint_linear_surrogate
mp_is_metal,benefit_gate_probability,atomic_radius_std,0.0,0.0,0.0,0.0,,low,raw_composition_structure_to_endpoint_linear_surrogate
mp_is_metal,benefit_gate_probability,atomic_radius_min,0.0,0.0,0.0,0.0,,low,raw_composition_structure_to_endpoint_linear_surrogate
mp_is_metal,benefit_gate_probability,atomic_radius_max,0.0,0.0,0.0,0.0,,low,raw_composition_structure_to_endpoint_linear_surrogate
mp_is_metal,benefit_gate_probability,atomic_radius_range,0.0,0.0,0.0,0.0,,low,raw_composition_structure_to_endpoint_linear_surrogate
mp_is_metal,benefit_gate_probability,period_mean,0.0,0.0,0.0,0.0,,low,raw_composition_structure_to_endpoint_linear_surrogate
mp_is_metal,benefit_gate_probability,period_std,0.0,0.0,0.0,0.0,,low,raw_composition_structure_to_endpoint_linear_surrogate
mp_is_metal,benefit_gate_probability,period_min,0.0,0.0,0.0,0.0,,low,raw_composition_structure_to_endpoint_linear_surrogate
mp_is_metal,benefit_gate_probability,period_max,0.0,0.0,0.0,0.0,,low,raw_composition_structure_to_endpoint_linear_surrogate
mp_is_metal,benefit_gate_probability,period_range,0.0,0.0,0.0,0.0,,low,raw_composition_structure_to_endpoint_linear_surrogate
mp_is_metal,benefit_gate_probability,group_mean,0.0,0.0,0.0,0.0,,low,raw_composition_structure_to_endpoint_linear_surrogate
mp_is_metal,benefit_gate_probability,group_std,0.0,0.0,0.0,0.0,,low,raw_composition_structure_to_endpoint_linear_surrogate
mp_is_metal,benefit_gate_probability,group_min,0.0,0.0,0.0,0.0,,low,raw_composition_structure_to_endpoint_linear_surrogate
mp_is_metal,benefit_gate_probability,group_max,0.0,0.0,0.0,0.0,,low,raw_composition_structure_to_endpoint_linear_surrogate
mp_is_metal,benefit_gate_probability,group_range,0.0,0.0,0.0,0.0,,low,raw_composition_structure_to_endpoint_linear_surrogate
mp_is_metal,benefit_gate_probability,n_sites,0.0,0.0,0.0,0.0,,low,raw_composition_structure_to_endpoint_linear_surrogate
mp_is_metal,benefit_gate_probability,volume,0.0,0.0,0.0,0.0,,low,raw_composition_structure_to_endpoint_linear_surrogate
mp_is_metal,benefit_gate_probability,volume_per_atom,0.0,0.0,0.0,0.0,,low,raw_composition_structure_to_endpoint_linear_surrogate
mp_is_metal,benefit_gate_probability,density,0.0,0.0,0.0,0.0,,low,raw_composition_structure_to_endpoint_linear_surrogate
mp_is_metal,benefit_gate_probability,lattice_a,0.0,0.0,0.0,0.0,,low,raw_composition_structure_to_endpoint_linear_surrogate
mp_is_metal,benefit_gate_probability,lattice_b,0.0,0.0,0.0,0.0,,low,raw_composition_structure_to_endpoint_linear_surrogate
mp_is_metal,benefit_gate_probability,lattice_c,0.0,0.0,0.0,0.0,,low,raw_composition_structure_to_endpoint_linear_surrogate
mp_is_metal,benefit_gate_probability,lattice_length_anisotropy,0.0,0.0,0.0,0.0,,low,raw_composition_structure_to_endpoint_linear_surrogate
mp_is_metal,benefit_gate_probability,lattice_alpha,0.0,0.0,0.0,0.0,,low,raw_composition_structure_to_endpoint_linear_surrogate
mp_is_metal,benefit_gate_probability,lattice_beta,0.0,0.0,0.0,0.0,,low,raw_composition_structure_to_endpoint_linear_surrogate
mp_is_metal,benefit_gate_probability,lattice_gamma,0.0,0.0,0.0,0.0,,low,raw_composition_structure_to_endpoint_linear_surrogate
mp_is_metal,benefit_gate_probability,spacegroup_number,0.0,0.0,0.0,0.0,,low,raw_composition_structure_to_endpoint_linear_surrogate
mp_is_metal,benefit_gate_probability,crystal_system,0.0,0.0,0.0,0.0,,low,raw_composition_structure_to_endpoint_linear_surrogate
mp_is_metal,realized_local_gain,n_elements,0.001087802806587828,0.038302592645118066,2.7755575615628914e-20,-0.0013434650166977964,-0.004234771438655249,low,raw_composition_structure_to_endpoint_linear_surrogate
mp_is_metal,realized_local_gain,composition_entropy,0.001468824313327906,0.05171872971822646,9.251858538542971e-21,-0.001943636111263771,-0.004234771438655249,low,raw_composition_structure_to_endpoint_linear_surrogate
mp_is_metal,realized_local_gain,max_atomic_fraction,0.0009874469427755233,0.03476896527453884,2.7755575615628914e-20,0.0012865365762509983,-0.004234771438655249,low,raw_composition_structure_to_endpoint_linear_surrogate
mp_is_metal,realized_local_gain,min_atomic_fraction,0.00041816550532122526,0.01472401331524388,4.6259292692714854e-21,0.0005781915305251577,-0.004234771438655249,low,raw_composition_structure_to_endpoint_linear_surrogate
mp_is_metal,realized_local_gain,metal_fraction,0.0010158573958934144,0.03576932490410369,-7.401486830834377e-20,-0.0012625205519250693,-0.004234771438655249,low,raw_composition_structure_to_endpoint_linear_surrogate
mp_is_metal,realized_local_gain,transition_metal_fraction,0.0014227842384322482,0.050097613994494666,1.8503717077085942e-20,-0.0018660090274427769,-0.004234771438655249,low,raw_composition_structure_to_endpoint_linear_surrogate
mp_is_metal,realized_local_gain,alkali_fraction,0.00037471207150916304,0.013193975734668252,3.23815048849004e-20,-0.0005028500054156652,-0.004234771438655249,low,raw_composition_structure_to_endpoint_linear_surrogate
mp_is_metal,realized_local_gain,alkaline_fraction,0.0006636365464020495,0.023367286926739873,3.23815048849004e-20,0.0011077861718742105,-0.004234771438655249,low,raw_composition_structure_to_endpoint_linear_surrogate
mp_is_metal,realized_local_gain,halogen_fraction,0.0008997000790333108,0.03167931303476657,-4.04768811061255e-20,-0.0014494520218205195,-0.004234771438655249,low,raw_composition_structure_to_endpoint_linear_surrogate
mp_is_metal,realized_local_gain,chalcogen_fraction,0.0013032155811656383,0.04588748551838567,1.1102230246251566e-19,0.001356159463346566,-0.004234771438655249,low,raw_composition_structure_to_endpoint_linear_surrogate
mp_is_metal,realized_local_gain,rare_earth_fraction,0.0005174493707395348,0.018219894581885197,5.088522196198634e-20,-0.0007143340903049717,-0.004234771438655249,low,raw_composition_structure_to_endpoint_linear_surrogate
mp_is_metal,realized_local_gain,atomic_number_mean,0.0006319078592136221,0.02225008905486199,3.7007434154171883e-20,-0.0007747707629765705,-0.004234771438655249,low,raw_composition_structure_to_endpoint_linear_surrogate
mp_is_metal,realized_local_gain,atomic_number_std,0.00031431777843552,0.01106743405663586,0.0,0.0003780870176885641,-0.004234771438655249,low,raw_composition_structure_to_endpoint_linear_surrogate
mp_is_metal,realized_local_gain,atomic_number_min,0.0002932814049008566,0.010326722926503563,9.251858538542971e-21,-0.0003949964080051652,-0.004234771438655249,low,raw_composition_structure_to_endpoint_linear_surrogate
mp_is_metal,realized_local_gain,atomic_number_max,0.0002051012696565617,0.007221814776608154,9.251858538542971e-21,0.00023661538680525192,-0.004234771438655249,low,raw_composition_structure_to_endpoint_linear_surrogate
mp_is_metal,realized_local_gain,atomic_number_range,0.0004395155069093768,0.015475767593547967,-9.251858538542971e-21,0.0005163951290953962,-0.004234771438655249,low,raw_composition_structure_to_endpoint_linear_surrogate
mp_is_metal,realized_local_gain,atomic_mass_mean,0.000571384538976207,0.020119004205158973,-3.7007434154171883e-20,-0.0007065947676099892,-0.004234771438655249,low,raw_composition_structure_to_endpoint_linear_surrogate
mp_is_metal,realized_local_gain,atomic_mass_std,0.00031416319035128135,0.011061990860146089,-4.6259292692714854e-21,0.00037724342959614314,-0.004234771438655249,low,raw_composition_structure_to_endpoint_linear_surrogate
mp_is_metal,realized_local_gain,atomic_mass_min,0.00027087379406347945,0.009537729200015053,9.251858538542971e-21,-0.000376517771427124,-0.004234771438655249,low,raw_composition_structure_to_endpoint_linear_surrogate
mp_is_metal,realized_local_gain,atomic_mass_max,0.00021353714572478293,0.007518850160860667,4.6259292692714854e-21,0.00024571474899920734,-0.004234771438655249,low,raw_composition_structure_to_endpoint_linear_surrogate
mp_is_metal,realized_local_gain,atomic_mass_range,0.00041647447222223924,0.014664470398506017,-4.6259292692714854e-21,0.0004872783463023691,-0.004234771438655249,low,raw_composition_structure_to_endpoint_linear_surrogate
mp_is_metal,realized_local_gain,electronegativity_mean,0.0005652283892012357,0.019902240196402004,-9.251858538542971e-21,0.0006536290499859105,-0.004234771438655249,low,raw_composition_structure_to_endpoint_linear_surrogate
mp_is_metal,realized_local_gain,electronegativity_std,0.000322422335108481,0.011352803363401512,-4.6259292692714854e-21,0.00037047521940023875,-0.004234771438655249,low,raw_composition_structure_to_endpoint_linear_surrogate
mp_is_metal,realized_local_gain,electronegativity_min,0.00023632778432397403,0.008321330666610715,8.384496800554568e-21,-0.0002968054688507097,-0.004234771438655249,low,raw_composition_structure_to_endpoint_linear_surrogate
mp_is_metal,realized_local_gain,electronegativity_max,0.00028212670823076977,0.009933955229962696,9.251858538542971e-21,0.00031069398937082926,-0.004234771438655249,low,raw_composition_structure_to_endpoint_linear_surrogate
mp_is_metal,realized_local_gain,electronegativity_range,0.0003507552598807526,0.012350433144667824,9.251858538542971e-21,0.0003952763432970452,-0.004234771438655249,low,raw_composition_structure_to_endpoint_linear_surrogate
mp_is_metal,realized_local_gain,atomic_radius_mean,0.000735158757042762,0.025885653383104,0.0,-0.0008557698357186808,-0.004234771438655249,low,raw_composition_structure_to_endpoint_linear_surrogate
mp_is_metal,realized_local_gain,atomic_radius_std,0.0005487349795041081,0.01932149123240573,-4.6259292692714854e-21,0.0006676495331000775,-0.004234771438655249,low,raw_composition_structure_to_endpoint_linear_surrogate
mp_is_metal,realized_local_gain,atomic_radius_min,0.0003494027978904186,0.012302811645283886,-4.6259292692714854e-21,-0.00038812639899987007,-0.004234771438655249,low,raw_composition_structure_to_endpoint_linear_surrogate
mp_is_metal,realized_local_gain,atomic_radius_max,0.0005598199932305332,0.01971180532486576,0.0,0.0007000704924906151,-0.004234771438655249,low,raw_composition_structure_to_endpoint_linear_surrogate
mp_is_metal,realized_local_gain,atomic_radius_range,0.0006243577122038784,0.021984241050450156,-3.469446951953614e-21,0.0007833475779147587,-0.004234771438655249,low,raw_composition_structure_to_endpoint_linear_surrogate
mp_is_metal,realized_local_gain,period_mean,0.0008138075094659074,0.028654952292673657,3.7007434154171883e-20,-0.0009572667560643042,-0.004234771438655249,low,raw_composition_structure_to_endpoint_linear_surrogate
mp_is_metal,realized_local_gain,period_std,0.00019921516220224882,0.007014559220065575,-3.469446951953614e-21,0.00024955460076612123,-0.004234771438655249,low,raw_composition_structure_to_endpoint_linear_surrogate
mp_is_metal,realized_local_gain,period_min,0.00029483749432006334,0.010381514345299596,2.312964634635743e-20,-0.0003535454627076837,-0.004234771438655249,low,raw_composition_structure_to_endpoint_linear_surrogate
mp_is_metal,realized_local_gain,period_max,7.17268381437475e-05,0.0025255715893581503,4.6259292692714854e-21,-8.202721573785069e-05,-0.004234771438655249,low,raw_composition_structure_to_endpoint_linear_surrogate
mp_is_metal,realized_local_gain,period_range,0.00021919289018355493,0.0077179944127391325,5.2041704279304214e-21,0.000260079413847683,-0.004234771438655249,low,raw_composition_structure_to_endpoint_linear_surrogate
mp_is_metal,realized_local_gain,group_mean,0.0010479108696313407,0.03689795882562838,-4.625929269271486e-20,0.0013488786739757,-0.004234771438655249,low,raw_composition_structure_to_endpoint_linear_surrogate
mp_is_metal,realized_local_gain,group_std,0.0005542936456294294,0.01951721726193883,9.251858538542971e-21,-0.0006803385792627739,-0.004234771438655249,low,raw_composition_structure_to_endpoint_linear_surrogate
mp_is_metal,realized_local_gain,group_min,0.0005506730235358751,0.019389731643836478,1.1564823173178715e-20,0.0007949178196639393,-0.004234771438655249,low,raw_composition_structure_to_endpoint_linear_surrogate
mp_is_metal,realized_local_gain,group_max,0.00031035627115285133,0.010927945540160447,-4.6259292692714854e-21,0.0004554627533244676,-0.004234771438655249,low,raw_composition_structure_to_endpoint_linear_surrogate
mp_is_metal,realized_local_gain,group_range,0.000243671746560243,0.008579918705024853,-6.938893903907229e-21,-0.00030205361784020715,-0.004234771438655249,low,raw_composition_structure_to_endpoint_linear_surrogate
mp_is_metal,realized_local_gain,n_sites,0.000290916986332312,0.01024346945379228,-2.3129646346357427e-21,0.0004005981973965088,-0.004234771438655249,low,raw_composition_structure_to_endpoint_linear_surrogate
mp_is_metal,realized_local_gain,volume,0.0005086262927136195,0.01790922544088272,9.251858538542971e-21,0.0007592987177614328,-0.004234771438655249,low,raw_composition_structure_to_endpoint_linear_surrogate
mp_is_metal,realized_local_gain,volume_per_atom,6.027554500562356e-05,0.002122360443300141,-1.1564823173178714e-21,-8.180791155886502e-05,-0.004234771438655249,low,raw_composition_structure_to_endpoint_linear_surrogate
mp_is_metal,realized_local_gain,density,0.0007741669995661233,0.027259171463886456,-1.8503717077085942e-20,-0.0009737320659557011,-0.004234771438655249,low,raw_composition_structure_to_endpoint_linear_surrogate
mp_is_metal,realized_local_gain,lattice_a,0.00013207216605756956,0.004650389156587492,-2.3129646346357427e-21,0.00019021523607439867,-0.004234771438655249,low,raw_composition_structure_to_endpoint_linear_surrogate
mp_is_metal,realized_local_gain,lattice_b,0.0006442307431351379,0.022683989758372252,1.1564823173178715e-20,0.001009792207764598,-0.004234771438655249,low,raw_composition_structure_to_endpoint_linear_surrogate
mp_is_metal,realized_local_gain,lattice_c,0.00015094307517095077,0.005314852182639198,-3.758567531283082e-21,-0.00025191084542663554,-0.004234771438655249,low,raw_composition_structure_to_endpoint_linear_surrogate
mp_is_metal,realized_local_gain,lattice_length_anisotropy,0.00011971994242607415,0.004215455373411625,4.6259292692714854e-21,0.00021820403199347818,-0.004234771438655249,low,raw_composition_structure_to_endpoint_linear_surrogate
mp_is_metal,realized_local_gain,lattice_alpha,2.123949989042633e-05,0.0007478634062738523,0.0,3.060593240183273e-05,-0.004234771438655249,low,raw_composition_structure_to_endpoint_linear_surrogate
mp_is_metal,realized_local_gain,lattice_beta,0.00012823187111504652,0.004515168644257723,4.6259292692714854e-21,0.00018300399005147827,-0.004234771438655249,low,raw_composition_structure_to_endpoint_linear_surrogate
mp_is_metal,realized_local_gain,lattice_gamma,0.00023052429155162902,0.00811698405320632,-2.8912057932946784e-22,-0.0003287395697321399,-0.004234771438655249,low,raw_composition_structure_to_endpoint_linear_surrogate
mp_is_metal,realized_local_gain,spacegroup_number,0.00033743733464497504,0.011881496070691869,-1.3877787807814457e-20,0.00037181893846379387,-0.004234771438655249,low,raw_composition_structure_to_endpoint_linear_surrogate
mp_is_metal,realized_local_gain,crystal_system,0.002291682825405817,0.08069237659780315,1.1102230246251566e-19,-0.00026459843399796615,-0.004234771438655249,low,raw_composition_structure_to_endpoint_linear_surrogate
mp_e_form,stage1_anchor_prediction,n_elements,0.10479108614447658,0.00772474472144025,4.736951571734001e-18,-0.12723941143347872,0.8331586875719583,high,raw_composition_structure_to_endpoint_linear_surrogate
mp_e_form,stage1_anchor_prediction,composition_entropy,0.016395199626166042,0.0012085830620609595,5.921189464667501e-19,-0.02129898259380525,0.8331586875719583,high,raw_composition_structure_to_endpoint_linear_surrogate
mp_e_form,stage1_anchor_prediction,max_atomic_fraction,0.05946530157924031,0.004383524318564391,-2.9605947323337507e-19,-0.07664067049825007,0.8331586875719583,high,raw_composition_structure_to_endpoint_linear_surrogate
mp_e_form,stage1_anchor_prediction,min_atomic_fraction,0.03618640236126532,0.0026675047555352687,1.1842378929335003e-18,-0.04778080329815282,0.8331586875719583,high,raw_composition_structure_to_endpoint_linear_surrogate
mp_e_form,stage1_anchor_prediction,metal_fraction,0.005590222078702107,0.00041208694444292646,-5.921189464667501e-19,0.006876226593206525,0.8331586875719583,high,raw_composition_structure_to_endpoint_linear_surrogate
mp_e_form,stage1_anchor_prediction,transition_metal_fraction,0.14970976442864728,0.011035955013614606,4.736951571734001e-18,0.1951185720560602,0.8331586875719583,high,raw_composition_structure_to_endpoint_linear_surrogate
mp_e_form,stage1_anchor_prediction,alkali_fraction,0.22156983206614064,0.01633316776890319,-7.105427357601002e-18,0.3115027391820604,0.8331586875719583,high,raw_composition_structure_to_endpoint_linear_surrogate
mp_e_form,stage1_anchor_prediction,alkaline_fraction,0.12457696465381184,0.009183273936065646,9.473903143468002e-18,0.19721432515748916,0.8331586875719583,high,raw_composition_structure_to_endpoint_linear_surrogate
mp_e_form,stage1_anchor_prediction,halogen_fraction,0.11092444415433984,0.00817686929285726,-4.736951571734001e-18,-0.17086025510610625,0.8331586875719583,high,raw_composition_structure_to_endpoint_linear_surrogate
mp_e_form,stage1_anchor_prediction,chalcogen_fraction,0.2978827914623333,0.02195862840646616,-1.8947806286936004e-17,-0.31211048643476147,0.8331586875719583,high,raw_composition_structure_to_endpoint_linear_surrogate
mp_e_form,stage1_anchor_prediction,rare_earth_fraction,0.03005413137065849,0.002215460314466861,0.0,0.044788193171626745,0.8331586875719583,high,raw_composition_structure_to_endpoint_linear_surrogate
mp_e_form,stage1_anchor_prediction,atomic_number_mean,1.8404221251321888,0.13566794294636741,0.0,2.2703548246108483,0.8331586875719583,high,raw_composition_structure_to_endpoint_linear_surrogate
mp_e_form,stage1_anchor_prediction,atomic_number_std,1.6041732679576266,0.11825270106320385,3.789561257387201e-17,1.9372967218845645,0.8331586875719583,high,raw_composition_structure_to_endpoint_linear_surrogate
mp_e_form,stage1_anchor_prediction,atomic_number_min,0.36827032412792565,0.02714729226537585,0.0,0.5110692778267776,0.8331586875719583,high,raw_composition_structure_to_endpoint_linear_surrogate
mp_e_form,stage1_anchor_prediction,atomic_number_max,0.2161227123401102,0.015931629709714703,9.473903143468002e-18,0.25100142670666514,0.8331586875719583,high,raw_composition_structure_to_endpoint_linear_surrogate
mp_e_form,stage1_anchor_prediction,atomic_number_range,0.06359214569939936,0.004687737381968026,0.0,-0.07536348565572126,0.8331586875719583,high,raw_composition_structure_to_endpoint_linear_surrogate
mp_e_form,stage1_anchor_prediction,atomic_mass_mean,1.1281905266046657,0.08316531620974753,-7.579122514774402e-17,-1.4050785290591392,0.8331586875719583,high,raw_composition_structure_to_endpoint_linear_surrogate
mp_e_form,stage1_anchor_prediction,atomic_mass_std,1.568813717484179,0.11564614824538422,0.0,-1.8908226024387602,0.8331586875719583,high,raw_composition_structure_to_endpoint_linear_surrogate
mp_e_form,stage1_anchor_prediction,atomic_mass_min,0.4518572729724815,0.03330895988067342,3.789561257387201e-17,-0.6499412044293535,0.8331586875719583,high,raw_composition_structure_to_endpoint_linear_surrogate
mp_e_form,stage1_anchor_prediction,atomic_mass_max,0.1693333989904563,0.012482524307569735,4.736951571734001e-18,-0.19609290204175522,0.8331586875719583,high,raw_composition_structure_to_endpoint_linear_surrogate
mp_e_form,stage1_anchor_prediction,atomic_mass_range,0.1557768923681422,0.011483197391275431,-2.3684757858670005e-18,0.1837566746507946,0.8331586875719583,high,raw_composition_structure_to_endpoint_linear_surrogate
mp_e_form,stage1_anchor_prediction,electronegativity_mean,0.39520792789893466,0.029133015671768073,1.8947806286936004e-17,-0.4600621229116797,0.8331586875719583,high,raw_composition_structure_to_endpoint_linear_surrogate
mp_e_form,stage1_anchor_prediction,electronegativity_std,1.1878791067438905,0.08756529965609758,-7.579122514774402e-17,-1.372488730887369,0.8331586875719583,high,raw_composition_structure_to_endpoint_linear_surrogate
mp_e_form,stage1_anchor_prediction,electronegativity_min,0.013287808429300326,0.000979519650003716,8.881784197001253e-19,0.016430535868892093,0.8331586875719583,high,raw_composition_structure_to_endpoint_linear_surrogate
mp_e_form,stage1_anchor_prediction,electronegativity_max,0.36031596360139123,0.026560931280386498,-5.684341886080802e-17,0.4023827901396828,0.8331586875719583,high,raw_composition_structure_to_endpoint_linear_surrogate
mp_e_form,stage1_anchor_prediction,electronegativity_range,0.2996007133595031,0.022085266163505084,-3.789561257387201e-17,0.3393309447170054,0.8331586875719583,high,raw_composition_structure_to_endpoint_linear_surrogate
mp_e_form,stage1_anchor_prediction,atomic_radius_mean,0.38643780373395387,0.02848652012675189,-3.789561257387201e-17,-0.45346660508909054,0.8331586875719583,high,raw_composition_structure_to_endpoint_linear_surrogate
mp_e_form,stage1_anchor_prediction,atomic_radius_std,0.29969036343583694,0.02209187477860219,0.0,0.3702490219921657,0.8331586875719583,high,raw_composition_structure_to_endpoint_linear_surrogate
mp_e_form,stage1_anchor_prediction,atomic_radius_min,0.05042030917229899,0.0037167666779893502,4.736951571734001e-18,-0.056453936720686215,0.8331586875719583,high,raw_composition_structure_to_endpoint_linear_surrogate
mp_e_form,stage1_anchor_prediction,atomic_radius_max,0.07004743232639571,0.005163593135848884,2.3684757858670005e-18,-0.08703603557880513,0.8331586875719583,high,raw_composition_structure_to_endpoint_linear_surrogate
mp_e_form,stage1_anchor_prediction,atomic_radius_range,0.01234976473432161,0.0009103711341530757,0.0,-0.015538758097733307,0.8331586875719583,high,raw_composition_structure_to_endpoint_linear_surrogate
mp_e_form,stage1_anchor_prediction,period_mean,0.15291633587436348,0.011272329563784518,1.8947806286936004e-17,-0.18084379770579062,0.8331586875719583,high,raw_composition_structure_to_endpoint_linear_surrogate
mp_e_form,stage1_anchor_prediction,period_std,0.19483881619458704,0.014362673127137297,0.0,-0.2448153725038793,0.8331586875719583,high,raw_composition_structure_to_endpoint_linear_surrogate
mp_e_form,stage1_anchor_prediction,period_min,0.05460797360892216,0.0040254631515364275,0.0,0.06651358163099985,0.8331586875719583,high,raw_composition_structure_to_endpoint_linear_surrogate
mp_e_form,stage1_anchor_prediction,period_max,0.016538285514721005,0.0012191307336520685,-5.921189464667501e-19,-0.019185201510737215,0.8331586875719583,high,raw_composition_structure_to_endpoint_linear_surrogate
mp_e_form,stage1_anchor_prediction,period_range,0.06667239933248843,0.004914800330433859,-4.736951571734001e-18,-0.07880239431537461,0.8331586875719583,high,raw_composition_structure_to_endpoint_linear_surrogate
mp_e_form,stage1_anchor_prediction,group_mean,0.17162548897646737,0.01265148724775812,0.0,0.21816530003093249,0.8331586875719583,high,raw_composition_structure_to_endpoint_linear_surrogate
mp_e_form,stage1_anchor_prediction,group_std,0.000863599330558494,6.366079993649046e-05,-1.1102230246251566e-19,0.0010583827652794753,0.8331586875719583,high,raw_composition_structure_to_endpoint_linear_surrogate
mp_e_form,stage1_anchor_prediction,group_min,0.014688958637293154,0.0010828063709583495,0.0,-0.0204542935936729,0.8331586875719583,high,raw_composition_structure_to_endpoint_linear_surrogate
mp_e_form,stage1_anchor_prediction,group_max,0.025397213492949468,0.0018721725109182227,0.0,-0.037708295145364445,0.8331586875719583,high,raw_composition_structure_to_endpoint_linear_surrogate
mp_e_form,stage1_anchor_prediction,group_range,0.006524913013278411,0.00048098830932707053,-5.921189464667501e-19,-0.008005579762453863,0.8331586875719583,high,raw_composition_structure_to_endpoint_linear_surrogate
mp_e_form,stage1_anchor_prediction,n_sites,0.07841993736464614,0.0057807779220652245,4.736951571734001e-18,-0.11585796940778437,0.8331586875719583,high,raw_composition_structure_to_endpoint_linear_surrogate
mp_e_form,stage1_anchor_prediction,volume,0.07057816525891501,0.00520271646751586,-5.921189464667501e-19,0.11070045866142664,0.8331586875719583,high,raw_composition_structure_to_endpoint_linear_surrogate
mp_e_form,stage1_anchor_prediction,volume_per_atom,0.015286371065756367,0.0011268450260871975,0.0,0.051984039911531,0.8331586875719583,high,raw_composition_structure_to_endpoint_linear_surrogate
mp_e_form,stage1_anchor_prediction,density,0.2714829151824357,0.02001254394028694,0.0,-0.3472159483840471,0.8331586875719583,high,raw_composition_structure_to_endpoint_linear_surrogate
mp_e_form,stage1_anchor_prediction,lattice_a,0.009549813984062875,0.0007039708994180924,1.4802973661668753e-19,-0.012676420365153263,0.8331586875719583,high,raw_composition_structure_to_endpoint_linear_surrogate
mp_e_form,stage1_anchor_prediction,lattice_b,0.008448839488884578,0.0006228118310948258,7.401486830834377e-20,-0.012365768456618298,0.8331586875719583,high,raw_composition_structure_to_endpoint_linear_surrogate
mp_e_form,stage1_anchor_prediction,lattice_c,0.04024890234721192,0.0029669746482227605,-1.1842378929335003e-18,-0.06058788577752239,0.8331586875719583,high,raw_composition_structure_to_endpoint_linear_surrogate
mp_e_form,stage1_anchor_prediction,lattice_length_anisotropy,0.01496254217766413,0.0011029737638837355,-7.401486830834377e-19,0.024911614933557757,0.8331586875719583,high,raw_composition_structure_to_endpoint_linear_surrogate
mp_e_form,stage1_anchor_prediction,lattice_alpha,0.02785892897185754,0.002053639507311076,1.4802973661668755e-18,0.039601583557868025,0.8331586875719583,high,raw_composition_structure_to_endpoint_linear_surrogate
mp_e_form,stage1_anchor_prediction,lattice_beta,0.030205777279719893,0.0022266389936718366,-2.9605947323337507e-19,-0.04256843996547843,0.8331586875719583,high,raw_composition_structure_to_endpoint_linear_surrogate
mp_e_form,stage1_anchor_prediction,lattice_gamma,0.006808780068703666,0.0005019137584150187,4.070817756958907e-19,-0.009561407343284145,0.8331586875719583,high,raw_composition_structure_to_endpoint_linear_surrogate
mp_e_form,stage1_anchor_prediction,spacegroup_number,0.17166345136812886,0.012654285670747991,-4.736951571734001e-18,0.18966045284400934,0.8331586875719583,high,raw_composition_structure_to_endpoint_linear_surrogate
mp_e_form,stage1_anchor_prediction,crystal_system,0.3165133062544304,0.023331989215032913,-9.473903143468002e-18,-0.046866094007171455,0.8331586875719583,high,raw_composition_structure_to_endpoint_linear_surrogate
mp_e_form,hpsafemoe_prediction,n_elements,0.1052642078841191,0.007759654155935366,0.0,-0.1278138852165398,0.8328271548719642,high,raw_composition_structure_to_endpoint_linear_surrogate
mp_e_form,hpsafemoe_prediction,composition_entropy,0.01629070139059991,0.0012008850044055838,1.1842378929335003e-18,-0.021163229071362366,0.8328271548719642,high,raw_composition_structure_to_endpoint_linear_surrogate
mp_e_form,hpsafemoe_prediction,max_atomic_fraction,0.05966533988253681,0.00439828895206717,4.440892098500626e-18,-0.0768984858844135,0.8328271548719642,high,raw_composition_structure_to_endpoint_linear_surrogate
mp_e_form,hpsafemoe_prediction,min_atomic_fraction,0.03624760298297819,0.0026720275465255848,0.0,-0.047861613068590714,0.8328271548719642,high,raw_composition_structure_to_endpoint_linear_surrogate
mp_e_form,hpsafemoe_prediction,metal_fraction,0.005795791060605718,0.0004272424131084655,-2.9605947323337507e-19,0.0071290857605532665,0.8328271548719642,high,raw_composition_structure_to_endpoint_linear_surrogate
mp_e_form,hpsafemoe_prediction,transition_metal_fraction,0.14937290124440583,0.011011169676983281,0.0,0.19467953413666805,0.8328271548719642,high,raw_composition_structure_to_endpoint_linear_surrogate
mp_e_form,hpsafemoe_prediction,alkali_fraction,0.2221453673745709,0.016375663274524464,-2.3684757858670005e-18,0.3123118783297514,0.8328271548719642,high,raw_composition_structure_to_endpoint_linear_surrogate
mp_e_form,hpsafemoe_prediction,alkaline_fraction,0.12470982058304295,0.00919310653663464,-4.736951571734001e-18,0.1974246456810249,0.8328271548719642,high,raw_composition_structure_to_endpoint_linear_surrogate
mp_e_form,hpsafemoe_prediction,halogen_fraction,0.11140094866762085,0.008212030011715511,0.0,-0.1715942293290027,0.8328271548719642,high,raw_composition_structure_to_endpoint_linear_surrogate
mp_e_form,hpsafemoe_prediction,chalcogen_fraction,0.29880096293723263,0.022026405560433476,-3.789561257387201e-17,-0.3130725122847764,0.8328271548719642,high,raw_composition_structure_to_endpoint_linear_surrogate
mp_e_form,hpsafemoe_prediction,rare_earth_fraction,0.030196244883542958,0.0022259457589057312,1.1842378929335003e-18,0.044999977947199454,0.8328271548719642,high,raw_composition_structure_to_endpoint_linear_surrogate
mp_e_form,hpsafemoe_prediction,atomic_number_mean,1.8353677757594014,0.13529593273071033,7.579122514774402e-17,2.2641197515115437,0.8328271548719642,high,raw_composition_structure_to_endpoint_linear_surrogate
mp_e_form,hpsafemoe_prediction,atomic_number_std,1.6089328635308575,0.11860406145707336,3.789561257387201e-17,1.9430446975463553,0.8328271548719642,high,raw_composition_structure_to_endpoint_linear_surrogate
mp_e_form,hpsafemoe_prediction,atomic_number_min,0.3690651397426503,0.02720599815435441,1.8947806286936004e-17,0.5121722878050718,0.8328271548719642,high,raw_composition_structure_to_endpoint_linear_surrogate
mp_e_form,hpsafemoe_prediction,atomic_number_max,0.21436305519016963,0.01580198251162969,4.736951571734001e-18,0.24895778931951895,0.8328271548719642,high,raw_composition_structure_to_endpoint_linear_surrogate
mp_e_form,hpsafemoe_prediction,atomic_number_range,0.06608048497721856,0.0048711876542516346,-2.9605947323337507e-19,-0.07831243350781847,0.8328271548719642,high,raw_composition_structure_to_endpoint_linear_surrogate
mp_e_form,hpsafemoe_prediction,atomic_mass_mean,1.1264627345701062,0.08303830347952454,-7.579122514774402e-17,-1.4029266908428184,0.8328271548719642,high,raw_composition_structure_to_endpoint_linear_surrogate
mp_e_form,hpsafemoe_prediction,atomic_mass_std,1.5726778422149612,0.11593148706087289,0.0,-1.895479863079828,0.8328271548719642,high,raw_composition_structure_to_endpoint_linear_surrogate
mp_e_form,hpsafemoe_prediction,atomic_mass_min,0.4522537314838931,0.03333832665049399,0.0,-0.650511461317592,0.8328271548719642,high,raw_composition_structure_to_endpoint_linear_surrogate
mp_e_form,hpsafemoe_prediction,atomic_mass_max,0.16788841157630172,0.012376058650966961,4.736951571734001e-18,-0.19441956543394667,0.8328271548719642,high,raw_composition_structure_to_endpoint_linear_surrogate
mp_e_form,hpsafemoe_prediction,atomic_mass_range,0.15761058428105892,0.011618418548138157,0.0,0.18591972414503743,0.8328271548719642,high,raw_composition_structure_to_endpoint_linear_surrogate
mp_e_form,hpsafemoe_prediction,electronegativity_mean,0.3927274229411734,0.028950286529777033,0.0,-0.45717456348738494,0.8328271548719642,high,raw_composition_structure_to_endpoint_linear_surrogate
mp_e_form,hpsafemoe_prediction,electronegativity_std,1.1889966726400563,0.0876480539558277,-7.579122514774402e-17,-1.3737799789527685,0.8328271548719642,high,raw_composition_structure_to_endpoint_linear_surrogate
mp_e_form,hpsafemoe_prediction,electronegativity_min,0.01331865232727456,0.00098179749755554,8.881784197001253e-19,0.016468674721863863,0.8328271548719642,high,raw_composition_structure_to_endpoint_linear_surrogate
mp_e_form,hpsafemoe_prediction,electronegativity_max,0.36080635263234256,0.026597193575745564,-1.8947806286936004e-17,0.4029304320053271,0.8328271548719642,high,raw_composition_structure_to_endpoint_linear_surrogate
mp_e_form,hpsafemoe_prediction,electronegativity_range,0.30000197661718325,0.02211493945984992,0.0,0.33978541973738174,0.8328271548719642,high,raw_composition_structure_to_endpoint_linear_surrogate
mp_e_form,hpsafemoe_prediction,atomic_radius_mean,0.3870995765596484,0.028535424323133714,0.0,-0.4542431644052556,0.8328271548719642,high,raw_composition_structure_to_endpoint_linear_surrogate
mp_e_form,hpsafemoe_prediction,atomic_radius_std,0.29979636716203806,0.022099782757536886,0.0,0.3703799830798147,0.8328271548719642,high,raw_composition_structure_to_endpoint_linear_surrogate
mp_e_form,hpsafemoe_prediction,atomic_radius_min,0.05023407099112726,0.0037030537309031583,7.105427357601002e-18,-0.0562454120474456,0.8328271548719642,high,raw_composition_structure_to_endpoint_linear_surrogate
mp_e_form,hpsafemoe_prediction,atomic_radius_max,0.07002244964180727,0.005161773439362937,-2.9605947323337507e-19,-0.08700499384390525,0.8328271548719642,high,raw_composition_structure_to_endpoint_linear_surrogate
mp_e_form,hpsafemoe_prediction,atomic_radius_range,0.012466489845798625,0.0009189795058199602,0.0,-0.015685624318280134,0.8328271548719642,high,raw_composition_structure_to_endpoint_linear_surrogate
mp_e_form,hpsafemoe_prediction,period_mean,0.14877744917142444,0.010967275344373502,9.473903143468002e-18,-0.17594901661288986,0.8328271548719642,high,raw_composition_structure_to_endpoint_linear_surrogate
mp_e_form,hpsafemoe_prediction,period_std,0.1958783831952333,0.014439366815851016,0.0,-0.2461215905741625,0.8328271548719642,high,raw_composition_structure_to_endpoint_linear_surrogate
mp_e_form,hpsafemoe_prediction,period_min,0.05391931691507131,0.003974715242676056,-4.736951571734001e-18,0.06567478428704021,0.8328271548719642,high,raw_composition_structure_to_endpoint_linear_surrogate
mp_e_form,hpsafemoe_prediction,period_max,0.01645060414781334,0.0012126723927258628,-5.921189464667501e-19,-0.0190834869351022,0.8328271548719642,high,raw_composition_structure_to_endpoint_linear_surrogate
mp_e_form,hpsafemoe_prediction,period_range,0.06593304634288377,0.004860319070953873,-4.736951571734001e-18,-0.07792852767178005,0.8328271548719642,high,raw_composition_structure_to_endpoint_linear_surrogate
mp_e_form,hpsafemoe_prediction,group_mean,0.1710312304409956,0.012607734620937883,9.473903143468002e-18,0.2174098959679327,0.8328271548719642,high,raw_composition_structure_to_endpoint_linear_surrogate
mp_e_form,hpsafemoe_prediction,group_std,0.0007333872546992269,5.4062359592366665e-05,0.0,0.0008988015659383564,0.8328271548719642,high,raw_composition_structure_to_endpoint_linear_surrogate
mp_e_form,hpsafemoe_prediction,group_min,0.014735813152288252,0.0010862648954155234,8.881784197001253e-19,-0.0205195382464467,0.8328271548719642,high,raw_composition_structure_to_endpoint_linear_surrogate
mp_e_form,hpsafemoe_prediction,group_max,0.025356194804150103,0.0018691567280621124,0.0,-0.03764739299859343,0.8328271548719642,high,raw_composition_structure_to_endpoint_linear_surrogate
mp_e_form,hpsafemoe_prediction,group_range,0.006449729087227716,0.00047544809505866526,-2.9605947323337507e-19,-0.007913334714032771,0.8328271548719642,high,raw_composition_structure_to_endpoint_linear_surrogate
mp_e_form,hpsafemoe_prediction,n_sites,0.07872409318788114,0.005803223613766872,4.736951571734001e-18,-0.11630733059382692,0.8328271548719642,high,raw_composition_structure_to_endpoint_linear_surrogate
mp_e_form,hpsafemoe_prediction,volume,0.07088102589142506,0.005225064228297275,-5.921189464667501e-19,0.11117548958361567,0.8328271548719642,high,raw_composition_structure_to_endpoint_linear_surrogate
mp_e_form,hpsafemoe_prediction,volume_per_atom,0.015280150485629048,0.0011263912549425773,5.921189464667501e-19,0.05196288571579544,0.8328271548719642,high,raw_composition_structure_to_endpoint_linear_surrogate
mp_e_form,hpsafemoe_prediction,density,0.2711106431924136,0.019985186526860335,9.473903143468002e-18,-0.34673982718140905,0.8328271548719642,high,raw_composition_structure_to_endpoint_linear_surrogate
mp_e_form,hpsafemoe_prediction,lattice_a,0.009659865520873705,0.0007120864455403646,1.4802973661668753e-19,-0.012822502743802033,0.8328271548719642,high,raw_composition_structure_to_endpoint_linear_surrogate
mp_e_form,hpsafemoe_prediction,lattice_b,0.00848543435264587,0.0006255121020044168,7.401486830834377e-20,-0.012419328902709026,0.8328271548719642,high,raw_composition_structure_to_endpoint_linear_surrogate
mp_e_form,hpsafemoe_prediction,lattice_c,0.040253958699562845,0.0029673599810846794,-1.4802973661668755e-18,-0.06059549725711122,0.8328271548719642,high,raw_composition_structure_to_endpoint_linear_surrogate
mp_e_form,hpsafemoe_prediction,lattice_length_anisotropy,0.014933006310727259,0.0011008011821758603,-4.440892098500626e-19,0.024862439724216756,0.8328271548719642,high,raw_composition_structure_to_endpoint_linear_surrogate
mp_e_form,hpsafemoe_prediction,lattice_alpha,0.02782875706360092,0.0020514240760810872,5.921189464667501e-19,0.03955869406462398,0.8328271548719642,high,raw_composition_structure_to_endpoint_linear_surrogate
mp_e_form,hpsafemoe_prediction,lattice_beta,0.03004317780429229,0.002214662269279781,-1.1842378929335003e-18,-0.04233929154979421,0.8328271548719642,high,raw_composition_structure_to_endpoint_linear_surrogate
mp_e_form,hpsafemoe_prediction,lattice_gamma,0.007007674745623272,0.0005165776055920205,3.7007434154171883e-20,-0.009840710391003427,0.8328271548719642,high,raw_composition_structure_to_endpoint_linear_surrogate
mp_e_form,hpsafemoe_prediction,spacegroup_number,0.17103973780199264,0.012608361749383947,4.736951571734001e-18,0.188971349855251,0.8328271548719642,high,raw_composition_structure_to_endpoint_linear_surrogate
mp_e_form,hpsafemoe_prediction,crystal_system,0.3150046040956435,0.02322087283457631,-1.4210854715202004e-17,-0.046593873583830714,0.8328271548719642,high,raw_composition_structure_to_endpoint_linear_surrogate
mp_e_form,stage2_correction,n_elements,2.2304558264362478e-05,0.027200622857961074,0.0,-2.7082636226600503e-05,-0.12330505150760174,low,raw_composition_structure_to_endpoint_linear_surrogate
mp_e_form,stage2_correction,composition_entropy,1.2700531954091816e-05,0.015488420603724927,5.782411586589357e-22,-1.649924460758313e-05,-0.12330505150760174,low,raw_composition_structure_to_endpoint_linear_surrogate
mp_e_form,stage2_correction,max_atomic_fraction,4.804246723813594e-06,0.005858824985556546,-1.0842021724855045e-22,-6.1918577787998e-06,-0.12330505150760174,low,raw_composition_structure_to_endpoint_linear_surrogate
mp_e_form,stage2_correction,min_atomic_fraction,1.526678911205134e-05,0.018617995835964803,-5.782411586589357e-22,2.0158385469624216e-05,-0.12330505150760174,low,raw_composition_structure_to_endpoint_linear_surrogate
mp_e_form,stage2_correction,metal_fraction,3.7726300353001786e-06,0.0046007585335942815,1.4456028966473392e-22,-4.640505978088734e-06,-0.12330505150760174,low,raw_composition_structure_to_endpoint_linear_surrogate
mp_e_form,stage2_correction,transition_metal_fraction,5.911140796510701e-06,0.007208692929960203,2.8912057932946784e-22,7.70406229573086e-06,-0.12330505150760174,low,raw_composition_structure_to_endpoint_linear_surrogate
mp_e_form,stage2_correction,alkali_fraction,1.485925159064295e-05,0.01812099991751124,-2.8912057932946784e-22,2.0890468388760427e-05,-0.12330505150760174,low,raw_composition_structure_to_endpoint_linear_surrogate
mp_e_form,stage2_correction,alkaline_fraction,1.1656971350293563e-05,0.014215788432448265,-1.4456028966473392e-22,-1.8453826874148255e-05,-0.12330505150760174,low,raw_composition_structure_to_endpoint_linear_surrogate
mp_e_form,stage2_correction,halogen_fraction,1.1430612169574856e-05,0.013939741239215828,-8.673617379884036e-22,1.760691546576581e-05,-0.12330505150760174,low,raw_composition_structure_to_endpoint_linear_surrogate
mp_e_form,stage2_correction,chalcogen_fraction,2.5983812292835102e-05,0.03168750845510914,-2.3129646346357427e-21,-2.7224870071662967e-05,-0.12330505150760174,low,raw_composition_structure_to_endpoint_linear_surrogate
mp_e_form,stage2_correction,rare_earth_fraction,6.006016768107625e-06,0.0073243950878376755,2.8912057932946784e-22,-8.95047126414886e-06,-0.12330505150760174,low,raw_composition_structure_to_endpoint_linear_surrogate
mp_e_form,stage2_correction,atomic_number_mean,2.4477323888053154e-05,0.029850331387861962,-2.3129646346357427e-21,-3.0195360957645712e-05,-0.12330505150760174,low,raw_composition_structure_to_endpoint_linear_surrogate
mp_e_form,stage2_correction,atomic_number_std,8.25057996961245e-06,0.010061661452916952,-1.4456028966473392e-22,-9.963899690914718e-06,-0.12330505150760174,low,raw_composition_structure_to_endpoint_linear_surrogate
mp_e_form,stage2_correction,atomic_number_min,1.911650107747038e-05,0.02331275652308646,0.0,-2.6529035222625916e-05,-0.12330505150760174,low,raw_composition_structure_to_endpoint_linear_surrogate
mp_e_form,stage2_correction,atomic_number_max,2.765834610491233e-05,0.03372961850926754,0.0,-3.212195635299414e-05,-0.12330505150760174,low,raw_composition_structure_to_endpoint_linear_surrogate
mp_e_form,stage2_correction,atomic_number_range,1.4061708833734403e-05,0.01714838887152476,-2.8912057932946784e-22,-1.6664627059377257e-05,-0.12330505150760174,low,raw_composition_structure_to_endpoint_linear_surrogate
mp_e_form,stage2_correction,atomic_mass_mean,2.4136417257828086e-05,0.02943459248065633,-2.3129646346357427e-21,-3.006013688082537e-05,-0.12330505150760174,low,raw_composition_structure_to_endpoint_linear_surrogate
mp_e_form,stage2_correction,atomic_mass_std,1.0998802440477032e-05,0.013413145130547099,1.4456028966473392e-22,-1.3256375835088467e-05,-0.12330505150760174,low,raw_composition_structure_to_endpoint_linear_surrogate
mp_e_form,stage2_correction,atomic_mass_min,1.7675238915791264e-05,0.02155512348527279,1.1564823173178714e-21,-2.542366086958077e-05,-0.12330505150760174,low,raw_composition_structure_to_endpoint_linear_surrogate
mp_e_form,stage2_correction,atomic_mass_max,2.783433488780226e-05,0.03394423851894821,0.0,-3.2232953080088116e-05,-0.12330505150760174,low,raw_composition_structure_to_endpoint_linear_surrogate
mp_e_form,stage2_correction,atomic_mass_range,1.649402297028194e-05,0.0201146193037152,2.8912057932946784e-22,-1.9456587986554768e-05,-0.12330505150760174,low,raw_composition_structure_to_endpoint_linear_surrogate
mp_e_form,stage2_correction,electronegativity_mean,2.9544014695968753e-05,0.036029209452630016,0.0,3.439223042063344e-05,-0.12330505150760174,low,raw_composition_structure_to_endpoint_linear_surrogate
mp_e_form,stage2_correction,electronegativity_std,1.0624515489669603e-06,0.0012956698602043743,0.0,-1.2275683356937555e-06,-0.12330505150760174,low,raw_composition_structure_to_endpoint_linear_surrogate
mp_e_form,stage2_correction,electronegativity_min,2.6341832745693895e-05,0.03212411783325621,1.734723475976807e-21,3.2571994854027985e-05,-0.12330505150760174,low,raw_composition_structure_to_endpoint_linear_surrogate
mp_e_form,stage2_correction,electronegativity_max,2.2680183754953693e-05,0.027658701748576587,-2.3129646346357427e-21,2.5328091292382964e-05,-0.12330505150760174,low,raw_composition_structure_to_endpoint_linear_surrogate
mp_e_form,stage2_correction,electronegativity_range,5.880104179534994e-06,0.007170843477703081,-5.782411586589357e-22,6.659868342442089e-06,-0.12330505150760174,low,raw_composition_structure_to_endpoint_linear_surrogate
mp_e_form,stage2_correction,atomic_radius_mean,2.960055889854066e-05,0.0360981656503154,-1.1564823173178714e-21,-3.4734865022941646e-05,-0.12330505150760174,low,raw_composition_structure_to_endpoint_linear_surrogate
mp_e_form,stage2_correction,atomic_radius_std,7.080865153583312e-07,0.0008635183009135617,0.0,8.747973634907763e-07,-0.12330505150760174,low,raw_composition_structure_to_endpoint_linear_surrogate
mp_e_form,stage2_correction,atomic_radius_min,2.7406685207983504e-05,0.033422715630298874,1.1564823173178714e-21,-3.068635035870249e-05,-0.12330505150760174,low,raw_composition_structure_to_endpoint_linear_surrogate
mp_e_form,stage2_correction,atomic_radius_max,2.1870496488789296e-05,0.026671280357002985,4.336808689942018e-22,-2.7174747843071202e-05,-0.12330505150760174,low,raw_composition_structure_to_endpoint_linear_surrogate
mp_e_form,stage2_correction,atomic_radius_range,4.541372863780462e-06,0.005538247790472515,2.8912057932946784e-22,5.714059812473935e-06,-0.12330505150760174,low,raw_composition_structure_to_endpoint_linear_surrogate
mp_e_form,stage2_correction,period_mean,2.558213334228878e-05,0.031197657120045973,1.1564823173178714e-21,-3.0254257143831075e-05,-0.12330505150760174,low,raw_composition_structure_to_endpoint_linear_surrogate
mp_e_form,stage2_correction,period_std,4.475742548312871e-06,0.005458210990912344,0.0,5.623779699535656e-06,-0.12330505150760174,low,raw_composition_structure_to_endpoint_linear_surrogate
mp_e_form,stage2_correction,period_min,2.571241283301742e-05,0.03135653420926854,0.0,-3.1318222539197946e-05,-0.12330505150760174,low,raw_composition_structure_to_endpoint_linear_surrogate
mp_e_form,stage2_correction,period_max,2.5097968725437294e-05,0.030607213723317133,0.0,-2.9114843076030777e-05,-0.12330505150760174,low,raw_composition_structure_to_endpoint_linear_surrogate
mp_e_form,stage2_correction,period_range,3.7949182410962796e-06,0.004627939214460265,0.0,4.485343959771898e-06,-0.12330505150760174,low,raw_composition_structure_to_endpoint_linear_surrogate
mp_e_form,stage2_correction,group_mean,6.063256368342048e-06,0.007394199329646161,0.0,-7.70743409182759e-06,-0.12330505150760174,low,raw_composition_structure_to_endpoint_linear_surrogate
mp_e_form,stage2_correction,group_std,2.1443550464384566e-05,0.02615061558288396,2.3129646346357427e-21,-2.6280108650880996e-05,-0.12330505150760174,low,raw_composition_structure_to_endpoint_linear_surrogate
mp_e_form,stage2_correction,group_min,7.372726904835346e-06,0.008991111215754936,-4.336808689942018e-22,1.0266481404243593e-05,-0.12330505150760174,low,raw_composition_structure_to_endpoint_linear_surrogate
mp_e_form,stage2_correction,group_max,1.1197418173705658e-05,0.013655358923314345,-1.1564823173178714e-21,-1.6625270700558453e-05,-0.12330505150760174,low,raw_composition_structure_to_endpoint_linear_surrogate
mp_e_form,stage2_correction,group_range,1.5561601559758917e-05,0.018977522445229187,-1.1564823173178714e-21,-1.9092920053440226e-05,-0.12330505150760174,low,raw_composition_structure_to_endpoint_linear_surrogate
mp_e_form,stage2_correction,n_sites,7.851223224322708e-06,0.009574642069450155,5.782411586589357e-22,-1.159943262779691e-05,-0.12330505150760174,low,raw_composition_structure_to_endpoint_linear_surrogate
mp_e_form,stage2_correction,volume,7.512047411929352e-06,0.009161013911200775,3.614007241618348e-23,-1.1782498042224485e-05,-0.12330505150760174,low,raw_composition_structure_to_endpoint_linear_surrogate
mp_e_form,stage2_correction,volume_per_atom,2.2168334568969244e-06,0.0027034496754104113,0.0,-7.538738815434144e-06,-0.12330505150760174,low,raw_composition_structure_to_endpoint_linear_surrogate
mp_e_form,stage2_correction,density,7.13102517238799e-06,0.008696353633448508,0.0,9.120300135709608e-06,-0.12330505150760174,low,raw_composition_structure_to_endpoint_linear_surrogate
mp_e_form,stage2_correction,lattice_a,2.1687548725445945e-05,0.02644817380387474,-2.8912057932946784e-22,-2.8788046007209703e-05,-0.12330505150760174,low,raw_composition_structure_to_endpoint_linear_surrogate
mp_e_form,stage2_correction,lattice_b,1.9719575240901e-05,0.024048211253031342,2.8912057932946784e-22,-2.8861679975416096e-05,-0.12330505150760174,low,raw_composition_structure_to_endpoint_linear_surrogate
mp_e_form,stage2_correction,lattice_c,9.924412404562885e-06,0.012102916170938189,-5.059610138265688e-22,-1.4939517107559952e-05,-0.12330505150760174,low,raw_composition_structure_to_endpoint_linear_surrogate
mp_e_form,stage2_correction,lattice_length_anisotropy,5.383623439659519e-06,0.006565380450749909,2.529805069132844e-22,-8.963366818526214e-06,-0.12330505150760174,low,raw_composition_structure_to_endpoint_linear_surrogate
mp_e_form,stage2_correction,lattice_alpha,3.438449389899527e-06,0.004193222029430613,2.168404344971009e-22,4.887770127888274e-06,-0.12330505150760174,low,raw_composition_structure_to_endpoint_linear_surrogate
mp_e_form,stage2_correction,lattice_beta,8.653399608928858e-06,0.01055290386888231,2.8912057932946784e-22,1.2195075079140573e-05,-0.12330505150760174,low,raw_composition_structure_to_endpoint_linear_surrogate
mp_e_form,stage2_correction,lattice_gamma,7.113331715545488e-06,0.008674776293026775,4.698209414103852e-22,-9.9890819521186e-06,-0.12330505150760174,low,raw_composition_structure_to_endpoint_linear_surrogate
mp_e_form,stage2_correction,spacegroup_number,1.3859030553517975e-05,0.01690122076371804,0.0,1.531199559259934e-05,-0.12330505150760174,low,raw_composition_structure_to_endpoint_linear_surrogate
mp_e_form,stage2_correction,crystal_system,6.417389324119853e-05,0.07826067867795056,1.1564823173178714e-21,9.1931871467257e-06,-0.12330505150760174,low,raw_composition_structure_to_endpoint_linear_surrogate
mp_e_form,benefit_gate_probability,n_elements,0.0032574421549920515,0.06479871159366503,0.0,-0.003955250754900566,-0.07200360972420095,low,raw_composition_structure_to_endpoint_linear_surrogate
mp_e_form,benefit_gate_probability,composition_entropy,0.0002889728163189007,0.005748395609838013,1.8503717077085942e-20,-0.0003754042113056254,-0.07200360972420095,low,raw_composition_structure_to_endpoint_linear_surrogate
mp_e_form,benefit_gate_probability,max_atomic_fraction,0.001199717410508223,0.023865394618990763,-1.3877787807814457e-20,-0.0015462319084895357,-0.07200360972420095,low,raw_composition_structure_to_endpoint_linear_surrogate
mp_e_form,benefit_gate_probability,min_atomic_fraction,0.0004729563739113288,0.009408290987607907,-1.8503717077085942e-20,0.0006244952246110666,-0.07200360972420095,low,raw_composition_structure_to_endpoint_linear_surrogate
mp_e_form,benefit_gate_probability,metal_fraction,0.0008188030737092469,0.016288051084493136,7.401486830834377e-20,-0.0010071649016394635,-0.07200360972420095,low,raw_composition_structure_to_endpoint_linear_surrogate
mp_e_form,benefit_gate_probability,transition_metal_fraction,0.0011028950800383221,0.021939355116391848,7.401486830834377e-20,0.0014374166839818607,-0.07200360972420095,low,raw_composition_structure_to_endpoint_linear_surrogate
mp_e_form,benefit_gate_probability,alkali_fraction,0.0026869562838302487,0.0534503137788266,-2.220446049250313e-19,-0.0037775640964773666,-0.07200360972420095,low,raw_composition_structure_to_endpoint_linear_surrogate
mp_e_form,benefit_gate_probability,alkaline_fraction,0.00021308681523947478,0.00423883231938742,2.312964634635743e-20,-0.0003373318059578018,-0.07200360972420095,low,raw_composition_structure_to_endpoint_linear_surrogate
mp_e_form,benefit_gate_probability,halogen_fraction,0.005163633427424811,0.1027176469507944,-1.4802973661668753e-19,0.007953699758518944,-0.07200360972420095,low,raw_composition_structure_to_endpoint_linear_surrogate
mp_e_form,benefit_gate_probability,chalcogen_fraction,0.00017443262826713783,0.0034699033885483774,-9.251858538542971e-21,-0.00018276400657885744,-0.07200360972420095,low,raw_composition_structure_to_endpoint_linear_surrogate
mp_e_form,benefit_gate_probability,rare_earth_fraction,0.00062276623979205,0.012388385746378591,0.0,-0.0009280778840211353,-0.07200360972420095,low,raw_composition_structure_to_endpoint_linear_surrogate
mp_e_form,benefit_gate_probability,atomic_number_mean,0.00015224055372860018,0.0030284472492631267,0.0,0.00018780478181565482,-0.07200360972420095,low,raw_composition_structure_to_endpoint_linear_surrogate
mp_e_form,benefit_gate_probability,atomic_number_std,0.00037686189815959453,0.007496730344715613,4.6259292692714854e-21,0.0004551212356488801,-0.07200360972420095,low,raw_composition_structure_to_endpoint_linear_surrogate
mp_e_form,benefit_gate_probability,atomic_number_min,2.333268306409189e-05,0.0004641457096204897,-2.3129646346357427e-21,-3.2380066223267794e-05,-0.07200360972420095,low,raw_composition_structure_to_endpoint_linear_surrogate
mp_e_form,benefit_gate_probability,atomic_number_max,1.0038937179348323e-05,0.00019969969197905849,2.8912057932946784e-22,1.1659059463725628e-05,-0.07200360972420095,low,raw_composition_structure_to_endpoint_linear_surrogate
mp_e_form,benefit_gate_probability,atomic_number_range,2.909346085806989e-05,0.0005787420588619028,5.782411586589357e-22,3.4478858920986965e-05,-0.07200360972420095,low,raw_composition_structure_to_endpoint_linear_surrogate
mp_e_form,benefit_gate_probability,atomic_mass_mean,0.00019563699389072182,0.003891711515045284,-2.7755575615628914e-20,-0.00024365152261365429,-0.07200360972420095,low,raw_composition_structure_to_endpoint_linear_surrogate
mp_e_form,benefit_gate_probability,atomic_mass_std,0.0004970282713658468,0.009887141529367227,0.0,0.0005990464508792686,-0.07200360972420095,low,raw_composition_structure_to_endpoint_linear_surrogate
mp_e_form,benefit_gate_probability,atomic_mass_min,0.0005039799262223595,0.010025427416487445,0.0,-0.0007249132410824904,-0.07200360972420095,low,raw_composition_structure_to_endpoint_linear_surrogate
mp_e_form,benefit_gate_probability,atomic_mass_max,5.379650633080572e-05,0.0010701477210069326,1.1564823173178714e-21,-6.229788753434225e-05,-0.07200360972420095,low,raw_composition_structure_to_endpoint_linear_surrogate
mp_e_form,benefit_gate_probability,atomic_mass_range,0.00031758461429810586,0.006317556183446188,-4.6259292692714854e-21,0.000374627403053843,-0.07200360972420095,low,raw_composition_structure_to_endpoint_linear_surrogate
mp_e_form,benefit_gate_probability,electronegativity_mean,0.0008671282613851424,0.017249360526050275,-7.401486830834377e-20,0.0010094252685932466,-0.07200360972420095,low,raw_composition_structure_to_endpoint_linear_surrogate
mp_e_form,benefit_gate_probability,electronegativity_std,0.00040091936731802253,0.007975293871402174,-3.7007434154171883e-20,-0.0004632266958098088,-0.07200360972420095,low,raw_composition_structure_to_endpoint_linear_surrogate
mp_e_form,benefit_gate_probability,electronegativity_min,0.0009626919929894657,0.019150363333898468,3.7007434154171883e-20,0.0011903802952660052,-0.07200360972420095,low,raw_composition_structure_to_endpoint_linear_surrogate
mp_e_form,benefit_gate_probability,electronegativity_max,0.0006068635286758116,0.01207204085300902,-7.401486830834377e-20,0.0006777147408676277,-0.07200360972420095,low,raw_composition_structure_to_endpoint_linear_surrogate
mp_e_form,benefit_gate_probability,electronegativity_range,2.6129405295729066e-05,0.0005197795439827428,-2.3129646346357427e-21,2.9594441496719583e-05,-0.07200360972420095,low,raw_composition_structure_to_endpoint_linear_surrogate
mp_e_form,benefit_gate_probability,atomic_radius_mean,0.0009932528845628154,0.019758296277871675,7.401486830834377e-20,0.0011655355899593419,-0.07200360972420095,low,raw_composition_structure_to_endpoint_linear_surrogate
mp_e_form,benefit_gate_probability,atomic_radius_std,0.0012118622665072752,0.024106986329229776,0.0,-0.0014971813368286418,-0.07200360972420095,low,raw_composition_structure_to_endpoint_linear_surrogate
mp_e_form,benefit_gate_probability,atomic_radius_min,0.0008426110006797166,0.01676165058987139,7.401486830834377e-20,0.0009434434039262329,-0.07200360972420095,low,raw_composition_structure_to_endpoint_linear_surrogate
mp_e_form,benefit_gate_probability,atomic_radius_max,0.0006762473628852394,0.013452259702117133,-1.3877787807814457e-20,0.0008402576308849743,-0.07200360972420095,low,raw_composition_structure_to_endpoint_linear_surrogate
mp_e_form,benefit_gate_probability,atomic_radius_range,0.0001369529252909181,0.0027243378962953867,0.0,-0.00017231732123271226,-0.07200360972420095,low,raw_composition_structure_to_endpoint_linear_surrogate
mp_e_form,benefit_gate_probability,period_mean,0.0014474507187512019,0.028793432763391975,-7.401486830834377e-20,0.001711801969843225,-0.07200360972420095,low,raw_composition_structure_to_endpoint_linear_surrogate
mp_e_form,benefit_gate_probability,period_std,0.00022475914102409425,0.004471024216021945,4.6259292692714854e-21,-0.000282410322071102,-0.07200360972420095,low,raw_composition_structure_to_endpoint_linear_surrogate
mp_e_form,benefit_gate_probability,period_min,0.0011687659391633226,0.02324969206169311,0.0,0.0014235798101354651,-0.07200360972420095,low,raw_composition_structure_to_endpoint_linear_surrogate
mp_e_form,benefit_gate_probability,period_max,0.0009614568023190244,0.01912579228698227,9.251858538542972e-20,0.0011153358357455284,-0.07200360972420095,low,raw_composition_structure_to_endpoint_linear_surrogate
mp_e_form,benefit_gate_probability,period_range,0.00032303937451004164,0.006426065073847862,-9.251858538542971e-21,-0.0003818113105932251,-0.07200360972420095,low,raw_composition_structure_to_endpoint_linear_surrogate
mp_e_form,benefit_gate_probability,group_mean,0.0009881852626371422,0.01965748854100237,3.7007434154171883e-20,0.00125615219274882,-0.07200360972420095,low,raw_composition_structure_to_endpoint_linear_surrogate
mp_e_form,benefit_gate_probability,group_std,0.0013220034057725193,0.02629797041375411,-7.401486830834377e-20,0.0016201791395617955,-0.07200360972420095,low,raw_composition_structure_to_endpoint_linear_surrogate
mp_e_form,benefit_gate_probability,group_min,0.0008733165149326568,0.017372460442430782,1.8503717077085942e-20,0.0012160884129174424,-0.07200360972420095,low,raw_composition_structure_to_endpoint_linear_surrogate
mp_e_form,benefit_gate_probability,group_max,0.002020418033772881,0.04019119273336971,-1.4802973661668753e-19,0.002999798365898483,-0.07200360972420095,low,raw_composition_structure_to_endpoint_linear_surrogate
mp_e_form,benefit_gate_probability,group_range,0.0007894881394230143,0.01570490336250221,3.7007434154171883e-20,0.0009686428399582031,-0.07200360972420095,low,raw_composition_structure_to_endpoint_linear_surrogate
mp_e_form,benefit_gate_probability,n_sites,0.001599864614629943,0.03182532822369295,1.4802973661668753e-19,-0.0023636472025793365,-0.07200360972420095,low,raw_composition_structure_to_endpoint_linear_surrogate
mp_e_form,benefit_gate_probability,volume,0.0007980589665391675,0.015875398655432478,0.0,0.001251739731553743,-0.07200360972420095,low,raw_composition_structure_to_endpoint_linear_surrogate
mp_e_form,benefit_gate_probability,volume_per_atom,0.00036554262156069197,0.007271561483725355,1.8503717077085942e-20,0.0012430930890553029,-0.07200360972420095,low,raw_composition_structure_to_endpoint_linear_surrogate
mp_e_form,benefit_gate_probability,density,0.0016042280513576589,0.03191212794710267,0.0,-0.0020517444491935334,-0.07200360972420095,low,raw_composition_structure_to_endpoint_linear_surrogate
mp_e_form,benefit_gate_probability,lattice_a,0.00047461272325804847,0.009441239939119436,1.3877787807814457e-20,-0.0006300007938070392,-0.07200360972420095,low,raw_composition_structure_to_endpoint_linear_surrogate
mp_e_form,benefit_gate_probability,lattice_b,0.00029655794603302045,0.005899282904027582,0.0,0.00043404385885649943,-0.07200360972420095,low,raw_composition_structure_to_endpoint_linear_surrogate
mp_e_form,benefit_gate_probability,lattice_c,0.00035921092267257083,0.0071456080789901325,1.3877787807814457e-20,0.0005407310282694393,-0.07200360972420095,low,raw_composition_structure_to_endpoint_linear_surrogate
mp_e_form,benefit_gate_probability,lattice_length_anisotropy,0.0006677276901169534,0.01328278199773533,1.61907524424502e-20,-0.0011117211834161967,-0.07200360972420095,low,raw_composition_structure_to_endpoint_linear_surrogate
mp_e_form,benefit_gate_probability,lattice_alpha,0.00019664181830573383,0.0039116999981472335,5.782411586589357e-21,0.0002795271636778357,-0.07200360972420095,low,raw_composition_structure_to_endpoint_linear_surrogate
mp_e_form,benefit_gate_probability,lattice_beta,0.0005342436057914755,0.01062744806669513,0.0,0.0007528995744580304,-0.07200360972420095,low,raw_composition_structure_to_endpoint_linear_surrogate
mp_e_form,benefit_gate_probability,lattice_gamma,0.0007893821388070569,0.01570279474383291,-2.312964634635743e-20,0.0011085104971064422,-0.07200360972420095,low,raw_composition_structure_to_endpoint_linear_surrogate
mp_e_form,benefit_gate_probability,spacegroup_number,0.0025497021885286316,0.050719984854069186,7.401486830834377e-20,0.0028170100731382776,-0.07200360972420095,low,raw_composition_structure_to_endpoint_linear_surrogate
mp_e_form,benefit_gate_probability,crystal_system,0.005029596806294941,0.10005132167398992,0.0,0.00020408399244007118,-0.07200360972420095,low,raw_composition_structure_to_endpoint_linear_surrogate
mp_e_form,realized_local_gain,n_elements,2.0506261231776994e-05,0.017504959626960467,0.0,-2.4899108367243466e-05,-0.003927555031648433,low,raw_composition_structure_to_endpoint_linear_surrogate
mp_e_form,realized_local_gain,composition_entropy,1.7861576929190248e-06,0.0015247351990952344,0.0,2.3203951448421583e-06,-0.003927555031648433,low,raw_composition_structure_to_endpoint_linear_surrogate
mp_e_form,realized_local_gain,max_atomic_fraction,1.6145996534076428e-05,0.013782864378420846,-9.396418828207705e-22,-2.0809446305171636e-05,-0.003927555031648433,low,raw_composition_structure_to_endpoint_linear_surrogate
mp_e_form,realized_local_gain,min_atomic_fraction,5.38676517955803e-06,0.004598356859024004,0.0,7.1127260700917375e-06,-0.003927555031648433,low,raw_composition_structure_to_endpoint_linear_surrogate
mp_e_form,realized_local_gain,metal_fraction,1.9959435364308254e-05,0.01703816733241071,1.1564823173178714e-21,-2.455101037225836e-05,-0.003927555031648433,low,raw_composition_structure_to_endpoint_linear_surrogate
mp_e_form,realized_local_gain,transition_metal_fraction,4.018677867589485e-05,0.03430503153685687,-1.1564823173178714e-21,-5.23759215085179e-05,-0.003927555031648433,low,raw_composition_structure_to_endpoint_linear_surrogate
mp_e_form,realized_local_gain,alkali_fraction,6.778421782252935e-06,0.005786330247708678,1.4456028966473392e-22,9.529713196121536e-06,-0.003927555031648433,low,raw_composition_structure_to_endpoint_linear_surrogate
mp_e_form,realized_local_gain,alkaline_fraction,5.7145108461291654e-05,0.04878133586550937,-1.1564823173178714e-21,9.046483057733032e-05,-0.003927555031648433,low,raw_composition_structure_to_endpoint_linear_surrogate
mp_e_form,realized_local_gain,halogen_fraction,4.6387741047823225e-05,0.039598419480276766,0.0,7.145243169484913e-05,-0.003927555031648433,low,raw_composition_structure_to_endpoint_linear_surrogate
mp_e_form,realized_local_gain,chalcogen_fraction,5.621059060712444e-06,0.004798359428195239,-2.8912057932946784e-22,-5.889536180002274e-06,-0.003927555031648433,low,raw_composition_structure_to_endpoint_linear_surrogate
mp_e_form,realized_local_gain,rare_earth_fraction,2.0026352725345593e-05,0.017095290651481965,0.0,-2.9844288072207887e-05,-0.003927555031648433,low,raw_composition_structure_to_endpoint_linear_surrogate
mp_e_form,realized_local_gain,atomic_number_mean,1.0876650458454074e-05,0.009284741133442622,5.782411586589357e-22,1.3417495642301822e-05,-0.003927555031648433,low,raw_composition_structure_to_endpoint_linear_surrogate
mp_e_form,realized_local_gain,atomic_number_std,1.894701991789674e-05,0.016173929268005198,7.228014483236697e-22,2.2881567913892247e-05,-0.003927555031648433,low,raw_composition_structure_to_endpoint_linear_surrogate
mp_e_form,realized_local_gain,atomic_number_min,1.4488546321654752e-05,0.01236799900027096,-5.782411586589357e-22,-2.0106564173755592e-05,-0.003927555031648433,low,raw_composition_structure_to_endpoint_linear_surrogate
mp_e_form,realized_local_gain,atomic_number_max,7.63841703672166e-06,0.006520456378196292,0.0,8.871134149845716e-06,-0.003927555031648433,low,raw_composition_structure_to_endpoint_linear_surrogate
mp_e_form,realized_local_gain,atomic_number_range,1.954928888042206e-05,0.016688049992130173,4.336808689942018e-22,2.316799560567674e-05,-0.003927555031648433,low,raw_composition_structure_to_endpoint_linear_surrogate
mp_e_form,realized_local_gain,atomic_mass_mean,8.89484654789557e-06,0.007592994546838119,5.782411586589357e-22,1.1077878788201645e-05,-0.003927555031648433,low,raw_composition_structure_to_endpoint_linear_surrogate
mp_e_form,realized_local_gain,atomic_mass_std,1.7961878174521508e-05,0.015332973120528942,0.0,2.1648666668405285e-05,-0.003927555031648433,low,raw_composition_structure_to_endpoint_linear_surrogate
mp_e_form,realized_local_gain,atomic_mass_min,1.6403792291156214e-05,0.014002929082984852,0.0,-2.359484101868669e-05,-0.003927555031648433,low,raw_composition_structure_to_endpoint_linear_surrogate
mp_e_form,realized_local_gain,atomic_mass_max,7.283669874583132e-06,0.006217630100854676,-2.8912057932946784e-22,8.434697299743046e-06,-0.003927555031648433,low,raw_composition_structure_to_endpoint_linear_surrogate
mp_e_form,realized_local_gain,atomic_mass_range,1.9958097540004503e-05,0.017037025312412014,-3.975407965780183e-22,2.354286043683752e-05,-0.003927555031648433,low,raw_composition_structure_to_endpoint_linear_surrogate
mp_e_form,realized_local_gain,electronegativity_mean,2.0045869137848116e-05,0.01711195063689122,0.0,-2.3335425380248264e-05,-0.003927555031648433,low,raw_composition_structure_to_endpoint_linear_surrogate
mp_e_form,realized_local_gain,electronegativity_std,8.045100881495284e-06,0.00686761787210468,0.0,-9.295399031784601e-06,-0.003927555031648433,low,raw_composition_structure_to_endpoint_linear_surrogate
mp_e_form,realized_local_gain,electronegativity_min,3.0802800850875125e-05,0.026294495090909725,2.3129646346357427e-21,3.808803588157185e-05,-0.003927555031648433,low,raw_composition_structure_to_endpoint_linear_surrogate
mp_e_form,realized_local_gain,electronegativity_max,1.404295064220487e-05,0.011987620817697586,1.1564823173178714e-21,-1.5682462705025787e-05,-0.003927555031648433,low,raw_composition_structure_to_endpoint_linear_surrogate
mp_e_form,realized_local_gain,electronegativity_range,2.7614046302467333e-05,0.02357244746851494,0.0,-3.127596164309383e-05,-0.003927555031648433,low,raw_composition_structure_to_endpoint_linear_surrogate
mp_e_form,realized_local_gain,atomic_radius_mean,3.3152663490446866e-05,0.028300431237420112,4.6259292692714854e-21,3.890309285844094e-05,-0.003927555031648433,low,raw_composition_structure_to_endpoint_linear_surrogate
mp_e_form,realized_local_gain,atomic_radius_std,6.148535865783244e-06,0.005248634594036492,0.0,-7.5961381103179545e-06,-0.003927555031648433,low,raw_composition_structure_to_endpoint_linear_surrogate
mp_e_form,realized_local_gain,atomic_radius_min,1.6325249291902202e-05,0.013935881657060556,-1.1564823173178714e-21,1.827883655621883e-05,-0.003927555031648433,low,raw_composition_structure_to_endpoint_linear_surrogate
mp_e_form,realized_local_gain,atomic_radius_max,1.1397483179629322e-05,0.009729344645195632,7.228014483236696e-23,-1.4161714692249215e-05,-0.003927555031648433,low,raw_composition_structure_to_endpoint_linear_surrogate
mp_e_form,realized_local_gain,atomic_radius_range,1.9668367413099618e-05,0.01678970016050549,0.0,-2.4747192354209965e-05,-0.003927555031648433,low,raw_composition_structure_to_endpoint_linear_surrogate
mp_e_form,realized_local_gain,period_mean,1.6726413566359234e-05,0.014278331426366489,-1.1564823173178714e-21,1.9781196914261026e-05,-0.003927555031648433,low,raw_composition_structure_to_endpoint_linear_surrogate
mp_e_form,realized_local_gain,period_std,1.7847013177199562e-06,0.001523491979340387,-3.614007241618348e-23,2.2424808692607617e-06,-0.003927555031648433,low,raw_composition_structure_to_endpoint_linear_surrogate
mp_e_form,realized_local_gain,period_min,8.556058868682753e-06,0.007303791918445674,0.0,1.0421447316052557e-05,-0.003927555031648433,low,raw_composition_structure_to_endpoint_linear_surrogate
mp_e_form,realized_local_gain,period_max,2.656129851623125e-06,0.0022673780115790606,3.614007241618348e-23,3.0812375561369573e-06,-0.003927555031648433,low,raw_composition_structure_to_endpoint_linear_surrogate
mp_e_form,realized_local_gain,period_range,6.042590053819028e-06,0.005158195038033702,-2.8912057932946784e-22,-7.141944325906044e-06,-0.003927555031648433,low,raw_composition_structure_to_endpoint_linear_surrogate
mp_e_form,realized_local_gain,group_mean,4.956968698485731e-06,0.004231465500138866,0.0,6.301153574556534e-06,-0.003927555031648433,low,raw_composition_structure_to_endpoint_linear_surrogate
mp_e_form,realized_local_gain,group_std,2.614179349062548e-05,0.02231567395233471,-2.3129646346357427e-21,3.203803280634798e-05,-0.003927555031648433,low,raw_composition_structure_to_endpoint_linear_surrogate
mp_e_form,realized_local_gain,group_min,9.889414933735649e-06,0.008441997650992622,-2.8912057932946784e-22,1.3770955553698673e-05,-0.003927555031648433,low,raw_composition_structure_to_endpoint_linear_surrogate
mp_e_form,realized_local_gain,group_max,2.0557989347292607e-05,0.01754911680234436,0.0,3.052329855470851e-05,-0.003927555031648433,low,raw_composition_structure_to_endpoint_linear_surrogate
mp_e_form,realized_local_gain,group_range,7.114155338163093e-06,0.006072925755061137,2.8912057932946784e-22,8.728535979905093e-06,-0.003927555031648433,low,raw_composition_structure_to_endpoint_linear_surrogate
mp_e_form,realized_local_gain,n_sites,1.5246455367551525e-05,0.013014980285614776,5.782411586589357e-22,-2.2525181974288166e-05,-0.003927555031648433,low,raw_composition_structure_to_endpoint_linear_surrogate
mp_e_form,realized_local_gain,volume,5.799123916903139e-05,0.04950362666785042,0.0,9.095811361496637e-05,-0.003927555031648433,low,raw_composition_structure_to_endpoint_linear_surrogate
mp_e_form,realized_local_gain,volume_per_atom,4.4662993863685835e-05,0.0381261067322926,2.3129646346357427e-21,0.0001518845019259925,-0.003927555031648433,low,raw_composition_structure_to_endpoint_linear_surrogate
mp_e_form,realized_local_gain,density,9.247612774986014e-06,0.007894129819288671,0.0,-1.1827332256976356e-05,-0.003927555031648433,low,raw_composition_structure_to_endpoint_linear_surrogate
mp_e_form,realized_local_gain,lattice_a,3.39951157715263e-05,0.02901958198856161,0.0,4.512510700219745e-05,-0.003927555031648433,low,raw_composition_structure_to_endpoint_linear_surrogate
mp_e_form,realized_local_gain,lattice_b,1.2473077827220828e-05,0.010647514986841694,0.0,1.8255666065820263e-05,-0.003927555031648433,low,raw_composition_structure_to_endpoint_linear_surrogate
mp_e_form,realized_local_gain,lattice_c,2.9357319579145716e-05,0.025060574825428054,1.1564823173178714e-21,4.4192457971930615e-05,-0.003927555031648433,low,raw_composition_structure_to_endpoint_linear_surrogate
mp_e_form,realized_local_gain,lattice_length_anisotropy,1.763880104979332e-06,0.0015057181645874481,-1.807003620809174e-23,2.9367403909345835e-06,-0.003927555031648433,low,raw_composition_structure_to_endpoint_linear_surrogate
mp_e_form,realized_local_gain,lattice_alpha,1.4192235297433302e-05,0.012115056132851422,8.673617379884036e-22,2.017432158185205e-05,-0.003927555031648433,low,raw_composition_structure_to_endpoint_linear_surrogate
mp_e_form,realized_local_gain,lattice_beta,1.9794438967213138e-05,0.016897319849922373,1.1564823173178714e-21,2.7895934576458387e-05,-0.003927555031648433,low,raw_composition_structure_to_endpoint_linear_surrogate
mp_e_form,realized_local_gain,lattice_gamma,1.5026876748782083e-05,0.012827539249286491,7.228014483236697e-22,-2.110188436733952e-05,-0.003927555031648433,low,raw_composition_structure_to_endpoint_linear_surrogate
mp_e_form,realized_local_gain,spacegroup_number,7.385012622207422e-05,0.06304140298184037,0.0,8.159248966647707e-05,-0.003927555031648433,low,raw_composition_structure_to_endpoint_linear_surrogate
mp_e_form,realized_local_gain,crystal_system,0.0001702514184227215,0.1453333775590567,1.61907524424502e-20,2.146215282716143e-05,-0.003927555031648433,low,raw_composition_structure_to_endpoint_linear_surrogate
