sample_id,y_true,stage1_anchor_prediction,raw_stage2_prediction,hpsafemoe_prediction,benefit_probability,correction_accepted,residual_scale,task_safety_accepted,abs_error_stage1_anchor,abs_error_hpsafemoe,proposal_route_index,directional_agreement,route_consensus,route_probability_0,route_probability_1,route_probability_2,data_attention_source_0,data_attention_source_1,data_attention_source_2,data_attention_source_3,data_attention_source_4,learned_relation_attention_source_0,learned_relation_attention_source_1,learned_relation_attention_source_2,learned_relation_attention_source_3,learned_relation_attention_source_4
mbj_bandgap::test::000000::JVASP-100464,0.0,-0.001274393405765295,-0.04835249235772345,-0.001274393405765295,0.3992297649383545,False,1.0,True,0.001274393405765295,0.001274393405765295,1,0.988472580909729,0.5,0.0,0.5760763883590698,0.42392364144325256,0.05799593776464462,0.8189166188240051,0.08378995954990387,0.03929755836725235,0.0,0.057428501546382904,0.8269702792167664,0.07302162051200867,0.04257954657077789,0.0
mbj_bandgap::test::000001::JVASP-13113,3.645,2.653420925140381,3.168863485345956,3.168863485345956,0.7700422406196594,True,1.0,True,0.9915790748596192,0.47613651465404416,2,1.0,0.6000000238418579,0.0,0.43089428544044495,0.5691057443618774,0.011055844835937023,0.9459151029586792,0.035800207406282425,0.007228798232972622,0.0,0.010346007533371449,0.9449571371078491,0.03616644814610481,0.00853028241544962,0.0
mbj_bandgap::test::000002::JVASP-85665,3.811,4.15800666809082,4.187269982969227,4.187269982969227,0.5901872515678406,True,1.0,True,0.34700666809082037,0.37626998296922665,2,0.5131114721298218,0.6000000238418579,0.0,0.4007488191127777,0.5992511510848999,0.025227343663573265,0.8997141122817993,0.03801707178354263,0.037041567265987396,0.0,0.016874410212039948,0.9273139238357544,0.042835533618927,0.012976197525858879,0.0
mbj_bandgap::test::000003::JVASP-29030,0.426,0.6721790432929993,0.5960441586648375,0.5960441586648375,0.4675341844558716,True,1.0,True,0.24617904329299928,0.17004415866483752,1,0.8996089100837708,0.5,0.0,0.5257735252380371,0.4742264747619629,0.0671943947672844,0.8640632629394531,0.027613600715994835,0.04112871736288071,0.0,0.08163227885961533,0.863448977470398,0.03210625797510147,0.02281245030462742,0.0
mbj_bandgap::test::000004::JVASP-18385,0.314,0.2407211810350418,0.12674124419514637,0.12674124419514637,0.46029016375541687,True,1.0,True,0.07327881896495819,0.18725875580485363,1,1.0,0.699999988079071,0.0,0.6095874905586243,0.39041247963905334,0.06662537157535553,0.779400646686554,0.07296194136142731,0.08101204037666321,0.0,0.06774342805147171,0.7989209294319153,0.07982771098613739,0.05350804328918457,0.0
mbj_bandgap::test::000005::JVASP-103218,3.81,3.6015663146972656,4.220052640161635,4.220052640161635,0.8180899620056152,True,1.0,True,0.20843368530273443,0.4100526401616347,2,1.0,0.6000000238418579,0.0,0.40034574270248413,0.5996542572975159,0.017616894096136093,0.9392550587654114,0.007920880801975727,0.035207126289606094,0.0,0.011485585942864418,0.9572830200195312,0.007725212723016739,0.023506276309490204,0.0
mbj_bandgap::test::000006::JVASP-22667,5.845,5.750457286834717,5.803005180751967,5.803005180751967,0.5655493140220642,True,1.0,True,0.09454271316528295,0.04199481924803283,2,0.41233956813812256,0.6000000238418579,0.0,0.40002089738845825,0.5999791026115417,0.0216769240796566,0.7726517915725708,0.1994047462940216,0.006266509182751179,0.0,0.031823400408029556,0.7899906039237976,0.17119058966636658,0.006995393894612789,0.0
mbj_bandgap::test::000007::JVASP-36766,0.0,0.42560940980911255,0.4642007549127025,0.42560940980911255,0.4457196593284607,False,1.0,True,0.42560940980911255,0.42560940980911255,2,0.910044252872467,0.5,0.0,0.49537673592567444,0.504623293876648,0.010742969810962677,0.8900041580200195,0.07011564075946808,0.029137250036001205,0.0,0.01028425246477127,0.8942990303039551,0.06879518926143646,0.026621609926223755,0.0
mbj_bandgap::test::000008::JVASP-67806,0.0,0.0007425085641443729,-0.053284514732240607,0.0007425085641443729,0.37453874945640564,False,1.0,True,0.0007425085641443729,0.0007425085641443729,1,0.997412383556366,0.6000000238418579,0.0,0.538192868232727,0.46180710196495056,0.1852186769247055,0.4857906401157379,0.2908683121204376,0.03812238574028015,0.0,0.2160063087940216,0.43433594703674316,0.3280782401561737,0.021579552441835403,0.0
mbj_bandgap::test::000009::JVASP-18097,0.0,0.0018475786782801151,0.0009582916715174638,0.0018475786782801151,0.37443041801452637,False,1.0,True,0.0018475786782801151,0.0018475786782801151,1,0.5921489000320435,0.5,0.0,0.5145142674446106,0.4854857325553894,0.3298885226249695,0.25110939145088196,0.41192498803138733,0.007077123038470745,0.0,0.3585890531539917,0.24250225722789764,0.3938235938549042,0.005085107870399952,0.0
mbj_bandgap::test::000010::JVASP-19710,0.0,-0.003752396907657385,-0.00494854781052585,-0.003752396907657385,0.43166929483413696,False,1.0,True,0.003752396907657385,0.003752396907657385,1,0.271551251411438,0.699999988079071,0.0,0.525978684425354,0.4740213453769684,0.32137948274612427,0.554766058921814,0.1024417132139206,0.021412719041109085,0.0,0.30321186780929565,0.590668797492981,0.08566856384277344,0.02045074850320816,0.0
mbj_bandgap::test::000011::JVASP-16806,0.0,0.0009009377099573612,-0.09936088373275653,0.0009009377099573612,0.41264665126800537,False,1.0,True,0.0009009377099573612,0.0009009377099573612,1,1.0,0.5,0.0,0.5700212121009827,0.4299788475036621,0.05819360539317131,0.9036943316459656,0.01833410933613777,0.019777901470661163,0.0,0.04513176903128624,0.9169346690177917,0.013129331171512604,0.02480415068566799,0.0
mbj_bandgap::test::000012::JVASP-99393,0.0,-0.0002631410025060177,-0.0029046137996277866,-0.0002631410025060177,0.40848299860954285,False,1.0,True,0.0002631410025060177,0.0002631410025060177,1,0.5264194011688232,0.699999988079071,0.0,0.5276991724967957,0.47230085730552673,0.4788433015346527,0.35500216484069824,0.1288977563381195,0.037256740033626556,0.0,0.48481041193008423,0.3647316098213196,0.11896767467260361,0.031490374356508255,0.0
mbj_bandgap::test::000013::JVASP-115429,0.0,0.15874679386615753,-0.18281079939072065,-0.18281079939072065,0.4618868827819824,True,1.0,True,0.15874679386615753,0.18281079939072065,1,1.0,0.6000000238418579,0.0,0.5714012384414673,0.4285987317562103,0.2255333662033081,0.6787599921226501,0.08141718059778214,0.014289429411292076,0.0,0.25668150186538696,0.6532207727432251,0.07434635609388351,0.015751423314213753,0.0
mbj_bandgap::test::000014::JVASP-80732,0.008,0.001631809864193201,-0.040790287944742334,0.001631809864193201,0.40568816661834717,False,1.0,True,0.006368190135806799,0.006368190135806799,1,0.9523568749427795,0.699999988079071,0.0,0.5461878776550293,0.4538121223449707,0.0324898287653923,0.7777601480484009,0.09135671705007553,0.09839335083961487,0.0,0.03276646137237549,0.7490400671958923,0.08834773302078247,0.1298457384109497,0.0
mbj_bandgap::test::000015::JVASP-77247,4.551,4.508234024047852,4.4025030304356525,4.4025030304356525,0.574999988079071,True,1.0,True,0.042765975952148594,0.14849696956434766,2,0.6770567893981934,0.6000000238418579,0.0,0.4001128673553467,0.5998870730400085,0.0070115686394274235,0.9359744191169739,0.04434352368116379,0.012670494616031647,0.0,0.005009450949728489,0.9359463453292847,0.04859969764947891,0.010444425977766514,0.0
mbj_bandgap::test::000016::JVASP-102756,0.783,1.4558714628219604,1.0252351629719283,1.0252351629719283,0.6364408731460571,True,1.0,True,0.6728714628219604,0.24223516297192826,1,1.0,0.6000000238418579,0.0,0.5495563745498657,0.4504435658454895,0.01717471517622471,0.9604732394218445,0.01907426305115223,0.003277817275375128,0.0,0.008249052800238132,0.9732593297958374,0.015291516669094563,0.0032001223880797625,0.0
mbj_bandgap::test::000017::JVASP-106229,1.149,2.787290334701538,0.6552249727355718,0.6552249727355717,0.8715792298316956,True,1.0,True,1.638290334701538,0.49377502726442835,2,1.0,0.6000000238418579,0.0,0.46073096990585327,0.5392690896987915,0.012887935154139996,0.8601248860359192,0.1105048879981041,0.01648230478167534,0.0,0.00838559865951538,0.8784816861152649,0.09229828417301178,0.02083447016775608,0.0
mbj_bandgap::test::000018::JVASP-86756,0.0,0.0010609165765345097,-0.0029831795917867774,0.0010609165765345097,0.37334516644477844,False,1.0,True,0.0010609165765345097,0.0010609165765345097,1,0.8693814873695374,0.6000000238418579,0.0,0.5310035943984985,0.4689963757991791,0.37865301966667175,0.5107120871543884,0.09747286885976791,0.013161960057914257,0.0,0.37557724118232727,0.5203165411949158,0.09326417744159698,0.010842018760740757,0.0
mbj_bandgap::test::000019::JVASP-24924,4.621,4.96629524230957,4.872315884001191,4.872315884001191,0.5517787933349609,True,1.0,True,0.34529524230956987,0.2513158840011904,2,0.9266073703765869,0.6000000238418579,0.0,0.4004485011100769,0.5995514392852783,0.02310212329030037,0.93696129322052,0.018469616770744324,0.021466996520757675,0.0,0.015823202207684517,0.9470077753067017,0.018457673490047455,0.018711427226662636,0.0
mbj_bandgap::test::000020::JVASP-5752,2.58,2.720040798187256,3.5584446549473263,3.5584446549473263,0.872541069984436,True,1.0,True,0.1400407981872558,0.9784446549473262,2,1.0,0.6000000238418579,0.0,0.40411847829818726,0.5958815813064575,0.006127825938165188,0.9645458459854126,0.007985865697264671,0.021340493112802505,0.0,0.003835625946521759,0.9637911915779114,0.008750701323151588,0.023622596636414528,0.0
mbj_bandgap::test::000021::JVASP-17551,0.0,0.00018305938283447176,-0.018368701740533754,0.00018305938283447176,0.3947383165359497,False,1.0,True,0.00018305938283447176,0.00018305938283447176,1,0.9801775813102722,0.6000000238418579,0.0,0.5705505013465881,0.42944949865341187,0.08951296657323837,0.7375097870826721,0.1498187929391861,0.02315850369632244,0.0,0.09982232749462128,0.7435439229011536,0.1357748806476593,0.020858943462371826,0.0
mbj_bandgap::test::000022::JVASP-110419,0.0,-0.0006045564077794552,-0.0016520215941462802,-0.0006045564077794552,0.40436068177223206,False,1.0,True,0.0006045564077794552,0.0006045564077794552,1,0.4287443459033966,0.6000000238418579,0.0,0.5191567540168762,0.4808432459831238,0.41061931848526,0.3472309708595276,0.18385346233844757,0.058296285569667816,0.0,0.4567662179470062,0.3311353325843811,0.152554452419281,0.05954397842288017,0.0
mbj_bandgap::test::000023::JVASP-25347,0.0,0.004902078304439783,0.0006868188366355721,0.004902078304439783,0.38201165199279785,False,1.0,True,0.004902078304439783,0.004902078304439783,1,0.7882643938064575,0.6000000238418579,0.0,0.5151830315589905,0.4848169684410095,0.5173859596252441,0.36705082654953003,0.06350237131118774,0.05206083133816719,0.0,0.5193063616752625,0.3857273757457733,0.0325663797557354,0.06239985674619675,0.0
mbj_bandgap::test::000024::JVASP-49169,1.988,1.9872310161590576,2.228702636042839,2.228702636042839,0.6634054780006409,True,1.0,True,0.0007689838409423722,0.24070263604283904,2,1.0,0.6000000238418579,0.0,0.44797080755233765,0.5520291328430176,0.020289119333028793,0.9548360109329224,0.019788416102528572,0.005086552817374468,0.0,0.017917219549417496,0.9572795629501343,0.019486332312226295,0.0053168535232543945,0.0
mbj_bandgap::test::000025::JVASP-32108,1.081,0.022459937259554863,-0.031686980692857025,0.022459937259554863,0.412891149520874,False,1.0,True,1.058540062740445,1.058540062740445,1,1.0,0.6000000238418579,0.0,0.5926319360733032,0.40736809372901917,0.05197475478053093,0.8602724075317383,0.0704912543296814,0.017261531203985214,0.0,0.06522149592638016,0.8537290692329407,0.06679955124855042,0.014249878004193306,0.0
mbj_bandgap::test::000026::JVASP-35992,0.0,0.0007018581964075565,-0.03851293390735906,0.0007018581964075565,0.3884598910808563,False,1.0,True,0.0007018581964075565,0.0007018581964075565,1,0.9938331246376038,0.6000000238418579,0.0,0.5722769498825073,0.42772307991981506,0.2150556743144989,0.5826303362846375,0.16807258129119873,0.03424140065908432,0.0,0.2563073933124542,0.5701810717582703,0.14247511327266693,0.031036416068673134,0.0
mbj_bandgap::test::000027::JVASP-41236,0.0,0.002020312938839197,-0.007795815796905225,0.002020312938839197,0.37313225865364075,False,1.0,True,0.002020312938839197,0.002020312938839197,1,0.8690184354782104,0.6000000238418579,0.0,0.5273528695106506,0.47264713048934937,0.29568392038345337,0.42947784066200256,0.17562758922576904,0.0992106944322586,0.0,0.3146066665649414,0.4352854788303375,0.15450474619865417,0.0956031009554863,0.0
mbj_bandgap::test::000028::JVASP-92261,0.0,2.5941539206542075e-05,-0.0917686442739867,2.5941539206542075e-05,0.4205499589443207,False,1.0,True,2.5941539206542075e-05,2.5941539206542075e-05,1,1.0,0.6000000238418579,0.0,0.5829848051071167,0.4170152246952057,0.014326157979667187,0.9283452033996582,0.025507355108857155,0.03182130306959152,0.0,0.011005894280970097,0.9229000210762024,0.024764418601989746,0.04132968932390213,0.0
mbj_bandgap::test::000029::JVASP-113516,0.0,0.026773525401949883,-0.05178382313681964,0.026773525401949883,0.4094228148460388,False,1.0,True,0.026773525401949883,0.026773525401949883,1,0.9804921746253967,0.5,0.0,0.5805977582931519,0.41940227150917053,0.08687450736761093,0.8248085975646973,0.05106981843709946,0.03724703937768936,0.0,0.06795734167098999,0.8586993217468262,0.035750988870859146,0.03759235143661499,0.0
mbj_bandgap::test::000030::JVASP-15586,0.0,-0.0001153214689111337,-0.0020303785785382054,-0.0001153214689111337,0.4054417014122009,False,1.0,True,0.0001153214689111337,0.0001153214689111337,1,0.5098065733909607,0.699999988079071,0.0,0.5370668172836304,0.462933212518692,0.3975948393344879,0.4139556288719177,0.1823875606060028,0.00606199586763978,0.0,0.3879517912864685,0.42029157280921936,0.18597999215126038,0.005776677280664444,0.0
mbj_bandgap::test::000031::JVASP-69035,0.0,-0.0065711005590856075,-0.00939711168159727,-0.0065711005590856075,0.3609476685523987,False,1.0,True,0.0065711005590856075,0.0065711005590856075,1,0.8186427354812622,0.6000000238418579,0.0,0.529510498046875,0.470489501953125,0.41716232895851135,0.25579261779785156,0.270677775144577,0.05636722967028618,0.0,0.40426120162010193,0.26544973254203796,0.27402618527412415,0.056262820959091187,0.0
mbj_bandgap::test::000032::JVASP-14749,0.0,-0.0005155070684850216,-0.002059295053887933,-0.0005155070684850216,0.39994946122169495,False,1.0,True,0.0005155070684850216,0.0005155070684850216,1,0.6058024168014526,0.699999988079071,0.0,0.5224307775497437,0.47756919264793396,0.30861949920654297,0.4979257583618164,0.15114173293113708,0.04231308028101921,0.0,0.31362032890319824,0.5039335489273071,0.1368490308523178,0.04559708014130592,0.0
mbj_bandgap::test::000033::JVASP-15693,0.0,-0.003421591129153967,-0.004805023464743497,-0.003421591129153967,0.3806087374687195,False,1.0,True,0.003421591129153967,0.003421591129153967,1,0.5771107077598572,0.5,0.0,0.5189548134803772,0.4810451865196228,0.4297262728214264,0.3968965411186218,0.16147856414318085,0.011898666620254517,0.0,0.4685661196708679,0.3898583650588989,0.1313362419605255,0.010239229537546635,0.0
mbj_bandgap::test::000034::JVASP-49923,1.857,2.869887351989746,2.2104792137723113,2.2104792137723113,0.6768152117729187,True,1.0,True,1.012887351989746,0.3534792137723113,2,1.0,0.6000000238418579,0.0,0.4157675802707672,0.5842323899269104,0.006317283026874065,0.9292688369750977,0.04085763916373253,0.02355617843568325,0.0,0.004950514528900385,0.9236220121383667,0.04527408629655838,0.02615334652364254,0.0
mbj_bandgap::test::000035::JVASP-79075,0.0,-0.0002381070371484384,-0.0022116439723233626,-0.0002381070371484384,0.3802734613418579,False,1.0,True,0.0002381070371484384,0.0002381070371484384,1,0.6332045197486877,0.5,0.0,0.5144962072372437,0.48550382256507874,0.5066432356834412,0.2251400500535965,0.23775477707386017,0.03046196699142456,0.0,0.49235543608665466,0.24139389395713806,0.24434292316436768,0.0219077430665493,0.0
mbj_bandgap::test::000036::JVASP-35756,0.598,0.46045511960983276,0.4109118119536461,0.46045511960983276,0.4306727647781372,False,1.0,True,0.1375448803901672,0.1375448803901672,1,0.9911404848098755,0.6000000238418579,0.0,0.5283538103103638,0.4716462194919586,0.4610087275505066,0.3813885748386383,0.12576960027217865,0.031833019107580185,0.0,0.5438382029533386,0.3337893486022949,0.09956817328929901,0.02280428446829319,0.0
mbj_bandgap::test::000037::JVASP-35685,0.0,-0.0014540418051183224,-0.002415260788457685,-0.0014540418051183224,0.40681517124176025,False,1.0,True,0.0014540418051183224,0.0014540418051183224,1,0.27367454767227173,0.5,0.0,0.5211657285690308,0.47883424162864685,0.5730146169662476,0.3084138035774231,0.10801836103200912,0.010553184896707535,0.0,0.5610130429267883,0.32233890891075134,0.10597361624240875,0.01067443285137415,0.0
mbj_bandgap::test::000038::JVASP-11431,0.379,0.40548068284988403,0.3372776403701615,0.40548068284988403,0.4222443699836731,False,1.0,True,0.02648068284988403,0.02648068284988403,2,1.0,0.6000000238418579,0.0,0.4979762136936188,0.5020237565040588,0.2691674828529358,0.6217088103294373,0.102907195687294,0.006216466426849365,0.0,0.2625736594200134,0.6351791620254517,0.09812436997890472,0.004122812766581774,0.0
mbj_bandgap::test::000039::JVASP-116395,2.197,2.1477479934692383,2.345053288108288,2.345053288108288,0.6324673891067505,True,1.0,True,0.04925200653076178,0.14805328810828788,2,1.0,0.6000000238418579,0.0,0.43865400552749634,0.5613459944725037,0.013181800954043865,0.9123203158378601,0.05800441652536392,0.016493506729602814,0.0,0.008643819019198418,0.9137855768203735,0.05734807997941971,0.02022259309887886,0.0
mbj_bandgap::test::000040::JVASP-35936,0.0,0.05643172562122345,0.026554073196149018,0.05643172562122345,0.40008026361465454,False,1.0,True,0.05643172562122345,0.05643172562122345,1,0.9923427700996399,0.6000000238418579,0.0,0.5686604976654053,0.4313395023345947,0.21593257784843445,0.674800455570221,0.08984731882810593,0.019419658929109573,0.0,0.18607690930366516,0.7042592167854309,0.08651501685380936,0.0231489110738039,0.0
mbj_bandgap::test::000041::JVASP-25170,13.525,13.61784553527832,13.581536278161263,13.581536278161263,0.48028960824012756,True,1.0,True,0.09284553527831996,0.05653627816126239,2,0.4587695598602295,0.6000000238418579,0.0,0.3898611068725586,0.6101388931274414,0.06712551414966583,0.7899379134178162,0.08615579456090927,0.056780774146318436,0.0,0.06086264178156853,0.7886101007461548,0.09602497518062592,0.05450225993990898,0.0
mbj_bandgap::test::000042::JVASP-108673,0.0,0.000439478550106287,-0.022853908100559407,0.000439478550106287,0.38481855392456055,False,1.0,True,0.000439478550106287,0.000439478550106287,1,0.993549108505249,0.699999988079071,0.0,0.5047715306282043,0.49522843956947327,0.5336064100265503,0.2778457701206207,0.1767500936985016,0.011797738261520863,0.0,0.5967704057693481,0.23813983798027039,0.15678052604198456,0.008309228345751762,0.0
mbj_bandgap::test::000043::JVASP-25081,0.0,-0.0025216802023351192,-0.006790573803075639,-0.0025216802023351192,0.34992778301239014,False,1.0,True,0.0025216802023351192,0.0025216802023351192,1,0.9544658064842224,0.6000000238418579,0.0,0.5289761424064636,0.47102388739585876,0.38456860184669495,0.4691482484340668,0.12531453371047974,0.020968638360500336,0.0,0.4510498642921448,0.4255020022392273,0.1022719144821167,0.021176191046833992,0.0
mbj_bandgap::test::000044::JVASP-37766,0.0,0.0773601084947586,-0.07386967584801393,0.0773601084947586,0.44261616468429565,False,1.0,True,0.0773601084947586,0.0773601084947586,1,1.0,0.6000000238418579,0.0,0.5442672967910767,0.4557327330112457,0.039283327758312225,0.8601827621459961,0.06610791385173798,0.0344260111451149,0.0,0.04007412865757942,0.8847627639770508,0.052805107086896896,0.022357972338795662,0.0
mbj_bandgap::test::000045::JVASP-18327,0.0,0.026026083156466484,0.0007233502480884279,0.026026083156466484,0.39682537317276,False,1.0,True,0.026026083156466484,0.026026083156466484,1,0.9775568246841431,0.6000000238418579,0.0,0.5874470472335815,0.41255298256874084,0.13470010459423065,0.7399206161499023,0.11168988049030304,0.013689409010112286,0.0,0.1475958377122879,0.7414841651916504,0.10239360481500626,0.008526459336280823,0.0
mbj_bandgap::test::000046::JVASP-15410,0.0,-0.0011940463446080685,-0.004010378483542088,-0.0011940463446080685,0.3785763084888458,False,1.0,True,0.0011940463446080685,0.0011940463446080685,1,0.7553481459617615,0.6000000238418579,0.0,0.5232676267623901,0.47673240303993225,0.3112301230430603,0.2465054988861084,0.42490559816360474,0.017358863726258278,0.0,0.2731376588344574,0.2271145135164261,0.4859229028224945,0.013824939727783203,0.0
mbj_bandgap::test::000047::JVASP-13168,0.0,-0.00016527016123291105,-0.0739581386366209,-0.00016527016123291105,0.4148019552230835,False,1.0,True,0.00016527016123291105,0.00016527016123291105,1,1.0,0.5,0.0,0.6083554029464722,0.39164459705352783,0.024688975885510445,0.8515596389770508,0.0734872967004776,0.05026409029960632,0.0,0.02546706236898899,0.8556236028671265,0.06626559793949127,0.052643679082393646,0.0
mbj_bandgap::test::000048::JVASP-42275,0.0,0.00644273916259408,-0.06953050816540077,0.00644273916259408,0.4236275553703308,False,1.0,True,0.00644273916259408,0.00644273916259408,1,0.9790375828742981,0.6000000238418579,0.0,0.5742363929748535,0.42576369643211365,0.00952548161149025,0.8820406198501587,0.03843418508768082,0.06999978423118591,0.0,0.009467603638768196,0.8791261911392212,0.03516722097992897,0.07623900473117828,0.0
mbj_bandgap::test::000049::JVASP-32216,4.572,5.255252361297607,5.040741227712472,5.040741227712472,0.5679585337638855,True,1.0,True,0.6832523612976074,0.4687412277124716,2,1.0,0.6000000238418579,0.0,0.40005627274513245,0.5999437570571899,0.019503330811858177,0.9094085693359375,0.02587783709168434,0.04521026834845543,0.0,0.018168814480304718,0.915019154548645,0.03215024620294571,0.034661807119846344,0.0
mbj_bandgap::test::000050::JVASP-9124,5.763,5.728062152862549,5.676187948707186,5.676187948707186,0.5152992010116577,True,1.0,True,0.03493784713745107,0.08681205129281366,2,0.9013282060623169,0.6000000238418579,0.0,0.40001392364501953,0.5999860763549805,0.024444948881864548,0.8914068937301636,0.06879090517759323,0.015357214026153088,0.0,0.023281969130039215,0.8975939750671387,0.06407471001148224,0.015049422159790993,0.0
mbj_bandgap::test::000051::JVASP-105433,0.0,0.0011099115945398808,0.001235450150569295,0.0011099115945398808,0.4179246723651886,False,1.0,True,0.0011099115945398808,0.0011099115945398808,1,0.19392874836921692,0.6000000238418579,0.0,0.5207752585411072,0.4792247712612152,0.47212791442871094,0.27920109033584595,0.21920780837535858,0.02946319803595543,0.0,0.5190654397010803,0.3126350939273834,0.14679691195487976,0.0215025432407856,0.0
mbj_bandgap::test::000052::JVASP-14625,0.0,0.001815988216549158,-0.0020389894291493516,0.001815988216549158,0.4077734053134918,False,1.0,True,0.001815988216549158,0.001815988216549158,1,0.4183148741722107,0.6000000238418579,0.0,0.5021116137504578,0.4978884160518646,0.4862581789493561,0.2287064492702484,0.26384609937667847,0.02118930220603943,0.0,0.5114747285842896,0.2601431906223297,0.20658771693706512,0.02179430052638054,0.0
mbj_bandgap::test::000053::JVASP-37289,0.0,-0.00013773281534668058,-3.73262588749812e-05,-0.00013773281534668058,0.4353291988372803,False,1.0,True,0.00013773281534668058,0.00013773281534668058,1,0.04757750779390335,0.6000000238418579,0.0,0.5124199986457825,0.48758000135421753,0.6575044393539429,0.1850762665271759,0.13284508883953094,0.024574164301156998,0.0,0.6594648361206055,0.18702661991119385,0.13503557443618774,0.01847291737794876,0.0
mbj_bandgap::test::000054::JVASP-65591,0.0,-0.00395457586273551,-0.05994403101838961,-0.00395457586273551,0.3822718560695648,False,1.0,True,0.00395457586273551,0.00395457586273551,1,0.9857252240180969,0.6000000238418579,0.0,0.5492998361587524,0.4507001042366028,0.2927386164665222,0.5524558424949646,0.1467638909816742,0.008041600696742535,0.0,0.34205836057662964,0.5088361501693726,0.13898268342018127,0.01012280210852623,0.0
mbj_bandgap::test::000055::JVASP-15201,0.0,0.0007049576379358768,-0.0008035160645476713,0.0007049576379358768,0.41253992915153503,False,1.0,True,0.0007049576379358768,0.0007049576379358768,1,0.37831664085388184,0.6000000238418579,0.0,0.5317959189414978,0.4682040810585022,0.35424092411994934,0.5143054723739624,0.08916006982326508,0.04229354485869408,0.0,0.3387625813484192,0.5446300506591797,0.07676755636930466,0.039839811623096466,0.0
mbj_bandgap::test::000056::JVASP-25082,0.0,-0.0005530579946935177,-0.0012352007923452923,-0.0005530579946935177,0.40445682406425476,False,1.0,True,0.0005530579946935177,0.0005530579946935177,1,0.416812926530838,0.6000000238418579,0.0,0.516461968421936,0.4835380017757416,0.6524556279182434,0.2081792652606964,0.10328362882137299,0.03608150780200958,0.0,0.6060687303543091,0.21810588240623474,0.1276049017906189,0.048220451921224594,0.0
mbj_bandgap::test::000057::JVASP-56593,0.938,1.4697668552398682,1.1521416119185228,1.1521416119185228,0.6009091734886169,True,1.0,True,0.5317668552398682,0.21414161191852288,2,1.0,0.6000000238418579,0.0,0.4607056975364685,0.5392943620681763,0.06154271960258484,0.8146859407424927,0.12017501890659332,0.0035963926929980516,0.0,0.063788041472435,0.8048316240310669,0.12816281616687775,0.003217531368136406,0.0
mbj_bandgap::test::000058::JVASP-17482,1.162,0.005733086261898279,-0.009894213028984545,0.005733086261898279,0.41191309690475464,False,1.0,True,1.1562669137381016,1.1562669137381016,1,0.8126323819160461,0.5,0.0,0.5958409309387207,0.4041590690612793,0.023500492796301842,0.8917660713195801,0.02097572758793831,0.06375773251056671,0.0,0.023420143872499466,0.8751702308654785,0.02321905456483364,0.07819059491157532,0.0
mbj_bandgap::test::000059::JVASP-8338,4.558,5.1166486740112305,2.3792965552206655,2.3792965552206655,0.9130567908287048,True,1.0,True,0.5586486740112306,2.1787034447793343,2,1.0,0.6000000238418579,0.0,0.400261253118515,0.5997387766838074,0.014873293228447437,0.7827030420303345,0.18616679310798645,0.01625688560307026,0.0,0.011213956400752068,0.8256188631057739,0.15185795724391937,0.011309338733553886,0.0
mbj_bandgap::test::000060::JVASP-121005,10.128,10.248135566711426,10.401917167972595,10.401917167972595,0.5461822748184204,True,1.0,True,0.12013556671142567,0.2739171679725949,2,0.9999971389770508,0.6000000238418579,0.0,0.3987919092178345,0.6012080907821655,0.03783375769853592,0.8401656150817871,0.08401094377040863,0.03798966109752655,0.0,0.041301243007183075,0.8362908363342285,0.09070776402950287,0.03170018270611763,0.0
mbj_bandgap::test::000061::JVASP-36470,0.715,0.729611337184906,0.5921253421589964,0.5921253421589964,0.46543747186660767,True,1.0,True,0.014611337184906037,0.1228746578410036,2,0.9644413590431213,0.5,0.0,0.4897185266017914,0.5102814435958862,0.37798669934272766,0.46184682846069336,0.1562611311674118,0.0039053328800946474,0.0,0.35550886392593384,0.4791997969150543,0.16246967017650604,0.0028217225335538387,0.0
mbj_bandgap::test::000062::JVASP-64663,0.0,-0.0010595782659947872,-0.008360925240583229,-0.0010595782659947872,0.3470197319984436,False,1.0,True,0.0010595782659947872,0.0010595782659947872,1,0.9312165975570679,0.5,0.0,0.5279229879379272,0.47207698225975037,0.4802800118923187,0.20657865703105927,0.2368980348110199,0.0762433111667633,0.0,0.47612494230270386,0.21694517135620117,0.22861707210540771,0.07831281423568726,0.0
mbj_bandgap::test::000063::JVASP-16401,0.0,-0.0012352927587926388,-0.02120742281201493,-0.0012352927587926388,0.3762238919734955,False,1.0,True,0.0012352927587926388,0.0012352927587926388,1,0.9291082620620728,0.5,0.0,0.5634657144546509,0.4365343153476715,0.2692710757255554,0.5343230366706848,0.1775628924369812,0.018842970952391624,0.0,0.28196826577186584,0.5410974025726318,0.16279390454292297,0.014140443876385689,0.0
mbj_bandgap::test::000064::JVASP-58288,9.313,9.199372291564941,9.206066241055229,9.206066241055229,0.5449385643005371,True,1.0,True,0.1136277084350592,0.10693375894477164,2,0.0840519592165947,0.6000000238418579,0.0,0.3966476321220398,0.6033523678779602,0.04657549411058426,0.8107823133468628,0.09857756644487381,0.04406456649303436,0.0,0.049909189343452454,0.8260804414749146,0.08427693694829941,0.039733435958623886,0.0
mbj_bandgap::test::000065::JVASP-16728,0.0,-0.0007192357443273067,-0.0013133982832866042,-0.0007192357443273067,0.4139254093170166,False,1.0,True,0.0007192357443273067,0.0007192357443273067,1,0.2099113017320633,0.5,0.0,0.5390096306800842,0.4609903395175934,0.35636627674102783,0.5110551118850708,0.10399500280618668,0.028583625331521034,0.0,0.3417099118232727,0.5617848634719849,0.06936246156692505,0.027142709121108055,0.0
mbj_bandgap::test::000066::JVASP-59875,0.0,0.00028987089172005653,-0.029243855231857064,0.00028987089172005653,0.4102998375892639,False,1.0,True,0.00028987089172005653,0.00028987089172005653,1,0.9587903022766113,0.6000000238418579,0.0,0.6062431931495667,0.39375680685043335,0.06926225870847702,0.8318036198616028,0.08358503878116608,0.015349085442721844,0.0,0.06642524898052216,0.8498409390449524,0.07099729776382446,0.01273653469979763,0.0
mbj_bandgap::test::000067::JVASP-59853,0.0,0.004064990673214197,-0.07408030478612668,0.004064990673214197,0.4205514192581177,False,1.0,True,0.004064990673214197,0.004064990673214197,1,1.0,0.6000000238418579,0.0,0.5923286080360413,0.40767139196395874,0.007871000096201897,0.8991764783859253,0.04089180752635002,0.05206079035997391,0.0,0.005020650569349527,0.9062920808792114,0.03211038559675217,0.05657690018415451,0.0
mbj_bandgap::test::000068::JVASP-110051,0.0,0.0864073783159256,0.0784298340206788,0.0864073783159256,0.38349369168281555,False,1.0,True,0.0864073783159256,0.0864073783159256,1,0.7113070487976074,0.6000000238418579,0.0,0.5166216492652893,0.4833783507347107,0.4731625020503998,0.37235528230667114,0.142066091299057,0.012416142039000988,0.0,0.4905751347541809,0.3632907271385193,0.13539595901966095,0.010738186538219452,0.0
mbj_bandgap::test::000069::JVASP-10144,3.981,3.4695498943328857,4.1622437801108845,4.1622437801108845,0.8210596442222595,True,1.0,True,0.5114501056671141,0.1812437801108846,2,1.0,0.6000000238418579,0.0,0.4007628560066223,0.5992372035980225,0.016656063497066498,0.9370440244674683,0.032609015703201294,0.01369083859026432,0.0,0.012926553376019001,0.9377520680427551,0.03483183681964874,0.01448956411331892,0.0
mbj_bandgap::test::000070::JVASP-64369,0.0,0.00033373991027474403,-0.0049157780622601345,0.00033373991027474403,0.37033146619796753,False,1.0,True,0.00033373991027474403,0.00033373991027474403,1,0.8389217853546143,0.6000000238418579,0.0,0.52024245262146,0.47975748777389526,0.4671965539455414,0.30580657720565796,0.19629070162773132,0.030706187710165977,0.0,0.49369269609451294,0.2847736179828644,0.19165772199630737,0.029876064509153366,0.0
mbj_bandgap::test::000071::JVASP-62847,0.0,-0.00018100578745361418,-0.001886700450028833,-0.00018100578745361418,0.4072113633155823,False,1.0,True,0.00018100578745361418,0.00018100578745361418,1,0.5682480335235596,0.800000011920929,0.0,0.5286800861358643,0.47131985425949097,0.31150978803634644,0.5202426910400391,0.1238124817609787,0.044435057789087296,0.0,0.2913774847984314,0.5656667351722717,0.10299569368362427,0.039960186928510666,0.0
mbj_bandgap::test::000072::JVASP-62144,2.217,2.310250759124756,2.198774196362648,2.198774196362648,0.577205240726471,True,1.0,True,0.09325075912475578,0.018225803637351934,2,0.8815712332725525,0.6000000238418579,0.0,0.43256282806396484,0.5674371123313904,0.008268476463854313,0.9628950357437134,0.016943858936429024,0.011892634443938732,0.0,0.006825011223554611,0.9658344388008118,0.017374854534864426,0.009965741075575352,0.0
mbj_bandgap::test::000073::JVASP-5566,2.584,2.103645086288452,2.6582755902977793,2.6582755902977793,0.7934907078742981,True,1.0,True,0.4803549137115479,0.07427559029777919,2,1.0,0.6000000238418579,0.0,0.42356953024864197,0.5764304995536804,0.015570943243801594,0.9534671902656555,0.017730874940752983,0.013231055811047554,0.0,0.01439464557915926,0.9546664953231812,0.015218814834952354,0.015719907358288765,0.0
mbj_bandgap::test::000074::JVASP-37219,4.096,4.186131477355957,4.1292497737411615,4.1292497737411615,0.5475317239761353,True,1.0,True,0.09013147735595695,0.03324977374116145,2,0.8345146179199219,0.6000000238418579,0.0,0.40066367387771606,0.5993364453315735,0.0207598228007555,0.9164354205131531,0.03537450358271599,0.027430180460214615,0.0,0.01658882014453411,0.9186188578605652,0.039685048162937164,0.0251072458922863,0.0
mbj_bandgap::test::000075::JVASP-27535,6.23,5.266149044036865,5.324279775294233,5.324279775294233,0.5495197772979736,True,1.0,True,0.9638509559631352,0.9057202247057674,2,1.0,0.6000000238418579,0.0,0.40012210607528687,0.5998778939247131,0.012370746582746506,0.9265512228012085,0.03224562108516693,0.028832346200942993,0.0,0.007626541890203953,0.9253877401351929,0.03347231447696686,0.03351344168186188,0.0
mbj_bandgap::test::000076::JVASP-36919,4.882,4.339494228363037,3.9917091789387023,3.9917091789387023,0.5977106690406799,True,1.0,True,0.5425057716369626,0.8902908210612974,2,1.0,0.6000000238418579,0.0,0.4010949730873108,0.5989049673080444,0.033424459397792816,0.8073244094848633,0.1488732397556305,0.010377922095358372,0.0,0.039138492196798325,0.8045543432235718,0.1442713439464569,0.012035701423883438,0.0
mbj_bandgap::test::000077::JVASP-110997,4.895,4.496682167053223,4.698501554905682,4.698501554905682,0.6181559562683105,True,1.0,True,0.3983178329467769,0.1964984450943179,2,0.9872235059738159,0.6000000238418579,0.0,0.4000731110572815,0.5999268293380737,0.01783246174454689,0.9258888363838196,0.039347752928733826,0.016930952668190002,0.0,0.014334680512547493,0.9286653399467468,0.042950183153152466,0.014049733988940716,0.0
mbj_bandgap::test::000078::JVASP-8302,1.478,1.4787747859954834,1.155387193877948,1.155387193877948,0.6001780033111572,True,1.0,True,0.000774785995483418,0.3226128061220519,2,1.0,0.6000000238418579,0.0,0.44563692808151245,0.5543630719184875,0.009640422649681568,0.942521870136261,0.037893056869506836,0.00994477141648531,0.0,0.006643456872552633,0.9408048391342163,0.04042355343699455,0.012128070928156376,0.0
mbj_bandgap::test::000079::JVASP-40809,0.0,-0.004035042133182287,-0.008142823842703883,-0.004035042133182287,0.37927907705307007,False,1.0,True,0.004035042133182287,0.004035042133182287,1,0.9134572744369507,0.699999988079071,0.0,0.5393180251121521,0.4606820046901703,0.322338342666626,0.37658870220184326,0.2931228280067444,0.007950111292302608,0.0,0.3251614272594452,0.40863656997680664,0.2580546736717224,0.008147256448864937,0.0
mbj_bandgap::test::000080::JVASP-17682,0.0,-0.0006750090979039669,-0.002006375991142062,-0.0006750090979039669,0.39397212862968445,False,1.0,True,0.0006750090979039669,0.0006750090979039669,1,0.5152373313903809,0.6000000238418579,0.0,0.5250810384750366,0.474918931722641,0.3659154176712036,0.3698868453502655,0.19295187294483185,0.07124591618776321,0.0,0.3713977634906769,0.37868332862854004,0.19096431136131287,0.05895455554127693,0.0
mbj_bandgap::test::000081::JVASP-86422,0.0,0.052767589688301086,-0.04562056258953771,0.052767589688301086,0.4116908609867096,False,1.0,True,0.052767589688301086,0.052767589688301086,1,1.0,0.699999988079071,0.0,0.6120421290397644,0.3879578709602356,0.02747051790356636,0.5151171088218689,0.43553289771080017,0.021879514679312706,0.0,0.024329520761966705,0.4709985852241516,0.4852067530155182,0.019465189427137375,0.0
mbj_bandgap::test::000082::JVASP-65211,0.0,0.026734186336398125,0.018461382331151556,0.026734186336398125,0.37049978971481323,False,1.0,True,0.026734186336398125,0.026734186336398125,1,1.0,0.6000000238418579,0.0,0.614348828792572,0.3856511414051056,0.14651736617088318,0.6059674024581909,0.16510114073753357,0.08241404592990875,0.0,0.20262674987316132,0.5755297541618347,0.15283429622650146,0.06900918483734131,0.0
mbj_bandgap::test::000083::JVASP-114682,1.848,5.819302082061768,2.9432284332178615,2.9432284332178615,0.9235114455223083,True,1.0,True,3.9713020820617677,1.0952284332178615,2,1.0,0.6000000238418579,0.0,0.4026256501674652,0.5973743200302124,0.18911561369895935,0.6687920689582825,0.1350896656513214,0.007002635858952999,0.0,0.19986465573310852,0.648888885974884,0.1447397768497467,0.006506686098873615,0.0
mbj_bandgap::test::000084::JVASP-118374,0.0,-0.0009745820425450802,-0.058511656459127946,-0.0009745820425450802,0.38092041015625,False,1.0,True,0.0009745820425450802,0.0009745820425450802,1,1.0,0.6000000238418579,0.0,0.5496875047683716,0.4503125250339508,0.3095112144947052,0.6357995271682739,0.03707895427942276,0.01761028543114662,0.0,0.3938908576965332,0.5648643970489502,0.02889811061322689,0.012346630915999413,0.0
mbj_bandgap::test::000085::JVASP-2211,3.22,3.479746103286743,3.639369170101417,3.639369170101417,0.6237937211990356,True,1.0,True,0.25974610328674297,0.4193691701014166,2,0.9447973370552063,0.6000000238418579,0.0,0.40257492661476135,0.597425103187561,0.01739189215004444,0.9484618902206421,0.020861737430095673,0.013284415006637573,0.0,0.017269572243094444,0.9512355923652649,0.018607739359140396,0.012887169606983662,0.0
mbj_bandgap::test::000086::JVASP-7780,5.699,5.403326988220215,6.052150995061075,6.052150995061075,0.8019077777862549,True,1.0,True,0.295673011779785,0.3531509950610747,2,1.0,0.6000000238418579,0.0,0.4000011086463928,0.5999988913536072,0.0318133719265461,0.9217061996459961,0.01330200582742691,0.03317848965525627,0.0,0.02582707069814205,0.9273654222488403,0.013985986821353436,0.032821521162986755,0.0
mbj_bandgap::test::000087::JVASP-38397,0.0,0.003357841167598963,-0.002733887847338279,0.003357841167598963,0.3700922429561615,False,1.0,True,0.003357841167598963,0.003357841167598963,1,0.8786047697067261,0.6000000238418579,0.0,0.5119689106941223,0.48803114891052246,0.5052860975265503,0.22512702643871307,0.20432689785957336,0.06525992602109909,0.0,0.5134809017181396,0.23733945190906525,0.19698163866996765,0.05219801142811775,0.0
mbj_bandgap::test::000088::JVASP-71747,0.0,-0.0001904233213281259,-0.026314676882263344,-0.0001904233213281259,0.37089720368385315,False,1.0,True,0.0001904233213281259,0.0001904233213281259,1,1.0,0.6000000238418579,0.0,0.632436215877533,0.3675638735294342,0.24438421428203583,0.3582390248775482,0.3265741467475891,0.07080252468585968,0.0,0.2653428018093109,0.3169565796852112,0.3534780740737915,0.06422252207994461,0.0
mbj_bandgap::test::000089::JVASP-106779,2.158,2.8947083950042725,2.5597487151170095,2.5597487151170095,0.6115519404411316,True,1.0,True,0.7367083950042725,0.4017487151170096,2,1.0,0.6000000238418579,0.0,0.422961950302124,0.5770381093025208,0.0318911150097847,0.9173170328140259,0.0438748374581337,0.006917149759829044,0.0,0.03516708314418793,0.9111331105232239,0.047358863055706024,0.0063409036956727505,0.0
mbj_bandgap::test::000090::JVASP-15566,0.0,0.0004554525949060917,4.969610985094963e-05,0.0004554525949060917,0.43228209018707275,False,1.0,True,0.0004554525949060917,0.0004554525949060917,1,0.10789060592651367,0.6000000238418579,0.0,0.5349472761154175,0.46505266427993774,0.42340391874313354,0.45170897245407104,0.10041533410549164,0.024471741169691086,0.0,0.4411441385746002,0.46229466795921326,0.07581047713756561,0.02075076475739479,0.0
mbj_bandgap::test::000091::JVASP-98462,0.0,-0.0014198287390172482,-0.0016897119099502644,-0.0014198287390172482,0.3956988751888275,False,1.0,True,0.0014198287390172482,0.0014198287390172482,1,0.23756207525730133,0.6000000238418579,0.0,0.5205675363540649,0.47943243384361267,0.35851866006851196,0.38750797510147095,0.21280255913734436,0.04117083549499512,0.0,0.3747546970844269,0.4154833257198334,0.16306379437446594,0.0466981939971447,0.0
mbj_bandgap::test::000092::JVASP-65535,0.0,-5.7862591347657144e-05,-0.02797955921751196,-5.7862591347657144e-05,0.3552447557449341,False,1.0,True,5.7862591347657144e-05,5.7862591347657144e-05,1,0.9748196601867676,0.6000000238418579,0.0,0.5151879787445068,0.48481202125549316,0.2807941734790802,0.4697757363319397,0.2063002586364746,0.043129853904247284,0.0,0.2918338179588318,0.44513875246047974,0.21684160828590393,0.046185802668333054,0.0
mbj_bandgap::test::000093::JVASP-12277,0.0,-0.00044267019256949425,-0.0054616913409524905,-0.00044267019256949425,0.4021783173084259,False,1.0,True,0.00044267019256949425,0.00044267019256949425,1,0.6532453894615173,0.6000000238418579,0.0,0.5642016530036926,0.4357983469963074,0.18184569478034973,0.6009347438812256,0.1533898413181305,0.06382973492145538,0.0,0.16514495015144348,0.6252765655517578,0.14239875972270966,0.06717964261770248,0.0
mbj_bandgap::test::000094::JVASP-2175,1.449,0.9148892760276794,1.3492865050194243,1.3492865050194243,0.6854950189590454,True,1.0,True,0.5341107239723206,0.0997134949805758,2,1.0,0.6000000238418579,0.0,0.4569781422615051,0.5430219173431396,0.058019667863845825,0.9038788080215454,0.030830562114715576,0.0072709424421191216,0.0,0.05829877406358719,0.8937256932258606,0.038095928728580475,0.00987954344600439,0.0
mbj_bandgap::test::000095::JVASP-112876,2.692,2.8434841632843018,2.822713441528565,2.822713441528565,0.5904208421707153,True,1.0,True,0.1514841632843016,0.1307134415285649,2,0.22734381258487701,0.6000000238418579,0.0,0.42820876836776733,0.5717911720275879,0.059207480400800705,0.9059047698974609,0.029147949069738388,0.005739836487919092,0.0,0.07014491409063339,0.8964638710021973,0.02743395045399666,0.0059572262689471245,0.0
mbj_bandgap::test::000096::JVASP-29248,1.724,1.7258825302124023,1.907001916129829,1.907001916129829,0.6181080937385559,True,1.0,True,0.0018825302124023668,0.18300191612982908,2,1.0,0.5,0.0,0.45336952805519104,0.5466305017471313,0.05596039816737175,0.9104944467544556,0.026454851031303406,0.007090303115546703,0.0,0.06686229258775711,0.8987665176391602,0.02412690967321396,0.010244295932352543,0.0
mbj_bandgap::test::000097::JVASP-54904,0.17,0.014593317173421383,-0.23334183869870012,0.014593317173421383,0.4484511613845825,False,1.0,True,0.15540668282657863,0.15540668282657863,1,1.0,0.6000000238418579,0.0,0.5621652603149414,0.4378347396850586,0.14223700761795044,0.7979381680488586,0.0500439889729023,0.009780882857739925,0.0,0.13720820844173431,0.8101696968078613,0.04633428901433945,0.006287795957177877,0.0
mbj_bandgap::test::000098::JVASP-116940,4.809,2.9913511276245117,3.8128314976176263,3.8128314976176263,0.8611201643943787,True,1.0,True,1.8176488723754884,0.9961685023823739,2,1.0,0.6000000238418579,0.0,0.4009321630001068,0.5990678071975708,0.04500811919569969,0.9283994436264038,0.011654353700578213,0.014938106760382652,0.0,0.03352808207273483,0.9455704689025879,0.011980010196566582,0.008921426720917225,0.0
mbj_bandgap::test::000099::JVASP-52302,0.0,0.018082452937960625,-0.015843510310947818,0.018082452937960625,0.4226610064506531,False,1.0,True,0.018082452937960625,0.018082452937960625,1,0.8310737013816833,0.699999988079071,0.0,0.6034957766532898,0.3965042233467102,0.012010861188173294,0.7284308671951294,0.20625007152557373,0.05330821871757507,0.0,0.014916641637682915,0.7344322204589844,0.20250144600868225,0.048149652779102325,0.0
mbj_bandgap::test::000100::JVASP-43807,4.256,4.26278018951416,4.3801444605691255,4.3801444605691255,0.6064624786376953,True,1.0,True,0.006780189514159929,0.12414446056912531,2,0.6791976690292358,0.6000000238418579,0.0,0.40012574195861816,0.5998742580413818,0.021666474640369415,0.9328845143318176,0.034961916506290436,0.010487142018973827,0.0,0.01672564260661602,0.9355134963989258,0.036053769290447235,0.01170718390494585,0.0
mbj_bandgap::test::000101::JVASP-68953,0.0,0.0018698708154261112,-0.01126435523999989,0.0018698708154261112,0.3780243396759033,False,1.0,True,0.0018698708154261112,0.0018698708154261112,1,0.9851464033126831,0.5,0.0,0.5910699367523193,0.40893006324768066,0.2191684991121292,0.6936625838279724,0.06471757590770721,0.02245141938328743,0.0,0.21245042979717255,0.7004596590995789,0.07263676077127457,0.014453019015491009,0.0
mbj_bandgap::test::000102::JVASP-103657,0.0,0.00361831346526742,-0.006502555757465833,0.00361831346526742,0.39733755588531494,False,1.0,True,0.00361831346526742,0.00361831346526742,1,0.7810342907905579,0.699999988079071,0.0,0.5255692005157471,0.4744308590888977,0.3636974096298218,0.5356515645980835,0.08532975614070892,0.015321302227675915,0.0,0.3390430808067322,0.56764817237854,0.07822921872138977,0.015079529955983162,0.0
mbj_bandgap::test::000103::JVASP-66583,0.0,0.0026865736581385136,-0.005963643151125719,0.0026865736581385136,0.3583110272884369,False,1.0,True,0.0026865736581385136,0.0026865736581385136,1,0.8880728483200073,0.6000000238418579,0.0,0.529798150062561,0.47020187973976135,0.3812328577041626,0.26014378666877747,0.2705225944519043,0.08810075372457504,0.0,0.4021322727203369,0.260810911655426,0.24534466862678528,0.09171220660209656,0.0
mbj_bandgap::test::000104::JVASP-5632,0.809,0.8112589120864868,0.8522012778557156,0.8522012778557156,0.5050356984138489,True,1.0,True,0.002258912086486764,0.04320127785571559,1,0.5020190477371216,0.6000000238418579,0.0,0.5003204345703125,0.4996795654296875,0.0802234411239624,0.8112484216690063,0.07281322032213211,0.0357150062918663,0.0,0.09524976462125778,0.7782979607582092,0.07843225449323654,0.04802004620432854,0.0
mbj_bandgap::test::000105::JVASP-18635,0.0,0.0016965405084192753,0.0015919679235008477,0.0016965405084192753,0.4284554421901703,False,1.0,True,0.0016965405084192753,0.0016965405084192753,1,0.043068017810583115,0.6000000238418579,0.0,0.5270947813987732,0.4729052484035492,0.2976663112640381,0.38038504123687744,0.28486818075180054,0.03708050027489662,0.0,0.3322961926460266,0.3857628405094147,0.2423849105834961,0.03955606743693352,0.0
mbj_bandgap::test::000106::JVASP-34888,4.748,4.386144161224365,4.468647829247043,4.468647829247043,0.5652917623519897,True,1.0,True,0.361855838775635,0.27935217075295693,2,0.9216554760932922,0.6000000238418579,0.0,0.40013837814331055,0.5998616218566895,0.01800183206796646,0.8835613131523132,0.0478663444519043,0.05057043582201004,0.0,0.01584387756884098,0.8996666073799133,0.0462818369269371,0.038207679986953735,0.0
mbj_bandgap::test::000107::JVASP-17194,0.0,-0.0035548671148717403,-0.031570654720494515,-0.0035548671148717403,0.37658196687698364,False,1.0,True,0.0035548671148717403,0.0035548671148717403,1,0.956617534160614,0.6000000238418579,0.0,0.607801616191864,0.392198383808136,0.06888166069984436,0.5803000926971436,0.3420262634754181,0.008792008273303509,0.0,0.06055261567234993,0.552507758140564,0.38179150223731995,0.0051481882110238075,0.0
mbj_bandgap::test::000108::JVASP-69032,0.0,0.21761555969715118,0.1808722863652067,0.21761555969715118,0.40053582191467285,False,1.0,True,0.21761555969715118,0.21761555969715118,1,1.0,0.6000000238418579,0.0,0.538273811340332,0.4617261290550232,0.3607276976108551,0.5901843309402466,0.041540537029504776,0.007547418121248484,0.0,0.39853695034980774,0.5582170486450195,0.03847240284085274,0.004773594904690981,0.0
mbj_bandgap::test::000109::JVASP-8168,1.289,1.1206169128417969,1.2962446589328973,1.2962446589328973,0.5977616906166077,True,1.0,True,0.16838308715820305,0.007244658932897385,2,1.0,0.6000000238418579,0.0,0.4663921892642975,0.5336078405380249,0.016478877514600754,0.9661900401115417,0.014807315543293953,0.0025238096714019775,0.0,0.01798326149582863,0.9626694917678833,0.016311094164848328,0.003036065259948373,0.0
mbj_bandgap::test::000110::JVASP-28797,0.0,0.15448935329914093,0.041403397743025774,0.15448935329914093,0.4268176853656769,False,1.0,True,0.15448935329914093,0.15448935329914093,1,1.0,0.5,0.0,0.5672854781150818,0.4327145218849182,0.09244369715452194,0.8609181642532349,0.02993699349462986,0.016701143234968185,0.0,0.09913796931505203,0.8652599453926086,0.025851121172308922,0.009751002304255962,0.0
mbj_bandgap::test::000111::JVASP-112368,0.0,0.04205520451068878,0.019777783687343665,0.04205520451068878,0.40179064869880676,False,1.0,True,0.04205520451068878,0.04205520451068878,1,1.0,0.5,0.0,0.5597416758537292,0.44025832414627075,0.08319063484668732,0.8308984041213989,0.04420226439833641,0.04170869290828705,0.0,0.09308801591396332,0.8477609753608704,0.03769514709711075,0.021455885842442513,0.0
mbj_bandgap::test::000112::JVASP-15910,0.0,0.005420877132564783,-0.022943741778898175,0.005420877132564783,0.39152756333351135,False,1.0,True,0.005420877132564783,0.005420877132564783,1,0.944159984588623,0.6000000238418579,0.0,0.567285418510437,0.43271464109420776,0.2617392838001251,0.6196011900901794,0.09554734826087952,0.02311217412352562,0.0,0.2846881151199341,0.6072352528572083,0.08946603536605835,0.018610643222928047,0.0
mbj_bandgap::test::000113::JVASP-51901,6.955,6.360703945159912,6.37711154644998,6.37711154644998,0.5764675736427307,True,1.0,True,0.594296054840088,0.5778884535500204,2,0.16007962822914124,0.6000000238418579,0.0,0.4000051021575928,0.5999948978424072,0.02530544623732567,0.9508830904960632,0.019752614200115204,0.004058816470205784,0.0,0.019001420587301254,0.9515759348869324,0.023992687463760376,0.005429945420473814,0.0
mbj_bandgap::test::000114::JVASP-10598,0.073,-0.00273387273773551,-0.03782653770423949,-0.00273387273773551,0.40616515278816223,False,1.0,True,0.0757338727377355,0.0757338727377355,1,1.0,0.6000000238418579,0.0,0.5528024435043335,0.4471975266933441,0.019702548161149025,0.8954641222953796,0.05862268805503845,0.02621060609817505,0.0,0.021948687732219696,0.8851011991500854,0.05736708641052246,0.0355830118060112,0.0
mbj_bandgap::test::000115::JVASP-18268,0.0,-0.00030712923035025597,-0.004664115909789079,-0.00030712923035025597,0.3788219094276428,False,1.0,True,0.00030712923035025597,0.00030712923035025597,1,0.8090330362319946,0.6000000238418579,0.0,0.5322703719139099,0.4677295684814453,0.3611886501312256,0.50425785779953,0.11828036606311798,0.016273166984319687,0.0,0.3560718894004822,0.5096807479858398,0.12171375751495361,0.01253359206020832,0.0
mbj_bandgap::test::000116::JVASP-107078,5.938,6.024949073791504,5.909418860951325,5.909418860951325,0.5410112142562866,True,1.0,True,0.08694907379150418,0.028581139048674764,2,1.0,0.6000000238418579,0.0,0.4000402092933655,0.5999597907066345,0.023508304730057716,0.8713235855102539,0.039459023624658585,0.06570906937122345,0.0,0.016069788485765457,0.8893335461616516,0.043752823024988174,0.05084384232759476,0.0
mbj_bandgap::test::000117::JVASP-14203,0.0,0.13002558052539825,0.09780010568942388,0.13002558052539825,0.4143102467060089,False,1.0,True,0.13002558052539825,0.13002558052539825,1,0.9767328500747681,0.5,0.0,0.590321958065033,0.4096781313419342,0.01715976931154728,0.8399949073791504,0.10991571098566055,0.032929688692092896,0.0,0.01741890236735344,0.8492620587348938,0.10709371417760849,0.026225334033370018,0.0
mbj_bandgap::test::000118::JVASP-41319,3.323,4.234149932861328,4.511895326452371,4.511895326452371,0.640917181968689,True,1.0,True,0.9111499328613282,1.188895326452371,2,1.0,0.6000000238418579,0.0,0.4022093713283539,0.5977905988693237,0.022670138627290726,0.8383306264877319,0.09048999100923538,0.04850923269987106,0.0,0.021019281819462776,0.8382646441459656,0.09012837707996368,0.050587691366672516,0.0
mbj_bandgap::test::000119::JVASP-104845,0.0,-0.0013344748876988888,-0.0015032661870868047,-0.0013344748876988888,0.43427592515945435,False,1.0,True,0.0013344748876988888,0.0013344748876988888,1,0.10256420820951462,0.6000000238418579,0.0,0.5241949558258057,0.47580498456954956,0.5210616588592529,0.3086472153663635,0.12359132617712021,0.04669976979494095,0.0,0.5573936700820923,0.2927153706550598,0.10313306003808975,0.04675791412591934,0.0
mbj_bandgap::test::000120::JVASP-100334,1.059,0.24154753983020782,0.5294632903856968,0.5294632903856968,0.5610265135765076,True,1.0,True,0.8174524601697921,0.5295367096143031,1,1.0,0.5,0.0,0.5814909934997559,0.41850900650024414,0.03284712880849838,0.9119736552238464,0.04627274349331856,0.00890648178756237,0.0,0.029615920037031174,0.9123561978340149,0.04922807216644287,0.008799838833510876,0.0
mbj_bandgap::test::000121::JVASP-100137,2.955,2.9385738372802734,2.8311452307384464,2.8311452307384464,0.5676416754722595,True,1.0,True,0.016426162719726634,0.1238547692615537,2,0.9459131360054016,0.6000000238418579,0.0,0.4326024651527405,0.5673975348472595,0.027056613937020302,0.9242850542068481,0.040908198803663254,0.007750128395855427,0.0,0.02017660066485405,0.9282492399215698,0.04469950124621391,0.0068745920434594154,0.0
mbj_bandgap::test::000122::JVASP-40072,0.0,0.001540257129818201,-0.0030435326220093597,0.001540257129818201,0.37897464632987976,False,1.0,True,0.001540257129818201,0.001540257129818201,1,0.7410916686058044,0.6000000238418579,0.0,0.5212360620498657,0.4787639081478119,0.4060601592063904,0.39903706312179565,0.15073855221271515,0.04416414350271225,0.0,0.4167935252189636,0.40382200479507446,0.14479827880859375,0.03458619490265846,0.0
mbj_bandgap::test::000123::JVASP-41491,0.0,0.0002462402917444706,-0.0013015200741693489,0.0002462402917444706,0.40965521335601807,False,1.0,True,0.0002462402917444706,0.0002462402917444706,1,0.46689867973327637,0.6000000238418579,0.0,0.5178878307342529,0.48211216926574707,0.5966311693191528,0.2398088425397873,0.14056707918643951,0.022992901504039764,0.0,0.6189015507698059,0.23893387615680695,0.1235315352678299,0.01863296702504158,0.0
mbj_bandgap::test::000124::JVASP-26360,3.034,3.1831893920898438,3.1038633623252014,3.1038633623252014,0.5533531308174133,True,1.0,True,0.14918939208984394,0.06986336232520163,2,0.9348574876785278,0.6000000238418579,0.0,0.4011295437812805,0.5988704562187195,0.021620430052280426,0.8767104148864746,0.07906649261713028,0.022602731361985207,0.0,0.01620395854115486,0.8905240893363953,0.07259684801101685,0.02067513018846512,0.0
mbj_bandgap::test::000125::JVASP-103621,0.0,0.007432295475155115,-0.04202373935143726,0.007432295475155115,0.40180957317352295,False,1.0,True,0.007432295475155115,0.007432295475155115,1,0.9901574850082397,0.6000000238418579,0.0,0.5920131802558899,0.4079868793487549,0.1399424970149994,0.748119056224823,0.09519848972558975,0.01673995703458786,0.0,0.12264561653137207,0.7607778906822205,0.1055992841720581,0.010977179743349552,0.0
mbj_bandgap::test::000126::JVASP-37945,7.982,8.364436149597168,8.342431551503989,8.342431551503989,0.5224156975746155,True,1.0,True,0.38243614959716776,0.3604315515039884,2,0.2569231688976288,0.6000000238418579,0.0,0.3989819884300232,0.601017951965332,0.06711576133966446,0.792035698890686,0.12115968763828278,0.019688837230205536,0.0,0.07030054926872253,0.794060230255127,0.1132567897439003,0.022382423281669617,0.0
mbj_bandgap::test::000127::JVASP-30450,0.0,-0.0009286864660680294,-0.002177065352063168,-0.0009286864660680294,0.3898492753505707,False,1.0,True,0.0009286864660680294,0.0009286864660680294,1,0.4750661849975586,0.5,0.0,0.5249202251434326,0.4750797152519226,0.4346649646759033,0.36772844195365906,0.16560034453868866,0.03200625628232956,0.0,0.44680434465408325,0.36867284774780273,0.1618395745754242,0.02268327586352825,0.0
mbj_bandgap::test::000128::JVASP-1492,0.544,0.3739885687828064,0.3673951731218993,0.3673951731218993,0.4580756723880768,True,1.0,True,0.17001143121719364,0.17660482687810075,1,0.438760370016098,0.699999988079071,0.0,0.528812825679779,0.47118717432022095,0.19613753259181976,0.460526704788208,0.31888923048973083,0.024446483701467514,0.0,0.22131755948066711,0.5079944133758545,0.24090604484081268,0.029782002791762352,0.0
mbj_bandgap::test::000129::JVASP-63114,10.246,8.64615535736084,8.584144588883614,8.584144588883614,0.5413006544113159,True,1.0,True,1.5998446426391606,1.6618554111163863,2,0.4889851212501526,0.6000000238418579,0.0,0.39929091930389404,0.6007090210914612,0.04239756241440773,0.878587543964386,0.04052425175905228,0.038490645587444305,0.0,0.03758165240287781,0.8851794004440308,0.045907676219940186,0.03133122995495796,0.0
mbj_bandgap::test::000130::JVASP-38010,2.496,3.637254476547241,3.2273300799583233,3.2273300799583233,0.6259713172912598,True,1.0,True,1.1412544765472412,0.7313300799583233,2,1.0,0.6000000238418579,0.0,0.4029181897640228,0.5970817804336548,0.010515088215470314,0.9664246439933777,0.012731453403830528,0.010328789241611958,0.0,0.006656812038272619,0.9655291438102722,0.018900549039244652,0.008913395926356316,0.0
mbj_bandgap::test::000131::JVASP-110387,3.194,1.622944951057434,3.3953327570277616,3.3953327570277616,0.9811714887619019,True,1.0,True,1.5710550489425659,0.20133275702776166,2,1.0,0.6000000238418579,0.0,0.4131653904914856,0.5868346095085144,0.027137449011206627,0.9087017774581909,0.05320952460169792,0.010951142758131027,0.0,0.03556519001722336,0.9081182479858398,0.046425171196460724,0.009891366586089134,0.0
mbj_bandgap::test::000132::JVASP-31809,0.507,0.0963485985994339,0.03332091878908679,0.0963485985994339,0.42714348435401917,False,1.0,True,0.4106514014005661,0.4106514014005661,1,0.9129528999328613,0.6000000238418579,0.0,0.5130272507667542,0.48697274923324585,0.008352167904376984,0.9207760095596313,0.04099098965525627,0.029880886897444725,0.0,0.006335078738629818,0.9248946905136108,0.038874413818120956,0.029895851388573647,0.0
mbj_bandgap::test::000133::JVASP-90615,0.0,1.0943397283554077,0.5376168130835305,0.5376168130835305,0.6224436163902283,True,1.0,True,1.0943397283554077,0.5376168130835305,1,1.0,0.6000000238418579,0.0,0.5424704551696777,0.4575294852256775,0.020698929205536842,0.9258891344070435,0.04909145087003708,0.0043205381371080875,0.0,0.02259230799973011,0.9245063662528992,0.0490301288664341,0.00387115147896111,0.0
mbj_bandgap::test::000134::JVASP-78576,0.0,-0.0864822119474411,-0.11001703503343403,-0.0864822119474411,0.39150673151016235,False,1.0,True,0.0864822119474411,0.0864822119474411,1,0.899916410446167,0.6000000238418579,0.0,0.551954448223114,0.4480454921722412,0.10428567975759506,0.7751749753952026,0.10245060920715332,0.0180886872112751,0.0,0.08552069216966629,0.7781450152397156,0.12198717892169952,0.014347173273563385,0.0
mbj_bandgap::test::000135::JVASP-118421,0.0,3.9972193241119385,1.2239480461506742,1.2239480461506744,0.9202374815940857,True,1.0,True,3.9972193241119385,1.2239480461506744,2,1.0,0.6000000238418579,0.0,0.40429943799972534,0.5957006216049194,0.04673382639884949,0.6321909427642822,0.30720916390419006,0.01386608649045229,0.0,0.042396120727062225,0.6181305050849915,0.32560285925865173,0.013870567083358765,0.0
mbj_bandgap::test::000136::JVASP-12237,3.841,3.5957529544830322,4.383694311315469,4.383694311315469,0.8413102626800537,True,1.0,True,0.24524704551696797,0.5426943113154685,2,1.0,0.6000000238418579,0.0,0.4006670415401459,0.5993329286575317,0.025543127208948135,0.9267129898071289,0.04133474826812744,0.0064090886153280735,0.0,0.02551933191716671,0.9239696264266968,0.042519353330135345,0.007991714403033257,0.0
mbj_bandgap::test::000137::JVASP-189,0.0,0.0009513632394373417,-0.006190712112039409,0.0009513632394373417,0.3866855800151825,False,1.0,True,0.0009513632394373417,0.0009513632394373417,1,0.8987559676170349,0.6000000238418579,0.0,0.5809794664382935,0.4190205931663513,0.10438026487827301,0.5641831159591675,0.3244403004646301,0.006996265612542629,0.0,0.13892021775245667,0.5382817983627319,0.3169499337673187,0.0058479951694607735,0.0
mbj_bandgap::test::000138::JVASP-28548,0.033,0.13957984745502472,0.0017519527300444925,0.13957984745502472,0.42376914620399475,False,1.0,True,0.10657984745502472,0.10657984745502472,1,1.0,0.5,0.0,0.5453716516494751,0.4546282887458801,0.057528696954250336,0.8928319215774536,0.03082277439534664,0.01881665177643299,0.0,0.05737113207578659,0.8932857513427734,0.028961073607206345,0.020382076501846313,0.0
mbj_bandgap::test::000139::JVASP-39020,3.282,3.2348368167877197,3.365086726757105,3.365086726757105,0.6002071499824524,True,1.0,True,0.0471631832122803,0.08308672675710493,2,0.9950545430183411,0.6000000238418579,0.0,0.4110201299190521,0.5889798402786255,0.03670322149991989,0.9198368787765503,0.02007756568491459,0.023382365703582764,0.0,0.045034609735012054,0.9124926328659058,0.02158360183238983,0.020889118313789368,0.0
mbj_bandgap::test::000140::JVASP-12932,4.988,5.227896690368652,4.617486090996108,4.617486090996108,0.6360708475112915,True,1.0,True,0.2398966903686519,0.37051390900389247,2,1.0,0.6000000238418579,0.0,0.4000547528266907,0.5999453067779541,0.004780818708240986,0.8717986345291138,0.11201512813568115,0.011405487544834614,0.0,0.0037326831370592117,0.8717795610427856,0.11273537576198578,0.011752401478588581,0.0
mbj_bandgap::test::000141::JVASP-41707,0.0,-0.00017659504374023527,-0.0023721927911761085,-0.00017659504374023527,0.4050638973712921,False,1.0,True,0.00017659504374023527,0.00017659504374023527,1,0.49482178688049316,0.699999988079071,0.0,0.5220202803611755,0.4779796600341797,0.4042155146598816,0.4143086373806,0.1685178428888321,0.012958044186234474,0.0,0.38522765040397644,0.42964667081832886,0.17072144150733948,0.014404254034161568,0.0
mbj_bandgap::test::000142::JVASP-102619,0.79,0.5083744525909424,0.531083384994105,0.531083384994105,0.48170650005340576,True,1.0,True,0.28162554740905765,0.258916615005895,1,0.36475884914398193,0.5,0.0,0.5156075358390808,0.4843924641609192,0.08850909024477005,0.8550857305526733,0.040895890444517136,0.015509235672652721,0.0,0.1019802913069725,0.8362951278686523,0.04289747029542923,0.01882718689739704,0.0
mbj_bandgap::test::000143::JVASP-52227,2.713,2.7231335639953613,2.8402112781849533,2.8402112781849533,0.6086615324020386,True,1.0,True,0.01013356399536125,0.12721127818495326,2,0.8448539972305298,0.6000000238418579,0.0,0.4114762842655182,0.5885237455368042,0.012725720182061195,0.9213470220565796,0.028742248192429543,0.037184976041316986,0.0,0.00776055920869112,0.9328719973564148,0.02516266703605652,0.03420477733016014,0.0
mbj_bandgap::test::000144::JVASP-14836,0.0,-0.0013889535330235958,-0.004438255041751193,-0.0013889535330235958,0.3727695047855377,False,1.0,True,0.0013889535330235958,0.0013889535330235958,1,0.7874695062637329,0.6000000238418579,0.0,0.5113295912742615,0.4886704087257385,0.3827889561653137,0.2883983254432678,0.2910504937171936,0.03776225075125694,0.0,0.38657012581825256,0.2969733774662018,0.2721949517726898,0.044261496514081955,0.0
mbj_bandgap::test::000145::JVASP-15223,0.0,-0.002281592693179846,-0.005356020471711287,-0.002281592693179846,0.39978301525115967,False,1.0,True,0.002281592693179846,0.002281592693179846,1,0.556037425994873,0.6000000238418579,0.0,0.5298497676849365,0.47015029191970825,0.2640548348426819,0.5320972204208374,0.1371171474456787,0.06673073768615723,0.0,0.2779531180858612,0.5369283556938171,0.11437885463237762,0.07073962688446045,0.0
mbj_bandgap::test::000146::JVASP-36230,0.0,-0.00022320587595459074,-0.00406757945697187,-0.00022320587595459074,0.3849051296710968,False,1.0,True,0.00022320587595459074,0.00022320587595459074,1,0.8156533241271973,0.5,0.0,0.5699821710586548,0.4300178587436676,0.298684298992157,0.5730670690536499,0.10364536941051483,0.02460325136780739,0.0,0.3449898958206177,0.5438395738601685,0.09300914406776428,0.018161434680223465,0.0
mbj_bandgap::test::000147::JVASP-14811,0.0,-7.443268259521574e-05,-0.0041336802293977515,-7.443268259521574e-05,0.3694930970668793,False,1.0,True,7.443268259521574e-05,7.443268259521574e-05,1,0.840438961982727,0.6000000238418579,0.0,0.5091518759727478,0.4908480644226074,0.4759949743747711,0.1714659035205841,0.306196928024292,0.04634217172861099,0.0,0.4642277657985687,0.1781148463487625,0.3095741868019104,0.04808317869901657,0.0
mbj_bandgap::test::000148::JVASP-9675,1.794,2.3369791507720947,1.668404840649115,1.668404840649115,0.6785466074943542,True,1.0,True,0.5429791507720947,0.12559515935088506,2,1.0,0.6000000238418579,0.0,0.4326803684234619,0.5673196911811829,0.006878969259560108,0.9703348278999329,0.014783713035285473,0.008002428337931633,0.0,0.00449803052470088,0.9667152166366577,0.01973569206893444,0.009051050059497356,0.0
mbj_bandgap::test::000149::JVASP-39753,0.0,0.0006719366647303104,-4.969463572759292e-05,0.0006719366647303104,0.40528902411460876,False,1.0,True,0.0006719366647303104,0.0006719366647303104,1,0.3436633050441742,0.5,0.0,0.5272110104560852,0.4727889895439148,0.57305508852005,0.3140849173069,0.09963616728782654,0.013223858550190926,0.0,0.545829176902771,0.35254019498825073,0.09032390266656876,0.011306729167699814,0.0
mbj_bandgap::test::000150::JVASP-106260,0.0,-0.000285313930362463,-0.02556997073944669,-0.000285313930362463,0.366342157125473,False,1.0,True,0.000285313930362463,0.000285313930362463,1,0.9723472595214844,0.6000000238418579,0.0,0.5433272123336792,0.4566728472709656,0.4267232418060303,0.1643129289150238,0.4013739228248596,0.007589906454086304,0.0,0.38408684730529785,0.1572267711162567,0.45383232831954956,0.004854067228734493,0.0
mbj_bandgap::test::000151::JVASP-16376,0.0,-2.2695850930176675e-05,-0.014196135603418614,-2.2695850930176675e-05,0.37731313705444336,False,1.0,True,2.2695850930176675e-05,2.2695850930176675e-05,1,0.9383959770202637,0.5,0.0,0.5064924955368042,0.4935075640678406,0.5590550303459167,0.23356476426124573,0.18655911087989807,0.02082117274403572,0.0,0.606012761592865,0.21799466013908386,0.15716037154197693,0.018832212314009666,0.0
mbj_bandgap::test::000152::JVASP-4750,0.0,0.0013243691064417362,-0.0023654839704317253,0.0013243691064417362,0.3550654947757721,False,1.0,True,0.0013243691064417362,0.0013243691064417362,1,0.946857750415802,0.5,0.0,0.519683301448822,0.480316698551178,0.24047479033470154,0.43570026755332947,0.2794908881187439,0.0443340428173542,0.0,0.271634042263031,0.3876015543937683,0.30478960275650024,0.03597486764192581,0.0
mbj_bandgap::test::000153::JVASP-24907,0.0,-0.0007769330404698849,-0.03615029980776881,-0.0007769330404698849,0.4036657214164734,False,1.0,True,0.0007769330404698849,0.0007769330404698849,1,0.8997613191604614,0.5,0.0,0.5309849977493286,0.469014972448349,0.028008580207824707,0.8448728322982788,0.12082348763942719,0.006295032799243927,0.0,0.028033237904310226,0.8784757852554321,0.08759333193302155,0.0058976695872843266,0.0
mbj_bandgap::test::000154::JVASP-66321,0.0,0.0012654797174036503,-0.0021061573462803906,0.0012654797174036503,0.370879203081131,False,1.0,True,0.0012654797174036503,0.0012654797174036503,1,0.5435014963150024,0.5,0.0,0.5272210836410522,0.47277894616127014,0.508838415145874,0.2744186222553253,0.14097870886325836,0.07576432079076767,0.0,0.5008304119110107,0.28991812467575073,0.12456867843866348,0.08468285202980042,0.0
mbj_bandgap::test::000155::JVASP-107862,0.0,0.4825437664985657,0.08795905681974318,0.0879590568197432,0.5336516499519348,True,1.0,True,0.4825437664985657,0.0879590568197432,1,1.0,0.6000000238418579,0.0,0.5411301851272583,0.45886969566345215,0.01013139821588993,0.9357903599739075,0.04286407679319382,0.011214150115847588,0.0,0.011930215172469616,0.9422775506973267,0.03626055642962456,0.009531580843031406,0.0
mbj_bandgap::test::000156::JVASP-7688,0.0,0.0002443329431116581,-0.007137148692080331,0.0002443329431116581,0.38590046763420105,False,1.0,True,0.0002443329431116581,0.0002443329431116581,1,0.945580780506134,0.699999988079071,0.0,0.5574200749397278,0.4425799250602722,0.08049321919679642,0.4626348614692688,0.39583534002304077,0.061036597937345505,0.0,0.09476782381534576,0.48745423555374146,0.3650982677936554,0.05267973989248276,0.0
mbj_bandgap::test::000157::JVASP-95090,0.0,-0.0050011142157018185,-0.09549563013397078,-0.0050011142157018185,0.4217674732208252,False,1.0,True,0.0050011142157018185,0.0050011142157018185,1,0.991520881652832,0.800000011920929,0.0,0.5447124242782593,0.45528754591941833,0.02366785705089569,0.7880412936210632,0.1523849070072174,0.035905931144952774,0.0,0.030942965298891068,0.8098241090774536,0.12836217880249023,0.030870744958519936,0.0
mbj_bandgap::test::000158::JVASP-70893,0.0,-0.003322289790958166,-0.009164714821911968,-0.003322289790958166,0.37805819511413574,False,1.0,True,0.003322289790958166,0.003322289790958166,1,0.6875426173210144,0.6000000238418579,0.0,0.5378767251968384,0.46212324500083923,0.23333153128623962,0.32473286986351013,0.3989718556404114,0.042963627725839615,0.0,0.24789004027843475,0.32554492354393005,0.39070454239845276,0.03586050868034363,0.0
mbj_bandgap::test::000159::JVASP-28371,0.0,-0.0004321797750890255,-0.004715301982720766,-0.0004321797750890255,0.40643125772476196,False,1.0,True,0.0004321797750890255,0.0004321797750890255,1,0.8599396347999573,0.699999988079071,0.0,0.597140908241272,0.40285903215408325,0.13478684425354004,0.7307935953140259,0.11266915500164032,0.02175045758485794,0.0,0.15028026700019836,0.7103952765464783,0.11974644660949707,0.01957796886563301,0.0
mbj_bandgap::test::000160::JVASP-78811,10.59,8.510665893554688,8.629475432302167,8.629475432302167,0.5302702188491821,True,1.0,True,2.0793341064453124,1.9605245676978331,2,0.9746156334877014,0.6000000238418579,0.0,0.39973217248916626,0.6002678871154785,0.06470008194446564,0.7612419128417969,0.1604708433151245,0.013587136752903461,0.0,0.07185415923595428,0.7737682461738586,0.14133676886558533,0.013040830381214619,0.0
mbj_bandgap::test::000161::JVASP-25629,0.0,0.004793717060238123,-0.03216461554775587,0.004793717060238123,0.420459121465683,False,1.0,True,0.004793717060238123,0.004793717060238123,1,0.8096795678138733,0.699999988079071,0.0,0.565924882888794,0.43407511711120605,0.014371772296726704,0.8048204183578491,0.15583285689353943,0.024974938482046127,0.0,0.010724104009568691,0.8465378880500793,0.12608930468559265,0.016648748889565468,0.0
mbj_bandgap::test::000162::JVASP-99551,0.0,-0.001635716762393713,-0.002292579478852974,-0.001635716762393713,0.4044308662414551,False,1.0,True,0.001635716762393713,0.001635716762393713,1,0.36771631240844727,0.699999988079071,0.0,0.5233064889907837,0.4766934812068939,0.4559425413608551,0.3267187178134918,0.20754823088645935,0.009790552780032158,0.0,0.4155934453010559,0.377036452293396,0.19773273169994354,0.009637383744120598,0.0
mbj_bandgap::test::000163::JVASP-34652,0.0,-0.0037262900732457638,-0.07500327069021732,-0.0037262900732457638,0.4283783733844757,False,1.0,True,0.0037262900732457638,0.0037262900732457638,1,1.0,0.699999988079071,0.0,0.640075147151947,0.359924852848053,0.042103298008441925,0.8549124002456665,0.07248669117689133,0.030497604981064796,0.0,0.051062196493148804,0.8397604823112488,0.07679972797632217,0.032377589493989944,0.0
mbj_bandgap::test::000164::JVASP-10156,5.32,5.2924981117248535,5.174271134413525,5.174271134413525,0.5402944684028625,True,1.0,True,0.02750188827514677,0.14572886558647546,2,0.8401358127593994,0.6000000238418579,0.0,0.4000155031681061,0.5999844670295715,0.027039766311645508,0.8623970150947571,0.08628245443105698,0.02428075298666954,0.0,0.026887735351920128,0.8794803619384766,0.07764684408903122,0.01598503254354,0.0
mbj_bandgap::test::000165::JVASP-70506,0.0,0.0007088915444910526,-0.06247383933133031,0.0007088915444910526,0.3657577931880951,False,1.0,True,0.0007088915444910526,0.0007088915444910526,1,1.0,0.6000000238418579,0.0,0.5202362537384033,0.4797637462615967,0.21156327426433563,0.38391339778900146,0.3590412735939026,0.045482032001018524,0.0,0.21573317050933838,0.38343822956085205,0.36977431178092957,0.031054258346557617,0.0
mbj_bandgap::test::000166::JVASP-3090,2.24,1.9191417694091797,2.173144751598832,2.173144751598832,0.6639177203178406,True,1.0,True,0.3208582305908205,0.06685524840116841,2,1.0,0.6000000238418579,0.0,0.44902825355529785,0.5509717464447021,0.02595752477645874,0.9410702586174011,0.02373668923974037,0.00923555251210928,0.0,0.023955170065164566,0.9472061991691589,0.023033713921904564,0.005804895889014006,0.0
mbj_bandgap::test::000167::JVASP-35888,0.0,-0.0037050708197057247,-0.004802093230212301,-0.0037050708197057247,0.42417943477630615,False,1.0,True,0.0037050708197057247,0.0037050708197057247,1,0.26104697585105896,0.699999988079071,0.0,0.5237094163894653,0.47629061341285706,0.5265353918075562,0.29797831177711487,0.16297878324985504,0.012507560662925243,0.0,0.4971320629119873,0.33187204599380493,0.16133734583854675,0.00965853687375784,0.0
mbj_bandgap::test::000168::JVASP-51704,2.39,2.6344645023345947,2.991312733681079,2.991312733681079,0.7313264012336731,True,1.0,True,0.2444645023345946,0.6013127336810791,2,0.9283825159072876,0.6000000238418579,0.0,0.42362865805625916,0.5763713121414185,0.017034469172358513,0.9559301137924194,0.00782069656997919,0.019214604049921036,0.0,0.012022165581583977,0.9679908752441406,0.006825893186032772,0.013161088339984417,0.0
mbj_bandgap::test::000169::JVASP-39486,0.0,0.0026223198510706425,-0.011775836319808986,0.0026223198510706425,0.36602723598480225,False,1.0,True,0.0026223198510706425,0.0026223198510706425,1,0.961731493473053,0.6000000238418579,0.0,0.5784574747085571,0.4215424656867981,0.19142183661460876,0.45288577675819397,0.3334459662437439,0.022246431559324265,0.0,0.18199685215950012,0.4370942711830139,0.3629909157752991,0.01791798695921898,0.0
mbj_bandgap::test::000170::JVASP-104600,0.0,0.004179193172603846,-0.11439299619324421,0.004179193172603846,0.40052980184555054,False,1.0,True,0.004179193172603846,0.004179193172603846,1,1.0,0.5,0.0,0.5938574075698853,0.40614262223243713,0.14586500823497772,0.798944354057312,0.044701509177684784,0.010489081963896751,0.0,0.13608479499816895,0.8121792674064636,0.04199058562517166,0.009745391085743904,0.0
mbj_bandgap::test::000171::JVASP-41521,0.0,-0.00010423500498291105,-0.0016055547368532207,-0.00010423500498291105,0.39196547865867615,False,1.0,True,0.00010423500498291105,0.00010423500498291105,1,0.5713390707969666,0.6000000238418579,0.0,0.5213034749031067,0.4786964952945709,0.3400949239730835,0.37564682960510254,0.259333074092865,0.024925220757722855,0.0,0.37310487031936646,0.38304075598716736,0.22518467903137207,0.018669690936803818,0.0
mbj_bandgap::test::000172::JVASP-28870,1.006,0.906460165977478,0.8798578816149331,0.8798578816149331,0.5110130906105042,True,1.0,True,0.09953983402252198,0.12614211838506695,2,0.4742070734500885,0.6000000238418579,0.0,0.4835285544395447,0.5164715051651001,0.06912173330783844,0.8684126138687134,0.0451226569712162,0.017343061044812202,0.0,0.0747201070189476,0.8543119430541992,0.05564776062965393,0.015320181846618652,0.0
mbj_bandgap::test::000173::JVASP-67931,0.0,-0.0005747540853917599,-0.0024459955260321743,-0.0005747540853917599,0.37938544154167175,False,1.0,True,0.0005747540853917599,0.0005747540853917599,1,0.6643907427787781,0.6000000238418579,0.0,0.5185539722442627,0.4814460277557373,0.46801328659057617,0.3397219777107239,0.16711261868476868,0.025152122601866722,0.0,0.4872620105743408,0.3600848615169525,0.129426047205925,0.02322707697749138,0.0
mbj_bandgap::test::000174::JVASP-102060,4.217,4.495494365692139,5.01266212047043,5.01266212047043,0.7491089701652527,True,1.0,True,0.27849436569213903,0.7956621204704302,2,1.0,0.6000000238418579,0.0,0.40011709928512573,0.5998829007148743,0.024451689794659615,0.8612056970596313,0.10565251111984253,0.00869003590196371,0.0,0.03534403443336487,0.8640286326408386,0.09279193729162216,0.00783535372465849,0.0
mbj_bandgap::test::000175::JVASP-15447,0.0,0.0005716816522181034,-9.801723977209686e-05,0.0005716816522181034,0.3907849192619324,False,1.0,True,0.0005716816522181034,0.0005716816522181034,1,0.3962291479110718,0.5,0.0,0.5122575759887695,0.4877423644065857,0.2491511106491089,0.27694249153137207,0.4470726549625397,0.02683374658226967,0.0,0.2502112090587616,0.2686987519264221,0.4629982113838196,0.0180918388068676,0.0
mbj_bandgap::test::000176::JVASP-18751,0.0,-0.00038592657074332237,-0.00785110605368764,-0.00038592657074332237,0.364109605550766,False,1.0,True,0.00038592657074332237,0.00038592657074332237,1,1.0,0.5,0.0,0.541079580783844,0.4589203894138336,0.5259311199188232,0.3094692826271057,0.1367674171924591,0.027832185849547386,0.0,0.5715776681900024,0.2950301468372345,0.10804994404315948,0.02534228004515171,0.0
mbj_bandgap::test::000177::JVASP-69,0.0,-0.003991888370364904,-0.006199282671122441,-0.003991888370364904,0.38625383377075195,False,1.0,True,0.003991888370364904,0.003991888370364904,1,0.6316936612129211,0.5,0.0,0.5454753041267395,0.4545246958732605,0.25675299763679504,0.39793696999549866,0.3244144916534424,0.02089553140103817,0.0,0.2687937617301941,0.41648754477500916,0.2957950532436371,0.018923597410321236,0.0
mbj_bandgap::test::000178::JVASP-12181,2.009,2.1299264430999756,2.178267260901047,2.178267260901047,0.6038362383842468,True,1.0,True,0.12092644309997569,0.16926726090104705,2,0.4234103262424469,0.6000000238418579,0.0,0.44576722383499146,0.5542327761650085,0.04532083496451378,0.8990219831466675,0.03132568672299385,0.02433144301176071,0.0,0.04674990475177765,0.8945757150650024,0.038020942360162735,0.02065347135066986,0.0
mbj_bandgap::test::000179::JVASP-40860,0.0,9.389083425048739e-05,-0.08159182874739664,9.389083425048739e-05,0.37024080753326416,False,1.0,True,9.389083425048739e-05,9.389083425048739e-05,1,0.9866957068443298,0.5,0.0,0.5350536108016968,0.4649464190006256,0.39967969059944153,0.4157422184944153,0.1632496416568756,0.0213285181671381,0.0,0.3974265456199646,0.4313056468963623,0.1572163850069046,0.014051404781639576,0.0
mbj_bandgap::test::000180::JVASP-99590,5.643,5.482940196990967,5.780773111561503,5.780773111561503,0.6504051685333252,True,1.0,True,0.160059803009033,0.1377731115615033,2,1.0,0.6000000238418579,0.0,0.4000353217124939,0.5999646782875061,0.01723739132285118,0.891893208026886,0.07090680301189423,0.01996264047920704,0.0,0.02111859992146492,0.8912473917007446,0.06993316859006882,0.01770086959004402,0.0
mbj_bandgap::test::000181::JVASP-37930,0.0,0.00018639724294189364,-0.0027418422251423323,0.00018639724294189364,0.36517852544784546,False,1.0,True,0.00018639724294189364,0.00018639724294189364,1,0.8148158192634583,0.5,0.0,0.5212906002998352,0.4787093997001648,0.49426913261413574,0.24027013778686523,0.2369624674320221,0.028498243540525436,0.0,0.5134645104408264,0.23198921978473663,0.2270060032606125,0.027540287002921104,0.0
mbj_bandgap::test::000182::JVASP-69601,0.0,0.0018424526788294315,0.00035815175690583344,0.0018424526788294315,0.3939967453479767,False,1.0,True,0.0018424526788294315,0.0018424526788294315,1,0.6129317879676819,0.6000000238418579,0.0,0.5116736888885498,0.4883262515068054,0.6184383034706116,0.22454878687858582,0.1300634890794754,0.026949476450681686,0.0,0.6322107315063477,0.1989365965127945,0.14833764731884003,0.020515060052275658,0.0
mbj_bandgap::test::000183::JVASP-30637,3.998,4.001277923583984,4.081787647560391,4.081787647560391,0.556253969669342,True,1.0,True,0.0032779235839841547,0.08378764756039114,2,0.7959567308425903,0.6000000238418579,0.0,0.4010147154331207,0.5989853739738464,0.026326119899749756,0.7853092551231384,0.15867458283901215,0.029690047726035118,0.0,0.03254441171884537,0.7968138456344604,0.144992396235466,0.02564935013651848,0.0
mbj_bandgap::test::000184::JVASP-90606,0.0,-0.009253428317606449,-0.04046374475288204,-0.009253428317606449,0.3643345832824707,False,1.0,True,0.009253428317606449,0.009253428317606449,1,0.9971747994422913,0.6000000238418579,0.0,0.5297017693519592,0.4702982008457184,0.3424510359764099,0.5431570410728455,0.09114155173301697,0.023250393569469452,0.0,0.34512001276016235,0.549545168876648,0.08362285047769547,0.021711956709623337,0.0
mbj_bandgap::test::000185::JVASP-32171,4.211,4.068174839019775,3.9049904977625642,3.9049904977625642,0.5667256116867065,True,1.0,True,0.1428251609802249,0.30600950223743606,2,1.0,0.6000000238418579,0.0,0.4009184241294861,0.5990815758705139,0.01231895200908184,0.948481559753418,0.019426971673965454,0.019772492349147797,0.0,0.010664770379662514,0.9558300971984863,0.018651243299245834,0.0148539450019598,0.0
mbj_bandgap::test::000186::JVASP-37039,0.0,-0.0005809529684484005,-0.003776692858364461,-0.0005809529684484005,0.3735466003417969,False,1.0,True,0.0005809529684484005,0.0005809529684484005,1,0.7822964787483215,0.6000000238418579,0.0,0.5226375460624695,0.4773624539375305,0.43749552965164185,0.29009750485420227,0.25862812995910645,0.01377889234572649,0.0,0.43962550163269043,0.2934211790561676,0.254688560962677,0.012264816090464592,0.0
mbj_bandgap::test::000187::JVASP-68914,0.0,-0.005029605235904455,-0.13706739823862088,-0.005029605235904455,0.38840189576148987,False,1.0,True,0.005029605235904455,0.005029605235904455,1,1.0,0.5,0.0,0.5764357447624207,0.42356425523757935,0.2381550371646881,0.5751826167106628,0.14101161062717438,0.04565076157450676,0.0,0.26946476101875305,0.5373058319091797,0.14973634481430054,0.04349306598305702,0.0
mbj_bandgap::test::000188::JVASP-56545,0.0,0.0031411186791956425,0.0018467754052456042,0.0031411186791956425,0.3800440728664398,False,1.0,True,0.0031411186791956425,0.0031411186791956425,1,0.6237860321998596,0.5,0.0,0.5121612548828125,0.4878387451171875,0.553554892539978,0.18618661165237427,0.24065467715263367,0.019603770226240158,0.0,0.5408979654312134,0.192388117313385,0.24757759273052216,0.019136447459459305,0.0
mbj_bandgap::test::000189::JVASP-17704,0.0,0.004931165371090174,0.0034615140038182445,0.004931165371090174,0.4110374450683594,False,1.0,True,0.004931165371090174,0.004931165371090174,1,0.30772677063941956,0.6000000238418579,0.0,0.5237088203430176,0.4762911796569824,0.3620872497558594,0.5529626607894897,0.07428531348705292,0.01066477783024311,0.0,0.3604961037635803,0.5723134875297546,0.06016045808792114,0.007029922213405371,0.0
mbj_bandgap::test::000190::JVASP-49991,3.093,3.178476333618164,3.26963936539004,3.26963936539004,0.5868618488311768,True,1.0,True,0.08547633361816409,0.17663936539004021,2,0.8946166038513184,0.6000000238418579,0.0,0.40423518419265747,0.5957648158073425,0.011536993086338043,0.922073245048523,0.03149060532450676,0.034899111837148666,0.0,0.008948743343353271,0.9270332455635071,0.031201284378767014,0.03281661495566368,0.0
mbj_bandgap::test::000191::JVASP-36948,5.806,5.8612518310546875,5.956524037781862,5.956524037781862,0.5663307309150696,True,1.0,True,0.05525183105468745,0.15052403778186196,2,0.733492374420166,0.6000000238418579,0.0,0.40002936124801636,0.5999706983566284,0.02394970878958702,0.7919574975967407,0.1778183877468109,0.006274442188441753,0.0,0.035177819430828094,0.8095306158065796,0.1484861671924591,0.006805372424423695,0.0
mbj_bandgap::test::000192::JVASP-43552,0.0,0.004472924862056971,-0.07682947884368371,0.004472924862056971,0.4141082763671875,False,1.0,True,0.004472924862056971,0.004472924862056971,1,0.9680507183074951,0.699999988079071,0.0,0.5549572706222534,0.44504275918006897,0.057161420583724976,0.7557545900344849,0.08672133833169937,0.10036268085241318,0.0,0.0489407479763031,0.7563114166259766,0.08527639508247375,0.10947152227163315,0.0
mbj_bandgap::test::000193::JVASP-52542,8.617,8.39251708984375,8.45290273538308,8.45290273538308,0.500324010848999,True,1.0,True,0.22448291015625088,0.1640972646169203,2,0.8469294905662537,0.6000000238418579,0.0,0.3996829092502594,0.600317120552063,0.04976694658398628,0.6658307313919067,0.2617611289024353,0.022641170769929886,0.0,0.05755065008997917,0.6918805837631226,0.2277694046497345,0.022799355909228325,0.0
mbj_bandgap::test::000194::JVASP-110733,0.0,-0.0008961423300206661,-0.025572104262624996,-0.0008961423300206661,0.4161478281021118,False,1.0,True,0.0008961423300206661,0.0008961423300206661,1,0.9566786289215088,0.699999988079071,0.0,0.590243935585022,0.40975603461265564,0.011943688616156578,0.7793468832969666,0.07708132266998291,0.13162808120250702,0.0,0.007754086051136255,0.7947317361831665,0.066688671708107,0.13082557916641235,0.0
mbj_bandgap::test::000195::JVASP-2289,2.82,2.596783399581909,2.9278455257445666,2.9278455257445666,0.6889927387237549,True,1.0,True,0.22321660041809066,0.10784552574456674,2,0.9916069507598877,0.6000000238418579,0.0,0.41609200835227966,0.583907961845398,0.00825782772153616,0.922360897064209,0.055013507604599,0.01436774991452694,0.0,0.007833585143089294,0.92497718334198,0.05168495699763298,0.01550417859107256,0.0
mbj_bandgap::test::000196::JVASP-42764,0.0,-0.0013671382330358028,-0.024432339128962456,-0.0013671382330358028,0.4116936922073364,False,1.0,True,0.0013671382330358028,0.0013671382330358028,1,0.9020439386367798,0.699999988079071,0.0,0.5570464730262756,0.4429536461830139,0.034948404878377914,0.7423058748245239,0.1449364274740219,0.07780928909778595,0.0,0.04341434687376022,0.7667322754859924,0.11259567737579346,0.07725776731967926,0.0
mbj_bandgap::test::000197::JVASP-19086,7.007,7.009902477264404,7.06759431299826,7.06759431299826,0.5565452575683594,True,1.0,True,0.0029024772644046237,0.060594312998260236,2,0.6299086213111877,0.6000000238418579,0.0,0.39999452233314514,0.6000055074691772,0.0359271839261055,0.9306190609931946,0.02388671785593033,0.009567002765834332,0.0,0.03295327350497246,0.9327787160873413,0.024267083033919334,0.010000951588153839,0.0
mbj_bandgap::test::000198::JVASP-8126,2.432,1.679679274559021,1.4811068122425057,1.4811068122425057,0.5905657410621643,True,1.0,True,0.7523207254409789,0.9508931877574942,2,1.0,0.6000000238418579,0.0,0.44797366857528687,0.5520262718200684,0.016009079292416573,0.9617854356765747,0.02000964805483818,0.0021958877332508564,0.0,0.01608482003211975,0.9640924334526062,0.017619848251342773,0.002202900592237711,0.0
mbj_bandgap::test::000199::JVASP-35124,7.757,7.3399529457092285,7.423067614316045,7.423067614316045,0.5409184098243713,True,1.0,True,0.41704705429077116,0.3339323856839549,2,0.8458709120750427,0.6000000238418579,0.0,0.3992587924003601,0.6007412075996399,0.03322131186723709,0.8294728398323059,0.07096963375806808,0.0663362666964531,0.0,0.03255798667669296,0.8415565490722656,0.07271578907966614,0.05316970497369766,0.0
mbj_bandgap::test::000200::JVASP-11201,1.643,1.725833773612976,1.7036538960057819,1.7036538960057819,0.5865546464920044,True,1.0,True,0.08283377361297606,0.06065389600578186,2,0.43064743280410767,0.6000000238418579,0.0,0.44117483496665955,0.5588251352310181,0.051745135337114334,0.8800230026245117,0.04312264919281006,0.025109242647886276,0.0,0.059487272053956985,0.8735472559928894,0.035807736217975616,0.0311577208340168,0.0
mbj_bandgap::test::000201::JVASP-69870,0.226,0.0003872648812830448,-0.0032923620594632165,0.0003872648812830448,0.38468003273010254,False,1.0,True,0.22561273511871696,0.22561273511871696,1,0.4413983225822449,0.5,0.0,0.5035244226455688,0.49647560715675354,0.5879207849502563,0.22418665885925293,0.17641261219978333,0.011479975655674934,0.0,0.5475635528564453,0.24795129895210266,0.19344544410705566,0.011039720848202705,0.0
mbj_bandgap::test::000202::JVASP-25306,5.035,4.890958309173584,5.0719582356401975,5.0719582356401975,0.6111332178115845,True,1.0,True,0.14404169082641616,0.0369582356401974,2,0.9332518577575684,0.6000000238418579,0.0,0.4000362753868103,0.5999637246131897,0.08860507607460022,0.7917338609695435,0.07492916285991669,0.04473186656832695,0.0,0.08229026198387146,0.8051635026931763,0.0577007532119751,0.054845552891492844,0.0
mbj_bandgap::test::000203::JVASP-59659,0.0,-0.0013182624243199825,-0.0035006193210169513,-0.0013182624243199825,0.37986883521080017,False,1.0,True,0.0013182624243199825,0.0013182624243199825,1,0.6300010085105896,0.6000000238418579,0.0,0.5217660665512085,0.47823381423950195,0.4461885392665863,0.28565165400505066,0.24521934986114502,0.02294042333960533,0.0,0.42232546210289,0.28247562050819397,0.27618905901908875,0.01900980994105339,0.0
mbj_bandgap::test::000204::JVASP-110323,1.049,3.3220887184143066,0.6981346909003564,0.6981346909003565,0.9130338430404663,True,1.0,True,2.2730887184143067,0.3508653090996434,2,1.0,0.6000000238418579,0.0,0.41851919889450073,0.5814808011054993,0.02145448327064514,0.874942421913147,0.058410655707120895,0.04519250616431236,0.0,0.010510946623980999,0.8914175033569336,0.05347895622253418,0.04459259659051895,0.0
mbj_bandgap::test::000205::JVASP-7652,3.0,2.4884703159332275,2.778913032335317,2.778913032335317,0.6893607974052429,True,1.0,True,0.5115296840667725,0.22108696766468316,2,1.0,0.6000000238418579,0.0,0.43458113074302673,0.5654188990592957,0.026677390560507774,0.9534039497375488,0.011961453594267368,0.007957221008837223,0.0,0.022985149174928665,0.9563714265823364,0.010674134828150272,0.009969348087906837,0.0
mbj_bandgap::test::000206::JVASP-108910,0.0,0.0005486742593348026,0.00024974099217627276,0.0005486742593348026,0.4175874590873718,False,1.0,True,0.0005486742593348026,0.0005486742593348026,1,0.2032230645418167,0.6000000238418579,0.0,0.5230076909065247,0.47699230909347534,0.3950241506099701,0.46099892258644104,0.11921344697475433,0.024763457477092743,0.0,0.3958294689655304,0.456638902425766,0.1260034590959549,0.021528160199522972,0.0
mbj_bandgap::test::000207::JVASP-25296,12.53,12.594964027404785,10.337885520348417,10.337885520348417,0.818528413772583,True,1.0,True,0.0649640274047858,2.1921144796515826,2,0.9969162940979004,0.6000000238418579,0.0,0.4248267710208893,0.5751731991767883,0.2541333734989166,0.37274667620658875,0.3494642972946167,0.023655662313103676,0.0,0.2549598217010498,0.3556964695453644,0.36980298161506653,0.019540725275874138,0.0
mbj_bandgap::test::000208::JVASP-38754,3.979,3.247603178024292,3.67282264356324,3.67282264356324,0.7323786616325378,True,1.0,True,0.7313968219757081,0.30617735643676003,2,1.0,0.6000000238418579,0.0,0.4027952551841736,0.5972046852111816,0.04309411346912384,0.9279638528823853,0.01910734362900257,0.009834662079811096,0.0,0.042770616710186005,0.9273893237113953,0.01761597767472267,0.012224110774695873,0.0
mbj_bandgap::test::000209::JVASP-79770,0.0,-0.00026206811890006065,-0.027971298892953467,-0.00026206811890006065,0.39742568135261536,False,1.0,True,0.00026206811890006065,0.00026206811890006065,1,0.9433127641677856,0.6000000238418579,0.0,0.5877094864845276,0.4122905135154724,0.1401142179965973,0.767520010471344,0.07732182741165161,0.015043966472148895,0.0,0.13499392569065094,0.801800549030304,0.05115438252687454,0.012051155790686607,0.0
mbj_bandgap::test::000210::JVASP-17511,0.0,0.00043971696868538857,-0.0036196038451468794,0.00043971696868538857,0.3715153634548187,False,1.0,True,0.00043971696868538857,0.00043971696868538857,1,0.7447411417961121,0.5,0.0,0.5076125860214233,0.49238747358322144,0.49547067284584045,0.14898467063903809,0.29174917936325073,0.06379546970129013,0.0,0.5032562613487244,0.16274981200695038,0.2712467610836029,0.06274714320898056,0.0
mbj_bandgap::test::000211::JVASP-19643,0.0,7.898967305663973e-05,-0.0013220019725880272,7.898967305663973e-05,0.3814597427845001,False,1.0,True,7.898967305663973e-05,7.898967305663973e-05,1,0.5322182774543762,0.5,0.0,0.5185617804527283,0.48143821954727173,0.4636653959751129,0.2902372479438782,0.21145248413085938,0.03464483469724655,0.0,0.4318965971469879,0.3149609863758087,0.21769480407238007,0.03544764220714569,0.0
mbj_bandgap::test::000212::JVASP-46119,0.0,0.021610451862215996,-0.09842821775664148,0.021610451862215996,0.4198018014431,False,1.0,True,0.021610451862215996,0.021610451862215996,1,1.0,0.5,0.0,0.5496948957443237,0.4503050744533539,0.013139693066477776,0.9159563779830933,0.02695314586162567,0.04395078495144844,0.0,0.00849858857691288,0.9177242517471313,0.025221342220902443,0.04855579510331154,0.0
mbj_bandgap::test::000213::JVASP-59132,5.823,5.679013252258301,5.511512366390326,5.511512366390326,0.5370993614196777,True,1.0,True,0.14398674774169962,0.3114876336096746,2,1.0,0.6000000238418579,0.0,0.40000906586647034,0.5999909043312073,0.01992005482316017,0.8791837692260742,0.07770959287881851,0.02318655326962471,0.0,0.01852567121386528,0.8833559155464172,0.07731954753398895,0.02079896442592144,0.0
mbj_bandgap::test::000214::JVASP-3033,2.936,2.7624430656433105,3.0334900397969955,3.0334900397969955,0.6722940802574158,True,1.0,True,0.1735569343566894,0.09749003979699555,2,1.0,0.6000000238418579,0.0,0.41751590371131897,0.5824841260910034,0.016506344079971313,0.9510011672973633,0.02442253939807415,0.008069981820881367,0.0,0.014005891978740692,0.9556611180305481,0.022124433889985085,0.008208581246435642,0.0
mbj_bandgap::test::000215::JVASP-3861,6.016,6.199962139129639,6.274571350875031,6.274571350875031,0.5386191606521606,True,1.0,True,0.18396213912963866,0.25857135087503114,2,0.8090371489524841,0.6000000238418579,0.0,0.3999859690666199,0.6000140309333801,0.035863153636455536,0.7725691795349121,0.145224466919899,0.04634324461221695,0.0,0.04376675933599472,0.7866857647895813,0.12924039363861084,0.04030710831284523,0.0
mbj_bandgap::test::000216::JVASP-32156,3.201,-0.014585183002054691,0.5437519025468274,0.5437519025468274,0.6612920165061951,True,1.0,True,3.2155851830020548,2.6572480974531727,1,1.0,0.5,0.0,0.5223022699356079,0.4776977598667145,0.02499888464808464,0.934522271156311,0.024637440219521523,0.015841379761695862,0.0,0.021275820210576057,0.9417945146560669,0.02321576699614525,0.01371386181563139,0.0
mbj_bandgap::test::000217::JVASP-3771,2.216,2.196410894393921,2.471229178122407,2.471229178122407,0.6729333400726318,True,1.0,True,0.019589105606079293,0.255229178122407,2,1.0,0.6000000238418579,0.0,0.4412899911403656,0.558709979057312,0.021444713696837425,0.9365911483764648,0.035616230219602585,0.006347936578094959,0.0,0.022618070244789124,0.9351767301559448,0.03573775291442871,0.006467470433562994,0.0
mbj_bandgap::test::000218::JVASP-56721,0.0,-0.0020006163977086544,-0.007381618796933931,-0.0020006163977086544,0.3762374520301819,False,1.0,True,0.0020006163977086544,0.0020006163977086544,1,0.8643617033958435,0.6000000238418579,0.0,0.5114850997924805,0.48851484060287476,0.2557910084724426,0.2648147940635681,0.4644768238067627,0.014917375519871712,0.0,0.217818945646286,0.22892484068870544,0.5394104719161987,0.013845774345099926,0.0
mbj_bandgap::test::000219::JVASP-117659,0.0,0.005145503673702478,-0.09316267917890737,0.005145503673702478,0.3914695680141449,False,1.0,True,0.005145503673702478,0.005145503673702478,1,1.0,0.6000000238418579,0.0,0.5777872204780579,0.42221277952194214,0.26642927527427673,0.5412995219230652,0.17823302745819092,0.01403818279504776,0.0,0.26485708355903625,0.5268427133560181,0.19670800864696503,0.011592197231948376,0.0
mbj_bandgap::test::000220::JVASP-37513,0.0,-0.0010709031485021114,-0.007622467204590988,-0.0010709031485021114,0.37922975420951843,False,1.0,True,0.0010709031485021114,0.0010709031485021114,1,0.8396881818771362,0.699999988079071,0.0,0.524046003818512,0.47595399618148804,0.5045405626296997,0.26531675457954407,0.2192292958498001,0.010913414880633354,0.0,0.5113478899002075,0.26729491353034973,0.21253781020641327,0.00881942268460989,0.0
mbj_bandgap::test::000221::JVASP-120296,0.0,0.5758591294288635,-0.0870979014388461,-0.0870979014388461,0.5675344467163086,True,1.0,True,0.5758591294288635,0.0870979014388461,1,1.0,0.6000000238418579,0.0,0.5263961553573608,0.4736038148403168,0.29743582010269165,0.642202615737915,0.05760719254612923,0.002754396293312311,0.0,0.3367118537425995,0.5908600687980652,0.07044854760169983,0.001979526598006487,0.0
mbj_bandgap::test::000222::JVASP-24378,1.491,1.6728757619857788,1.700898796474792,1.700898796474792,0.5835971236228943,True,1.0,True,0.1818757619857787,0.20989879647479182,2,0.31683385372161865,0.5,0.0,0.45326822996139526,0.5467318296432495,0.010005680844187737,0.8822908401489258,0.05879578739404678,0.048907626420259476,0.0,0.01008355338126421,0.855760395526886,0.07193440943956375,0.062221694737672806,0.0
mbj_bandgap::test::000223::JVASP-48915,0.0,0.27585989236831665,0.012354614624574833,0.012354614624574822,0.4609215557575226,True,1.0,True,0.27585989236831665,0.012354614624574822,2,1.0,0.5,0.0,0.49522504210472107,0.5047749280929565,0.011936000548303127,0.9036864042282104,0.07523217052221298,0.009145446121692657,0.0,0.011629404500126839,0.9046546816825867,0.07485215365886688,0.008863700553774834,0.0
mbj_bandgap::test::000224::JVASP-40604,0.0,-0.00031094392761588097,-0.0019460598442112786,-0.00031094392761588097,0.3946307301521301,False,1.0,True,0.00031094392761588097,0.00031094392761588097,1,0.5250014662742615,0.6000000238418579,0.0,0.5081637501716614,0.49183622002601624,0.296641081571579,0.20534995198249817,0.484943151473999,0.013065822422504425,0.0,0.3201647400856018,0.1963023543357849,0.47280198335647583,0.010730965062975883,0.0
mbj_bandgap::test::000225::JVASP-18741,0.0,-0.002606199588626623,-0.006808923477717066,-0.002606199588626623,0.3881818354129791,False,1.0,True,0.002606199588626623,0.002606199588626623,1,0.7514318227767944,0.6000000238418579,0.0,0.5131694674491882,0.48683053255081177,0.6138094663619995,0.24793216586112976,0.09915703535079956,0.039101310074329376,0.0,0.6355305314064026,0.23837745189666748,0.09145454317331314,0.03463752195239067,0.0
mbj_bandgap::test::000226::JVASP-71991,0.0,0.00019414584676269442,-0.006365507633958401,0.00019414584676269442,0.3707912266254425,False,1.0,True,0.00019414584676269442,0.00019414584676269442,1,0.8667999505996704,0.6000000238418579,0.0,0.5303000211715698,0.4696999192237854,0.371552050113678,0.4310835897922516,0.16142530739307404,0.035939063876867294,0.0,0.38759031891822815,0.4141327440738678,0.16342099010944366,0.03485594317317009,0.0
mbj_bandgap::test::000227::JVASP-39962,0.0,-0.00032250722870230675,-0.01272216808071469,-0.00032250722870230675,0.3666909337043762,False,1.0,True,0.00032250722870230675,0.00032250722870230675,1,0.9154649376869202,0.5,0.0,0.5278410315513611,0.4721589684486389,0.37449005246162415,0.5223116874694824,0.08999482542276382,0.013203440234065056,0.0,0.3701419234275818,0.5261615514755249,0.0946258082985878,0.00907069817185402,0.0
mbj_bandgap::test::000228::JVASP-100600,0.0,0.000925017986446619,-0.00030904642412197256,0.000925017986446619,0.38011786341667175,False,1.0,True,0.000925017986446619,0.000925017986446619,1,0.6720168590545654,0.6000000238418579,0.0,0.5214830636978149,0.47851690649986267,0.4796202778816223,0.3633127808570862,0.1250050961971283,0.0320618562400341,0.0,0.49268659949302673,0.37455812096595764,0.11086251586675644,0.02189285308122635,0.0
mbj_bandgap::test::000229::JVASP-40826,1.06,1.0083194971084595,0.874403153814231,0.874403153814231,0.49957430362701416,True,1.0,True,0.05168050289154058,0.1855968461857691,1,0.9701558351516724,0.699999988079071,0.0,0.5048850774765015,0.4951149523258209,0.247368723154068,0.4833349585533142,0.2520803213119507,0.017216041684150696,0.0,0.2533627152442932,0.5155714750289917,0.21268470585346222,0.01838112436234951,0.0
mbj_bandgap::test::000230::JVASP-41886,0.0,-1.0298084816895425e-05,-0.0020725025486437953,-1.0298084816895425e-05,0.3860677182674408,False,1.0,True,1.0298084816895425e-05,1.0298084816895425e-05,1,0.7348424196243286,0.5,0.0,0.5274823307991028,0.4725176692008972,0.5962336659431458,0.2947201132774353,0.07304225862026215,0.03600397706031799,0.0,0.6116676926612854,0.3073461651802063,0.05140428990125656,0.029581885784864426,0.0
mbj_bandgap::test::000231::JVASP-36765,0.0,0.00034566083922982216,-0.051297307733500074,0.00034566083922982216,0.41753333806991577,False,1.0,True,0.00034566083922982216,0.00034566083922982216,1,0.9669021964073181,0.6000000238418579,0.0,0.5685054659843445,0.43149447441101074,0.009238561615347862,0.9378799200057983,0.03687521442770958,0.01600627787411213,0.0,0.009523890912532806,0.940017580986023,0.034892670810222626,0.015565810725092888,0.0
mbj_bandgap::test::000232::JVASP-1582,4.417,4.202952861785889,4.016120150096619,4.016120150096619,0.5750330686569214,True,1.0,True,0.21404713821411114,0.4008798499033812,2,0.7193002700805664,0.6000000238418579,0.0,0.40054282546043396,0.5994572043418884,0.06456552445888519,0.8528075218200684,0.0770721286535263,0.005554843693971634,0.0,0.07919637113809586,0.8377760648727417,0.07774858176708221,0.005278989672660828,0.0
mbj_bandgap::test::000233::JVASP-12471,0.878,0.8681351542472839,1.020853435328394,1.020853435328394,0.5579276084899902,True,1.0,True,0.009864845752716067,0.142853435328394,2,0.9937243461608887,0.6000000238418579,0.0,0.45929232239723206,0.5407077074050903,0.01491944957524538,0.9492932558059692,0.02850189246237278,0.0072854808531701565,0.0,0.01274831872433424,0.9474684596061707,0.030557718127965927,0.009225484915077686,0.0
mbj_bandgap::test::000234::JVASP-40420,0.0,-0.0009695752523839474,-0.004027781514678442,-0.0009695752523839474,0.3706326186656952,False,1.0,True,0.0009695752523839474,0.0009695752523839474,1,0.8473451733589172,0.5,0.0,0.5016276836395264,0.49837231636047363,0.4615507125854492,0.40809178352355957,0.11992163956165314,0.010435860604047775,0.0,0.4993106722831726,0.40922874212265015,0.08223648369312286,0.009224099107086658,0.0
mbj_bandgap::test::000235::JVASP-53484,6.987,7.3727521896362305,7.65173103208325,7.65173103208325,0.6265609264373779,True,1.0,True,0.38575218963623037,0.6647310320832496,2,0.9985091686248779,0.6000000238418579,0.0,0.39997127652168274,0.6000288128852844,0.01808285340666771,0.8862980604171753,0.05204254388809204,0.04357660934329033,0.0,0.01699691452085972,0.8849150538444519,0.06143292784690857,0.03665505349636078,0.0
mbj_bandgap::test::000236::JVASP-74498,0.0,-0.0012143119238317013,-0.004085175728734791,-0.0012143119238317013,0.3767493665218353,False,1.0,True,0.0012143119238317013,0.0012143119238317013,1,0.833268940448761,0.6000000238418579,0.0,0.5269818902015686,0.4730181097984314,0.2917186915874481,0.4764764904975891,0.21804368495941162,0.013761160895228386,0.0,0.2815283536911011,0.4907608926296234,0.22053992748260498,0.007170772645622492,0.0
mbj_bandgap::test::000237::JVASP-12563,5.324,5.081894874572754,4.9127440330477015,4.9127440330477015,0.5737669467926025,True,1.0,True,0.24210512542724594,0.4112559669522984,2,0.8947013020515442,0.6000000238418579,0.0,0.4000157415866852,0.5999842882156372,0.022015158087015152,0.9168940782546997,0.029395436868071556,0.03169536590576172,0.0,0.014252605848014355,0.9452013969421387,0.0299094058573246,0.01063662488013506,0.0
mbj_bandgap::test::000238::JVASP-109855,0.0,-0.004649685230106115,-0.06985636452166806,-0.004649685230106115,0.4205142855644226,False,1.0,True,0.004649685230106115,0.004649685230106115,1,0.9890842437744141,0.6000000238418579,0.0,0.5975643396377563,0.40243563055992126,0.015053613111376762,0.9000811576843262,0.05573173612356186,0.02913343906402588,0.0,0.01995445415377617,0.897171676158905,0.05389552190899849,0.028978338465094566,0.0
mbj_bandgap::test::000239::JVASP-49993,2.08,2.1550395488739014,2.3955424952617483,2.3955424952617483,0.640784502029419,True,1.0,True,0.0750395488739013,0.31554249526174827,2,1.0,0.6000000238418579,0.0,0.42714256048202515,0.5728574395179749,0.011797377839684486,0.9133356809616089,0.04826321452856064,0.02660369873046875,0.0,0.008240306749939919,0.9069868326187134,0.05332271009683609,0.03145024925470352,0.0
mbj_bandgap::test::000240::JVASP-99962,1.36,2.3910610675811768,1.2278606516892139,1.2278606516892139,0.7461298704147339,True,1.0,True,1.0310610675811767,0.13213934831078622,2,1.0,0.6000000238418579,0.0,0.48812660574913025,0.5118734240531921,0.030258048325777054,0.8950568437576294,0.0694369375705719,0.005248271860182285,0.0,0.028641100972890854,0.8924058675765991,0.07649777084589005,0.00245517841540277,0.0
mbj_bandgap::test::000241::JVASP-86435,2.366,2.1505889892578125,2.743239624565728,2.743239624565728,0.7834932804107666,True,1.0,True,0.2154110107421876,0.3772396245657279,2,1.0,0.6000000238418579,0.0,0.43678298592567444,0.563217043876648,0.02142374962568283,0.8717159032821655,0.08975468575954437,0.01710568740963936,0.0,0.019260814413428307,0.8889848589897156,0.07338764518499374,0.018366629257798195,0.0
mbj_bandgap::test::000242::JVASP-28582,0.541,0.5972528457641602,0.6778519655817817,0.6778519655817817,0.4689174294471741,True,1.0,True,0.05625284576416012,0.1368519655817817,1,0.9556092023849487,0.5,0.0,0.5161295533180237,0.4838705062866211,0.09573474526405334,0.8617730140686035,0.029126256704330444,0.01336602307856083,0.0,0.09498756378889084,0.8585947751998901,0.034479644149541855,0.011938064359128475,0.0
mbj_bandgap::test::000243::JVASP-109432,2.969,4.2067551612854,3.6413197954252254,3.6413197954252254,0.6470045447349548,True,1.0,True,1.2377551612854005,0.6723197954252256,2,1.0,0.6000000238418579,0.0,0.40067774057388306,0.5993221998214722,0.012013139203190804,0.9216670989990234,0.0377073734998703,0.028612351045012474,0.0,0.009166798554360867,0.9259424209594727,0.04004305973649025,0.02484777942299843,0.0
mbj_bandgap::test::000244::JVASP-17214,0.0,0.04145880043506622,0.04019479607599552,0.04145880043506622,0.41974520683288574,False,1.0,True,0.04145880043506622,0.04145880043506622,1,0.23823115229606628,0.6000000238418579,0.0,0.5202401876449585,0.4797598421573639,0.4434226453304291,0.41448974609375,0.0964629054069519,0.045624732971191406,0.0,0.42747825384140015,0.4372940957546234,0.08950120210647583,0.04572640359401703,0.0
mbj_bandgap::test::000245::JVASP-110170,0.571,0.451291024684906,0.5117071054378075,0.5117071054378075,0.4796493351459503,True,1.0,True,0.11970897531509395,0.059292894562192444,1,0.8378643989562988,0.5,0.0,0.570363461971283,0.42963653802871704,0.08752666413784027,0.8575180172920227,0.030557697638869286,0.024397660046815872,0.0,0.09075324237346649,0.8587964773178101,0.027908315882086754,0.02254188060760498,0.0
mbj_bandgap::test::000246::JVASP-37005,0.0,-0.0002781613729894161,-0.047118533352383696,-0.0002781613729894161,0.3886118233203888,False,1.0,True,0.0002781613729894161,0.0002781613729894161,1,0.9865754246711731,0.6000000238418579,0.0,0.5823042988777161,0.41769570112228394,0.22637531161308289,0.308007150888443,0.44934359192848206,0.01627391204237938,0.0,0.22501841187477112,0.2545146048069,0.5071682333946228,0.013298717327415943,0.0
mbj_bandgap::test::000247::JVASP-67265,0.0,-5.2378964028321207e-05,-0.0063967080066858585,-5.2378964028321207e-05,0.384596586227417,False,1.0,True,5.2378964028321207e-05,5.2378964028321207e-05,1,0.7611556649208069,0.6000000238418579,0.0,0.5220280885696411,0.4779719412326813,0.4378760755062103,0.11505047976970673,0.4350818693637848,0.011991588398814201,0.0,0.39056044816970825,0.13130433857440948,0.47078996896743774,0.007345243357121944,0.0
mbj_bandgap::test::000248::JVASP-36284,0.962,1.5139387845993042,0.7289278551269328,0.7289278551269328,0.6660568118095398,True,1.0,True,0.5519387845993042,0.23307214487306716,1,1.0,0.6000000238418579,0.0,0.5598900318145752,0.4401099681854248,0.20951072871685028,0.670402467250824,0.07878085225820541,0.04130598157644272,0.0,0.23703399300575256,0.6740086674690247,0.05538900941610336,0.03356834128499031,0.0
mbj_bandgap::test::000249::JVASP-48497,2.086,2.392667293548584,2.461000149240676,2.461000149240676,0.5955966114997864,True,1.0,True,0.30666729354858413,0.37500014924067626,2,0.6612738966941833,0.6000000238418579,0.0,0.43670758605003357,0.563292384147644,0.04841402918100357,0.9079979062080383,0.028040289878845215,0.015547769144177437,0.0,0.03240310400724411,0.9200153350830078,0.03132188692688942,0.016259729862213135,0.0
mbj_bandgap::test::000250::JVASP-7845,3.094,3.32487154006958,3.2769865713786706,3.2769865713786706,0.5654029846191406,True,1.0,True,0.23087154006958022,0.1829865713786707,2,0.7230634689331055,0.6000000238418579,0.0,0.41671571135520935,0.583284318447113,0.06665121018886566,0.8924509882926941,0.007983280345797539,0.03291454538702965,0.0,0.06119146943092346,0.9052284359931946,0.007950075902044773,0.025630030781030655,0.0
mbj_bandgap::test::000251::JVASP-104927,0.0,0.4150591492652893,0.31628621651168803,0.4150591492652893,0.4410019814968109,False,1.0,True,0.4150591492652893,0.4150591492652893,2,1.0,0.6000000238418579,0.0,0.4811531603336334,0.518846869468689,0.23679447174072266,0.7035836577415466,0.0568038709461689,0.002817997708916664,0.0,0.2261800765991211,0.7167647480964661,0.05491353198885918,0.0021416288800537586,0.0
mbj_bandgap::test::000252::JVASP-29494,0.719,0.754859209060669,0.2831170887740825,0.2831170887740825,0.5830158591270447,True,1.0,True,0.03585920906066897,0.4358829112259175,1,1.0,0.6000000238418579,0.0,0.5275646448135376,0.47243532538414,0.013707397505640984,0.9607723951339722,0.02329820767045021,0.0022219615057110786,0.0,0.008614796213805676,0.9652844667434692,0.02353178896009922,0.002568896161392331,0.0
mbj_bandgap::test::000253::JVASP-64972,0.0,-0.0022076829336583614,-0.004041327563934294,-0.0022076829336583614,0.3861410617828369,False,1.0,True,0.0022076829336583614,0.0022076829336583614,1,0.5694631934165955,0.699999988079071,0.0,0.5142672657966614,0.4857327342033386,0.3864462077617645,0.2961030602455139,0.2613261938095093,0.05612453073263168,0.0,0.3855278491973877,0.2982470989227295,0.2626431882381439,0.05358186364173889,0.0
mbj_bandgap::test::000254::JVASP-101258,3.296,0.4513559937477112,2.558367890865548,2.558367890865548,0.9867128133773804,True,1.0,True,2.8446440062522886,0.7376321091344518,2,1.0,0.6000000238418579,0.0,0.44089823961257935,0.5591018199920654,0.014231273904442787,0.8863140344619751,0.0693482831120491,0.030106395483016968,0.0,0.01483334880322218,0.8956633806228638,0.061485350131988525,0.02801789902150631,0.0
mbj_bandgap::test::000255::JVASP-68552,0.0,0.001550628338009119,0.0005577892802585138,0.001550628338009119,0.42681941390037537,False,1.0,True,0.001550628338009119,0.001550628338009119,1,0.2211470752954483,0.699999988079071,0.0,0.533122181892395,0.46687784790992737,0.5062986612319946,0.3671282231807709,0.11247985064983368,0.014093218371272087,0.0,0.4793137013912201,0.398489773273468,0.11070983111858368,0.011486643925309181,0.0
mbj_bandgap::test::000256::JVASP-8369,1.776,2.5139243602752686,2.523074187136097,2.523074187136097,0.6105590462684631,True,1.0,True,0.7379243602752685,0.7470741871360971,2,0.09874692559242249,0.6000000238418579,0.0,0.43349021673202515,0.5665098428726196,0.013972079381346703,0.9631233215332031,0.014277631416916847,0.008626986294984818,0.0,0.014952669851481915,0.9616774320602417,0.012517452239990234,0.010852355509996414,0.0
mbj_bandgap::test::000257::JVASP-63459,4.008,3.7381768226623535,3.9042229175786156,3.9042229175786156,0.6187394857406616,True,1.0,True,0.2698231773376465,0.10377708242138439,2,0.9664757251739502,0.6000000238418579,0.0,0.4006112217903137,0.5993887782096863,0.028198564425110817,0.9324976205825806,0.0345371775329113,0.004766640719026327,0.0,0.02679050900042057,0.9360405206680298,0.03243507817387581,0.004733881913125515,0.0
mbj_bandgap::test::000258::JVASP-66565,0.689,1.602064847946167,0.5062065026072907,0.5062065026072906,0.7420223355293274,True,1.0,True,0.913064847946167,0.18279349739270934,2,1.0,0.699999988079071,0.0,0.4654136598110199,0.5345863103866577,0.29993635416030884,0.6592804193496704,0.036726728081703186,0.004056504461914301,0.0,0.30958491563796997,0.6497334241867065,0.03716736659407616,0.0035143233835697174,0.0
mbj_bandgap::test::000259::JVASP-115108,0.0,0.039815858006477356,0.025418849479188533,0.039815858006477356,0.42330387234687805,False,1.0,True,0.039815858006477356,0.039815858006477356,1,0.9015036821365356,0.6000000238418579,0.0,0.5766780972480774,0.4233219027519226,0.04299428313970566,0.9100241661071777,0.04074251279234886,0.006239029578864574,0.0,0.040188975632190704,0.9155145883560181,0.03828951343894005,0.006006964016705751,0.0
mbj_bandgap::test::000260::JVASP-36932,4.715,4.36606502532959,4.019680234431789,4.019680234431789,0.5920986533164978,True,1.0,True,0.34893497467041,0.6953197655682111,2,1.0,0.6000000238418579,0.0,0.40065065026283264,0.599349319934845,0.02378070540726185,0.8478705286979675,0.11722902208566666,0.01111969631165266,0.0,0.025358770042657852,0.8471279144287109,0.11540679633617401,0.012106509879231453,0.0
mbj_bandgap::test::000261::JVASP-5392,2.694,3.2035117149353027,3.346186640667303,3.346186640667303,0.6078154444694519,True,1.0,True,0.5095117149353028,0.6521866406673031,2,1.0,0.6000000238418579,0.0,0.4084981083869934,0.5915018320083618,0.014664570800960064,0.9363524317741394,0.0365142822265625,0.012468742206692696,0.0,0.016373999416828156,0.9322472810745239,0.04266929253935814,0.008709380403161049,0.0
mbj_bandgap::test::000262::JVASP-102127,0.0,0.0008190409280359745,-0.000958431949530203,0.0008190409280359745,0.37314990162849426,False,1.0,True,0.0008190409280359745,0.0008190409280359745,1,0.707500159740448,0.6000000238418579,0.0,0.5112844705581665,0.4887154996395111,0.46504300832748413,0.1669376790523529,0.3321705758571625,0.03584865480661392,0.0,0.416334331035614,0.19274945557117462,0.35749560594558716,0.03342059627175331,0.0
mbj_bandgap::test::000263::JVASP-54662,3.866,3.8951101303100586,3.783631664749818,3.783631664749818,0.5698698163032532,True,1.0,True,0.02911013031005849,0.08236833525018206,2,0.7324657440185547,0.6000000238418579,0.0,0.4011719226837158,0.5988280177116394,0.0295755323022604,0.8848482966423035,0.046256884932518005,0.03931919485330582,0.0,0.028442274779081345,0.8956682085990906,0.05204840749502182,0.023841161280870438,0.0
mbj_bandgap::test::000264::JVASP-1342,0.974,0.4607810378074646,0.3129238729763576,0.3129238729763576,0.4703443646430969,True,1.0,True,0.5132189621925354,0.6610761270236424,1,1.0,0.6000000238418579,0.0,0.5707938075065613,0.4292062222957611,0.04587894678115845,0.8602131605148315,0.07163958251476288,0.022268306463956833,0.0,0.04203876107931137,0.8939943313598633,0.04720314219594002,0.01676372066140175,0.0
mbj_bandgap::test::000265::JVASP-4921,0.0,0.0031660334207117558,-0.024244416876774012,0.0031660334207117558,0.3995065987110138,False,1.0,True,0.0031660334207117558,0.0031660334207117558,1,0.9402374625205994,0.6000000238418579,0.0,0.555629551410675,0.4443705081939697,0.044791389256715775,0.7079799175262451,0.16795191168785095,0.07927679270505905,0.0,0.048243068158626556,0.7401769757270813,0.12810392677783966,0.08347602188587189,0.0
mbj_bandgap::test::000266::JVASP-85696,6.038,6.598734378814697,6.701463840343986,6.701463840343986,0.5598052740097046,True,1.0,True,0.560734378814697,0.6634638403439856,2,0.9424304962158203,0.6000000238418579,0.0,0.39967817068099976,0.600321888923645,0.049183737486600876,0.9067224264144897,0.023777587339282036,0.020316231995821,0.0,0.05956404656171799,0.8951907157897949,0.027907755225896835,0.017337467521429062,0.0
mbj_bandgap::test::000267::JVASP-86884,0.777,0.7251147031784058,0.8612471800792395,0.8612471800792395,0.5327657461166382,True,1.0,True,0.05188529682159426,0.08424718007923948,2,0.9541216492652893,0.6000000238418579,0.0,0.4871382713317871,0.5128617286682129,0.04406815767288208,0.9189034700393677,0.029701078310608864,0.007327293511480093,0.0,0.04363906383514404,0.9195843935012817,0.03083403781056404,0.0059425667859613895,0.0
mbj_bandgap::test::000268::JVASP-35963,2.041,2.297952890396118,2.3548509399712483,2.3548509399712483,0.5832828283309937,True,1.0,True,0.25695289039611824,0.31385093997124835,2,0.6918311715126038,0.6000000238418579,0.0,0.4489367604255676,0.5510631799697876,0.02773011289536953,0.9028881192207336,0.028976023197174072,0.04040573909878731,0.0,0.029330024495720863,0.9056395292282104,0.021807217970490456,0.043223168700933456,0.0
mbj_bandgap::test::000269::JVASP-99847,0.0,-0.0006421073339879513,-0.0043672210213421495,-0.0006421073339879513,0.38746923208236694,False,1.0,True,0.0006421073339879513,0.0006421073339879513,1,0.5800804495811462,0.6000000238418579,0.0,0.5193706750869751,0.4806292951107025,0.30803602933883667,0.30674654245376587,0.3651459515094757,0.02007153257727623,0.0,0.34772831201553345,0.2970765233039856,0.34207043051719666,0.013124768622219563,0.0
mbj_bandgap::test::000270::JVASP-12665,3.542,2.918424606323242,3.8792522975178736,3.8792522975178736,0.8888285756111145,True,1.0,True,0.6235753936767576,0.3372522975178738,2,1.0,0.6000000238418579,0.0,0.41560012102127075,0.5843998789787292,0.025382021442055702,0.9318035244941711,0.02261156402528286,0.020202888175845146,0.0,0.01722719520330429,0.9381343722343445,0.024204539135098457,0.020433923229575157,0.0
mbj_bandgap::test::000271::JVASP-56716,0.0,0.0010740295983850956,-0.003906161286416965,0.0010740295983850956,0.37959012389183044,False,1.0,True,0.0010740295983850956,0.0010740295983850956,1,0.8173801898956299,0.6000000238418579,0.0,0.5113378167152405,0.4886622428894043,0.31576013565063477,0.25002413988113403,0.4119715690612793,0.022244127467274666,0.0,0.27571800351142883,0.22370894253253937,0.4786530137062073,0.021920040249824524,0.0
mbj_bandgap::test::000272::JVASP-1612,3.417,3.351834297180176,3.4135276393430067,3.4135276393430067,0.5863761901855469,True,1.0,True,0.06516570281982403,0.0034723606569930787,2,0.6250326037406921,0.6000000238418579,0.0,0.4069059491157532,0.5930941104888916,0.020572258159518242,0.9080427289009094,0.036893535405397415,0.03449159115552902,0.0,0.016835950314998627,0.9142200350761414,0.0327901616692543,0.036153875291347504,0.0
mbj_bandgap::test::000273::JVASP-69100,0.0,-0.00013272602518554777,-0.020608587537823242,-0.00013272602518554777,0.3640943467617035,False,1.0,True,0.00013272602518554777,0.00013272602518554777,1,1.0,0.5,0.0,0.560346245765686,0.4396537244319916,0.2183246612548828,0.6518608927726746,0.11651094257831573,0.013303525745868683,0.0,0.22888636589050293,0.6434454321861267,0.11619102954864502,0.011477207764983177,0.0
mbj_bandgap::test::000274::JVASP-36514,0.767,0.8747429251670837,0.8740226283146468,0.8740226283146468,0.5418516993522644,True,1.0,True,0.10774292516708373,0.10702262831464682,2,0.023751575499773026,0.6000000238418579,0.0,0.4463133215904236,0.5536867380142212,0.20318634808063507,0.6785876154899597,0.11072256416082382,0.007503468543291092,0.0,0.22237858176231384,0.6468096971511841,0.12434376776218414,0.0064679840579628944,0.0
mbj_bandgap::test::000275::JVASP-42484,0.0,-0.00512795289978385,-0.037737002644404896,-0.00512795289978385,0.38534194231033325,False,1.0,True,0.00512795289978385,0.00512795289978385,1,0.9564435482025146,0.5,0.0,0.5262929201126099,0.47370702028274536,0.0908748209476471,0.6315039992332458,0.2248142957687378,0.05280689522624016,0.0,0.08551730960607529,0.6807830929756165,0.19007176160812378,0.04362787306308746,0.0
mbj_bandgap::test::000276::JVASP-25069,0.0,0.0018990770913660526,-0.004069089374349533,0.0018990770913660526,0.3659960925579071,False,1.0,True,0.0018990770913660526,0.0018990770913660526,1,0.8801966905593872,0.5,0.0,0.5295127630233765,0.4704872965812683,0.3007403314113617,0.5027600526809692,0.17223265767097473,0.02426696941256523,0.0,0.32830268144607544,0.49603596329689026,0.15359504520893097,0.022066369652748108,0.0
mbj_bandgap::test::000277::JVASP-36805,0.522,0.5584093928337097,0.48813989749884285,0.48813989749884285,0.484735906124115,True,1.0,True,0.0364093928337097,0.033860102501157174,1,0.7096100449562073,0.5,0.0,0.5839838981628418,0.416016161441803,0.007908998988568783,0.9257792234420776,0.03532891348004341,0.03098279796540737,0.0,0.00719585781916976,0.918953537940979,0.03430336341261864,0.03954729810357094,0.0
mbj_bandgap::test::000278::JVASP-25775,3.699,3.8103349208831787,3.6187971391938563,3.6187971391938563,0.5771957039833069,True,1.0,True,0.11133492088317887,0.08020286080614358,2,1.0,0.6000000238418579,0.0,0.40241771936416626,0.5975822806358337,0.021128229796886444,0.9333721399307251,0.031983546912670135,0.013516105711460114,0.0,0.010493999347090721,0.9402927160263062,0.0328940786421299,0.01631923019886017,0.0
mbj_bandgap::test::000279::JVASP-9119,4.065,4.412208080291748,4.01864445340661,4.01864445340661,0.607936680316925,True,1.0,True,0.34720808029174766,0.04635554659339025,2,0.9957275986671448,0.6000000238418579,0.0,0.401599258184433,0.5984007120132446,0.01151822879910469,0.9675080180168152,0.01362497080117464,0.007348748855292797,0.0,0.0072694807313382626,0.9730955362319946,0.01243443414568901,0.007200595922768116,0.0
mbj_bandgap::test::000280::JVASP-66326,0.0,0.001732660923153162,-0.018358642191519437,0.001732660923153162,0.3542223870754242,False,1.0,True,0.001732660923153162,0.001732660923153162,1,1.0,0.6000000238418579,0.0,0.5446726083755493,0.45532742142677307,0.36081770062446594,0.4445565640926361,0.14678840339183807,0.04783734679222107,0.0,0.37711983919143677,0.4304109215736389,0.13748672604560852,0.05498247221112251,0.0
mbj_bandgap::test::000281::JVASP-111305,0.0,0.0007385746575891972,-0.0013697468432022132,0.0007385746575891972,0.4018291234970093,False,1.0,True,0.0007385746575891972,0.0007385746575891972,1,0.49092206358909607,0.699999988079071,0.0,0.5297393798828125,0.4702606201171875,0.49866876006126404,0.278952419757843,0.2022247314453125,0.020154079422354698,0.0,0.5005408525466919,0.28741902112960815,0.19370023906230927,0.018339917063713074,0.0
mbj_bandgap::test::000282::JVASP-45504,2.821,2.956874132156372,3.141011495701866,3.141011495701866,0.6018578410148621,True,1.0,True,0.1358741321563719,0.3200114957018658,2,1.0,0.6000000238418579,0.0,0.4131196141242981,0.5868803858757019,0.018738027662038803,0.8745148777961731,0.06239733099937439,0.044349852949380875,0.0,0.018355894833803177,0.8744224309921265,0.061153870075941086,0.0460677370429039,0.0
mbj_bandgap::test::000283::JVASP-106161,1.601,1.8205442428588867,1.8882098672253886,1.8882098672253886,0.5936776995658875,True,1.0,True,0.21954424285888674,0.28720986722538866,2,0.5261779427528381,0.5,0.0,0.45157065987586975,0.5484293103218079,0.04311352223157883,0.8944560885429382,0.060527168214321136,0.0019032612908631563,0.0,0.051632098853588104,0.8845330476760864,0.06156560033559799,0.00226924242451787,0.0
mbj_bandgap::test::000284::JVASP-15060,0.0,-0.0022670491598546505,-0.002536589213538054,-0.0022670491598546505,0.44445130228996277,False,1.0,True,0.0022670491598546505,0.0022670491598546505,1,0.177537739276886,0.699999988079071,0.0,0.5611034631729126,0.43889665603637695,0.1797717809677124,0.5653403401374817,0.21334461867809296,0.04154320806264877,0.0,0.19235290586948395,0.6314490437507629,0.13409841060638428,0.042099714279174805,0.0
mbj_bandgap::test::000285::JVASP-97739,0.0,-0.0014126761816442013,-0.003963829535988772,-0.0014126761816442013,0.3908889591693878,False,1.0,True,0.0014126761816442013,0.0014126761816442013,1,0.6048577427864075,0.6000000238418579,0.0,0.5162249207496643,0.4837750792503357,0.20771007239818573,0.5116681456565857,0.23135872185230255,0.04926297813653946,0.0,0.2179897576570511,0.5290405750274658,0.21597933769226074,0.036990344524383545,0.0
mbj_bandgap::test::000286::JVASP-69134,0.0,-0.0023378594778478146,-0.1636158227196527,-0.0023378594778478146,0.3976815938949585,False,1.0,True,0.0023378594778478146,0.0023378594778478146,1,1.0,0.699999988079071,0.0,0.5318375825881958,0.4681624472141266,0.3633457124233246,0.29195311665534973,0.31395697593688965,0.030744200572371483,0.0,0.41999807953834534,0.2705096900463104,0.28310707211494446,0.026385147124528885,0.0
mbj_bandgap::test::000287::JVASP-102670,0.0,-0.0005743964575231075,-0.0019119187170233642,-0.0005743964575231075,0.4120972454547882,False,1.0,True,0.0005743964575231075,0.0005743964575231075,1,0.4125499427318573,0.6000000238418579,0.0,0.535295844078064,0.4647041857242584,0.33990877866744995,0.4871691167354584,0.12775607407093048,0.04516603797674179,0.0,0.33924102783203125,0.5191031694412231,0.09402485191822052,0.0476309172809124,0.0
mbj_bandgap::test::000288::JVASP-100857,0.547,1.564610242843628,1.81981157899035,1.81981157899035,0.6523074507713318,True,1.0,True,1.0176102428436278,1.2728115789903498,2,0.9216442704200745,0.5,0.0,0.45374006032943726,0.5462599396705627,0.04573730379343033,0.9181283116340637,0.017627663910388947,0.01850670389831066,0.0,0.047876689583063126,0.9182512164115906,0.01703512668609619,0.01683701016008854,0.0
mbj_bandgap::test::000289::JVASP-1609,1.483,0.010577156208455563,1.680226413768758,1.680226413768758,0.9569523930549622,True,1.0,True,1.4724228437915445,0.19722641376875782,2,1.0,0.6000000238418579,0.0,0.4558396339416504,0.5441603660583496,0.009830010123550892,0.9489425420761108,0.02232135273516178,0.01890604756772518,0.0,0.009190352633595467,0.93548184633255,0.026350563392043114,0.02897723950445652,0.0
mbj_bandgap::test::000290::JVASP-1711,2.968,2.9956750869750977,2.970218273725831,2.970218273725831,0.5656213164329529,True,1.0,True,0.027675086975097685,0.0022182737258309437,2,0.5696399807929993,0.6000000238418579,0.0,0.4341232180595398,0.565876841545105,0.043923888355493546,0.8587616682052612,0.07290978729724884,0.02440464310348034,0.0,0.05193408206105232,0.8624931573867798,0.060235727578401566,0.025337114930152893,0.0
mbj_bandgap::test::000291::JVASP-8127,2.583,2.7559547424316406,2.7404271219225107,2.7404271219225107,0.592649519443512,True,1.0,True,0.17295474243164044,0.15742712192251052,2,0.30247876048088074,0.6000000238418579,0.0,0.4150727391242981,0.5849272608757019,0.02057488076388836,0.9637008905410767,0.013834980316460133,0.001889169798232615,0.0,0.018067728728055954,0.9656926393508911,0.013801781460642815,0.002437918446958065,0.0
mbj_bandgap::test::000292::JVASP-103686,0.0,1.5701266527175903,1.502470612990089,1.502470612990089,0.5236746072769165,True,1.0,True,1.5701266527175903,1.502470612990089,2,0.781851589679718,0.5,0.0,0.44784244894981384,0.5521575212478638,0.061483897268772125,0.29929324984550476,0.6233197450637817,0.015903089195489883,0.0,0.0708308070898056,0.3119705319404602,0.5955022573471069,0.021696433424949646,0.0
mbj_bandgap::test::000293::JVASP-30715,4.04,3.272810935974121,2.768658669860501,2.768658669860501,0.6269956231117249,True,1.0,True,0.7671890640258789,1.271341330139499,2,1.0,0.6000000238418579,0.0,0.4354889392852783,0.5645110607147217,0.019022924825549126,0.864475429058075,0.08088820427656174,0.03561343252658844,0.0,0.011336665600538254,0.8862018585205078,0.06979592889547348,0.03266555443406105,0.0
mbj_bandgap::test::000294::JVASP-66606,0.0,1.0283608436584473,0.7767005348293392,0.7767005348293392,0.5571504831314087,True,1.0,True,1.0283608436584473,0.7767005348293392,1,1.0,0.699999988079071,0.0,0.5925058126449585,0.4074941575527191,0.5002620816230774,0.4230710566043854,0.07091858237981796,0.005748271476477385,0.0,0.5698069334030151,0.3602065443992615,0.06559846550226212,0.004388078581541777,0.0
mbj_bandgap::test::000295::JVASP-20574,0.0,0.0005521313287317753,-0.012379134468372577,0.0005521313287317753,0.39793089032173157,False,1.0,True,0.0005521313287317753,0.0005521313287317753,1,1.0,0.699999988079071,0.0,0.5998903512954712,0.4001096785068512,0.1269053965806961,0.7211230397224426,0.09745413064956665,0.05451744794845581,0.0,0.14616946876049042,0.7375853657722473,0.06418192386627197,0.0520632341504097,0.0
mbj_bandgap::test::000296::JVASP-19888,0.0,0.0016932026483118534,0.0016018011462492377,0.0016932026483118534,0.4074745178222656,False,1.0,True,0.0016932026483118534,0.0016932026483118534,1,0.0690731629729271,0.5,0.0,0.5124252438545227,0.4875747561454773,0.4054871201515198,0.22863154113292694,0.3533683717250824,0.012512972578406334,0.0,0.4308021068572998,0.2610704302787781,0.2989875376224518,0.009139960631728172,0.0
mbj_bandgap::test::000297::JVASP-53414,4.417,5.175492763519287,5.340347930014547,5.340347930014547,0.5972091555595398,True,1.0,True,0.7584927635192873,0.9233479300145468,2,0.9167889356613159,0.6000000238418579,0.0,0.40006035566329956,0.5999395847320557,0.021321246400475502,0.9020879864692688,0.05961458757519722,0.0169761274009943,0.0,0.02609626017510891,0.8997752070426941,0.05663939565420151,0.017489071935415268,0.0
mbj_bandgap::test::000298::JVASP-62724,7.494,7.365204811096191,7.259708046136067,7.259708046136067,0.558860719203949,True,1.0,True,0.12879518890380837,0.23429195386393253,2,0.3523338735103607,0.6000000238418579,0.0,0.3999582827091217,0.6000417470932007,0.02162792533636093,0.8792214393615723,0.05056231468915939,0.048588287085294724,0.0,0.018060648813843727,0.8837984800338745,0.05783380940556526,0.04030701518058777,0.0
mbj_bandgap::test::000299::JVASP-38216,0.0,-0.00220291456207633,-0.016409542116736665,-0.00220291456207633,0.36122575402259827,False,1.0,True,0.00220291456207633,0.00220291456207633,1,0.9956069588661194,0.5,0.0,0.587622344493866,0.41237765550613403,0.25516337156295776,0.5560877919197083,0.17566615343093872,0.013082660734653473,0.0,0.24986155331134796,0.5494457483291626,0.18842807412147522,0.012264563702046871,0.0
mbj_bandgap::test::000300::JVASP-8723,0.0,0.0001434818987036124,-0.003512230850246212,0.0001434818987036124,0.3701636791229248,False,1.0,True,0.0001434818987036124,0.0001434818987036124,1,0.7897512912750244,0.6000000238418579,0.0,0.5131292343139648,0.48687082529067993,0.30889883637428284,0.5064011216163635,0.17996221780776978,0.004737797658890486,0.0,0.33570781350135803,0.4741455614566803,0.1861800104379654,0.003966696094721556,0.0
mbj_bandgap::test::000301::JVASP-67927,0.0,0.0018741623498499393,-0.0014004279336630398,0.0018741623498499393,0.39176133275032043,False,1.0,True,0.0018741623498499393,0.0018741623498499393,1,0.6306596994400024,0.6000000238418579,0.0,0.5309735536575317,0.4690264165401459,0.5587586760520935,0.31467205286026,0.11244974285364151,0.014119483530521393,0.0,0.5567512512207031,0.344151109457016,0.08648522198200226,0.01261244434863329,0.0
mbj_bandgap::test::000302::JVASP-14240,0.0,0.0006154314614832401,-0.0029459017041119527,0.0006154314614832401,0.38991448283195496,False,1.0,True,0.0006154314614832401,0.0006154314614832401,1,0.7824717164039612,0.6000000238418579,0.0,0.5387400388717651,0.4612599313259125,0.2921055853366852,0.562455415725708,0.08132760971784592,0.06411132961511612,0.0,0.28311973810195923,0.5872699618339539,0.07930732518434525,0.05030297487974167,0.0
mbj_bandgap::test::000303::JVASP-99413,1.301,2.2858941555023193,0.968075188149893,0.968075188149893,0.772607147693634,True,1.0,True,0.9848941555023194,0.3329248118501069,2,1.0,0.5,0.0,0.4791887402534485,0.5208112597465515,0.01652037352323532,0.901334285736084,0.05074412748217583,0.03140120953321457,0.0,0.02355935052037239,0.899244487285614,0.046628184616565704,0.030568014830350876,0.0
mbj_bandgap::test::000304::JVASP-25109,2.892,3.5630669593811035,3.024721820402894,3.024721820402894,0.6276207566261292,True,1.0,True,0.6710669593811036,0.13272182040289415,2,0.9898713231086731,0.6000000238418579,0.0,0.4028066098690033,0.5971933603286743,0.011980410665273666,0.9298921823501587,0.04264317452907562,0.015484213829040527,0.0,0.007823002524673939,0.9189001321792603,0.05695290118455887,0.01632397249341011,0.0
mbj_bandgap::test::000305::JVASP-22944,4.574,3.956763744354248,4.029853211487112,4.029853211487112,0.5969581604003906,True,1.0,True,0.6172362556457518,0.5441467885128874,2,0.5915400385856628,0.6000000238418579,0.0,0.4001557230949402,0.5998442769050598,0.026422714814543724,0.9430562853813171,0.025521036237478256,0.005000042263418436,0.0,0.027487849816679955,0.9422221183776855,0.02490626834332943,0.005383735056966543,0.0
mbj_bandgap::test::000306::JVASP-106616,0.0,0.00038905302062630653,-0.015614769568447517,0.00038905302062630653,0.36582937836647034,False,1.0,True,0.00038905302062630653,0.00038905302062630653,1,0.9442894458770752,0.699999988079071,0.0,0.5245220065116882,0.47547799348831177,0.36615294218063354,0.4222584664821625,0.18311655521392822,0.028471995145082474,0.0,0.3610199987888336,0.4368688464164734,0.18092457950115204,0.021186545491218567,0.0
mbj_bandgap::test::000307::JVASP-52825,5.222,5.441998481750488,5.602246276325966,5.602246276325966,0.6050182580947876,True,1.0,True,0.21999848175048786,0.3802462763259653,2,0.9576811194419861,0.6000000238418579,0.0,0.4000476002693176,0.5999523997306824,0.008945775218307972,0.9478656053543091,0.02386447601020336,0.01932421326637268,0.0,0.006246011704206467,0.9555734395980835,0.023798039183020592,0.014382545836269855,0.0
mbj_bandgap::test::000308::JVASP-3726,4.238,4.065579891204834,4.553128769312419,4.553128769312419,0.7456924915313721,True,1.0,True,0.17242010879516645,0.31512876931241873,2,1.0,0.6000000238418579,0.0,0.40127819776535034,0.5987218022346497,0.056761134415864944,0.8675202131271362,0.06556202471256256,0.010156627744436264,0.0,0.05794624611735344,0.8676736950874329,0.06722922623157501,0.007150867488235235,0.0
mbj_bandgap::test::000309::JVASP-117651,1.189,1.2485159635543823,1.3573647473715948,1.3573647473715948,0.5981019735336304,True,1.0,True,0.05951596355438227,0.1683647473715948,2,0.7808349132537842,0.6000000238418579,0.0,0.4553430676460266,0.5446569323539734,0.04766102507710457,0.9294489026069641,0.018988866358995438,0.0039012308698147535,0.0,0.03708047419786453,0.9398974180221558,0.019022025167942047,0.003999997396022081,0.0
mbj_bandgap::test::000310::JVASP-79239,0.0,-0.0005612834356725216,-0.0008824653805090011,-0.0005612834356725216,0.41316354274749756,False,1.0,True,0.0005612834356725216,0.0005612834356725216,1,0.13455712795257568,0.699999988079071,0.0,0.5124632120132446,0.487536758184433,0.44833025336265564,0.308471143245697,0.23487921059131622,0.008319398388266563,0.0,0.3984493017196655,0.3157355487346649,0.2791709899902344,0.006644122302532196,0.0
mbj_bandgap::test::000311::JVASP-68386,0.0,0.0009905830956995487,-0.006494065909370517,0.0009905830956995487,0.3624778389930725,False,1.0,True,0.0009905830956995487,0.0009905830956995487,1,0.9858037233352661,0.6000000238418579,0.0,0.518496036529541,0.481503963470459,0.43477916717529297,0.2695058584213257,0.22524142265319824,0.07047353684902191,0.0,0.4835342764854431,0.23979893326759338,0.20627669990062714,0.07039006799459457,0.0
mbj_bandgap::test::000312::JVASP-24299,1.022,0.3165239691734314,0.338294313493014,0.338294313493014,0.46777379512786865,True,1.0,True,0.7054760308265686,0.683705686506986,1,0.5024535059928894,0.5,0.0,0.5199998617172241,0.4800001084804535,0.010548068210482597,0.9387195706367493,0.035520851612091064,0.015211494639515877,0.0,0.008952375501394272,0.9366326332092285,0.03596321493387222,0.018451783806085587,0.0
mbj_bandgap::test::000313::JVASP-36273,0.0,0.002053572330623865,0.00023263929382355553,0.002053572330623865,0.40760165452957153,False,1.0,True,0.002053572330623865,0.002053572330623865,1,0.3632311522960663,0.6000000238418579,0.0,0.5252500772476196,0.47474998235702515,0.3547009825706482,0.23327390849590302,0.40776166319847107,0.004263424780219793,0.0,0.35214734077453613,0.22397446632385254,0.42073479294776917,0.003143376437947154,0.0
mbj_bandgap::test::000314::JVASP-13963,5.446,5.649877548217773,5.837518972547146,5.837518972547146,0.5853486061096191,True,1.0,True,0.2038775482177737,0.3915189725471464,2,0.9544491171836853,0.6000000238418579,0.0,0.4000329077243805,0.5999671220779419,0.02814418449997902,0.8136305809020996,0.12181057780981064,0.03641464561223984,0.0,0.03184334933757782,0.8309252858161926,0.10781552642583847,0.02941591665148735,0.0
mbj_bandgap::test::000315::JVASP-38840,3.32,2.687776803970337,2.625460975196419,2.625460975196419,0.5287941098213196,True,1.0,True,0.6322231960296629,0.6945390248035808,2,0.7792523503303528,0.5,0.0,0.45436161756515503,0.5456383228302002,0.04940124228596687,0.714335560798645,0.2071571797132492,0.02910603955388069,0.0,0.03740745037794113,0.751421332359314,0.17737501859664917,0.033796247094869614,0.0
mbj_bandgap::test::000316::JVASP-70273,0.0,0.0013999477960169315,-0.007406000693977832,0.0013999477960169315,0.36153754591941833,False,1.0,True,0.0013999477960169315,0.0013999477960169315,1,0.7924544215202332,0.5,0.0,0.5245085954666138,0.47549137473106384,0.40148621797561646,0.3692745864391327,0.21091222763061523,0.01832701452076435,0.0,0.40059971809387207,0.37020960450172424,0.21309666335582733,0.0160940233618021,0.0
mbj_bandgap::test::000317::JVASP-67617,0.0,0.0007038847543299198,-0.00038669344305619635,0.0007038847543299198,0.3900390863418579,False,1.0,True,0.0007038847543299198,0.0007038847543299198,1,0.615412712097168,0.6000000238418579,0.0,0.5125661492347717,0.48743385076522827,0.5430586338043213,0.1990222930908203,0.22907957434654236,0.02883954346179962,0.0,0.5505824089050293,0.21800264716148376,0.20947246253490448,0.021942492574453354,0.0
mbj_bandgap::test::000318::JVASP-108927,2.992,3.226794719696045,2.951058262648728,2.951058262648728,0.5960003733634949,True,1.0,True,0.23479471969604493,0.040941737351272156,2,1.0,0.6000000238418579,0.0,0.4075371325016022,0.5924628376960754,0.030080262571573257,0.939285397529602,0.02926882542669773,0.0013654622016474605,0.0,0.030033838003873825,0.9397314786911011,0.028793614357709885,0.0014410680159926414,0.0
mbj_bandgap::test::000319::JVASP-29604,3.367,3.3977675437927246,3.3033860291509027,3.3033860291509027,0.5574039816856384,True,1.0,True,0.030767543792724616,0.06361397084909726,2,0.9413502216339111,0.6000000238418579,0.0,0.416520893573761,0.583479106426239,0.01787189580500126,0.9087556004524231,0.06598328799009323,0.007389227394014597,0.0,0.01700526848435402,0.9114426374435425,0.06249300763010979,0.009059065021574497,0.0
mbj_bandgap::test::000320::JVASP-41510,0.0,0.00092668691650033,-0.0028828843276412774,0.00092668691650033,0.36669158935546875,False,1.0,True,0.00092668691650033,0.00092668691650033,1,0.755431056022644,0.6000000238418579,0.0,0.5287595391273499,0.47124043107032776,0.35398250818252563,0.38788551092147827,0.2401023805141449,0.018029561266303062,0.0,0.3471364378929138,0.40943068265914917,0.22694575786590576,0.016487140208482742,0.0
mbj_bandgap::test::000321::JVASP-36771,1.747,1.6173301935195923,1.8931768001160059,1.8931768001160059,0.6795673966407776,True,1.0,True,0.12966980648040782,0.14617680011600576,2,1.0,0.6000000238418579,0.0,0.4506971836090088,0.549302875995636,0.008307266980409622,0.9600537419319153,0.024784965440630913,0.0068540191277861595,0.0,0.005879313684999943,0.9644721746444702,0.02279692515730858,0.006851603742688894,0.0
mbj_bandgap::test::000322::JVASP-25134,0.0,0.0028060213662683964,0.0012682360480584798,0.0028060213662683964,0.3884841501712799,False,1.0,True,0.0028060213662683964,0.0028060213662683964,1,0.6512250304222107,0.6000000238418579,0.0,0.5202028751373291,0.4797971248626709,0.5201570987701416,0.2900274395942688,0.15404608845710754,0.03576941043138504,0.0,0.4936509132385254,0.31148260831832886,0.15185675024986267,0.04300971329212189,0.0
mbj_bandgap::test::000323::JVASP-23037,2.655,2.7604117393493652,2.741107401113303,2.741107401113303,0.6040025353431702,True,1.0,True,0.10541173934936543,0.08610740111330317,2,0.20250558853149414,0.6000000238418579,0.0,0.42445945739746094,0.5755406618118286,0.02261359803378582,0.943780779838562,0.028766771778464317,0.004838848486542702,0.0,0.02293422631919384,0.9459049105644226,0.025410760194063187,0.0057500205002725124,0.0
mbj_bandgap::test::000324::JVASP-35768,0.0,-0.001163290347903967,-0.003384183102867122,-0.001163290347903967,0.3781263530254364,False,1.0,True,0.001163290347903967,0.001163290347903967,1,0.8507656455039978,0.6000000238418579,0.0,0.5312764048576355,0.4687235951423645,0.37846601009368896,0.46508151292800903,0.13005103170871735,0.026401448994874954,0.0,0.33334678411483765,0.5085412263870239,0.13717706501483917,0.020934879779815674,0.0
mbj_bandgap::test::000325::JVASP-8766,1.41,1.7887778282165527,1.853237651654074,1.853237651654074,0.5570483803749084,True,1.0,True,0.3787778282165528,0.44323765165407414,2,0.855431079864502,0.6000000238418579,0.0,0.45191940665245056,0.548080563545227,0.031308613717556,0.8435570597648621,0.09442586451768875,0.030708488076925278,0.0,0.0390973761677742,0.8309118151664734,0.09545421600341797,0.03453654423356056,0.0
mbj_bandgap::test::000326::JVASP-29869,7.458,7.492642879486084,7.451867393651652,7.451867393651652,0.5419759154319763,True,1.0,True,0.0346428794860838,0.006132606348348446,2,0.2755940556526184,0.6000000238418579,0.0,0.39850786328315735,0.6014920473098755,0.028103988617658615,0.8313643336296082,0.06989364326000214,0.07063797861337662,0.0,0.026874860748648643,0.8274097442626953,0.0771319642663002,0.06858344376087189,0.0
mbj_bandgap::test::000327::JVASP-113751,0.0,0.9710772037506104,0.1364655216567589,0.13646552165675896,0.6760820150375366,True,1.0,True,0.9710772037506104,0.13646552165675896,2,1.0,0.800000011920929,0.0,0.49725931882858276,0.5027406811714172,0.023662148043513298,0.8789833188056946,0.06946134567260742,0.02789320982992649,0.0,0.01986272633075714,0.8964077830314636,0.06438486278057098,0.019344571977853775,0.0
mbj_bandgap::test::000328::JVASP-58923,3.403,3.626573324203491,3.5888383769384276,3.5888383769384276,0.5846569538116455,True,1.0,True,0.22357332420349119,0.18583837693842753,2,0.4198313057422638,0.6000000238418579,0.0,0.40169277787208557,0.5983072519302368,0.02740025892853737,0.926233172416687,0.044753946363925934,0.0016126185655593872,0.0,0.024971853941679,0.9290422201156616,0.044255491346120834,0.0017304199282079935,0.0
mbj_bandgap::test::000329::JVASP-120380,0.0,-0.004120395984500647,-0.07406628230945674,-0.004120395984500647,0.38376784324645996,False,1.0,True,0.004120395984500647,0.004120395984500647,1,1.0,0.6000000238418579,0.0,0.5834723711013794,0.4165275990962982,0.26010310649871826,0.5746490955352783,0.1488805115222931,0.016367308795452118,0.0,0.28324398398399353,0.5602025985717773,0.14396360516548157,0.012589842081069946,0.0
mbj_bandgap::test::000330::JVASP-22690,2.471,2.731424570083618,3.1013986290596036,3.1013986290596036,0.7290215492248535,True,1.0,True,0.2604245700836181,0.6303986290596035,2,1.0,0.6000000238418579,0.0,0.4097535014152527,0.5902464985847473,0.01351487822830677,0.9582986831665039,0.010075869970023632,0.018110651522874832,0.0,0.007541255559772253,0.9729571342468262,0.011169923469424248,0.008331624791026115,0.0
mbj_bandgap::test::000331::JVASP-8395,3.171,3.176274061203003,3.2708818765870915,3.2708818765870915,0.5945429801940918,True,1.0,True,0.005274061203003111,0.09988187658709169,2,0.8235012292861938,0.6000000238418579,0.0,0.4067685604095459,0.5932314395904541,0.01468957681208849,0.9445008039474487,0.023198936134576797,0.017610568553209305,0.0,0.009533168748021126,0.9395898580551147,0.025875642895698547,0.02500133588910103,0.0
mbj_bandgap::test::000332::JVASP-29816,0.0,0.014108969829976559,-0.1306087248639086,0.014108969829976559,0.40431588888168335,False,1.0,True,0.014108969829976559,0.014108969829976559,1,1.0,0.5,0.0,0.5168005228042603,0.48319950699806213,0.02018648386001587,0.7532524466514587,0.208505317568779,0.01805569790303707,0.0,0.012609804049134254,0.7386347055435181,0.2354423999786377,0.013313202187418938,0.0
mbj_bandgap::test::000333::JVASP-50058,7.302,7.517136096954346,7.572146881010812,7.572146881010812,0.5576744079589844,True,1.0,True,0.2151360969543461,0.2701468810108123,2,0.3290303945541382,0.6000000238418579,0.0,0.39992836117744446,0.6000716090202332,0.02898050844669342,0.8681963086128235,0.0766696184873581,0.02615363337099552,0.0,0.023530296981334686,0.8758713006973267,0.07450225949287415,0.026096085086464882,0.0
mbj_bandgap::test::000334::JVASP-18945,0.0,-0.009759710170328617,-0.06596104472808648,-0.009759710170328617,0.4059566557407379,False,1.0,True,0.009759710170328617,0.009759710170328617,1,0.9685317277908325,0.699999988079071,0.0,0.5268732309341431,0.4731267988681793,0.13489484786987305,0.6884778141975403,0.1315464973449707,0.04508085548877716,0.0,0.14244168996810913,0.7190456986427307,0.08987689018249512,0.048635728657245636,0.0
mbj_bandgap::test::000335::JVASP-20089,0.0,0.00020618598500732332,0.0009835646900409945,0.00020618598500732332,0.3923128843307495,False,1.0,True,0.00020618598500732332,0.00020618598500732332,1,0.38270387053489685,0.5,0.0,0.5163683295249939,0.48363161087036133,0.2862803339958191,0.25207021832466125,0.41888585686683655,0.04276363179087639,0.0,0.3621031641960144,0.2512759566307068,0.3547191023826599,0.03190173581242561,0.0
mbj_bandgap::test::000336::JVASP-25064,0.0,-8.587677439209074e-05,-0.003256374258700623,-8.587677439209074e-05,0.36073189973831177,False,1.0,True,8.587677439209074e-05,8.587677439209074e-05,1,0.9553934335708618,0.6000000238418579,0.0,0.5217530131340027,0.47824692726135254,0.39994850754737854,0.30393749475479126,0.26566556096076965,0.030448466539382935,0.0,0.42817917466163635,0.2854840159416199,0.2559385299682617,0.030398225411772728,0.0
mbj_bandgap::test::000337::JVASP-41794,0.0,-0.0006531937979161739,-0.0012698099678321029,-0.0006531937979161739,0.42524707317352295,False,1.0,True,0.0006531937979161739,0.0006531937979161739,1,0.16551803052425385,0.5,0.0,0.5166362524032593,0.48336371779441833,0.6781867742538452,0.24780984222888947,0.05675671249628067,0.017246654257178307,0.0,0.6764431595802307,0.2597751021385193,0.04903857037425041,0.014743229374289513,0.0
mbj_bandgap::test::000338::JVASP-25360,0.0,-2.984840830322355e-05,-0.004360420445037172,-2.984840830322355e-05,0.3666127920150757,False,1.0,True,2.984840830322355e-05,2.984840830322355e-05,1,0.8693146109580994,0.6000000238418579,0.0,0.5140639543533325,0.48593607544898987,0.3823845684528351,0.2516641318798065,0.33339691162109375,0.032554466277360916,0.0,0.37403956055641174,0.25808435678482056,0.3418464660644531,0.02602960728108883,0.0
mbj_bandgap::test::000339::JVASP-25324,0.0,0.0006209150888025761,-0.006843517820672806,0.0006209150888025761,0.3609136641025543,False,1.0,True,0.0006209150888025761,0.0006209150888025761,1,0.9070878028869629,0.6000000238418579,0.0,0.5307442545890808,0.4692557454109192,0.33623749017715454,0.4168877601623535,0.23636285960674286,0.01051189936697483,0.0,0.3198204040527344,0.43446311354637146,0.23577436804771423,0.009942103177309036,0.0
mbj_bandgap::test::000340::JVASP-39243,0.0,0.0018916861154139042,0.44639604076726885,0.44639604076726885,0.5798142552375793,True,1.0,True,0.0018916861154139042,0.44639604076726885,2,0.9962983727455139,0.5,0.0,0.4809722304344177,0.5190277695655823,0.10947863012552261,0.8405923843383789,0.027439400553703308,0.022489620372653008,0.0,0.12030812352895737,0.8315027952194214,0.026421600952744484,0.021767480298876762,0.0
mbj_bandgap::test::000341::JVASP-17897,0.0,-0.00965492520481348,-0.07373086078926816,-0.00965492520481348,0.39549094438552856,False,1.0,True,0.00965492520481348,0.00965492520481348,1,0.9929963946342468,0.5,0.0,0.5472810864448547,0.45271891355514526,0.012420461513102055,0.860331654548645,0.0819077342748642,0.045340195298194885,0.0,0.012670179829001427,0.877555251121521,0.07258592545986176,0.03718859702348709,0.0
mbj_bandgap::test::000342::JVASP-118369,0.0,-0.0034610494039952755,-0.05900011498209554,-0.0034610494039952755,0.38949283957481384,False,1.0,True,0.0034610494039952755,0.0034610494039952755,1,1.0,0.6000000238418579,0.0,0.585726797580719,0.414273202419281,0.37968894839286804,0.595104992389679,0.01979811117053032,0.00540793314576149,0.0,0.43473178148269653,0.5447815656661987,0.01646268554031849,0.004024082329124212,0.0
mbj_bandgap::test::000343::JVASP-114883,0.0,-0.0030212863348424435,-0.0848542090980193,-0.0030212863348424435,0.37300872802734375,False,1.0,True,0.0030212863348424435,0.0030212863348424435,1,0.9933440685272217,0.5,0.0,0.5886059999465942,0.41139402985572815,0.2808079719543457,0.4516468644142151,0.24911026656627655,0.01843489333987236,0.0,0.3095993101596832,0.4568929672241211,0.2191387116909027,0.014369016513228416,0.0
mbj_bandgap::test::000344::JVASP-3273,1.534,1.656057596206665,0.8111189684388682,0.8111189684388682,0.6995209455490112,True,1.0,True,0.12205759620666501,0.7228810315611318,2,1.0,0.6000000238418579,0.0,0.4338815212249756,0.5661184787750244,0.13977637887001038,0.8265713453292847,0.03165242820978165,0.0019998783245682716,0.0,0.14139094948768616,0.8281111717224121,0.028348108753561974,0.0021497653797268867,0.0
mbj_bandgap::test::000345::JVASP-36446,1.633,1.4321057796478271,1.4361813778112842,1.4361813778112842,0.6158013939857483,True,1.0,True,0.20089422035217286,0.19681862218871582,2,0.022168263792991638,0.6000000238418579,0.0,0.43873414397239685,0.5612658262252808,0.007571657653898001,0.973589301109314,0.014033319428563118,0.004805698990821838,0.0,0.005210025701671839,0.9792914390563965,0.012005416676402092,0.0034930496476590633,0.0
mbj_bandgap::test::000346::JVASP-59666,0.0,-0.0016612275503575802,-0.009391846281728511,-0.0016612275503575802,0.3784574568271637,False,1.0,True,0.0016612275503575802,0.0016612275503575802,1,0.9409934878349304,0.6000000238418579,0.0,0.5602569580078125,0.4397429823875427,0.30234524607658386,0.5944421291351318,0.0830305963754654,0.020182045176625252,0.0,0.3153865337371826,0.5962281227111816,0.06994443386793137,0.018440891057252884,0.0
mbj_bandgap::test::000347::JVASP-96735,6.54,6.546045303344727,6.479978622084995,6.479978622084995,0.534667432308197,True,1.0,True,0.006045303344726527,0.06002137791500495,2,0.5887545943260193,0.6000000238418579,0.0,0.3999943435192108,0.6000056266784668,0.03948623314499855,0.8426476716995239,0.1001700907945633,0.01769602857530117,0.0,0.033839065581560135,0.8395835161209106,0.10957523435354233,0.017002183943986893,0.0
mbj_bandgap::test::000348::JVASP-54605,2.428,2.325528621673584,2.375502360674277,2.375502360674277,0.5785567760467529,True,1.0,True,0.10247137832641595,0.05249763932572282,2,0.7683916687965393,0.6000000238418579,0.0,0.44177380204200745,0.5582262277603149,0.009923281148076057,0.9501484632492065,0.033699292689561844,0.006228893529623747,0.0,0.007736437022686005,0.9510977864265442,0.03307744488120079,0.008088313043117523,0.0
mbj_bandgap::test::000349::JVASP-47210,4.198,4.454237937927246,4.499724890302507,4.499724890302507,0.5777105093002319,True,1.0,True,0.2562379379272457,0.3017248903025065,2,0.5434053540229797,0.6000000238418579,0.0,0.40265756845474243,0.5973424911499023,0.02466585673391819,0.859200656414032,0.10979829728603363,0.006335134152323008,0.0,0.026933595538139343,0.8699427843093872,0.09611304104328156,0.0070106154307723045,0.0
mbj_bandgap::test::000350::JVASP-11423,1.177,1.658547043800354,1.616839051741439,1.616839051741439,0.5677551031112671,True,1.0,True,0.48154704380035396,0.439839051741439,2,0.6540815234184265,0.6000000238418579,0.0,0.4349766671657562,0.5650233030319214,0.062394995242357254,0.8292851448059082,0.07483147829771042,0.03348836675286293,0.0,0.07498766481876373,0.8096576929092407,0.06916000694036484,0.046194564551115036,0.0
mbj_bandgap::test::000351::JVASP-102273,0.0,0.0001859204057836905,-0.010728791636853807,0.0001859204057836905,0.3609806001186371,False,1.0,True,0.0001859204057836905,0.0001859204057836905,1,0.9576595425605774,0.5,0.0,0.5303257703781128,0.4696742594242096,0.41543489694595337,0.36974209547042847,0.18643870949745178,0.02838430367410183,0.0,0.44733548164367676,0.3571746349334717,0.17496465146541595,0.020525168627500534,0.0
mbj_bandgap::test::000352::JVASP-61992,0.0,0.00029916921630501747,-0.0006983320887467892,0.00029916921630501747,0.4020828902721405,False,1.0,True,0.00029916921630501747,0.00029916921630501747,1,0.48805758357048035,0.5,0.0,0.5125750303268433,0.4874249994754791,0.6488509774208069,0.24283555150032043,0.049592502415180206,0.05872093513607979,0.0,0.6742182374000549,0.24668756127357483,0.04912377521395683,0.029970426112413406,0.0
mbj_bandgap::test::000353::JVASP-10187,2.706,2.0930469036102295,2.1412026691184365,2.1412026691184365,0.5771023631095886,True,1.0,True,0.6129530963897705,0.5647973308815635,2,0.5947506427764893,0.6000000238418579,0.0,0.44496241211891174,0.5550376176834106,0.010188937187194824,0.8498942255973816,0.134494811296463,0.005422011483460665,0.0,0.008506772108376026,0.8596639633178711,0.12595058977603912,0.005878719501197338,0.0
mbj_bandgap::test::000354::JVASP-37124,1.735,0.9624421000480652,1.6481462694367603,1.6481462694367603,0.7874585390090942,True,1.0,True,0.7725578999519349,0.08685373056323975,2,1.0,0.6000000238418579,0.0,0.4477570652961731,0.5522429347038269,0.0686541423201561,0.8869403004646301,0.036938928067684174,0.007466595619916916,0.0,0.08162510395050049,0.8674612045288086,0.04292045161128044,0.007993195205926895,0.0
mbj_bandgap::test::000355::JVASP-57345,3.6,3.5923540592193604,3.7437897712719312,3.7437897712719312,0.5960763692855835,True,1.0,True,0.007645940780639737,0.14378977127193115,2,1.0,0.6000000238418579,0.0,0.4028418958187103,0.5971581339836121,0.015489178709685802,0.8733701705932617,0.09565149247646332,0.0154892448335886,0.0,0.013514570891857147,0.8822331428527832,0.09175166487693787,0.012500680983066559,0.0
mbj_bandgap::test::000356::JVASP-7770,6.132,6.207393646240234,6.220550564322543,6.220550564322543,0.5547145009040833,True,1.0,True,0.0753936462402347,0.08855056432254305,2,0.22446691989898682,0.6000000238418579,0.0,0.40001171827316284,0.5999882817268372,0.02896219864487648,0.8670707941055298,0.08397795259952545,0.0199891384691,0.0,0.028408760204911232,0.8798111081123352,0.07387609779834747,0.01790407858788967,0.0
mbj_bandgap::test::000357::JVASP-28393,2.28,1.6617096662521362,1.0824644562997285,1.0824644562997285,0.6717569828033447,True,1.0,True,0.6182903337478636,1.1975355437002713,2,1.0,0.6000000238418579,0.0,0.4512961506843567,0.5487038493156433,0.029498141258955002,0.9152553677558899,0.0526517815887928,0.002594750141724944,0.0,0.017281990498304367,0.9380574226379395,0.04201134666800499,0.0026492360047996044,0.0
mbj_bandgap::test::000358::JVASP-107134,2.142,2.4443042278289795,1.5727763060628202,1.5727763060628202,0.7113322019577026,True,1.0,True,0.3023042278289796,0.5692236939371798,2,1.0,0.6000000238418579,0.0,0.44243431091308594,0.5575656890869141,0.012865016236901283,0.9122875928878784,0.0585823729634285,0.016265030950307846,0.0,0.01198062114417553,0.9146366119384766,0.05574962496757507,0.0176331028342247,0.0
mbj_bandgap::test::000359::JVASP-78998,0.0,0.0002856985665857792,-0.005307523526728875,0.0002856985665857792,0.3555440902709961,False,1.0,True,0.0002856985665857792,0.0002856985665857792,1,0.9037591814994812,0.5,0.0,0.5198813080787659,0.4801187515258789,0.39421409368515015,0.28080564737319946,0.29226237535476685,0.03271787241101265,0.0,0.38702109456062317,0.2889896035194397,0.3021358549594879,0.021853437647223473,0.0
mbj_bandgap::test::000360::JVASP-9673,0.988,0.8913174271583557,0.3036898985281869,0.30368989852818684,0.6172882914543152,True,1.0,True,0.09668257284164428,0.6843101014718131,1,1.0,0.699999988079071,0.0,0.5309277772903442,0.46907225251197815,0.01052432507276535,0.8517173528671265,0.097618967294693,0.0401393324136734,0.0,0.011300445534288883,0.8406208157539368,0.10201668739318848,0.046062078326940536,0.0
mbj_bandgap::test::000361::JVASP-41165,3.478,3.462416648864746,1.4796802761409957,1.4796802761409957,0.8364832401275635,True,1.0,True,0.015583351135254109,1.9983197238590045,2,1.0,0.6000000238418579,0.0,0.43682044744491577,0.5631795525550842,0.023461775854229927,0.7576733827590942,0.18591050803661346,0.0329543761909008,0.0,0.02319035306572914,0.7929457426071167,0.16272050142288208,0.021143462508916855,0.0
mbj_bandgap::test::000362::JVASP-317,0.065,0.04681213200092316,0.043222350811697605,0.04681213200092316,0.40835821628570557,False,1.0,True,0.018187867999076845,0.018187867999076845,1,1.0,0.699999988079071,0.0,0.6156631112098694,0.3843369483947754,0.14976298809051514,0.7200758457183838,0.10181885957717896,0.02834228239953518,0.0,0.18433448672294617,0.7044045329093933,0.08077722042798996,0.03048369288444519,0.0
mbj_bandgap::test::000363::JVASP-57502,4.34,4.715134143829346,4.775054990257205,4.775054990257205,0.5846748352050781,True,1.0,True,0.37513414382934585,0.4350549902572052,2,0.6319693922996521,0.6000000238418579,0.0,0.4002651572227478,0.5997348427772522,0.011779195629060268,0.953377902507782,0.020069122314453125,0.014773783273994923,0.0,0.007171934936195612,0.9549558758735657,0.023712746798992157,0.014159366488456726,0.0
mbj_bandgap::test::000364::JVASP-91382,0.0,0.00013239543477538973,-0.03232904728445716,0.00013239543477538973,0.3993224501609802,False,1.0,True,0.00013239543477538973,0.00013239543477538973,1,0.9366298317909241,0.6000000238418579,0.0,0.5342265963554382,0.46577340364456177,0.04816916957497597,0.7959288954734802,0.07300473004579544,0.08289717137813568,0.0,0.044057633727788925,0.7796074151992798,0.07297687232494354,0.10335805267095566,0.0
mbj_bandgap::test::000365::JVASP-65804,0.0,-0.0005956157110631466,-0.0017572421785672532,-0.0005956157110631466,0.38717034459114075,False,1.0,True,0.0005956157110631466,0.0005956157110631466,1,0.4915793240070343,0.5,0.0,0.5144715309143066,0.48552846908569336,0.4631640315055847,0.2420436441898346,0.28742069005966187,0.007371683605015278,0.0,0.48287925124168396,0.22254693508148193,0.28917285799980164,0.005400921683758497,0.0
mbj_bandgap::test::000366::JVASP-16560,0.0,0.0005402103997766972,-0.00893411625640057,0.0005402103997766972,0.3702012896537781,False,1.0,True,0.0005402103997766972,0.0005402103997766972,1,0.8884422779083252,0.6000000238418579,0.0,0.5151104927062988,0.48488950729370117,0.2991490066051483,0.28318721055984497,0.3895550072193146,0.028108816593885422,0.0,0.31658175587654114,0.27922216057777405,0.3835601210594177,0.020635979250073433,0.0
mbj_bandgap::test::000367::JVASP-54981,1.929,2.620373487472534,2.557609913534013,2.557609913534013,0.5590198636054993,True,1.0,True,0.6913734874725341,0.6286099135340131,2,0.963236391544342,0.6000000238418579,0.0,0.4175514280796051,0.5824485421180725,0.04161030799150467,0.9311380386352539,0.02153380960226059,0.005717828404158354,0.0,0.035190995782613754,0.9350118637084961,0.02312069572508335,0.006676412187516689,0.0
mbj_bandgap::test::000368::JVASP-120064,0.0,0.003837777767330408,-0.02272481254460037,0.003837777767330408,0.37469708919525146,False,1.0,True,0.003837777767330408,0.003837777767330408,1,1.0,0.6000000238418579,0.0,0.5561327338218689,0.4438672661781311,0.4171837866306305,0.5235977172851562,0.05307744815945625,0.006141059100627899,0.0,0.46135425567626953,0.4924654960632324,0.04104390740394592,0.005136381834745407,0.0
mbj_bandgap::test::000369::JVASP-8227,0.0,-0.002383278217166662,-0.004384256984099233,-0.002383278217166662,0.41620317101478577,False,1.0,True,0.002383278217166662,0.002383278217166662,1,0.668538510799408,0.699999988079071,0.0,0.5834808349609375,0.4165191054344177,0.04976646974682808,0.5530329942703247,0.3143993020057678,0.08280124515295029,0.0,0.051915936172008514,0.5958739519119263,0.2629165053367615,0.08929351717233658,0.0
mbj_bandgap::test::000370::JVASP-48714,0.0,0.19334419071674347,0.14668437606345872,0.19334419071674347,0.4459232687950134,False,1.0,True,0.19334419071674347,0.19334419071674347,1,0.9707599878311157,0.800000011920929,0.0,0.6247650384902954,0.375234991312027,0.019981149584054947,0.855244517326355,0.04723699018359184,0.07753728330135345,0.0,0.020990049466490746,0.8591352701187134,0.04467172548174858,0.07520284503698349,0.0
mbj_bandgap::test::000371::JVASP-21344,0.34,0.706001877784729,0.3819794864748554,0.3819794864748554,0.5261669158935547,True,1.0,True,0.366001877784729,0.04197948647485539,1,1.0,0.6000000238418579,0.0,0.5409310460090637,0.4590689241886139,0.014955513179302216,0.843785285949707,0.09025119245052338,0.051007937639951706,0.0,0.011329684406518936,0.8703187704086304,0.06825031340122223,0.05010125786066055,0.0
mbj_bandgap::test::000372::JVASP-68220,0.0,0.0012822882272303104,-0.0010304661742703836,0.0012822882272303104,0.3829573690891266,False,1.0,True,0.0012822882272303104,0.0012822882272303104,1,0.5913596749305725,0.5,0.0,0.5154498219490051,0.4845501780509949,0.5311564207077026,0.26606446504592896,0.18360266089439392,0.019176499918103218,0.0,0.5326577425003052,0.29277563095092773,0.15502800047397614,0.019538607448339462,0.0
mbj_bandgap::test::000373::JVASP-41513,0.0,0.001569224987179041,-0.0008605752550452595,0.001569224987179041,0.38876041769981384,False,1.0,True,0.001569224987179041,0.001569224987179041,1,0.5360292792320251,0.5,0.0,0.5186489224433899,0.4813510775566101,0.4671180844306946,0.2943122386932373,0.2142615020275116,0.024308202788233757,0.0,0.47729772329330444,0.2904829978942871,0.21334195137023926,0.018877360969781876,0.0
mbj_bandgap::test::000374::JVASP-91820,0.0,2.151031494140625,0.7112669430268502,0.7112669430268501,0.7864413857460022,True,1.0,True,2.151031494140625,0.7112669430268501,2,1.0,0.6000000238418579,0.0,0.4674927592277527,0.5325072407722473,0.022081779316067696,0.8403253555297852,0.12388910353183746,0.013703781180083752,0.0,0.027509834617376328,0.8201284408569336,0.14156678318977356,0.01079495344310999,0.0
mbj_bandgap::test::000375::JVASP-68490,0.0,-0.0037193759344518185,-0.007658339321517005,-0.0037193759344518185,0.3720923960208893,False,1.0,True,0.0037193759344518185,0.0037193759344518185,1,0.6045991778373718,0.5,0.0,0.5296504497528076,0.4703495502471924,0.44825705885887146,0.42500200867652893,0.10095620155334473,0.025784755125641823,0.0,0.4397839903831482,0.4428943991661072,0.09234253317117691,0.02497904933989048,0.0
mbj_bandgap::test::000376::JVASP-65589,0.0,-0.0022832616232335567,-0.027334137498132183,-0.0022832616232335567,0.3640446960926056,False,1.0,True,0.0022832616232335567,0.0022832616232335567,1,0.9631785154342651,0.5,0.0,0.5506070256233215,0.449393093585968,0.18460381031036377,0.5600441694259644,0.18040964007377625,0.0749424621462822,0.0,0.23932406306266785,0.5192159414291382,0.18410369753837585,0.05735621973872185,0.0
mbj_bandgap::test::000377::JVASP-37903,0.0,-0.001229689922183752,-0.008274589695835943,-0.001229689922183752,0.35890674591064453,False,1.0,True,0.001229689922183752,0.001229689922183752,1,0.9494556188583374,0.6000000238418579,0.0,0.521926760673523,0.4780732989311218,0.4077128767967224,0.33281877636909485,0.21650362014770508,0.04296470433473587,0.0,0.42777371406555176,0.31318432092666626,0.2284649908542633,0.030577007681131363,0.0
mbj_bandgap::test::000378::JVASP-30577,2.78,2.7209365367889404,2.832245914848881,2.832245914848881,0.5647280812263489,True,1.0,True,0.059063463211059375,0.05224591484888119,2,0.9558250904083252,0.6000000238418579,0.0,0.42976564168930054,0.5702342987060547,0.02163989469408989,0.7678004503250122,0.14291834831237793,0.06764141470193863,0.0,0.022124238312244415,0.7558072209358215,0.1500205546617508,0.07204800844192505,0.0
mbj_bandgap::test::000379::JVASP-79510,0.0,0.0016653076745569706,-0.0317793481730505,0.0016653076745569706,0.36650973558425903,False,1.0,True,0.0016653076745569706,0.0016653076745569706,1,0.9818755984306335,0.6000000238418579,0.0,0.5159593820571899,0.4840405583381653,0.3179883062839508,0.5625567436218262,0.10834059864282608,0.011114338412880898,0.0,0.3155238628387451,0.5713551044464111,0.1034216657280922,0.009699377231299877,0.0
mbj_bandgap::test::000380::JVASP-40123,0.0,-0.0019553168676793575,-0.0019463799714293018,-0.0019553168676793575,0.42860057950019836,False,1.0,True,0.0019553168676793575,0.0019553168676793575,1,0.004767655860632658,0.6000000238418579,0.0,0.530794084072113,0.4692058563232422,0.5539819598197937,0.31391090154647827,0.12178496271371841,0.010322092100977898,0.0,0.568433403968811,0.3436746299266815,0.08036796003580093,0.007524069398641586,0.0
mbj_bandgap::test::000381::JVASP-39408,0.0,-0.0015455945394933224,-0.0020452162770895122,-0.0015455945394933224,0.4254487156867981,False,1.0,True,0.0015455945394933224,0.0015455945394933224,1,0.2476332187652588,0.6000000238418579,0.0,0.5144346356391907,0.4855653643608093,0.6329315304756165,0.284559428691864,0.06677671521902084,0.015732336789369583,0.0,0.6557837128639221,0.27258017659187317,0.058629970997571945,0.013006135821342468,0.0
mbj_bandgap::test::000382::JVASP-108836,0.0,0.4107648730278015,0.23735376059737376,0.23735376059737376,0.4838504195213318,True,1.0,True,0.4107648730278015,0.23735376059737376,1,0.9796773195266724,0.699999988079071,0.0,0.5650490522384644,0.43495088815689087,0.14306211471557617,0.8311842083930969,0.02151590585708618,0.004237749148160219,0.0,0.13563361763954163,0.8432220220565796,0.01568608544766903,0.0054582832381129265,0.0
mbj_bandgap::test::000383::JVASP-102769,4.924,5.496769428253174,4.980059989134861,4.980059989134861,0.6050627827644348,True,1.0,True,0.5727694282531735,0.056059989134860544,2,1.0,0.6000000238418579,0.0,0.4000088572502136,0.5999911427497864,0.022837620228528976,0.8745344877243042,0.09054484963417053,0.012083052657544613,0.0,0.021179724484682083,0.8841174244880676,0.08365349471569061,0.011049327440559864,0.0
mbj_bandgap::test::000384::JVASP-10642,0.0,3.9412188925780356e-05,-0.05854488681354242,3.9412188925780356e-05,0.4138028025627136,False,1.0,True,3.9412188925780356e-05,3.9412188925780356e-05,1,0.9820275902748108,0.6000000238418579,0.0,0.5730396509170532,0.4269603192806244,0.03295226767659187,0.8464773297309875,0.08855952322483063,0.03201092779636383,0.0,0.03526011481881142,0.8387816548347473,0.08071006834506989,0.04524826258420944,0.0
mbj_bandgap::test::000385::JVASP-104835,0.0,-0.0006969436071813107,-0.0024606855774768066,-0.0006969436071813107,0.3802044093608856,False,1.0,True,0.0006969436071813107,0.0006969436071813107,1,0.741267740726471,0.5,0.0,0.5286784172058105,0.47132158279418945,0.5618704557418823,0.32708561420440674,0.07220087200403214,0.038843028247356415,0.0,0.5896362662315369,0.31315919756889343,0.07366175204515457,0.023542698472738266,0.0
mbj_bandgap::test::000386::JVASP-4279,4.11,4.018575668334961,4.060198632792915,4.060198632792915,0.5884205102920532,True,1.0,True,0.09142433166503938,0.04980136720708561,2,0.5338451266288757,0.6000000238418579,0.0,0.4009644091129303,0.5990356206893921,0.0059373388066887856,0.9158599972724915,0.06340886652469635,0.014793701469898224,0.0,0.00546366348862648,0.9235798120498657,0.05841116979718208,0.01254541240632534,0.0
mbj_bandgap::test::000387::JVASP-16281,0.0,0.008970572613179684,-0.031043363905958344,0.008970572613179684,0.42210638523101807,False,1.0,True,0.008970572613179684,0.008970572613179684,1,0.9721141457557678,0.699999988079071,0.0,0.5944719910621643,0.4055279791355133,0.018902409821748734,0.9081531763076782,0.0507105216383934,0.02223384752869606,0.0,0.02448263391852379,0.9072965383529663,0.046646468341350555,0.021574389189481735,0.0
mbj_bandgap::test::000388::JVASP-34180,0.0,0.0002278820757055655,-0.12818649921781716,0.0002278820757055655,0.4208982288837433,False,1.0,True,0.0002278820757055655,0.0002278820757055655,1,1.0,0.5,0.0,0.5456361174583435,0.4543638825416565,0.022813189774751663,0.9053983688354492,0.05417756363749504,0.017610881477594376,0.0,0.015245510265231133,0.9274889230728149,0.04209236428141594,0.015173187479376793,0.0
mbj_bandgap::test::000389::JVASP-7902,2.719,2.4336140155792236,2.363552109300526,2.363552109300526,0.5704058408737183,True,1.0,True,0.28538598442077623,0.355447890699474,2,0.8481149673461914,0.6000000238418579,0.0,0.4178849160671234,0.5821150541305542,0.005713657010346651,0.9797622561454773,0.011553961783647537,0.0029701804742217064,0.0,0.00473885890096426,0.9796468019485474,0.010954828932881355,0.0046595316380262375,0.0
mbj_bandgap::test::000390::JVASP-70976,0.0,0.0016014114953577518,0.001011134889718024,0.0016014114953577518,0.4002275764942169,False,1.0,True,0.0016014114953577518,0.0016014114953577518,1,0.2692376375198364,0.5,0.0,0.5157191753387451,0.48428088426589966,0.6012177467346191,0.2163527011871338,0.17069271206855774,0.011736863292753696,0.0,0.5898568034172058,0.24601945281028748,0.15312573313713074,0.010997980833053589,0.0
mbj_bandgap::test::000391::JVASP-102426,8.192,7.610281944274902,7.789650198140262,7.789650198140262,0.5661665201187134,True,1.0,True,0.5817180557250978,0.4023498018597378,2,1.0,0.6000000238418579,0.0,0.3998569846153259,0.6001430749893188,0.04030416160821915,0.780488133430481,0.1662919521331787,0.012915784493088722,0.0,0.051645439118146896,0.7888255715370178,0.1445046365261078,0.015024418011307716,0.0
mbj_bandgap::test::000392::JVASP-278,0.0,-0.0028932555578649044,-0.024308249662731818,-0.0028932555578649044,0.4045620262622833,False,1.0,True,0.0028932555578649044,0.0028932555578649044,1,0.9938092827796936,0.6000000238418579,0.0,0.5899478197097778,0.41005221009254456,0.08430223166942596,0.8273507356643677,0.06683611869812012,0.02151094563305378,0.0,0.08099977672100067,0.8389822840690613,0.06399601697921753,0.01602194830775261,0.0
mbj_bandgap::test::000393::JVASP-64955,0.0,-0.004683302249759436,-0.02529649366572335,-0.004683302249759436,0.35260939598083496,False,1.0,True,0.004683302249759436,0.004683302249759436,1,0.995250940322876,0.6000000238418579,0.0,0.5252633094787598,0.47473669052124023,0.43167394399642944,0.23828868567943573,0.2524094581604004,0.07762788236141205,0.0,0.4359537959098816,0.25113970041275024,0.2297760248184204,0.08313043415546417,0.0
mbj_bandgap::test::000394::JVASP-66195,0.0,-0.0018475516699254513,-0.00827908558210253,-0.0018475516699254513,0.34773924946784973,False,1.0,True,0.0018475516699254513,0.0018475516699254513,1,0.8849248290061951,0.5,0.0,0.525513231754303,0.474486768245697,0.3806387782096863,0.23178903758525848,0.30300113558769226,0.08457105606794357,0.0,0.38659852743148804,0.22496812045574188,0.302828848361969,0.0856044813990593,0.0
mbj_bandgap::test::000395::JVASP-107667,0.0,-0.0032413466833531857,-0.01283124682517538,-0.0032413466833531857,0.3780340552330017,False,1.0,True,0.0032413466833531857,0.0032413466833531857,1,0.9578521847724915,0.6000000238418579,0.0,0.5878151059150696,0.4121848940849304,0.23332352936267853,0.5197789669036865,0.21293549239635468,0.03396198898553848,0.0,0.2045915573835373,0.5366898775100708,0.23526068031787872,0.023457923904061317,0.0
mbj_bandgap::test::000396::JVASP-16442,0.0,-0.002352283801883459,-0.006906778937826608,-0.002352283801883459,0.39107415080070496,False,1.0,True,0.002352283801883459,0.002352283801883459,1,0.6577445268630981,0.6000000238418579,0.0,0.5307233929634094,0.4692765772342682,0.47596582770347595,0.3812338709831238,0.0990314930677414,0.043768785893917084,0.0,0.47623133659362793,0.3989552855491638,0.08773749321699142,0.037075866013765335,0.0
mbj_bandgap::test::000397::JVASP-56818,0.0,-0.0025799735449254513,-0.005070658009222617,-0.0025799735449254513,0.371940553188324,False,1.0,True,0.0025799735449254513,0.0025799735449254513,1,0.8337819576263428,0.5,0.0,0.529812216758728,0.4701877534389496,0.4948123097419739,0.44278520345687866,0.04234126955270767,0.020061183720827103,0.0,0.5073175430297852,0.43327540159225464,0.040876202285289764,0.01853082701563835,0.0
mbj_bandgap::test::000398::JVASP-18060,0.0,-0.0017254813574254513,-0.009068835522817986,-0.0017254813574254513,0.41761013865470886,False,1.0,True,0.0017254813574254513,0.0017254813574254513,1,0.8729330897331238,0.699999988079071,0.0,0.5900484323501587,0.4099516272544861,0.08081371337175369,0.7513095140457153,0.14152313768863678,0.02635360136628151,0.0,0.08356235921382904,0.7825649976730347,0.10567362606525421,0.028199076652526855,0.0
mbj_bandgap::test::000399::JVASP-74206,0.0,-0.0016550286673009396,-0.008068736353835426,-0.0016550286673009396,0.34961196780204773,False,1.0,True,0.0016550286673009396,0.0016550286673009396,1,0.8981989622116089,0.5,0.0,0.536683976650238,0.46331602334976196,0.3703926205635071,0.22040832042694092,0.3776485025882721,0.03155059367418289,0.0,0.37229692935943604,0.19723279774188995,0.40182560682296753,0.028644666075706482,0.0
mbj_bandgap::test::000400::JVASP-14734,0.0,-0.00217847665771842,3.9661144665736894e-05,-0.00217847665771842,0.41325703263282776,False,1.0,True,0.00217847665771842,0.00217847665771842,1,0.5122476816177368,0.699999988079071,0.0,0.5020080804824829,0.49799197912216187,0.6245478391647339,0.15886744856834412,0.19693729281425476,0.019647445529699326,0.0,0.6519618034362793,0.1540903002023697,0.1811329424381256,0.01281503401696682,0.0
mbj_bandgap::test::000401::JVASP-12177,0.0,-0.0004086955450475216,-0.003963432682671653,-0.0004086955450475216,0.38579821586608887,False,1.0,True,0.0004086955450475216,0.0004086955450475216,1,0.8238322138786316,0.699999988079071,0.0,0.5445663332939148,0.4554336667060852,0.23365068435668945,0.45574426651000977,0.27609309554100037,0.034511979669332504,0.0,0.24202696979045868,0.4573325216770172,0.2623909115791321,0.03824956342577934,0.0
mbj_bandgap::test::000402::JVASP-30306,0.0,-0.016512678936123848,-0.16777570918868417,-0.016512678936123848,0.41496604681015015,False,1.0,True,0.016512678936123848,0.016512678936123848,1,1.0,0.6000000238418579,0.0,0.5377222895622253,0.46227774024009705,0.030712824314832687,0.7854968309402466,0.14980514347553253,0.03398524969816208,0.0,0.027376100420951843,0.8456633687019348,0.09530018270015717,0.031660329550504684,0.0
mbj_bandgap::test::000403::JVASP-19637,1.653,1.7193195819854736,1.6403504490457514,1.6403504490457514,0.5188513994216919,True,1.0,True,0.06631958198547361,0.012649550954248578,2,0.8143815994262695,0.5,0.0,0.47575584053993225,0.5242441296577454,0.07677121460437775,0.207998126745224,0.6904212832450867,0.02480936050415039,0.0,0.07940780371427536,0.21487250924110413,0.688118040561676,0.017601709812879562,0.0
mbj_bandgap::test::000404::JVASP-51707,3.101,2.8100364208221436,3.382160812495761,3.382160812495761,0.8045552968978882,True,1.0,True,0.2909635791778564,0.2811608124957612,2,1.0,0.6000000238418579,0.0,0.41237831115722656,0.5876216888427734,0.0184439979493618,0.952664852142334,0.008528875187039375,0.020362207666039467,0.0,0.012716459110379219,0.9656273722648621,0.007464500609785318,0.014191669411957264,0.0
mbj_bandgap::test::000405::JVASP-36462,0.609,0.8712313771247864,0.48360396708437553,0.48360396708437553,0.5477433204650879,True,1.0,True,0.2622313771247864,0.12539603291562446,2,1.0,0.5,0.0,0.4727689325809479,0.5272310972213745,0.28631260991096497,0.6299850940704346,0.0753042921423912,0.008397987112402916,0.0,0.2842772305011749,0.6342349648475647,0.07598888874053955,0.00549901882186532,0.0
mbj_bandgap::test::000406::JVASP-25823,2.27,2.518777847290039,2.603188952612885,2.603188952612885,0.5895845890045166,True,1.0,True,0.24877784729003904,0.33318895261288484,2,0.8993028998374939,0.6000000238418579,0.0,0.44556236267089844,0.5544376373291016,0.014308705925941467,0.9403120279312134,0.03713107109069824,0.008248134516179562,0.0,0.011510037817060947,0.9425790905952454,0.03664444014430046,0.009266349487006664,0.0
mbj_bandgap::test::000407::JVASP-5443,6.044,5.701968193054199,5.662794209173734,5.662794209173734,0.5369922518730164,True,1.0,True,0.3420318069458004,0.3812057908262654,2,0.6264734864234924,0.6000000238418579,0.0,0.40016135573387146,0.5998387336730957,0.03148043528199196,0.7981806993484497,0.16455398499965668,0.005784835200756788,0.0,0.040654558688402176,0.8161478042602539,0.13644081354141235,0.006756822112947702,0.0
mbj_bandgap::test::000408::JVASP-36723,4.392,4.234041690826416,4.30449718502531,4.30449718502531,0.5835938453674316,True,1.0,True,0.15795830917358433,0.08750281497469015,2,0.6479531526565552,0.6000000238418579,0.0,0.40065234899520874,0.5993476510047913,0.045708008110523224,0.8667625188827515,0.07735645025968552,0.010172994807362556,0.0,0.05620299652218819,0.8713396787643433,0.0635605975985527,0.008896753191947937,0.0
mbj_bandgap::test::000409::JVASP-35314,2.681,2.2915711402893066,2.87903552365785,2.87903552365785,0.7888003587722778,True,1.0,True,0.3894288597106934,0.19803552365784993,2,1.0,0.6000000238418579,0.0,0.44529181718826294,0.5547081232070923,0.06897298246622086,0.8261581659317017,0.09394378960132599,0.01092513743788004,0.0,0.0674261823296547,0.8258015513420105,0.0971653163433075,0.009606911800801754,0.0
mbj_bandgap::test::000410::JVASP-106718,0.0,-0.002062366809695959,-0.0022121413020339984,-0.002062366809695959,0.4332088232040405,False,1.0,True,0.002062366809695959,0.002062366809695959,1,0.0851181373000145,0.6000000238418579,0.0,0.5316600203514099,0.4683399796485901,0.3253614604473114,0.5300189256668091,0.11347579956054688,0.031143825501203537,0.0,0.33227667212486267,0.5370844602584839,0.09741275012493134,0.03322602063417435,0.0
mbj_bandgap::test::000411::JVASP-75567,0.0,-0.0007925494574010372,-0.002781162776269963,-0.0007925494574010372,0.3620007038116455,False,1.0,True,0.0007925494574010372,0.0007925494574010372,1,0.8617555499076843,0.699999988079071,0.0,0.5183850526809692,0.4816149175167084,0.3841351568698883,0.23932918906211853,0.3129344582557678,0.0636012852191925,0.0,0.37868955731391907,0.25271695852279663,0.31513726711273193,0.05345620587468147,0.0
mbj_bandgap::test::000412::JVASP-18394,0.0,0.019738508388400078,-0.03322013874677041,0.019738508388400078,0.44698598980903625,False,1.0,True,0.019738508388400078,0.019738508388400078,1,0.8770161867141724,0.800000011920929,0.0,0.6048548817634583,0.3951452076435089,0.04841950535774231,0.8637582659721375,0.05527278035879135,0.032549433410167694,0.0,0.053810685873031616,0.8696366548538208,0.05393455550074577,0.02261820062994957,0.0
mbj_bandgap::test::000413::JVASP-34454,8.766,9.034561157226562,8.93546924494055,8.93546924494055,0.5009273290634155,True,1.0,True,0.2685611572265625,0.16946924494055082,2,0.8089673519134521,0.6000000238418579,0.0,0.39960554242134094,0.6003944277763367,0.045416247099637985,0.8152540922164917,0.0920528993010521,0.04727669805288315,0.0,0.04451236501336098,0.8123384714126587,0.08944534510374069,0.053703807294368744,0.0
mbj_bandgap::test::000414::JVASP-35268,4.049,3.9605908393859863,3.875364669326909,3.875364669326909,0.5586317777633667,True,1.0,True,0.08840916061401405,0.17363533067309156,2,0.8616690039634705,0.6000000238418579,0.0,0.4004189074039459,0.5995811223983765,0.040831953287124634,0.9246031045913696,0.03190791234374046,0.002657088916748762,0.0,0.0466013178229332,0.919196605682373,0.03112494945526123,0.0030771924648433924,0.0
mbj_bandgap::test::000415::JVASP-64459,0.0,-0.0029285415075719357,-0.009778738189965441,-0.0029285415075719357,0.35643166303634644,False,1.0,True,0.0029285415075719357,0.0029285415075719357,1,0.9215404391288757,0.5,0.0,0.5175912380218506,0.4824087619781494,0.45544928312301636,0.3216412663459778,0.19946391880512238,0.02344556711614132,0.0,0.4904055595397949,0.28543251752853394,0.199811652302742,0.024350278079509735,0.0
mbj_bandgap::test::000416::JVASP-70484,0.452,0.002576305065304041,0.000863618099384067,0.002576305065304041,0.3834845721721649,False,1.0,True,0.44942369493469597,0.44942369493469597,1,0.48920583724975586,0.5,0.0,0.5239487886428833,0.4760511815547943,0.4467468857765198,0.3053271770477295,0.22917106747627258,0.018754858523607254,0.0,0.43038758635520935,0.35524457693099976,0.1982605904340744,0.016107235103845596,0.0
mbj_bandgap::test::000417::JVASP-2376,2.027,2.1822216510772705,1.9997580511911628,1.9997580511911628,0.5958002805709839,True,1.0,True,0.15522165107727037,0.027241948808837346,2,0.9845700263977051,0.6000000238418579,0.0,0.4100390374660492,0.5899609327316284,0.02355431765317917,0.9428205490112305,0.02877035178244114,0.004854732658714056,0.0,0.020541062578558922,0.9460746049880981,0.028862494975328445,0.0045218700543046,0.0
mbj_bandgap::test::000418::JVASP-50429,6.401,5.4205827713012695,5.244485873838838,5.244485873838838,0.5486462116241455,True,1.0,True,0.9804172286987303,1.156514126161162,2,1.0,0.6000000238418579,0.0,0.4000155031681061,0.5999844670295715,0.016346871852874756,0.9195554852485657,0.030674612149596214,0.03342306986451149,0.0,0.012397636659443378,0.9226725697517395,0.034930966794490814,0.029998788610100746,0.0
mbj_bandgap::test::000419::JVASP-11477,3.925,3.638991594314575,4.73902582001206,4.73902582001206,0.9172226190567017,True,1.0,True,0.2860084056854246,0.81402582001206,2,1.0,0.6000000238418579,0.0,0.40186935663223267,0.5981306433677673,0.023163115605711937,0.9084683656692505,0.03902749717235565,0.029340971261262894,0.0,0.021280143409967422,0.9121913909912109,0.040966834872961044,0.025561515241861343,0.0
mbj_bandgap::test::000420::JVASP-22661,2.436,2.554288387298584,2.688016669669721,2.688016669669721,0.6251121759414673,True,1.0,True,0.11828838729858404,0.25201666966972125,2,0.6854451894760132,0.6000000238418579,0.0,0.4139166474342346,0.5860833525657654,0.005299360956996679,0.9429910778999329,0.04719657450914383,0.004513002000749111,0.0,0.005082657560706139,0.9466106295585632,0.043175648897886276,0.005131051409989595,0.0
mbj_bandgap::test::000421::JVASP-106465,0.567,6.083105564117432,3.3020962322417327,3.3020962322417327,0.9107961654663086,True,1.0,True,5.5161055641174315,2.735096232241733,2,1.0,0.6000000238418579,0.0,0.4079113006591797,0.5920886993408203,0.040435388684272766,0.7346445322036743,0.18375757336616516,0.04116261750459671,0.0,0.04398324713110924,0.7609979510307312,0.16569042205810547,0.0293283648788929,0.0
mbj_bandgap::test::000422::JVASP-51207,0.0,0.0016183392144739628,-0.016996952257287902,0.0016183392144739628,0.3891381323337555,False,1.0,True,0.0016183392144739628,0.0016183392144739628,1,0.964121401309967,0.6000000238418579,0.0,0.5529884099960327,0.4470115602016449,0.06613548845052719,0.18606863915920258,0.7348242998123169,0.012971575371921062,0.0,0.05371639132499695,0.15785831212997437,0.7785944938659668,0.00983085110783577,0.0
mbj_bandgap::test::000423::JVASP-52297,2.498,1.6038774251937866,3.1207058274165553,3.1207058274165553,0.9676378965377808,True,1.0,True,0.8941225748062136,0.6227058274165551,2,1.0,0.6000000238418579,0.0,0.439382404088974,0.5606175661087036,0.024892188608646393,0.9474058151245117,0.014654343947768211,0.013047657907009125,0.0,0.01961163990199566,0.9567618370056152,0.0132655780762434,0.010360919870436192,0.0
mbj_bandgap::test::000424::JVASP-69219,0.0,0.003660632763057947,-0.00113706891313754,0.003660632763057947,0.3893711268901825,False,1.0,True,0.003660632763057947,0.003660632763057947,1,0.8428052067756653,0.699999988079071,0.0,0.5135194063186646,0.48648056387901306,0.4992740750312805,0.27580201625823975,0.15713509917259216,0.06778878718614578,0.0,0.5611358880996704,0.2501409649848938,0.1294524371623993,0.05927072837948799,0.0
mbj_bandgap::test::000425::JVASP-275,1.833,1.1128878593444824,1.6941902546573258,1.6941902546573258,0.766234815120697,True,1.0,True,0.7201121406555175,0.1388097453426742,2,1.0,0.6000000238418579,0.0,0.4505313038825989,0.5494686365127563,0.026688864454627037,0.8928934931755066,0.06536652147769928,0.015051175840198994,0.0,0.02770468033850193,0.8883058428764343,0.06682397425174713,0.017165470868349075,0.0
mbj_bandgap::test::000426::JVASP-104825,0.241,-9.600956400390714e-05,-0.06266530554312084,-9.600956400390714e-05,0.42356133460998535,False,1.0,True,0.2410960095640039,0.2410960095640039,1,0.9084368944168091,0.699999988079071,0.0,0.565592348575592,0.43440765142440796,0.011164071038365364,0.8974148035049438,0.07550274580717087,0.015918347984552383,0.0,0.009491811506450176,0.9100724458694458,0.06676969677209854,0.013666023500263691,0.0
mbj_bandgap::test::000427::JVASP-71386,0.0,0.011990024708211422,-0.009482493748295906,0.011990024708211422,0.355109840631485,False,1.0,True,0.011990024708211422,0.011990024708211422,1,0.9579036235809326,0.5,0.0,0.5148675441741943,0.48513251543045044,0.3720943331718445,0.35189923644065857,0.2512625753879547,0.024743830785155296,0.0,0.3868417739868164,0.3656800389289856,0.22997811436653137,0.017500096932053566,0.0
mbj_bandgap::test::000428::JVASP-24254,-0.0,0.3514025807380676,0.18371675545649044,0.3514025807380676,0.44942328333854675,False,1.0,True,0.3514025807380676,0.3514025807380676,2,1.0,0.6000000238418579,0.0,0.49670472741127014,0.5032953023910522,0.016052279621362686,0.8373773694038391,0.1225096806883812,0.024060625582933426,0.0,0.01814357563853264,0.8617385625839233,0.10127724707126617,0.01884065754711628,0.0
mbj_bandgap::test::000429::JVASP-38034,0.12,1.5991828441619873,0.6197873227056918,0.6197873227056918,0.7264454960823059,True,1.0,True,1.4791828441619872,0.4997873227056918,2,1.0,0.699999988079071,0.0,0.4773707985877991,0.5226292610168457,0.012084181420505047,0.8797707557678223,0.09831830114126205,0.00982668437063694,0.0,0.010181242600083351,0.8887748718261719,0.09480621665716171,0.006237724330276251,0.0
mbj_bandgap::test::000430::JVASP-44482,0.0,-0.0018532737158238888,-0.017999351900997752,-0.0018532737158238888,0.39105847477912903,False,1.0,True,0.0018532737158238888,0.0018532737158238888,1,0.9681899547576904,0.6000000238418579,0.0,0.5434941053390503,0.45650583505630493,0.044113315641880035,0.7626448273658752,0.09123677760362625,0.10200507938861847,0.0,0.05254067853093147,0.7598739862442017,0.08183533698320389,0.10575010627508163,0.0
mbj_bandgap::test::000431::JVASP-16246,0.0,-0.0008614524267613888,-0.002672847750373264,-0.0008614524267613888,0.4039722681045532,False,1.0,True,0.0008614524267613888,0.0008614524267613888,1,0.34093916416168213,0.5,0.0,0.5300952196121216,0.4699048101902008,0.4139077663421631,0.48269906640052795,0.0734039917588234,0.02998920902609825,0.0,0.41212305426597595,0.5064811706542969,0.05573015287518501,0.02566559612751007,0.0
mbj_bandgap::test::000432::JVASP-107546,3.768,3.597783088684082,3.938862519793795,3.938862519793795,0.6840124726295471,True,1.0,True,0.17021691131591776,0.1708625197937952,2,1.0,0.6000000238418579,0.0,0.40191778540611267,0.5980821847915649,0.018677715212106705,0.9004395604133606,0.035218801349401474,0.04566386342048645,0.0,0.018103204667568207,0.9072176218032837,0.038312263786792755,0.03636692091822624,0.0
mbj_bandgap::test::000433::JVASP-50744,4.163,3.4840407371520996,3.330046473414498,3.330046473414498,0.5636175274848938,True,1.0,True,0.6789592628479006,0.8329535265855021,2,1.0,0.6000000238418579,0.0,0.4149744510650635,0.5850255489349365,0.021971091628074646,0.9109002947807312,0.05281395837664604,0.014314684085547924,0.0,0.019239502027630806,0.9142898321151733,0.05060027167201042,0.015870297327637672,0.0
mbj_bandgap::test::000434::JVASP-113693,2.145,3.441804885864258,3.2148896388411243,3.2148896388411243,0.5690755844116211,True,1.0,True,1.2968048858642578,1.0698896388411243,2,1.0,0.6000000238418579,0.0,0.4085063934326172,0.5914936065673828,0.026532232761383057,0.9298782348632812,0.029392313212156296,0.014197228476405144,0.0,0.021498288959264755,0.9395530819892883,0.026997476816177368,0.011951158754527569,0.0
mbj_bandgap::test::000435::JVASP-20530,0.0,-0.0016894801519811153,-0.004298175394102733,-0.0016894801519811153,0.35896846652030945,False,1.0,True,0.0016894801519811153,0.0016894801519811153,1,0.9630800485610962,0.5,0.0,0.5287549495697021,0.47124505043029785,0.27083542943000793,0.4739806056022644,0.2386588156223297,0.01652509532868862,0.0,0.3061930537223816,0.4550315737724304,0.22762227058410645,0.011153074912726879,0.0
mbj_bandgap::test::000436::JVASP-66054,0.32,0.0695018321275711,0.07059338131987784,0.0695018321275711,0.4211336374282837,False,1.0,True,0.2504981678724289,0.2504981678724289,1,0.0935528501868248,0.5,0.0,0.528155505657196,0.4718444347381592,0.43087634444236755,0.38038283586502075,0.17390212416648865,0.014838652685284615,0.0,0.4563923478126526,0.3711423873901367,0.1603613793849945,0.01210387796163559,0.0
mbj_bandgap::test::000437::JVASP-37119,0.0,-0.004000948276370764,-0.012822361372620805,-0.004000948276370764,0.38990581035614014,False,1.0,True,0.004000948276370764,0.004000948276370764,1,0.8627167344093323,0.6000000238418579,0.0,0.5676857233047485,0.43231430649757385,0.06331684440374374,0.817718505859375,0.09020930528640747,0.02875540219247341,0.0,0.06552239507436752,0.8473854064941406,0.06309538334608078,0.023996757343411446,0.0
mbj_bandgap::test::000438::JVASP-46727,0.044,0.014242722652852535,-0.012388976562713561,0.014242722652852535,0.42393097281455994,False,1.0,True,0.029757277347147462,0.029757277347147462,1,0.9141033291816711,0.699999988079071,0.0,0.5957537293434143,0.4042462706565857,0.028268415480852127,0.8349875211715698,0.088142529129982,0.04860153794288635,0.0,0.0339919775724411,0.8428018689155579,0.07063236087560654,0.05257377028465271,0.0
mbj_bandgap::test::000439::JVASP-36326,4.568,2.3391051292419434,2.458647434834777,2.458647434834777,0.613036572933197,True,1.0,True,2.2288948707580563,2.1093525651652225,2,0.948047399520874,0.6000000238418579,0.0,0.40936341881752014,0.5906365513801575,0.01918511465191841,0.9629213213920593,0.014346586540341377,0.0035470030270516872,0.0,0.011564403772354126,0.9714592099189758,0.01361343078315258,0.0033628977835178375,0.0
mbj_bandgap::test::000440::JVASP-107658,0.0,-0.0006752475164830685,-0.0014136223080375432,-0.0006752475164830685,0.40763115882873535,False,1.0,True,0.0006752475164830685,0.0006752475164830685,1,0.3382781744003296,0.6000000238418579,0.0,0.5191399455070496,0.48086005449295044,0.4797893464565277,0.3102068305015564,0.1964147686958313,0.013589039444923401,0.0,0.4911015033721924,0.2979656755924225,0.20017477869987488,0.010758137330412865,0.0
mbj_bandgap::test::000441::JVASP-86988,1.283,1.430796504020691,1.4555556266282368,1.4555556266282368,0.6082063317298889,True,1.0,True,0.147796504020691,0.17255562662823687,2,0.20637035369873047,0.6000000238418579,0.0,0.40626662969589233,0.5937333106994629,0.2041601687669754,0.7623091340065002,0.030806761234998703,0.002723903860896826,0.0,0.1917596012353897,0.768394410610199,0.037292979657649994,0.0025530336424708366,0.0
mbj_bandgap::test::000442::JVASP-40810,0.386,0.13247831165790558,0.1290833036643993,0.13247831165790558,0.41230541467666626,False,1.0,True,0.25352168834209443,0.25352168834209443,1,0.7192843556404114,0.699999988079071,0.0,0.5294321179389954,0.47056788206100464,0.400015652179718,0.4914146363735199,0.04745376855134964,0.06111598014831543,0.0,0.40253186225891113,0.503083348274231,0.035968583077192307,0.058416176587343216,0.0
mbj_bandgap::test::000443::JVASP-13003,2.407,2.410982131958008,2.7190691606320243,2.7190691606320243,0.6860091686248779,True,1.0,True,0.003982131958007784,0.3120691606320243,2,1.0,0.6000000238418579,0.0,0.43694764375686646,0.5630524158477783,0.02763255499303341,0.9342464208602905,0.03138634189963341,0.006734619382768869,0.0,0.03236618638038635,0.9283128976821899,0.03272043913602829,0.006600530352443457,0.0
mbj_bandgap::test::000444::JVASP-68817,0.0,-0.0043755038641393185,-0.06130412372671392,-0.0043755038641393185,0.37703976035118103,False,1.0,True,0.0043755038641393185,0.0043755038641393185,1,0.9992456436157227,0.6000000238418579,0.0,0.5781713128089905,0.4218286871910095,0.31994467973709106,0.33432555198669434,0.33143311738967896,0.014296665787696838,0.0,0.3621756434440613,0.2819778025150299,0.34147852659225464,0.014368019998073578,0.0
mbj_bandgap::test::000445::JVASP-41197,0.0,-0.0006692870520055294,-0.0065728998359174005,-0.0006692870520055294,0.3907637894153595,False,1.0,True,0.0006692870520055294,0.0006692870520055294,1,0.7164736390113831,0.6000000238418579,0.0,0.5377184748649597,0.4622814655303955,0.3682652711868286,0.5014966130256653,0.11077384650707245,0.019464265555143356,0.0,0.33482274413108826,0.5665115714073181,0.07993374019861221,0.018731925636529922,0.0
mbj_bandgap::test::000446::JVASP-110077,8.933,8.817033767700195,8.689183119337475,8.689183119337475,0.49589914083480835,True,1.0,True,0.11596623229980452,0.24381688066252494,2,0.8847076296806335,0.6000000238418579,0.0,0.3999578654766083,0.6000421643257141,0.05207318812608719,0.7673198580741882,0.16493454575538635,0.0156724713742733,0.0,0.07188676297664642,0.7652618885040283,0.14514842629432678,0.017702849581837654,0.0
mbj_bandgap::test::000447::JVASP-8006,3.319,4.528811931610107,4.392697527586741,4.392697527586741,0.5485685467720032,True,1.0,True,1.2098119316101075,1.0736975275867406,2,0.9111384749412537,0.6000000238418579,0.0,0.4000776708126068,0.5999222993850708,0.11314016580581665,0.8368908762931824,0.01976911537349224,0.0301998108625412,0.0,0.08924258500337601,0.8529974818229675,0.02008807100355625,0.037671878933906555,0.0
mbj_bandgap::test::000448::JVASP-1798,1.933,1.755671501159668,2.001635075475168,2.001635075475168,0.6531922221183777,True,1.0,True,0.17732849884033208,0.06863507547516812,2,1.0,0.6000000238418579,0.0,0.4449743628501892,0.5550256967544556,0.08851706236600876,0.893917441368103,0.014220057055354118,0.0033454049844294786,0.0,0.10121782124042511,0.881999135017395,0.013134186156094074,0.0036488897167146206,0.0
mbj_bandgap::test::000449::JVASP-100655,0.0,-0.0021036132238805294,-0.0026050621216003877,-0.0021036132238805294,0.40235888957977295,False,1.0,True,0.0021036132238805294,0.0021036132238805294,1,0.2463953047990799,0.5,0.0,0.5146682858467102,0.4853317141532898,0.4836115837097168,0.2500219941139221,0.22921085357666016,0.037155553698539734,0.0,0.4859597682952881,0.25000056624412537,0.22870680689811707,0.035332851111888885,0.0
mbj_bandgap::test::000450::JVASP-80007,0.0,0.0007013813592493534,-0.0002865538136517687,0.0007013813592493534,0.4221954941749573,False,1.0,True,0.0007013813592493534,0.0007013813592493534,1,0.2108827382326126,0.6000000238418579,0.0,0.5065582394599915,0.49344173073768616,0.6525577306747437,0.22014689445495605,0.11195476353168488,0.015340739861130714,0.0,0.638554573059082,0.23232285678386688,0.11536581814289093,0.013756746426224709,0.0
mbj_bandgap::test::000451::JVASP-19976,0.0,-0.0006397231481969357,-0.0007327438321433677,-0.0006397231481969357,0.41890883445739746,False,1.0,True,0.0006397231481969357,0.0006397231481969357,1,0.09143774211406708,0.6000000238418579,0.0,0.5190008878707886,0.4809991419315338,0.44970235228538513,0.3151997923851013,0.18744070827960968,0.04765715077519417,0.0,0.4336743950843811,0.34129807353019714,0.18620964884757996,0.03881794214248657,0.0
mbj_bandgap::test::000452::JVASP-13793,5.17,5.171257019042969,5.339012614049823,5.339012614049823,0.6060956716537476,True,1.0,True,0.001257019042968821,0.16901261404982293,2,0.8640891313552856,0.6000000238418579,0.0,0.4000426232814789,0.5999573469161987,0.01751680299639702,0.9197964668273926,0.050777971744537354,0.01190872397273779,0.0,0.015846675261855125,0.9173421859741211,0.054267603904008865,0.0125435721129179,0.0
mbj_bandgap::test::000453::JVASP-19166,3.363,3.614149570465088,3.7535005363048426,3.7535005363048426,0.5954146981239319,True,1.0,True,0.2511495704650879,0.3905005363048426,2,1.0,0.6000000238418579,0.0,0.40067291259765625,0.599327027797699,0.016619866713881493,0.9249330759048462,0.04520983621478081,0.013237202540040016,0.0,0.013732576742768288,0.9277372360229492,0.0445343479514122,0.013995900750160217,0.0
mbj_bandgap::test::000454::JVASP-118290,0.0,1.480452537536621,0.1530979494743349,0.15309794947433497,0.7567352056503296,True,1.0,True,1.480452537536621,0.15309794947433497,2,1.0,0.699999988079071,0.0,0.47867998480796814,0.5213200449943542,0.30659645795822144,0.4471440315246582,0.24142146110534668,0.004838029853999615,0.0,0.3544427454471588,0.4233032166957855,0.2164890319108963,0.005764963570982218,0.0
mbj_bandgap::test::000455::JVASP-30257,3.156,2.9426727294921875,3.408771361555195,3.408771361555195,0.7381613254547119,True,1.0,True,0.21332727050781264,0.25277136155519475,2,0.994436502456665,0.6000000238418579,0.0,0.40927180647850037,0.5907281637191772,0.017724942415952682,0.9100017547607422,0.054761070758104324,0.01751219853758812,0.0,0.017201481387019157,0.9126469492912292,0.051911432296037674,0.018240122124552727,0.0
mbj_bandgap::test::000456::JVASP-86740,0.163,0.06377644836902618,0.03086428647424997,0.06377644836902618,0.4014247953891754,False,1.0,True,0.09922355163097382,0.09922355163097382,1,0.9960775971412659,0.5,0.0,0.5972486734390259,0.40275129675865173,0.0951981395483017,0.8103991746902466,0.08267540484666824,0.01172731164842844,0.0,0.0894666537642479,0.823597252368927,0.07874636352062225,0.008189715445041656,0.0
mbj_bandgap::test::000457::JVASP-59046,0.85,1.3007638454437256,1.271998866940411,1.271998866940411,0.5798799991607666,True,1.0,True,0.4507638454437256,0.421998866940411,2,0.190890371799469,0.6000000238418579,0.0,0.4635035991668701,0.5364964008331299,0.010115822777152061,0.9467767477035522,0.036264680325984955,0.006842729635536671,0.0,0.0078080641105771065,0.9457401037216187,0.03807726502418518,0.008374535478651524,0.0
mbj_bandgap::test::000458::JVASP-107450,0.0,2.844493428710848e-05,-0.005248424917401429,2.844493428710848e-05,0.36736124753952026,False,1.0,True,2.844493428710848e-05,2.844493428710848e-05,1,0.8633186221122742,0.5,0.0,0.5177843570709229,0.48221564292907715,0.5043103098869324,0.2894764542579651,0.179856538772583,0.026356682181358337,0.0,0.5184582471847534,0.28429239988327026,0.17663709819316864,0.020612213760614395,0.0
mbj_bandgap::test::000459::JVASP-43509,2.17,2.686424732208252,2.7554322808186664,2.7554322808186664,0.5970906615257263,True,1.0,True,0.516424732208252,0.5854322808186665,2,0.4659624993801117,0.6000000238418579,0.0,0.44500237703323364,0.5549976825714111,0.020134512335062027,0.9037150144577026,0.049665309488773346,0.026485199108719826,0.0,0.01873103901743889,0.9079834818840027,0.04635251313447952,0.02693294920027256,0.0
mbj_bandgap::test::000460::JVASP-107705,0.0,0.0039411322213709354,-0.010034630952782165,0.0039411322213709354,0.37004661560058594,False,1.0,True,0.0039411322213709354,0.0039411322213709354,1,0.9032142758369446,0.6000000238418579,0.0,0.527807891368866,0.4721921980381012,0.4738546907901764,0.3384210765361786,0.1708027422428131,0.01692144386470318,0.0,0.4950953423976898,0.33880117535591125,0.15193381905555725,0.014169661328196526,0.0
mbj_bandgap::test::000461::JVASP-106669,1.422,0.42965441942214966,0.07749872232816388,0.0774987223281639,0.5196607112884521,True,1.0,True,0.9923455805778503,1.344501277671836,1,1.0,0.6000000238418579,0.0,0.5306538343429565,0.46934619545936584,0.010675819590687752,0.9253455996513367,0.04571840912103653,0.018260207027196884,0.0,0.008261369541287422,0.9308524131774902,0.043706465512514114,0.01717977412045002,0.0
mbj_bandgap::test::000462::JVASP-18933,0.0,0.0020212666131556034,0.0008044595908895058,0.0020212666131556034,0.3854713439941406,False,1.0,True,0.0020212666131556034,0.0020212666131556034,1,0.4405131936073303,0.5,0.0,0.515555202960968,0.4844447672367096,0.3824995458126068,0.26589030027389526,0.33744317293167114,0.01416694838553667,0.0,0.400371789932251,0.2771661877632141,0.3131732940673828,0.009288718923926353,0.0
mbj_bandgap::test::000463::JVASP-3837,3.959,4.012923717498779,3.9898701210129373,3.9898701210129373,0.5796770453453064,True,1.0,True,0.05392371749877922,0.03087012101293718,2,0.3721761107444763,0.6000000238418579,0.0,0.40249261260032654,0.5975073575973511,0.011308984830975533,0.9456483125686646,0.023925114423036575,0.019117582589387894,0.0,0.007397398352622986,0.9483040571212769,0.024983428418636322,0.01931510679423809,0.0
mbj_bandgap::test::000464::JVASP-38173,4.65,4.738985061645508,4.968202939981248,4.968202939981248,0.639974057674408,True,1.0,True,0.08898506164550746,0.3182029399812478,2,1.0,0.6000000238418579,0.0,0.40041884779930115,0.5995811223983765,0.015992512926459312,0.932937741279602,0.015646208077669144,0.03542356193065643,0.0,0.01327073760330677,0.937359631061554,0.02007601037621498,0.029293587431311607,0.0
mbj_bandgap::test::000465::JVASP-25815,6.396,6.457766056060791,6.460994840951845,6.460994840951845,0.5616277456283569,True,1.0,True,0.06176605606079111,0.06499484095184549,2,0.0629575327038765,0.6000000238418579,0.0,0.4000677466392517,0.5999321937561035,0.0246577225625515,0.7908731698989868,0.15246064960956573,0.03200851008296013,0.0,0.026882385835051537,0.8048895001411438,0.14154759049415588,0.026680579409003258,0.0
mbj_bandgap::test::000466::JVASP-32381,3.465,3.1050586700439453,3.360861300362205,3.360861300362205,0.6649516820907593,True,1.0,True,0.35994132995605455,0.10413869963779465,2,1.0,0.6000000238418579,0.0,0.4116953909397125,0.5883045792579651,0.007469497621059418,0.9330035448074341,0.028476620092988014,0.031050343066453934,0.0,0.006660390645265579,0.9442079663276672,0.03052077628672123,0.018610842525959015,0.0
mbj_bandgap::test::000467::JVASP-51127,0.0,0.00355882802978158,-0.008741512504306881,0.00355882802978158,0.35538581013679504,False,1.0,True,0.00355882802978158,0.00355882802978158,1,0.9876759052276611,0.6000000238418579,0.0,0.5528119802474976,0.44718798995018005,0.4097343385219574,0.21848371624946594,0.35339057445526123,0.018391363322734833,0.0,0.3951197564601898,0.23882147669792175,0.3469783365726471,0.01908041164278984,0.0
mbj_bandgap::test::000468::JVASP-5215,1.389,1.1241146326065063,1.5890198759116498,1.5890198759116498,0.7205478549003601,True,1.0,True,0.26488536739349366,0.20001987591164982,2,1.0,0.6000000238418579,0.0,0.45562610030174255,0.5443738698959351,0.05977495759725571,0.8969640731811523,0.03494875878095627,0.008312244899570942,0.0,0.06239193677902222,0.8942345380783081,0.032024163752794266,0.011349337175488472,0.0
mbj_bandgap::test::000469::JVASP-3543,4.994,4.816595554351807,5.154831349203251,5.154831349203251,0.6715170741081238,True,1.0,True,0.17740444564819313,0.16083134920325115,2,1.0,0.6000000238418579,0.0,0.40029460191726685,0.5997053980827332,0.027553776279091835,0.849068284034729,0.11670020967721939,0.0066777803003787994,0.0,0.03063276968896389,0.8600596189498901,0.10155142843723297,0.007756146136671305,0.0
mbj_bandgap::test::000470::JVASP-76204,0.0,6.933372060302645e-05,-0.005632909806619924,6.933372060302645e-05,0.3733888864517212,False,1.0,True,6.933372060302645e-05,6.933372060302645e-05,1,0.7849589586257935,0.5,0.0,0.5179396867752075,0.48206034302711487,0.4629136025905609,0.29511645436286926,0.21861228346824646,0.023357700556516647,0.0,0.48587268590927124,0.31157180666923523,0.18177245557308197,0.020783059298992157,0.0
mbj_bandgap::test::000471::JVASP-108840,0.0,-0.006316946353763342,-0.1015501407569674,-0.006316946353763342,0.4222961664199829,False,1.0,True,0.006316946353763342,0.006316946353763342,1,1.0,0.6000000238418579,0.0,0.5549155473709106,0.44508451223373413,0.010731833986938,0.9367109537124634,0.030081400647759438,0.02247585915029049,0.0,0.01149823609739542,0.9381719827651978,0.029885565862059593,0.020444218069314957,0.0
mbj_bandgap::test::000472::JVASP-18347,0.0,0.00200398126617074,-0.021908956729577822,0.00200398126617074,0.4279222786426544,False,1.0,True,0.00200398126617074,0.00200398126617074,1,0.9779070615768433,0.800000011920929,0.0,0.5906871557235718,0.40931281447410583,0.05140811949968338,0.8267496228218079,0.07910554111003876,0.0427367128431797,0.0,0.05519456788897514,0.8380423784255981,0.07186207175254822,0.034901030361652374,0.0
mbj_bandgap::test::000473::JVASP-106963,0.0,0.0003397003747522831,-0.0020146010231858026,0.0003397003747522831,0.3879585564136505,False,1.0,True,0.0003397003747522831,0.0003397003747522831,1,0.699674665927887,0.6000000238418579,0.0,0.5294177532196045,0.47058218717575073,0.38202252984046936,0.4508730471134186,0.15869760513305664,0.008406830951571465,0.0,0.35742729902267456,0.4546717703342438,0.17939342558383942,0.008507529273629189,0.0
mbj_bandgap::test::000474::JVASP-25076,0.0,-0.0008502467535436153,-0.007372439351646398,-0.0008502467535436153,0.35512158274650574,False,1.0,True,0.0008502467535436153,0.0008502467535436153,1,0.8870330452919006,0.5,0.0,0.5025873780250549,0.4974125921726227,0.37614354491233826,0.29998713731765747,0.2957858145236969,0.028083477169275284,0.0,0.37060344219207764,0.30731484293937683,0.30272525548934937,0.019356481730937958,0.0
mbj_bandgap::test::000475::JVASP-33304,0.646,0.9583091139793396,0.7955261215359266,0.7955261215359266,0.5207123756408691,True,1.0,True,0.3123091139793396,0.1495261215359266,2,0.9179218411445618,0.6000000238418579,0.0,0.47077512741088867,0.5292248129844666,0.008730566129088402,0.9437071084976196,0.018054412677884102,0.029507914558053017,0.0,0.0067405737936496735,0.9372170567512512,0.019775183871388435,0.03626729175448418,0.0
mbj_bandgap::test::000476::JVASP-109272,0.0,-0.0006496175192296505,-0.005217674107141024,-0.0006496175192296505,0.36520150303840637,False,1.0,True,0.0006496175192296505,0.0006496175192296505,1,0.847143292427063,0.5,0.0,0.5222423672676086,0.47775763273239136,0.4516703188419342,0.3311346471309662,0.1882936954498291,0.02890133298933506,0.0,0.46807003021240234,0.32146328687667847,0.18723411858081818,0.023232564330101013,0.0
mbj_bandgap::test::000477::JVASP-110229,5.649,7.635803699493408,5.022650100852714,5.022650100852714,0.8912714123725891,True,1.0,True,1.9868036994934082,0.6263498991472858,2,1.0,0.6000000238418579,0.0,0.39994922280311584,0.6000508069992065,0.12345057725906372,0.6729401350021362,0.16888496279716492,0.03472433239221573,0.0,0.1372261941432953,0.6370682716369629,0.18697765469551086,0.03872792422771454,0.0
mbj_bandgap::test::000478::JVASP-8260,0.0,-0.010498211719095707,-0.02732473891492384,-0.010498211719095707,0.4068991243839264,False,1.0,True,0.010498211719095707,0.010498211719095707,1,0.9246668815612793,0.6000000238418579,0.0,0.5966812372207642,0.4033187925815582,0.04628550633788109,0.7924037575721741,0.11820989847183228,0.04310086742043495,0.0,0.04395361617207527,0.8402024507522583,0.07170350104570389,0.04414033144712448,0.0
mbj_bandgap::test::000479::JVASP-1345,2.545,2.44399356842041,2.312038736135807,2.312038736135807,0.5697636008262634,True,1.0,True,0.10100643157958977,0.23296126386419314,2,1.0,0.6000000238418579,0.0,0.4315057694911957,0.5684942007064819,0.023335421457886696,0.9371563792228699,0.03567802160978317,0.0038301434833556414,0.0,0.023736320436000824,0.9369648694992065,0.034888021647930145,0.004410731606185436,0.0
mbj_bandgap::test::000480::JVASP-67583,0.0,-0.002172039356082678,-0.020183141925707117,-0.002172039356082678,0.3561405837535858,False,1.0,True,0.002172039356082678,0.002172039356082678,1,0.9633219838142395,0.5,0.0,0.531532347202301,0.468467652797699,0.39626821875572205,0.3692614436149597,0.21263162791728973,0.021838700398802757,0.0,0.4261859357357025,0.3483212888240814,0.209376722574234,0.016115989536046982,0.0
mbj_bandgap::test::000481::JVASP-52548,4.287,4.349915504455566,4.258324605870303,4.258324605870303,0.5311473608016968,True,1.0,True,0.06291550445556648,0.028675394129696663,2,1.0,0.6000000238418579,0.0,0.4007577896118164,0.5992422103881836,0.017921164631843567,0.8580607175827026,0.09725771844387054,0.026760384440422058,0.0,0.015475262887775898,0.8682541847229004,0.09150846302509308,0.02476215921342373,0.0
mbj_bandgap::test::000482::JVASP-104738,0.0,0.0005000368691980839,-0.0013543163313666229,0.0005000368691980839,0.3898712992668152,False,1.0,True,0.0005000368691980839,0.0005000368691980839,1,0.5903486609458923,0.6000000238418579,0.0,0.5277837514877319,0.4722162187099457,0.5013530850410461,0.31383249163627625,0.1550959348678589,0.029718497768044472,0.0,0.46507224440574646,0.347176194190979,0.16286852955818176,0.024883029982447624,0.0
mbj_bandgap::test::000483::JVASP-101655,0.0,0.011464192532002926,-0.07957666123088214,0.011464192532002926,0.4100484251976013,False,1.0,True,0.011464192532002926,0.011464192532002926,1,1.0,0.5,0.0,0.5990394353866577,0.4009605944156647,0.017669962719082832,0.866805374622345,0.026714812964200974,0.08880981802940369,0.0,0.013928641565144062,0.8734857439994812,0.024016477167606354,0.08856914937496185,0.0
mbj_bandgap::test::000484::JVASP-15563,0.01,0.0030136839486658573,-0.010949802753857596,0.0030136839486658573,0.3880942761898041,False,1.0,True,0.006986316051334143,0.006986316051334143,1,0.9465535879135132,0.5,0.0,0.5923069715499878,0.4076929986476898,0.10241546481847763,0.7766415476799011,0.07781857997179031,0.04312441498041153,0.0,0.11227884143590927,0.7995280027389526,0.06198377162218094,0.026209454983472824,0.0
mbj_bandgap::test::000485::JVASP-14949,0.0,0.0005460516549646854,-0.0034883514984890953,0.0005460516549646854,0.3789404332637787,False,1.0,True,0.0005460516549646854,0.0005460516549646854,1,0.844010591506958,0.699999988079071,0.0,0.5395105481147766,0.4604894518852234,0.36321958899497986,0.4310339391231537,0.15766538679599762,0.048081062734127045,0.0,0.34323349595069885,0.47387075424194336,0.13536523282527924,0.04753052070736885,0.0
mbj_bandgap::test::000486::JVASP-98414,0.357,3.352525234222412,1.0838167611752128,1.0838167611752128,0.8907704949378967,True,1.0,True,2.995525234222412,0.7268167611752128,2,1.0,0.6000000238418579,0.0,0.42185282707214355,0.5781472325325012,0.01520250178873539,0.9203609228134155,0.01892692968249321,0.04550958797335625,0.0,0.010858947411179543,0.9458559155464172,0.018748031929135323,0.02453712187707424,0.0
mbj_bandgap::test::000487::JVASP-2460,6.152,6.434659004211426,6.374229676475325,6.374229676475325,0.4985116720199585,True,1.0,True,0.28265900421142565,0.2222296764753251,2,0.8487259149551392,0.6000000238418579,0.0,0.4001927375793457,0.5998072624206543,0.037869807332754135,0.6938443183898926,0.24388793110847473,0.02439793571829796,0.0,0.04208839684724808,0.7205019593238831,0.21862611174583435,0.0187835730612278,0.0
mbj_bandgap::test::000488::JVASP-19673,0.0,0.00045521417632699013,0.001247839684372387,0.00045521417632699013,0.4368321895599365,False,1.0,True,0.00045521417632699013,0.00045521417632699013,1,0.31477823853492737,0.699999988079071,0.0,0.5028132200241089,0.4971868097782135,0.7654463052749634,0.12207301706075668,0.10435323417186737,0.008127514272928238,0.0,0.7854090929031372,0.1383693814277649,0.06960417330265045,0.006617396138608456,0.0
mbj_bandgap::test::000489::JVASP-13418,3.446,3.445079803466797,3.340304518200482,3.340304518200482,0.5808933973312378,True,1.0,True,0.0009201965332032991,0.10569548179951838,2,0.9282167553901672,0.6000000238418579,0.0,0.4008720815181732,0.5991278886795044,0.016175981611013412,0.961192786693573,0.008770868182182312,0.01386033184826374,0.0,0.008683567866683006,0.9769366383552551,0.007850383408367634,0.006529449485242367,0.0
mbj_bandgap::test::000490::JVASP-118938,0.0,1.0430899858474731,0.3630301720833303,0.3630301720833303,0.6217297911643982,True,1.0,True,1.0430899858474731,0.3630301720833303,2,1.0,0.6000000238418579,0.0,0.4915398061275482,0.5084601640701294,0.26512041687965393,0.705220639705658,0.01699541136622429,0.012663575820624828,0.0,0.31396135687828064,0.6567811965942383,0.016154691576957703,0.013102765195071697,0.0
mbj_bandgap::test::000491::JVASP-12764,5.463,5.273555278778076,5.314035642293207,5.314035642293207,0.5672054290771484,True,1.0,True,0.1894447212219239,0.1489643577067934,2,0.4310629665851593,0.6000000238418579,0.0,0.40024805068969727,0.5997519493103027,0.027123505249619484,0.814660906791687,0.15146735310554504,0.006748279090970755,0.0,0.032262109220027924,0.8365381956100464,0.12369874864816666,0.007500890642404556,0.0
mbj_bandgap::test::000492::JVASP-48537,0.0,3.1146414279937744,0.5662277936933474,0.5662277936933475,0.9056441187858582,True,1.0,True,3.1146414279937744,0.5662277936933475,2,1.0,0.6000000238418579,0.0,0.4095662534236908,0.5904337167739868,0.01922793872654438,0.8870029449462891,0.05970907211303711,0.03406001627445221,0.0,0.015486938878893852,0.89788419008255,0.052128177136182785,0.03450075536966324,0.0
mbj_bandgap::test::000493::JVASP-24629,2.654,2.687584161758423,3.1066113470934287,3.1066113470934287,0.738182008266449,True,1.0,True,0.03358416175842294,0.45261134709342876,2,1.0,0.6000000238418579,0.0,0.4175189435482025,0.5824810862541199,0.02550654113292694,0.9433203935623169,0.027060959488153458,0.004112188704311848,0.0,0.02544858679175377,0.943433403968811,0.025124967098236084,0.005993021186441183,0.0
mbj_bandgap::test::000494::JVASP-39852,0.0,-0.002024219837039709,-0.002394573272866829,-0.002024219837039709,0.4131738245487213,False,1.0,True,0.002024219837039709,0.002024219837039709,1,0.2998514175415039,0.6000000238418579,0.0,0.5235639214515686,0.4764360785484314,0.49274230003356934,0.26975899934768677,0.2308451235294342,0.0066536045633256435,0.0,0.5363479852676392,0.2851874530315399,0.17338059842586517,0.005083947442471981,0.0
mbj_bandgap::test::000495::JVASP-1843,2.203,2.3392839431762695,2.3616065745434964,2.3616065745434964,0.5949342846870422,True,1.0,True,0.13628394317626968,0.15860657454349658,2,0.3041231334209442,0.6000000238418579,0.0,0.4464634954929352,0.5535365343093872,0.03728023171424866,0.8907569050788879,0.044906094670295715,0.027056753635406494,0.0,0.03775537386536598,0.8959997892379761,0.03702405095100403,0.029220715165138245,0.0
mbj_bandgap::test::000496::JVASP-1372,2.276,2.671586513519287,2.7762944212872918,2.7762944212872918,0.6189893484115601,True,1.0,True,0.3955865135192873,0.500294421287292,2,0.6821244359016418,0.6000000238418579,0.0,0.42305469512939453,0.5769453048706055,0.030594218522310257,0.9320358037948608,0.020157581195235252,0.01721237041056156,0.0,0.02328135445713997,0.942579448223114,0.018529610708355904,0.01560954749584198,0.0
mbj_bandgap::test::000497::JVASP-51140,0.0,0.001443339977413416,-0.00599882462232173,0.001443339977413416,0.3564257025718689,False,1.0,True,0.001443339977413416,0.001443339977413416,1,0.8589232563972473,0.5,0.0,0.5238794088363647,0.47612062096595764,0.3846096992492676,0.3495068848133087,0.24976392090320587,0.016119476407766342,0.0,0.41719692945480347,0.3253635764122009,0.23987750709056854,0.01756194233894348,0.0
mbj_bandgap::test::000498::JVASP-9606,5.651,5.091246128082275,5.109830661607154,5.109830661607154,0.5878629088401794,True,1.0,True,0.5597538719177244,0.5411693383928462,2,0.11723353713750839,0.6000000238418579,0.0,0.4000057280063629,0.5999943017959595,0.010997938923537731,0.9358619451522827,0.023287586867809296,0.029852604493498802,0.0,0.008526383899152279,0.9370535016059875,0.02831318974494934,0.02610696479678154,0.0
mbj_bandgap::test::000499::JVASP-112710,4.218,7.387628555297852,5.45989059681324,5.45989059681324,0.8354570865631104,True,1.0,True,3.1696285552978516,1.2418905968132403,2,1.0,0.6000000238418579,0.0,0.4000062942504883,0.5999937057495117,0.016599707305431366,0.9178184270858765,0.031392063945531845,0.034189727157354355,0.0,0.015013459138572216,0.9245733022689819,0.0336347296833992,0.026778563857078552,0.0
mbj_bandgap::test::000500::JVASP-66446,0.0,0.0019874111749231815,-0.00996315762593598,0.0019874111749231815,0.34433865547180176,False,1.0,True,0.0019874111749231815,0.0019874111749231815,1,0.9157989025115967,0.5,0.0,0.5438294410705566,0.45617061853408813,0.3655272126197815,0.25912755727767944,0.29171761870384216,0.08362764120101929,0.0,0.36866098642349243,0.2724754214286804,0.27312955260276794,0.0857340544462204,0.0
mbj_bandgap::test::000501::JVASP-35981,0.0,-0.006484077777713537,-0.00720066155476271,-0.006484077777713537,0.3957045376300812,False,1.0,True,0.006484077777713537,0.006484077777713537,1,0.366006076335907,0.6000000238418579,0.0,0.5736174583435059,0.4263826012611389,0.32550519704818726,0.29034218192100525,0.37571707367897034,0.008435562252998352,0.0,0.3464638292789459,0.27012985944747925,0.37613749504089355,0.007268787361681461,0.0
mbj_bandgap::test::000502::JVASP-36619,1.75,1.8427445888519287,1.3749389061474506,1.3749389061474506,0.6139692664146423,True,1.0,True,0.09274458885192871,0.3750610938525494,2,1.0,0.6000000238418579,0.0,0.44611772894859314,0.5538822412490845,0.04486865550279617,0.7020531892776489,0.1902817338705063,0.06279639899730682,0.0,0.03950771316885948,0.7234212160110474,0.16644181311130524,0.07062926143407822,0.0
mbj_bandgap::test::000503::JVASP-11433,2.173,2.2756502628326416,2.2092537901332205,2.2092537901332205,0.5572898387908936,True,1.0,True,0.10265026283264156,0.0362537901332205,2,1.0,0.6000000238418579,0.0,0.443838506937027,0.5561615228652954,0.0279342383146286,0.9162113070487976,0.041954126209020615,0.013900423422455788,0.0,0.02584962546825409,0.9220746755599976,0.03443000465631485,0.0176456980407238,0.0
mbj_bandgap::test::000504::JVASP-106839,1.066,1.746760368347168,1.766957810368163,1.766957810368163,0.5779560208320618,True,1.0,True,0.6807603683471679,0.7009578103681628,2,0.5400373935699463,0.6000000238418579,0.0,0.4515228867530823,0.5484771132469177,0.024487832561135292,0.9277274012565613,0.04276711121201515,0.00501760421320796,0.0,0.02454957365989685,0.928116500377655,0.04012791067361832,0.007206033915281296,0.0
mbj_bandgap::test::000505::JVASP-17853,0.0,2.5765182272152742e-06,-0.006747038417026086,2.5765182272152742e-06,0.3905027210712433,False,1.0,True,2.5765182272152742e-06,2.5765182272152742e-06,1,0.8634984493255615,0.5,0.0,0.5652753114700317,0.4347246587276459,0.08095617592334747,0.6850031614303589,0.18241117894649506,0.051629435271024704,0.0,0.07457239180803299,0.7271955609321594,0.15075646340847015,0.04747559875249863,0.0
mbj_bandgap::test::000506::JVASP-17969,0.0,0.000516845379024744,-0.010589587369068365,0.000516845379024744,0.37487709522247314,False,1.0,True,0.000516845379024744,0.000516845379024744,1,0.8918127417564392,0.5,0.0,0.5377028584480286,0.4622970521450043,0.16235987842082977,0.6763466596603394,0.1477520614862442,0.013541469350457191,0.0,0.15815040469169617,0.6905989646911621,0.13973353803157806,0.011517094448208809,0.0
mbj_bandgap::test::000507::JVASP-7648,3.616,3.613449811935425,3.5446560153446485,3.5446560153446485,0.559977114200592,True,1.0,True,0.0025501880645752983,0.07134398465535163,2,0.8623815774917603,0.6000000238418579,0.0,0.4010339677333832,0.5989660024642944,0.016894888132810593,0.9474978446960449,0.028470491990447044,0.007136753294616938,0.0,0.014216849580407143,0.9480921626091003,0.030289405956864357,0.007401611655950546,0.0
mbj_bandgap::test::000508::JVASP-64463,0.0,0.0015066401101648808,-0.002373666747657688,0.0015066401101648808,0.3553124964237213,False,1.0,True,0.0015066401101648808,0.0015066401101648808,1,0.907325804233551,0.5,0.0,0.5275217294692993,0.47247830033302307,0.46164003014564514,0.23628249764442444,0.2730651795864105,0.02901238203048706,0.0,0.48057326674461365,0.22775843739509583,0.2688533663749695,0.022814851254224777,0.0
mbj_bandgap::test::000509::JVASP-19359,0.105,0.5798487663269043,0.2522360434190528,0.2522360434190528,0.545914351940155,True,1.0,True,0.4748487663269043,0.14723604341905283,1,1.0,0.699999988079071,0.0,0.6039178967475891,0.39608216285705566,0.013362492434680462,0.9283677935600281,0.04258287325501442,0.01568678580224514,0.0,0.010563346557319164,0.9305068254470825,0.04177258163690567,0.01715722307562828,0.0
mbj_bandgap::test::000510::JVASP-81757,0.0,0.002369238529354334,-0.010432321656146626,0.002369238529354334,0.38913774490356445,False,1.0,True,0.002369238529354334,0.002369238529354334,1,0.7971073985099792,0.6000000238418579,0.0,0.5270755290985107,0.47292447090148926,0.5744696259498596,0.28156083822250366,0.12855656445026398,0.015412973240017891,0.0,0.569015383720398,0.30541765689849854,0.11325298249721527,0.012313952669501305,0.0
mbj_bandgap::test::000511::JVASP-64205,0.0,-0.0013663037680089474,-0.00920697024453172,-0.0013663037680089474,0.35646674036979675,False,1.0,True,0.0013663037680089474,0.0013663037680089474,1,0.8897542357444763,0.5,0.0,0.5240419507026672,0.47595804929733276,0.5200298428535461,0.25456473231315613,0.15596839785575867,0.06943701207637787,0.0,0.5361198782920837,0.2640886604785919,0.13366730511188507,0.06612416356801987,0.0
mbj_bandgap::test::000512::JVASP-44052,4.134,3.923732042312622,3.994235506948525,3.994235506948525,0.576447069644928,True,1.0,True,0.21026795768737827,0.1397644930514752,2,0.7208497524261475,0.6000000238418579,0.0,0.40133604407310486,0.5986639857292175,0.01459802221506834,0.9097199440002441,0.042578719556331635,0.033103324472904205,0.0,0.012104160152375698,0.9191439747810364,0.04276842623949051,0.025983473286032677,0.0
mbj_bandgap::test::000513::JVASP-11114,1.866,1.3035943508148193,1.6651924322223763,1.6651924322223763,0.6964232325553894,True,1.0,True,0.5624056491851808,0.20080756777762376,2,1.0,0.6000000238418579,0.0,0.44765520095825195,0.5523448586463928,0.02167505957186222,0.9367175102233887,0.030210301280021667,0.011397123336791992,0.0,0.02074403688311577,0.9413521885871887,0.027460118755698204,0.01044368650764227,0.0
mbj_bandgap::test::000514::JVASP-14498,0.0,0.003504945430904627,0.0017921122872574635,0.003504945430904627,0.4025997221469879,False,1.0,True,0.003504945430904627,0.003504945430904627,1,0.33454257249832153,0.5,0.0,0.5272682905197144,0.47273173928260803,0.4643124043941498,0.4166354238986969,0.10064206272363663,0.01841011643409729,0.0,0.45124226808547974,0.4378882050514221,0.09328550100326538,0.01758398860692978,0.0
mbj_bandgap::test::000515::JVASP-4355,0.0,-0.001700566615909338,-0.0015101034175077244,-0.001700566615909338,0.4254075586795807,False,1.0,True,0.001700566615909338,0.001700566615909338,1,0.19728128612041473,0.699999988079071,0.0,0.5105599164962769,0.48944005370140076,0.6261826753616333,0.20373979210853577,0.1628924161195755,0.007185050752013922,0.0,0.6334658861160278,0.20842091739177704,0.15219362080097198,0.005919531919062138,0.0
mbj_bandgap::test::000516::JVASP-40579,0.0,-0.00016455490549560636,-0.0007808607471313511,-0.00016455490549560636,0.41303595900535583,False,1.0,True,0.00016455490549560636,0.00016455490549560636,1,0.22095312178134918,0.6000000238418579,0.0,0.5102148652076721,0.4897851347923279,0.49953779578208923,0.1897502988576889,0.2752143442630768,0.03549760580062866,0.0,0.47792553901672363,0.20407256484031677,0.28840193152427673,0.029599914327263832,0.0
mbj_bandgap::test::000517::JVASP-46959,0.0,0.008455588482320309,-0.09965021654999433,0.008455588482320309,0.4262198805809021,False,1.0,True,0.008455588482320309,0.008455588482320309,1,1.0,0.6000000238418579,0.0,0.5467923283576965,0.4532076418399811,0.01662834733724594,0.867958664894104,0.10091452300548553,0.01449844054877758,0.0,0.017045777291059494,0.8757612109184265,0.08864133059978485,0.018551675602793694,0.0
mbj_bandgap::test::000518::JVASP-68760,0.0,-0.00198011239990592,-0.008001604348765689,-0.00198011239990592,0.38574856519699097,False,1.0,True,0.00198011239990592,0.00198011239990592,1,0.8296133279800415,0.699999988079071,0.0,0.5126858949661255,0.48731404542922974,0.5322068929672241,0.3111102879047394,0.1193866953253746,0.03729614242911339,0.0,0.5686744451522827,0.29563331604003906,0.10046553611755371,0.0352267250418663,0.0
mbj_bandgap::test::000519::JVASP-10168,0.569,0.7467396259307861,0.5179214874757914,0.5179214874757914,0.5178477168083191,True,1.0,True,0.17773962593078618,0.051078512524208586,1,1.0,0.5,0.0,0.6115643382072449,0.38843563199043274,0.012622945010662079,0.9016753435134888,0.07020864635705948,0.015493074432015419,0.0,0.013194012455642223,0.904998779296875,0.0638442113995552,0.017963051795959473,0.0
mbj_bandgap::test::000520::JVASP-107298,0.0,0.0030077234841883183,0.002800963018532876,0.0030077234841883183,0.43625468015670776,False,1.0,True,0.0030077234841883183,0.0030077234841883183,1,0.19021563231945038,0.800000011920929,0.0,0.5172719955444336,0.4827280044555664,0.5131021738052368,0.24213476479053497,0.20453552901744843,0.04022753983736038,0.0,0.5357469320297241,0.24353353679180145,0.1858086884021759,0.03491085022687912,0.0
mbj_bandgap::test::000521::JVASP-56206,0.0,-0.001314686145633459,-0.003428235027929194,-0.001314686145633459,0.39466360211372375,False,1.0,True,0.001314686145633459,0.001314686145633459,1,0.8535546660423279,0.699999988079071,0.0,0.5637796521186829,0.43622034788131714,0.1854632943868637,0.6015822291374207,0.16799089312553406,0.04496356099843979,0.0,0.16231976449489594,0.6313176155090332,0.16108925640583038,0.04527335613965988,0.0
mbj_bandgap::test::000522::JVASP-99584,0.0,0.0027099386788904667,-0.030820114502165798,0.0027099386788904667,0.36347880959510803,False,1.0,True,0.0027099386788904667,0.0027099386788904667,1,1.0,0.5,0.0,0.5273850560188293,0.4726150631904602,0.475395143032074,0.3490549921989441,0.15675003826618195,0.01879977434873581,0.0,0.5184632539749146,0.2918156385421753,0.17064827680587769,0.019072819501161575,0.0
mbj_bandgap::test::000523::JVASP-9226,4.254,4.306857585906982,4.188543937325765,4.188543937325765,0.5471818447113037,True,1.0,True,0.05285758590698286,0.06545606267423487,2,0.9572474956512451,0.6000000238418579,0.0,0.40007081627845764,0.5999292135238647,0.01885370723903179,0.866390585899353,0.06980827450752258,0.044947415590286255,0.0,0.016739828512072563,0.8810359239578247,0.07009164988994598,0.032132670283317566,0.0
mbj_bandgap::test::000524::JVASP-57282,1.858,2.0692901611328125,2.12779578924122,2.12779578924122,0.5685104131698608,True,1.0,True,0.2112901611328124,0.2697957892412197,2,0.8745574355125427,0.6000000238418579,0.0,0.4491032660007477,0.5508967638015747,0.01796114258468151,0.9120224714279175,0.030286233872175217,0.03973015025258064,0.0,0.013827604241669178,0.9008861780166626,0.030848508700728416,0.054437775164842606,0.0
mbj_bandgap::test::000525::JVASP-106499,0.0,0.0003715292550623417,-0.0005100368525208677,0.0003715292550623417,0.40914198756217957,False,1.0,True,0.0003715292550623417,0.0003715292550623417,1,0.282980352640152,0.6000000238418579,0.0,0.5295480489730835,0.4704519212245941,0.48539385199546814,0.3060016334056854,0.19472946226596832,0.013875034637749195,0.0,0.5063899755477905,0.3000275492668152,0.18211916089057922,0.011463247239589691,0.0
mbj_bandgap::test::000526::JVASP-52481,1.892,2.994264602661133,2.4953086121334973,2.4953086121334973,0.6382996439933777,True,1.0,True,1.102264602661133,0.6033086121334974,2,1.0,0.6000000238418579,0.0,0.41451358795166016,0.5854864120483398,0.009710215963423252,0.9022853970527649,0.05139179155230522,0.03661258891224861,0.0,0.0063010030426084995,0.8938431739807129,0.05652936175465584,0.043326426297426224,0.0
mbj_bandgap::test::000527::JVASP-107050,0.0,0.02524895779788494,-1.1773803049885955e-05,0.02524895779788494,0.443530797958374,False,1.0,True,0.02524895779788494,0.02524895779788494,1,0.8394484519958496,0.800000011920929,0.0,0.6212813854217529,0.37871861457824707,0.05827854946255684,0.8701057434082031,0.05881088972091675,0.01280493475496769,0.0,0.050184864550828934,0.8878335952758789,0.04802323132753372,0.013958279974758625,0.0
mbj_bandgap::test::000528::JVASP-66845,0.0,-0.001365946140140295,-0.005551109297157209,-0.001365946140140295,0.38152849674224854,False,1.0,True,0.001365946140140295,0.001365946140140295,1,0.8677931427955627,0.699999988079071,0.0,0.5287481546401978,0.47125187516212463,0.29836755990982056,0.457582950592041,0.2342406064271927,0.009808917529881,0.0,0.3042698800563812,0.47051072120666504,0.21781282126903534,0.007406549993902445,0.0
mbj_bandgap::test::000529::JVASP-36854,0.0,-0.0010431273840367794,-0.01070405486272714,-0.0010431273840367794,0.39257729053497314,False,1.0,True,0.0010431273840367794,0.0010431273840367794,1,0.8816753625869751,0.6000000238418579,0.0,0.5391737222671509,0.46082624793052673,0.038506828248500824,0.7558736801147461,0.08653663098812103,0.1190827488899231,0.0,0.04034534841775894,0.7465008497238159,0.07096843421459198,0.14218533039093018,0.0
mbj_bandgap::test::000530::JVASP-13364,2.829,3.794773578643799,3.2952229519451577,3.2952229519451577,0.643126904964447,True,1.0,True,0.9657735786437986,0.4662229519451575,2,1.0,0.6000000238418579,0.0,0.4024762511253357,0.5975237488746643,0.014771146699786186,0.9540780782699585,0.01804381050169468,0.013106947764754295,0.0,0.012181071564555168,0.959337055683136,0.01980867236852646,0.008673159405589104,0.0
mbj_bandgap::test::000531::JVASP-17266,0.0,-7.860500772949308e-05,-0.0015317258639644172,-7.860500772949308e-05,0.41015636920928955,False,1.0,True,7.860500772949308e-05,7.860500772949308e-05,1,0.60941082239151,0.699999988079071,0.0,0.5358943939208984,0.46410560607910156,0.3834131360054016,0.49643152952194214,0.07820810377597809,0.04194725304841995,0.0,0.3881438374519348,0.5172642469406128,0.05960579961538315,0.03498605266213417,0.0
mbj_bandgap::test::000532::JVASP-9093,3.157,3.1573410034179688,3.291262102786289,3.291262102786289,0.610487163066864,True,1.0,True,0.0003410034179687216,0.13426210278628892,2,0.8887677788734436,0.6000000238418579,0.0,0.4022822976112366,0.5977177023887634,0.048472680151462555,0.8978078961372375,0.04875386506319046,0.004965566098690033,0.0,0.04646901786327362,0.9066036343574524,0.041372861713171005,0.0055545177310705185,0.0
mbj_bandgap::test::000533::JVASP-8693,2.104,2.254204034805298,2.262303561895045,2.262303561895045,0.5985797047615051,True,1.0,True,0.15020403480529776,0.1583035618950448,2,0.2093781679868698,0.6000000238418579,0.0,0.43616238236427307,0.5638376474380493,0.041386839002370834,0.9265473484992981,0.02008005604147911,0.011985694989562035,0.0,0.03931327164173126,0.9264644384384155,0.022208375856280327,0.012013906612992287,0.0
mbj_bandgap::test::000534::JVASP-34258,6.16,6.24561882019043,5.963969060656945,5.963969060656945,0.5679206252098083,True,1.0,True,0.08561882019042955,0.19603093934305527,2,0.9704129099845886,0.6000000238418579,0.0,0.40000373125076294,0.5999963283538818,0.03256310895085335,0.9420896768569946,0.02190195955336094,0.003445243462920189,0.0,0.031378693878650665,0.9397339820861816,0.024870505556464195,0.004016822669655085,0.0
mbj_bandgap::test::000535::JVASP-114308,0.0,-0.0008668168447911739,-0.10050225621338368,-0.0008668168447911739,0.41419878602027893,False,1.0,True,0.0008668168447911739,0.0008668168447911739,1,1.0,0.6000000238418579,0.0,0.5772537589073181,0.42274612188339233,0.1285473257303238,0.810279369354248,0.04341675341129303,0.017756566405296326,0.0,0.11803833395242691,0.8244754076004028,0.04235735535621643,0.015128931030631065,0.0
mbj_bandgap::test::000536::JVASP-64383,0.0,0.005391313228756189,0.0001512068660269428,0.005391313228756189,0.3642503321170807,False,1.0,True,0.005391313228756189,0.005391313228756189,1,0.9298522472381592,0.6000000238418579,0.0,0.5158313512802124,0.4841686189174652,0.5104988813400269,0.20867013931274414,0.25110307335853577,0.029727881774306297,0.0,0.5358547568321228,0.19096340239048004,0.24632923305034637,0.026852553710341454,0.0
mbj_bandgap::test::000537::JVASP-38679,0.0,-0.000740335788577795,-0.013001350713068894,-0.000740335788577795,0.36895471811294556,False,1.0,True,0.000740335788577795,0.000740335788577795,1,0.8922008872032166,0.6000000238418579,0.0,0.5204494595527649,0.4795505404472351,0.34574729204177856,0.45589905977249146,0.16882756352424622,0.029526090249419212,0.0,0.36133456230163574,0.4468664228916168,0.16812174022197723,0.023677270859479904,0.0
mbj_bandgap::test::000538::JVASP-35240,0.077,-0.01159124169498682,-0.053483974787870994,-0.01159124169498682,0.3998516798019409,False,1.0,True,0.08859124169498682,0.08859124169498682,1,0.9642335772514343,0.699999988079071,0.0,0.5856770277023315,0.41432294249534607,0.10172484815120697,0.7046507000923157,0.06038030982017517,0.13324406743049622,0.0,0.10311998426914215,0.6878823637962341,0.05865802615880966,0.15033960342407227,0.0
mbj_bandgap::test::000539::JVASP-69305,0.0,-0.003512547817081213,-0.058681906885179956,-0.003512547817081213,0.3540971577167511,False,1.0,True,0.003512547817081213,0.003512547817081213,1,0.990972101688385,0.5,0.0,0.5227569341659546,0.47724300622940063,0.36949771642684937,0.4253849387168884,0.18340948224067688,0.021707888692617416,0.0,0.3783276677131653,0.40577372908592224,0.19918403029441833,0.016714569181203842,0.0
mbj_bandgap::test::000540::JVASP-13037,4.785,3.412510633468628,3.8478809753142493,3.8478809753142493,0.7442377209663391,True,1.0,True,1.3724893665313722,0.9371190246857508,2,1.0,0.6000000238418579,0.0,0.400157630443573,0.599842369556427,0.010613485239446163,0.9610283970832825,0.016490455716848373,0.011867743916809559,0.0,0.008947791531682014,0.9663274884223938,0.015560058876872063,0.009164699353277683,0.0
mbj_bandgap::test::000541::JVASP-15058,0.0,-0.0012827380560338497,-0.005030601312928274,-0.0012827380560338497,0.3995281159877777,False,1.0,True,0.0012827380560338497,0.0012827380560338497,1,0.8003972172737122,0.699999988079071,0.0,0.526325523853302,0.4736745357513428,0.47386980056762695,0.35699766874313354,0.12054866552352905,0.04858388379216194,0.0,0.550483763217926,0.33229804039001465,0.07584641873836517,0.041371773928403854,0.0
mbj_bandgap::test::000542::JVASP-35690,0.0,0.0027672783471643925,0.00031022223424410634,0.0027672783471643925,0.37337425351142883,False,1.0,True,0.0027672783471643925,0.0027672783471643925,1,0.8203771710395813,0.6000000238418579,0.0,0.5246226787567139,0.47537732124328613,0.44559597969055176,0.39512747526168823,0.13706743717193604,0.02220907434821129,0.0,0.4414660334587097,0.3919241428375244,0.14615243673324585,0.020457351580262184,0.0
mbj_bandgap::test::000543::JVASP-52422,0.033,0.005045248661190271,-0.04077181467980111,0.005045248661190271,0.420575886964798,False,1.0,True,0.02795475133880973,0.02795475133880973,1,0.95151287317276,0.6000000238418579,0.0,0.588189959526062,0.4118100702762604,0.019074667245149612,0.8824571371078491,0.05335894972085953,0.045109160244464874,0.0,0.014528127387166023,0.893711268901825,0.041884779930114746,0.04987580329179764,0.0
mbj_bandgap::test::000544::JVASP-41602,4.802,5.444835662841797,4.460799741562847,4.460799741562847,0.7092868089675903,True,1.0,True,0.6428356628417973,0.3412002584371523,2,1.0,0.6000000238418579,0.0,0.4000922739505768,0.5999077558517456,0.02689257264137268,0.8581059575080872,0.08591026067733765,0.029091298580169678,0.0,0.02216244861483574,0.8623335957527161,0.0920102447271347,0.023493658751249313,0.0
mbj_bandgap::test::000545::JVASP-101537,0.0,-0.005373762454837561,-0.050781134407559936,-0.005373762454837561,0.3592371344566345,False,1.0,True,0.005373762454837561,0.005373762454837561,1,0.9966552257537842,0.5,0.0,0.5162525773048401,0.4837474226951599,0.3318026065826416,0.5012275576591492,0.1304590255022049,0.03651084750890732,0.0,0.34145671129226685,0.5021030902862549,0.12116889655590057,0.03527136892080307,0.0
mbj_bandgap::test::000546::JVASP-41451,0.0,-0.002226518001407385,-0.007288824016302242,-0.002226518001407385,0.37679407000541687,False,1.0,True,0.002226518001407385,0.002226518001407385,1,0.8546326160430908,0.6000000238418579,0.0,0.5320049524307251,0.4679950773715973,0.3199513852596283,0.5426779389381409,0.11084122955799103,0.02652948535978794,0.0,0.2964908480644226,0.6035522818565369,0.07841025292873383,0.0215466246008873,0.0
mbj_bandgap::test::000547::JVASP-79665,0.0,0.005210115108639002,-0.018873856850852765,0.005210115108639002,0.38473254442214966,False,1.0,True,0.005210115108639002,0.005210115108639002,1,0.9912432432174683,0.6000000238418579,0.0,0.5269111394882202,0.4730888903141022,0.0370127335190773,0.5990975499153137,0.3088565468788147,0.055033184587955475,0.0,0.029997533187270164,0.5742126107215881,0.3387903571128845,0.056999582797288895,0.0
mbj_bandgap::test::000548::JVASP-72331,0.0,0.0012796656228601933,-0.0010519122798095637,0.0012796656228601933,0.3754884898662567,False,1.0,True,0.0012796656228601933,0.0012796656228601933,1,0.7543536424636841,0.5,0.0,0.5218330025672913,0.4781670570373535,0.4718998968601227,0.28615453839302063,0.2159036099910736,0.026041900739073753,0.0,0.515494167804718,0.30011048913002014,0.1631503403186798,0.021245047450065613,0.0
mbj_bandgap::test::000549::JVASP-110937,0.0,0.00012464683095458895,0.000645530717777909,0.00012464683095458895,0.4249142110347748,False,1.0,True,0.00012464683095458895,0.00012464683095458895,1,0.21547260880470276,0.6000000238418579,0.0,0.5361305475234985,0.46386948227882385,0.31912025809288025,0.49911779165267944,0.16530156135559082,0.016460396349430084,0.0,0.31649577617645264,0.5229659676551819,0.14512869715690613,0.015409521758556366,0.0
mbj_bandgap::test::000550::JVASP-9732,5.876,5.7150044441223145,5.616301714617382,5.616301714617382,0.5399640798568726,True,1.0,True,0.16099555587768588,0.2596982853826182,2,1.0,0.6000000238418579,0.0,0.40006646513938904,0.5999335050582886,0.013412822969257832,0.9281060099601746,0.043672773987054825,0.01480825524777174,0.0,0.009577800519764423,0.9312633275985718,0.04379987716674805,0.015358993783593178,0.0
mbj_bandgap::test::000551::JVASP-100547,5.697,5.452795028686523,6.0052057575762365,6.0052057575762365,0.7814786434173584,True,1.0,True,0.24420497131347663,0.30820575757623647,2,1.0,0.6000000238418579,0.0,0.40000224113464355,0.5999976992607117,0.02224213257431984,0.9294247627258301,0.02780734933912754,0.020525719970464706,0.0,0.01707575097680092,0.9434480667114258,0.0294793751090765,0.009996813721954823,0.0
mbj_bandgap::test::000552::JVASP-78707,7.591,6.051534175872803,7.105339474872271,7.105339474872271,0.9081141948699951,True,1.0,True,1.5394658241271975,0.48566052512772906,2,1.0,0.6000000238418579,0.0,0.39857593178749084,0.6014240980148315,0.04490000754594803,0.8923671841621399,0.038788776844739914,0.023944104090332985,0.0,0.04616429656744003,0.8954240083694458,0.04351595789194107,0.014895858243107796,0.0
mbj_bandgap::test::000553::JVASP-14975,0.712,0.8590527772903442,0.5353466675224631,0.5353466675224631,0.5309229493141174,True,1.0,True,0.14705277729034427,0.1766533324775369,1,1.0,0.6000000238418579,0.0,0.5444415211677551,0.4555584788322449,0.08051259815692902,0.7998711466789246,0.09318041801452637,0.02643578127026558,0.0,0.08735587447881699,0.8187916874885559,0.07403891533613205,0.019813600927591324,0.0
mbj_bandgap::test::000554::JVASP-25664,0.0,-0.045346662402153015,-0.08729556801074792,-0.045346662402153015,0.38461950421333313,False,1.0,True,0.045346662402153015,0.045346662402153015,1,0.9817857146263123,0.6000000238418579,0.0,0.5558794140815735,0.4441205859184265,0.02346641756594181,0.7260925769805908,0.23326468467712402,0.017176300287246704,0.0,0.02918456494808197,0.7353496551513672,0.21952638030052185,0.015939438715577126,0.0
mbj_bandgap::test::000555::JVASP-52274,2.47,2.3415932655334473,2.190332357487545,2.190332357487545,0.5488066673278809,True,1.0,True,0.12840673446655293,0.27966764251245513,2,1.0,0.6000000238418579,0.0,0.4436284899711609,0.5563714504241943,0.01241232082247734,0.8423253893852234,0.1346735954284668,0.01058873999863863,0.0,0.012558902613818645,0.8547493815422058,0.12187240272760391,0.010819293558597565,0.0
mbj_bandgap::test::000556::JVASP-44250,0.0,0.0003245607949793339,-0.08637763101232576,0.0003245607949793339,0.4103694260120392,False,1.0,True,0.0003245607949793339,0.0003245607949793339,1,0.9769683480262756,0.6000000238418579,0.0,0.5728883147239685,0.4271117150783539,0.03625815361738205,0.7446407079696655,0.08124838024377823,0.13785269856452942,0.0,0.03774159401655197,0.7385730147361755,0.07123193889856339,0.15245339274406433,0.0
mbj_bandgap::test::000557::JVASP-17500,0.0,-0.001894043292850256,-0.0006120333264964639,-0.001894043292850256,0.4198853373527527,False,1.0,True,0.001894043292850256,0.001894043292850256,1,0.21983952820301056,0.6000000238418579,0.0,0.5070310831069946,0.49296894669532776,0.5681632161140442,0.21629944443702698,0.17115692794322968,0.044380445033311844,0.0,0.5771963596343994,0.2342197149991989,0.15580517053604126,0.032778698951005936,0.0
mbj_bandgap::test::000558::JVASP-99406,0.0,-0.0003500445745885372,-0.0017514541787495785,-0.0003500445745885372,0.39021995663642883,False,1.0,True,0.0003500445745885372,0.0003500445745885372,1,0.7327597737312317,0.800000011920929,0.0,0.5225156545639038,0.47748440504074097,0.4413488507270813,0.3106308579444885,0.1951816976070404,0.05283857509493828,0.0,0.4165962338447571,0.35977405309677124,0.16976220905780792,0.053867507725954056,0.0
mbj_bandgap::test::000559::JVASP-99576,0.673,0.5440993905067444,0.36340694579790883,0.36340694579790883,0.4846096634864807,True,1.0,True,0.12890060949325566,0.3095930542020912,1,1.0,0.6000000238418579,0.0,0.5523631572723389,0.44763684272766113,0.0435347706079483,0.9040681719779968,0.04582592844963074,0.006571079138666391,0.0,0.03678062558174133,0.9176408052444458,0.03991871699690819,0.005659942049533129,0.0
mbj_bandgap::test::000560::JVASP-36980,3.892,3.2452831268310547,2.8323571592500976,2.8323571592500976,0.6237164735794067,True,1.0,True,0.6467168731689452,1.0596428407499023,2,1.0,0.6000000238418579,0.0,0.4314851760864258,0.5685148239135742,0.007196039892733097,0.9425047039985657,0.039141494780778885,0.011157751083374023,0.0,0.006616652011871338,0.9373652338981628,0.04204895347356796,0.013969202525913715,0.0
mbj_bandgap::test::000561::JVASP-1330,1.777,2.3964109420776367,2.440513820660152,2.440513820660152,0.6167546510696411,True,1.0,True,0.6194109420776368,0.6635138206601521,2,0.3789946734905243,0.6000000238418579,0.0,0.4442319869995117,0.5557679533958435,0.013459327630698681,0.9570730328559875,0.02301691100001335,0.0064507438801229,0.0,0.009695994667708874,0.9532354474067688,0.030126065015792847,0.006942471023648977,0.0
mbj_bandgap::test::000562::JVASP-15834,0.0,1.5964552164077759,0.41914576527113656,0.41914576527113656,0.7599506378173828,True,1.0,True,1.5964552164077759,0.41914576527113656,1,1.0,0.6000000238418579,0.0,0.5334471464157104,0.46655288338661194,0.0982973501086235,0.8353366851806641,0.054141510277986526,0.012224468402564526,0.0,0.0825384333729744,0.8572372198104858,0.04866120219230652,0.01156314741820097,0.0
mbj_bandgap::test::000563::JVASP-79657,1.285,1.487102746963501,1.6087377334839545,1.6087377334839545,0.6050248742103577,True,1.0,True,0.20210274696350106,0.3237377334839546,2,0.8963524699211121,0.6000000238418579,0.0,0.4567810595035553,0.5432189702987671,0.04491717368364334,0.9222854375839233,0.023604191839694977,0.009193111211061478,0.0,0.04487966001033783,0.9197832942008972,0.02332470379769802,0.012012312188744545,0.0
mbj_bandgap::test::000564::JVASP-36111,0.0,-0.0008906587027013302,-0.0015793032154918008,-0.0008906587027013302,0.4302937686443329,False,1.0,True,0.0008906587027013302,0.0008906587027013302,1,0.1600147783756256,0.6000000238418579,0.0,0.5115009546279907,0.4884990155696869,0.6328139901161194,0.24803686141967773,0.09477081149816513,0.024378331378102303,0.0,0.6597316265106201,0.25420624017715454,0.06745504587888718,0.01860710047185421,0.0
mbj_bandgap::test::000565::JVASP-9662,0.0,-0.004582212772220373,-0.07153100423241388,-0.004582212772220373,0.422505259513855,False,1.0,True,0.004582212772220373,0.004582212772220373,1,0.9877109527587891,0.699999988079071,0.0,0.5926636457443237,0.4073363244533539,0.009082992561161518,0.8447632789611816,0.08180610835552216,0.06434758007526398,0.0,0.008600381202995777,0.8425348997116089,0.07349681854248047,0.07536781579256058,0.0
mbj_bandgap::test::000566::JVASP-118851,2.425,2.6048686504364014,2.7173574836439327,2.7173574836439327,0.5721305012702942,True,1.0,True,0.17986865043640154,0.2923574836439329,2,0.9760986566543579,0.6000000238418579,0.0,0.42577823996543884,0.5742217302322388,0.32970675826072693,0.6002647876739502,0.06810441613197327,0.0019240474794059992,0.0,0.335943341255188,0.6025584936141968,0.06008107587695122,0.0014170656213536859,0.0
mbj_bandgap::test::000567::JVASP-7665,1.234,0.5923681259155273,1.1933002128068186,1.1933002128068186,0.7428401112556458,True,1.0,True,0.6416318740844726,0.04069978719318135,2,1.0,0.6000000238418579,0.0,0.4564761519432068,0.5435237884521484,0.03217822685837746,0.9502123594284058,0.01588197983801365,0.0017273833509534597,0.0,0.034195251762866974,0.9471193552017212,0.016890166327357292,0.0017952481284737587,0.0
mbj_bandgap::test::000568::JVASP-38616,0.0,0.001026941929012537,0.00026670198109282064,0.001026941929012537,0.4030645787715912,False,1.0,True,0.001026941929012537,0.001026941929012537,1,0.46767544746398926,0.699999988079071,0.0,0.5165736675262451,0.4834263324737549,0.49990543723106384,0.346736878156662,0.11682412773370743,0.03653356060385704,0.0,0.5306091904640198,0.36130601167678833,0.08048388361930847,0.027600938454270363,0.0
mbj_bandgap::test::000569::JVASP-9748,2.229,2.3604042530059814,2.0429052125070353,2.0429052125070353,0.5998488664627075,True,1.0,True,0.13140425300598135,0.18609478749296482,2,1.0,0.6000000238418579,0.0,0.4383489489555359,0.5616510510444641,0.01438072044402361,0.8964158296585083,0.08211689442396164,0.007086536381393671,0.0,0.009395803324878216,0.9133750796318054,0.06608397513628006,0.011145150288939476,0.0
mbj_bandgap::test::000570::JVASP-7752,4.597,4.359928607940674,4.516507633029962,4.516507633029962,0.5846590995788574,True,1.0,True,0.2370713920593266,0.08049236697003881,2,0.9730982184410095,0.6000000238418579,0.0,0.40013760328292847,0.5998624563217163,0.018565457314252853,0.8741704821586609,0.07059510797262192,0.03666893392801285,0.0,0.01746612787246704,0.8807008862495422,0.0659681037068367,0.035864781588315964,0.0
mbj_bandgap::test::000571::JVASP-109150,0.731,-0.011730358935892582,-0.052786459182942,-0.011730358935892582,0.395494282245636,False,1.0,True,0.7427303589358926,0.7427303589358926,1,1.0,0.6000000238418579,0.0,0.5756819248199463,0.42431801557540894,0.09112199395895004,0.7541094422340393,0.11922135204076767,0.035547222942113876,0.0,0.08610276132822037,0.7498937845230103,0.11921326071023941,0.04479023814201355,0.0
mbj_bandgap::test::000572::JVASP-75884,0.0,-0.0012320741079747677,-0.0034688529779245856,-0.0012320741079747677,0.3592354357242584,False,1.0,True,0.0012320741079747677,0.0012320741079747677,1,0.7576990723609924,0.6000000238418579,0.0,0.5189321637153625,0.48106783628463745,0.3875344395637512,0.29066306352615356,0.3008367121219635,0.020965801551938057,0.0,0.3814108371734619,0.27332180738449097,0.33009639382362366,0.015170942060649395,0.0
mbj_bandgap::test::000573::JVASP-67244,0.0,-0.0012845261953771114,-0.0029206904103485478,-0.0012845261953771114,0.37900418043136597,False,1.0,True,0.0012845261953771114,0.0012845261953771114,1,0.5172116160392761,0.5,0.0,0.5124623775482178,0.4875376224517822,0.47318679094314575,0.25017091631889343,0.2624104917049408,0.014231858775019646,0.0,0.46865591406822205,0.2587908208370209,0.25990861654281616,0.012644614093005657,0.0
mbj_bandgap::test::000574::JVASP-52653,6.007,5.917898654937744,5.733893053771454,5.733893053771454,0.5360194444656372,True,1.0,True,0.08910134506225553,0.2731069462285456,2,1.0,0.6000000238418579,0.0,0.4000024199485779,0.5999976396560669,0.030048910528421402,0.8321531414985657,0.07486516237258911,0.0629328116774559,0.0,0.029683399945497513,0.8517504930496216,0.06076744943857193,0.057798661291599274,0.0
mbj_bandgap::test::000575::JVASP-17443,0.0,0.003393603954464197,0.002043450381443135,0.003393603954464197,0.38719266653060913,False,1.0,True,0.003393603954464197,0.003393603954464197,1,0.6073726415634155,0.6000000238418579,0.0,0.5156829953193665,0.48431700468063354,0.3470916450023651,0.2389170378446579,0.3880395293235779,0.02595173940062523,0.0,0.37708157300949097,0.2360999584197998,0.35686564445495605,0.029952794313430786,0.0
mbj_bandgap::test::000576::JVASP-13896,0.0,-0.004026816692203283,-0.01450112376468653,-0.004026816692203283,0.4182559549808502,False,1.0,True,0.004026816692203283,0.004026816692203283,1,0.4334883987903595,0.5,0.0,0.5322414636611938,0.4677585959434509,0.24912405014038086,0.6798381209373474,0.06472397595643997,0.006313925143331289,0.0,0.2188355028629303,0.7237993478775024,0.052209533751010895,0.005155575927346945,0.0
mbj_bandgap::test::000577::JVASP-107259,0.0,-0.0011451705358922482,-0.006285707533155249,-0.0011451705358922482,0.3768353760242462,False,1.0,True,0.0011451705358922482,0.0011451705358922482,1,0.8780987858772278,0.6000000238418579,0.0,0.5343635678291321,0.46563640236854553,0.4407336711883545,0.44407811760902405,0.09150297939777374,0.02368527092039585,0.0,0.3797776997089386,0.5025936365127563,0.09687568247318268,0.02075297012925148,0.0
mbj_bandgap::test::000578::JVASP-15289,0.0,-0.0031903251074254513,-0.0030986195720449803,-0.0031903251074254513,0.41718441247940063,False,1.0,True,0.0031903251074254513,0.0031903251074254513,1,0.06092093884944916,0.5,0.0,0.5299407243728638,0.47005924582481384,0.3537795841693878,0.371575266122818,0.24335019290447235,0.03129497170448303,0.0,0.38524380326271057,0.3663199245929718,0.21169361472129822,0.03674270957708359,0.0
mbj_bandgap::test::000579::JVASP-36363,0.0,0.002683593425899744,-0.008054734023492771,0.002683593425899744,0.36060744524002075,False,1.0,True,0.002683593425899744,0.002683593425899744,1,0.9004475474357605,0.6000000238418579,0.0,0.5535169243812561,0.44648298621177673,0.23781585693359375,0.5060288310050964,0.23318235576152802,0.022972920909523964,0.0,0.2550409138202667,0.5015729665756226,0.22604317963123322,0.017342980951070786,0.0
mbj_bandgap::test::000580::JVASP-25250,8.758,9.274290084838867,9.396564059463639,9.396564059463639,0.5371214151382446,True,1.0,True,0.5162900848388681,0.6385640594636399,2,0.9299193024635315,0.6000000238418579,0.0,0.398713618516922,0.6012863516807556,0.07833690941333771,0.8497630953788757,0.039119914174079895,0.03278006613254547,0.0,0.08469916880130768,0.8416441082954407,0.038163840770721436,0.03549293801188469,0.0
mbj_bandgap::test::000581::JVASP-41923,0.0,-0.0005113347433507442,-0.0007215261044017041,-0.0005113347433507442,0.41557157039642334,False,1.0,True,0.0005113347433507442,0.0005113347433507442,1,0.10689125955104828,0.6000000238418579,0.0,0.5194324254989624,0.4805675148963928,0.5786296725273132,0.32601431012153625,0.0825914666056633,0.01276450790464878,0.0,0.559941291809082,0.3567948341369629,0.07408377528190613,0.00918008666485548,0.0
mbj_bandgap::test::000582::JVASP-30537,0.0,2.475527763366699,0.8832805350122171,0.8832805350122173,0.8077023029327393,True,1.0,True,2.475527763366699,0.8832805350122173,2,1.0,0.6000000238418579,0.0,0.45437684655189514,0.5456231832504272,0.06999875605106354,0.7742637991905212,0.13642074167728424,0.019316667690873146,0.0,0.0771179050207138,0.758607029914856,0.14481492340564728,0.019460130482912064,0.0
mbj_bandgap::test::000583::JVASP-101478,0.0,-0.0002667172811925411,-0.009198376467150826,-0.0002667172811925411,0.38038235902786255,False,1.0,True,0.0002667172811925411,0.0002667172811925411,1,0.894681453704834,0.6000000238418579,0.0,0.5202864408493042,0.4797135889530182,0.4765622019767761,0.33352339267730713,0.15458336472511292,0.035330988466739655,0.0,0.5437056422233582,0.3058582842350006,0.12059472501277924,0.029841333627700806,0.0
mbj_bandgap::test::000584::JVASP-107934,0.0,0.0012441412545740604,-0.0037391696578725543,0.0012441412545740604,0.3782503008842468,False,1.0,True,0.0012441412545740604,0.0012441412545740604,1,0.744291365146637,0.6000000238418579,0.0,0.5146510004997253,0.48534899950027466,0.41597995162010193,0.306660920381546,0.25218361616134644,0.02517550252377987,0.0,0.4148947596549988,0.3081229329109192,0.2570262849330902,0.01995602436363697,0.0
mbj_bandgap::test::000585::JVASP-28413,1.471,0.5676186680793762,1.2566345493401156,1.2566345493401156,0.7615237832069397,True,1.0,True,0.9033813319206239,0.21436545065988444,2,1.0,0.6000000238418579,0.0,0.43838438391685486,0.5616155862808228,0.05587416887283325,0.8812271356582642,0.05697872117161751,0.005919966381043196,0.0,0.06890470534563065,0.8580161929130554,0.06882620602846146,0.0042527830228209496,0.0
mbj_bandgap::test::000586::JVASP-15199,0.0,-0.0007532103918492794,-0.0017643535700552436,-0.0007532103918492794,0.37887346744537354,False,1.0,True,0.0007532103918492794,0.0007532103918492794,1,0.5406530499458313,0.5,0.0,0.5159832239151001,0.4840167462825775,0.24599406123161316,0.41171684861183167,0.31759145855903625,0.02469760924577713,0.0,0.23651154339313507,0.427839994430542,0.3199326992034912,0.01571575179696083,0.0
mbj_bandgap::test::000587::JVASP-41909,0.0,0.002158238086849451,7.584805156815033e-05,0.002158238086849451,0.39655381441116333,False,1.0,True,0.002158238086849451,0.002158238086849451,1,0.5633673667907715,0.699999988079071,0.0,0.5136198997497559,0.4863801598548889,0.45510706305503845,0.29360780119895935,0.23113560676574707,0.02014952525496483,0.0,0.4355979859828949,0.2992846667766571,0.24888582527637482,0.016231480985879898,0.0
mbj_bandgap::test::000588::JVASP-106310,0.0,-0.0032521947287023067,-0.004661958999773041,-0.0032521947287023067,0.44459450244903564,False,1.0,True,0.0032521947287023067,0.0032521947287023067,1,0.36549076437950134,0.699999988079071,0.0,0.5801336765289307,0.41986632347106934,0.06530223786830902,0.7104763984680176,0.20975284278392792,0.014468577690422535,0.0,0.07251667976379395,0.783939003944397,0.130710631608963,0.012833656743168831,0.0
mbj_bandgap::test::000589::JVASP-33805,4.317,3.84507417678833,3.805956448010368,3.805956448010368,0.5624980926513672,True,1.0,True,0.4719258232116701,0.5110435519896321,2,0.515717089176178,0.6000000238418579,0.0,0.40834468603134155,0.5916553735733032,0.017394261434674263,0.883753776550293,0.09026263654232025,0.008589244447648525,0.0,0.015355706214904785,0.8448030352592468,0.1311199814081192,0.00872126780450344,0.0
mbj_bandgap::test::000590::JVASP-9701,5.789,5.86789083480835,5.86233585680951,5.86233585680951,0.5810725092887878,True,1.0,True,0.07889083480834991,0.0733358568095106,2,0.06325361132621765,0.6000000238418579,0.0,0.40005746483802795,0.5999425053596497,0.0196935273706913,0.9152172207832336,0.03395027294754982,0.031139036640524864,0.0,0.012800249271094799,0.9213568568229675,0.03111833706498146,0.03472446650266647,0.0
mbj_bandgap::test::000591::JVASP-68068,0.0,0.0009719864465296268,0.0017614551994757032,0.0009719864465296268,0.40744176506996155,False,1.0,True,0.0009719864465296268,0.0009719864465296268,1,0.4611451029777527,0.699999988079071,0.0,0.5195697546005249,0.4804301857948303,0.5136602520942688,0.32011622190475464,0.14551958441734314,0.020703904330730438,0.0,0.503093957901001,0.33381766080856323,0.141910582780838,0.021177837625145912,0.0
mbj_bandgap::test::000592::JVASP-17663,0.0,0.000386072788387537,-0.0037936165787712415,0.000386072788387537,0.3817070722579956,False,1.0,True,0.000386072788387537,0.000386072788387537,1,0.8005508780479431,0.6000000238418579,0.0,0.5107428431510925,0.48925715684890747,0.5803900361061096,0.1970505565404892,0.19201162457466125,0.03054780140519142,0.0,0.5876057147979736,0.2001478672027588,0.18612965941429138,0.02611675299704075,0.0
mbj_bandgap::test::000593::JVASP-78633,7.047,6.648885726928711,7.004449927007488,7.004449927007488,0.6595291495323181,True,1.0,True,0.39811427307128877,0.0425500729925119,2,1.0,0.6000000238418579,0.0,0.4001309275627136,0.5998690724372864,0.04221367463469505,0.7581449747085571,0.18112535774707794,0.01851605251431465,0.0,0.044360093772411346,0.8105459213256836,0.13305050134658813,0.012043521739542484,0.0
mbj_bandgap::test::000594::JVASP-92250,2.857,2.7320313453674316,3.034759244669919,3.034759244669919,0.6985552310943604,True,1.0,True,0.12496865463256857,0.177759244669919,2,0.8987525701522827,0.6000000238418579,0.0,0.40765219926834106,0.5923478007316589,0.012440412305295467,0.9400666356086731,0.03396383672952652,0.013529089279472828,0.0,0.010528507642447948,0.9494646191596985,0.027776267379522324,0.012230588123202324,0.0
mbj_bandgap::test::000595::JVASP-60874,0.888,0.7732747197151184,0.8447953660131686,0.8447953660131686,0.5456979870796204,True,1.0,True,0.1147252802848816,0.04320463398683139,2,0.45831385254859924,0.6000000238418579,0.0,0.47112685441970825,0.5288731455802917,0.008502347394824028,0.9621378779411316,0.013603161089122295,0.015756599605083466,0.0,0.005949824582785368,0.957137405872345,0.014829389750957489,0.022083468735218048,0.0
mbj_bandgap::test::000596::JVASP-17888,0.583,0.03468818962574005,0.031461973410352506,0.03468818962574005,0.3812980353832245,False,1.0,True,0.5483118103742599,0.5483118103742599,1,0.803776204586029,0.6000000238418579,0.0,0.5179526209831238,0.4820473790168762,0.4291088581085205,0.3830902576446533,0.13607238233089447,0.051728468388319016,0.0,0.4489019811153412,0.3915284276008606,0.11031685024499893,0.04925280809402466,0.0
mbj_bandgap::test::000597::JVASP-18579,0.0,6.885688344482332e-05,-0.002779848480888458,6.885688344482332e-05,0.3832455575466156,False,1.0,True,6.885688344482332e-05,6.885688344482332e-05,1,0.6537550687789917,0.6000000238418579,0.0,0.5185483694076538,0.48145169019699097,0.4122263491153717,0.25125786662101746,0.29853713512420654,0.03797868639230728,0.0,0.42911070585250854,0.24647769331932068,0.284402996301651,0.040008582174777985,0.0
mbj_bandgap::test::000598::JVASP-19061,3.18,2.463019847869873,3.1261741234933353,3.1261741234933353,0.8206952810287476,True,1.0,True,0.7169801521301271,0.053825876506664816,2,1.0,0.6000000238418579,0.0,0.4038260579109192,0.5961739420890808,0.008370313793420792,0.9501970410346985,0.022050349041819572,0.01938227191567421,0.0,0.006791987456381321,0.9523187875747681,0.023626742884516716,0.017262529581785202,0.0
mbj_bandgap::test::000599::JVASP-36076,0.0,-0.004563139285892248,-0.0071459005509664445,-0.004563139285892248,0.38372212648391724,False,1.0,True,0.004563139285892248,0.004563139285892248,1,0.5389418601989746,0.6000000238418579,0.0,0.5052598714828491,0.4947400987148285,0.43470436334609985,0.23375633358955383,0.31457528471946716,0.016964036971330643,0.0,0.4389752745628357,0.23638507723808289,0.30894508957862854,0.01569455862045288,0.0
mbj_bandgap::test::000600::JVASP-118950,0.0,0.008634640835225582,-0.013406975937450282,0.008634640835225582,0.38118740916252136,False,1.0,True,0.008634640835225582,0.008634640835225582,1,0.9889665246009827,0.6000000238418579,0.0,0.5457108020782471,0.4542892575263977,0.25339508056640625,0.6873804330825806,0.042665623128414154,0.016558870673179626,0.0,0.27745190262794495,0.6704477071762085,0.04139994829893112,0.010700379498302937,0.0
mbj_bandgap::test::000601::JVASP-101439,0.0,0.004723502788692713,0.00280874165892131,0.004723502788692713,0.39416608214378357,False,1.0,True,0.004723502788692713,0.004723502788692713,1,0.5217747688293457,0.6000000238418579,0.0,0.5136865377426147,0.48631343245506287,0.5610300302505493,0.3638916611671448,0.05998615548014641,0.015092164278030396,0.0,0.5387390851974487,0.38714468479156494,0.060143500566482544,0.013972732238471508,0.0
mbj_bandgap::test::000602::JVASP-18926,1.694,1.86104154586792,1.7781889094171235,1.7781889094171235,0.5523464679718018,True,1.0,True,0.16704154586791997,0.08418890941712354,2,0.7485048174858093,0.699999988079071,0.0,0.44475603103637695,0.5552440285682678,0.06241341307759285,0.23427465558052063,0.6818029284477234,0.021508995443582535,0.0,0.057780224829912186,0.22934773564338684,0.6994483470916748,0.013423715718090534,0.0
mbj_bandgap::test::000603::JVASP-40778,0.86,0.14150221645832062,0.1322606246002046,0.14150221645832062,0.4488905370235443,False,1.0,True,0.7184977835416794,0.7184977835416794,1,0.3833661377429962,0.6000000238418579,0.0,0.5220963358879089,0.47790369391441345,0.11437700688838959,0.8128177523612976,0.059380244463682175,0.013425012119114399,0.0,0.12669827044010162,0.821956992149353,0.038541119545698166,0.012803645804524422,0.0
mbj_bandgap::test::000604::JVASP-58885,5.143,5.140687942504883,5.358248209062218,5.358248209062218,0.6422958374023438,True,1.0,True,0.0023120574951169814,0.2152482090622181,2,0.9390758872032166,0.6000000238418579,0.0,0.4000183045864105,0.5999817848205566,0.01697961613535881,0.9220815896987915,0.029012760147452354,0.03192603960633278,0.0,0.011375902220606804,0.946247398853302,0.0275118388235569,0.014864930883049965,0.0
mbj_bandgap::test::000605::JVASP-22622,0.558,0.7506670951843262,0.29023216148686304,0.29023216148686304,0.5770344138145447,True,1.0,True,0.19266709518432612,0.267767838513137,2,1.0,0.699999988079071,0.0,0.4647394120693207,0.5352605581283569,0.028199076652526855,0.8805744051933289,0.05875662714242935,0.032469846308231354,0.0,0.023883512243628502,0.8879437446594238,0.05834082514047623,0.02983187511563301,0.0
mbj_bandgap::test::000606::JVASP-107652,0.0,0.0003466145135462284,-0.005795221094473413,0.0003466145135462284,0.37928640842437744,False,1.0,True,0.0003466145135462284,0.0003466145135462284,1,0.8080506324768066,0.6000000238418579,0.0,0.520563542842865,0.47943639755249023,0.42233067750930786,0.28776997327804565,0.26674216985702515,0.02315717563033104,0.0,0.4557507634162903,0.28039446473121643,0.23969677090644836,0.024158049374818802,0.0
mbj_bandgap::test::000607::JVASP-37547,0.0,0.007429553661495447,-0.00022235886687094197,0.007429553661495447,0.3780531585216522,False,1.0,True,0.007429553661495447,0.007429553661495447,1,0.9212852120399475,0.6000000238418579,0.0,0.5818742513656616,0.41812580823898315,0.40433263778686523,0.38027089834213257,0.19539093971252441,0.020005492493510246,0.0,0.4412173330783844,0.3295821249485016,0.21202071011066437,0.017179785296320915,0.0
mbj_bandgap::test::000608::JVASP-22907,2.584,2.7629282474517822,2.997723585106001,2.997723585106001,0.6492927074432373,True,1.0,True,0.17892824745178215,0.41372358510600105,2,0.9284873604774475,0.6000000238418579,0.0,0.4102773666381836,0.5897226929664612,0.00822308100759983,0.9091949462890625,0.04796289652585983,0.03461913764476776,0.0,0.007826970890164375,0.919343113899231,0.044485948979854584,0.028343966230750084,0.0
mbj_bandgap::test::000609::JVASP-118636,0.0,-0.0009199841879308224,-0.06794257138389544,-0.0009199841879308224,0.40148982405662537,False,1.0,True,0.0009199841879308224,0.0009199841879308224,1,1.0,0.699999988079071,0.0,0.5702542662620544,0.42974573373794556,0.1695387065410614,0.6845570802688599,0.11803802102804184,0.027866220101714134,0.0,0.16702112555503845,0.6739915609359741,0.1316598355770111,0.027327483519911766,0.0
mbj_bandgap::test::000610::JVASP-71844,0.0,0.00039608636870980263,-0.0025360397574881064,0.00039608636870980263,0.3605861961841583,False,1.0,True,0.00039608636870980263,0.00039608636870980263,1,0.9180068373680115,0.6000000238418579,0.0,0.524616539478302,0.4753835201263428,0.39098504185676575,0.28102877736091614,0.3093407154083252,0.018645454198122025,0.0,0.38519924879074097,0.2615920305252075,0.3395090103149414,0.013699710369110107,0.0
mbj_bandgap::test::000611::JVASP-86410,3.768,3.284635066986084,3.613755371126705,3.613755371126705,0.6832653880119324,True,1.0,True,0.4833649330139158,0.1542446288732946,2,1.0,0.6000000238418579,0.0,0.40141257643699646,0.5985873937606812,0.009462719783186913,0.9297957420349121,0.05576995760202408,0.004971475340425968,0.0,0.0070412494242191315,0.9297510385513306,0.056801535189151764,0.006406302563846111,0.0
mbj_bandgap::test::000612::JVASP-75765,0.0,-0.004984424915164709,-0.03890485018066485,-0.004984424915164709,0.3475830852985382,False,1.0,True,0.004984424915164709,0.004984424915164709,1,1.0,0.5,0.0,0.5774221420288086,0.4225778579711914,0.3215617835521698,0.4035604000091553,0.24937081336975098,0.025507032871246338,0.0,0.3448839485645294,0.378800630569458,0.2554366886615753,0.020878709852695465,0.0
mbj_bandgap::test::000613::JVASP-28369,1.873,1.5771141052246094,1.9846813176505513,1.9846813176505513,0.7341143488883972,True,1.0,True,0.2958858947753906,0.11168131765055134,2,1.0,0.6000000238418579,0.0,0.45010727643966675,0.5498927235603333,0.051204878836870193,0.9106899499893188,0.027498897165060043,0.010606314055621624,0.0,0.05181002616882324,0.9126032590866089,0.023680852726101875,0.011905848979949951,0.0
mbj_bandgap::test::000614::JVASP-20524,0.0,-0.0002809031866490841,-0.0073033779070877936,-0.0002809031866490841,0.3722798526287079,False,1.0,True,0.0002809031866490841,0.0002809031866490841,1,0.8418262600898743,0.5,0.0,0.5252848863601685,0.47471505403518677,0.27841946482658386,0.4409419894218445,0.22253473103046417,0.0581037774682045,0.0,0.2794703543186188,0.4748449921607971,0.19392743706703186,0.05175723880529404,0.0
mbj_bandgap::test::000615::JVASP-18027,0.0,0.002104951534420252,0.0015377369938112118,0.002104951534420252,0.414981871843338,False,1.0,True,0.002104951534420252,0.002104951534420252,1,0.16850440204143524,0.5,0.0,0.5122367739677429,0.4877632260322571,0.5879814028739929,0.16320976614952087,0.23667064309120178,0.012138200923800468,0.0,0.5698449015617371,0.1727391928434372,0.2471562922000885,0.010259694419801235,0.0
mbj_bandgap::test::000616::JVASP-7761,5.064,5.276066303253174,5.118803696028078,5.118803696028078,0.5532820224761963,True,1.0,True,0.21206630325317377,0.05480369602807755,2,1.0,0.6000000238418579,0.0,0.4000154137611389,0.5999845862388611,0.011627314612269402,0.9313420057296753,0.023597432300448418,0.03343323618173599,0.0,0.011467145755887032,0.9435002207756042,0.021686512976884842,0.023346157744526863,0.0
mbj_bandgap::test::000617::JVASP-107741,0.0,2.520314931869507,0.7955266862583918,0.7955266862583918,0.8168792724609375,True,1.0,True,2.520314931869507,0.7955266862583918,2,1.0,0.6000000238418579,0.0,0.43985065817832947,0.5601493120193481,0.0218147374689579,0.8392772674560547,0.10126946121454239,0.03763851150870323,0.0,0.021229883655905724,0.8680793642997742,0.07633833587169647,0.034352440387010574,0.0
mbj_bandgap::test::000618::JVASP-41162,0.0,-0.00036458810791373253,-0.0010158572849600534,-0.00036458810791373253,0.4117562472820282,False,1.0,True,0.00036458810791373253,0.00036458810791373253,1,0.276195228099823,0.6000000238418579,0.0,0.5227110981941223,0.4772889018058777,0.4673095643520355,0.402388334274292,0.11641093343496323,0.01389112789183855,0.0,0.4825160503387451,0.42515596747398376,0.08157400786876678,0.010753958486020565,0.0
mbj_bandgap::test::000619::JVASP-118810,0.0,0.0009314552880823612,-0.009728331538286516,0.0009314552880823612,0.37917497754096985,False,1.0,True,0.0009314552880823612,0.0009314552880823612,1,0.7141870856285095,0.6000000238418579,0.0,0.5426396727561951,0.4573603570461273,0.33469724655151367,0.5885568857192993,0.06263264268636703,0.0141132278367877,0.0,0.34461846947669983,0.5892916917800903,0.05529613047838211,0.010793600231409073,0.0
mbj_bandgap::test::000620::JVASP-22656,2.936,2.9277055263519287,3.1228933340878897,3.1228933340878897,0.6279276609420776,True,1.0,True,0.008294473648071232,0.18689333408788977,2,1.0,0.6000000238418579,0.0,0.44157981872558594,0.5584201812744141,0.014992265030741692,0.9353997111320496,0.04213029891252518,0.0074777319096028805,0.0,0.01414578128606081,0.9355250597000122,0.04077242687344551,0.009556787088513374,0.0
mbj_bandgap::test::000621::JVASP-38103,4.164,3.35994291305542,3.8191223085341632,3.8191223085341632,0.737496018409729,True,1.0,True,0.8040570869445798,0.34487769146583647,2,1.0,0.6000000238418579,0.0,0.40331903100013733,0.5966809988021851,0.023546267300844193,0.9145303964614868,0.050312768667936325,0.011610608547925949,0.0,0.02441321313381195,0.9108064770698547,0.04975229874253273,0.015028009191155434,0.0
mbj_bandgap::test::000622::JVASP-110651,1.208,1.531645655632019,1.4401887042028627,1.4401887042028627,0.5729239583015442,True,1.0,True,0.3236456556320191,0.23218870420286275,2,0.995328426361084,0.6000000238418579,0.0,0.4577205777168274,0.5422793626785278,0.014672288671135902,0.941183865070343,0.038808953016996384,0.005334836430847645,0.0,0.01401906181126833,0.9410877227783203,0.03751683607697487,0.007376323454082012,0.0
mbj_bandgap::test::000623::JVASP-3348,2.717,2.375169515609741,2.2670326321498266,2.2670326321498266,0.5586065053939819,True,1.0,True,0.34183048439025887,0.44996736785017344,2,0.9986156225204468,0.6000000238418579,0.0,0.4359164237976074,0.5640835762023926,0.012519419193267822,0.8783479928970337,0.10563794523477554,0.0034946780651807785,0.0,0.010709838010370731,0.890400767326355,0.09461696445941925,0.004272404592484236,0.0
mbj_bandgap::test::000624::JVASP-115929,0.0,-0.011391089297831059,-0.09435031360873836,-0.011391089297831059,0.395953506231308,False,1.0,True,0.011391089297831059,0.011391089297831059,1,0.993798553943634,0.5,0.0,0.5733085870742798,0.42669129371643066,0.06886930763721466,0.6713637709617615,0.21465690433979034,0.04511002451181412,0.0,0.06909038871526718,0.6549813747406006,0.23717208206653595,0.038756102323532104,0.0
mbj_bandgap::test::000625::JVASP-67213,0.0,-0.0005101426504552364,-0.010044667238731297,-0.0005101426504552364,0.37896469235420227,False,1.0,True,0.0005101426504552364,0.0005101426504552364,1,0.8088476657867432,0.6000000238418579,0.0,0.5264866948127747,0.47351330518722534,0.47900110483169556,0.34036239981651306,0.16487722098827362,0.015759212896227837,0.0,0.46340909600257874,0.35027816891670227,0.17183968424797058,0.014473053626716137,0.0
mbj_bandgap::test::000626::JVASP-64706,0.0,9.997050801757723e-05,-0.0049474223126420025,9.997050801757723e-05,0.35965704917907715,False,1.0,True,9.997050801757723e-05,9.997050801757723e-05,1,0.8538167476654053,0.5,0.0,0.5309206247329712,0.46907931566238403,0.3902581036090851,0.3140602707862854,0.2834809422492981,0.012200678698718548,0.0,0.39892202615737915,0.2802392840385437,0.31085386872291565,0.009984844364225864,0.0
mbj_bandgap::test::000627::JVASP-37580,2.609,2.8768956661224365,2.6972372196768553,2.6972372196768553,0.5736704468727112,True,1.0,True,0.26789566612243654,0.08823721967685527,2,1.0,0.6000000238418579,0.0,0.4295888841152191,0.5704110860824585,0.020811721682548523,0.9332891702651978,0.035976845771074295,0.009922255761921406,0.0,0.02070222608745098,0.9388422966003418,0.031207848340272903,0.009247466921806335,0.0
mbj_bandgap::test::000628::JVASP-40207,1.282,1.5574920177459717,1.4655779890918528,1.4655779890918528,0.5734112858772278,True,1.0,True,0.27549201774597165,0.18357798909185274,2,1.0,0.6000000238418579,0.0,0.45642104744911194,0.5435789227485657,0.017033210024237633,0.9336522817611694,0.04390665143728256,0.005407886113971472,0.0,0.016640711575746536,0.9353723526000977,0.04073319956660271,0.00725381588563323,0.0
mbj_bandgap::test::000629::JVASP-350,4.6,4.106503009796143,4.438233891271311,4.438233891271311,0.665608823299408,True,1.0,True,0.49349699020385707,0.16176610872868835,2,1.0,0.6000000238418579,0.0,0.4000926613807678,0.5999072790145874,0.027251997962594032,0.8369434475898743,0.07983720302581787,0.05596736818552017,0.0,0.026322737336158752,0.8505206108093262,0.07036755234003067,0.05278908461332321,0.0
mbj_bandgap::test::000630::JVASP-74976,0.0,0.0016364590264856815,-0.002126589093663611,0.0016364590264856815,0.37458452582359314,False,1.0,True,0.0016364590264856815,0.0016364590264856815,1,0.720525860786438,0.6000000238418579,0.0,0.5082648992538452,0.4917351305484772,0.4729638695716858,0.29893049597740173,0.21306900680065155,0.01503664255142212,0.0,0.4548834264278412,0.30332228541374207,0.2281610071659088,0.013633226044476032,0.0
mbj_bandgap::test::000631::JVASP-26389,2.7,2.865405321121216,3.244374543838031,3.244374543838031,0.7097707986831665,True,1.0,True,0.16540532112121564,0.544374543838031,2,1.0,0.6000000238418579,0.0,0.41582465171813965,0.5841754078865051,0.018240977078676224,0.8836730718612671,0.08925800025463104,0.00882784929126501,0.0,0.017996355891227722,0.8918781280517578,0.08156224340200424,0.008563278242945671,0.0
mbj_bandgap::test::000632::JVASP-27264,0.948,0.2233235388994217,1.0087290419685082,1.0087290419685082,0.7683749198913574,True,1.0,True,0.7246764611005783,0.06072904196850826,2,1.0,0.6000000238418579,0.0,0.4882949888706207,0.5117050409317017,0.03488006815314293,0.886093020439148,0.06313285231590271,0.01589399017393589,0.0,0.0462380088865757,0.8669835329055786,0.07016394287347794,0.016614502295851707,0.0
mbj_bandgap::test::000633::JVASP-8399,1.573,2.051154136657715,2.0213440614998452,2.0213440614998452,0.5853884220123291,True,1.0,True,0.4781541366577149,0.4483440614998453,2,0.3929329812526703,0.6000000238418579,0.0,0.45011091232299805,0.5498891472816467,0.029190057888627052,0.9397228360176086,0.016263408586382866,0.014823762699961662,0.0,0.03282643109560013,0.9312901496887207,0.016958877444267273,0.01892453245818615,0.0
mbj_bandgap::test::000634::JVASP-3258,3.631,3.73826003074646,3.7753930852013418,3.7753930852013418,0.567859411239624,True,1.0,True,0.10726003074646018,0.14439308520134198,2,0.38014230132102966,0.6000000238418579,0.0,0.4059755802154541,0.5940243601799011,0.018216783180832863,0.832797646522522,0.10497289896011353,0.04401271790266037,0.0,0.016338560730218887,0.8376697301864624,0.09744608402252197,0.04854554682970047,0.0
mbj_bandgap::test::000635::JVASP-8074,0.0,0.001574112568050623,0.000997944202189327,0.001574112568050623,0.4280773401260376,False,1.0,True,0.001574112568050623,0.001574112568050623,1,0.16932560503482819,0.6000000238418579,0.0,0.5606969594955444,0.4393030107021332,0.3733449876308441,0.39487138390541077,0.21446271240711212,0.017320938408374786,0.0,0.3506982922554016,0.45060229301452637,0.18437989056110382,0.014319534413516521,0.0
mbj_bandgap::test::000636::JVASP-7745,0.0,-0.0011460050009191036,-0.003154969003640695,-0.0011460050009191036,0.3895963430404663,False,1.0,True,0.0011460050009191036,0.0011460050009191036,1,0.9454649090766907,0.699999988079071,0.0,0.5300722122192383,0.4699278771877289,0.2254246175289154,0.7232262492179871,0.04541996866464615,0.00592915341258049,0.0,0.22496935725212097,0.7219458818435669,0.04866986721754074,0.0044149430468678474,0.0
mbj_bandgap::test::000637::JVASP-86022,1.244,1.2464661598205566,1.6713871278612835,1.6713871278612835,0.7182533740997314,True,1.0,True,0.002466159820556646,0.4273871278612835,2,1.0,0.6000000238418579,0.0,0.4505060315132141,0.5494940280914307,0.020988259464502335,0.916541576385498,0.027848388999700546,0.03462173044681549,0.0,0.015355585142970085,0.9226738810539246,0.028934329748153687,0.033036161214113235,0.0
mbj_bandgap::test::000638::JVASP-9227,2.017,2.156262159347534,2.154647997494028,2.154647997494028,0.6091455221176147,True,1.0,True,0.13926215934753428,0.13764799749402812,2,0.019555313512682915,0.6000000238418579,0.0,0.44273170828819275,0.5572683215141296,0.005938948132097721,0.9488377571105957,0.03236539661884308,0.012857964262366295,0.0,0.00367946969345212,0.9464208483695984,0.03726204112172127,0.012637627311050892,0.0
mbj_bandgap::test::000639::JVASP-57824,2.376,0.020784450694918633,-0.042801518079650894,0.020784450694918633,0.39226797223091125,False,1.0,True,2.3552155493050813,2.3552155493050813,2,0.9691954255104065,0.5,0.0,0.4947638511657715,0.5052361488342285,0.015583967790007591,0.8468301892280579,0.11635984480381012,0.021225985139608383,0.0,0.01651771366596222,0.8633341789245605,0.10044173896312714,0.01970641501247883,0.0
mbj_bandgap::test::000640::JVASP-52899,7.423,7.96542501449585,7.9949844085400725,7.9949844085400725,0.5409622192382812,True,1.0,True,0.5424250144958496,0.5719844085400725,2,0.4956319034099579,0.6000000238418579,0.0,0.3988393247127533,0.6011607050895691,0.047451045364141464,0.8547815084457397,0.04008176550269127,0.05768571048974991,0.0,0.049209482967853546,0.8531402349472046,0.047678060829639435,0.04997218772768974,0.0
mbj_bandgap::test::000641::JVASP-103578,1.3,1.7114075422286987,1.9676341131543928,1.9676341131543928,0.6759932041168213,True,1.0,True,0.4114075422286987,0.6676341131543928,2,1.0,0.6000000238418579,0.0,0.4470551908016205,0.5529447793960571,0.01737232692539692,0.9600235223770142,0.017093997448682785,0.005510236602276564,0.0,0.014680708758533001,0.964392364025116,0.01513258833438158,0.0057942988350987434,0.0
mbj_bandgap::test::000642::JVASP-8557,2.874,2.9946963787078857,3.1718521507969215,3.1718521507969215,0.6339550018310547,True,1.0,True,0.12069637870788563,0.2978521507969214,2,0.8253089785575867,0.6000000238418579,0.0,0.41007494926452637,0.5899249315261841,0.016516095027327538,0.9466155171394348,0.0313120074570179,0.0055564031936228275,0.0,0.01624901220202446,0.9465968012809753,0.0307473037391901,0.006406852509826422,0.0
mbj_bandgap::test::000643::JVASP-8189,0.339,-0.00156049570068717,-0.006528625628124574,-0.00156049570068717,0.3741201162338257,False,1.0,True,0.3405604957006872,0.3405604957006872,1,0.8053032755851746,0.699999988079071,0.0,0.5180977582931519,0.48190227150917053,0.3945625424385071,0.45590633153915405,0.13392536342144012,0.01560567319393158,0.0,0.43969351053237915,0.42208051681518555,0.12495870888233185,0.013267332687973976,0.0
mbj_bandgap::test::000644::JVASP-7754,4.664,4.556313514709473,4.682328213891276,4.682328213891276,0.567142903804779,True,1.0,True,0.10768648529052705,0.01832821389127659,2,0.9915309548377991,0.6000000238418579,0.0,0.40012359619140625,0.5998764038085938,0.018381033092737198,0.871740460395813,0.06601524353027344,0.04386330395936966,0.0,0.01743067428469658,0.8778607249259949,0.06053686887025833,0.044171739369630814,0.0
mbj_bandgap::test::000645::JVASP-101049,3.767,3.869110584259033,3.897918688828297,3.897918688828297,0.570721447467804,True,1.0,True,0.1021105842590333,0.13091868882829694,2,0.4437926113605499,0.6000000238418579,0.0,0.40329766273498535,0.5967023372650146,0.01859057880938053,0.8250702619552612,0.12260546535253525,0.03373372182250023,0.0,0.01974213495850563,0.846542239189148,0.10721157491207123,0.02650403417646885,0.0
mbj_bandgap::test::000646::JVASP-116272,6.175,5.941430568695068,6.1654926721125465,6.1654926721125465,0.6276322603225708,True,1.0,True,0.23356943130493146,0.009507327887453343,2,1.0,0.6000000238418579,0.0,0.4000164568424225,0.5999835729598999,0.03007291816174984,0.9136740565299988,0.025103092193603516,0.031149933114647865,0.0,0.021238403394818306,0.9252001047134399,0.02490386925637722,0.02865765616297722,0.0
mbj_bandgap::test::000647::JVASP-20461,0.0,-0.0033683045767247677,-0.005621106217840577,-0.0033683045767247677,0.3841632604598999,False,1.0,True,0.0033683045767247677,0.0033683045767247677,1,0.7687473893165588,0.6000000238418579,0.0,0.537574291229248,0.4624256491661072,0.19188791513442993,0.45336851477622986,0.3204387128353119,0.03430483117699623,0.0,0.22072501480579376,0.46377190947532654,0.28529995679855347,0.030203063040971756,0.0
mbj_bandgap::test::000648::JVASP-20104,0.0,0.0045966641046106815,0.00043643215612689803,0.0045966641046106815,0.40915125608444214,False,1.0,True,0.0045966641046106815,0.0045966641046106815,1,0.8092740774154663,0.699999988079071,0.0,0.571842610836029,0.42815741896629333,0.21301940083503723,0.7000535726547241,0.06423668563365936,0.022690419107675552,0.0,0.20865090191364288,0.7267265319824219,0.04325678199529648,0.021365724503993988,0.0
mbj_bandgap::test::000649::JVASP-85971,3.717,3.7167680263519287,4.129328403063586,4.129328403063586,0.7212625741958618,True,1.0,True,0.00023197364807137077,0.4123284030635861,2,1.0,0.6000000238418579,0.0,0.40237855911254883,0.5976214408874512,0.00853921938687563,0.9142425656318665,0.05203516036272049,0.025183022022247314,0.0,0.007145715411752462,0.9155944585800171,0.05262218043208122,0.024637557566165924,0.0
mbj_bandgap::test::000650::JVASP-25616,5.982,6.970592975616455,6.992680841704072,6.992680841704072,0.554294764995575,True,1.0,True,0.9885929756164549,1.0106808417040716,2,0.2849181890487671,0.6000000238418579,0.0,0.39996010065078735,0.6000398993492126,0.03372718021273613,0.8544266819953918,0.08986198157072067,0.02198418602347374,0.0,0.034813329577445984,0.8520215153694153,0.09435441344976425,0.01881079003214836,0.0
mbj_bandgap::test::000651::JVASP-68854,0.0,0.0032957331277430058,-0.010594735346198059,0.0032957331277430058,0.379213809967041,False,1.0,True,0.0032957331277430058,0.0032957331277430058,1,0.9568960666656494,0.699999988079071,0.0,0.5211691856384277,0.47883087396621704,0.5278544425964355,0.24149806797504425,0.2232440710067749,0.007403431925922632,0.0,0.530522882938385,0.24586784839630127,0.21860413253307343,0.005005136132240295,0.0
mbj_bandgap::test::000652::JVASP-52493,3.02,2.3116819858551025,2.8380242667840108,2.8380242667840108,0.7649030685424805,True,1.0,True,0.7083180141448975,0.18197573321598925,2,1.0,0.6000000238418579,0.0,0.4220840334892273,0.5779159665107727,0.014595945365726948,0.8749783635139465,0.06473784893751144,0.04568789154291153,0.0,0.013805548660457134,0.8837699890136719,0.058344483375549316,0.04407993704080582,0.0
mbj_bandgap::test::000653::JVASP-74240,0.0,-1.93579908227548e-05,-0.016421442033588973,-1.93579908227548e-05,0.35757434368133545,False,1.0,True,1.93579908227548e-05,1.93579908227548e-05,1,0.9699987769126892,0.6000000238418579,0.0,0.5129967331886292,0.48700326681137085,0.35215508937835693,0.44697195291519165,0.1648722141981125,0.036000680178403854,0.0,0.3645482361316681,0.4471471905708313,0.1581929475069046,0.03011159971356392,0.0
mbj_bandgap::test::000654::JVASP-37038,0.0,-0.0011225207708775997,-0.0036791977880416883,-0.0011225207708775997,0.39404574036598206,False,1.0,True,0.0011225207708775997,0.0011225207708775997,1,0.4454059600830078,0.5,0.0,0.5285693407058716,0.47143062949180603,0.35615605115890503,0.42370671033859253,0.18346276879310608,0.03667444735765457,0.0,0.34584635496139526,0.4441703259944916,0.1876196563243866,0.02236364036798477,0.0
mbj_bandgap::test::000655::JVASP-13891,2.352,2.348604202270508,2.4889798507272354,2.4889798507272354,0.6071895956993103,True,1.0,True,0.003395797729492056,0.1369798507272355,2,0.9167701005935669,0.6000000238418579,0.0,0.4258340299129486,0.574165940284729,0.03368780389428139,0.9080861806869507,0.040121547877788544,0.018104445189237595,0.0,0.039259523153305054,0.9057012796401978,0.03750341013073921,0.0175358597189188,0.0
mbj_bandgap::test::000656::JVASP-8503,0.0,-0.0038142665289342403,-0.014442940470571907,-0.0038142665289342403,0.3453538119792938,False,1.0,True,0.0038142665289342403,0.0038142665289342403,1,0.9941840767860413,0.6000000238418579,0.0,0.552340030670166,0.4476599097251892,0.322834312915802,0.3819442391395569,0.24508178234100342,0.05013969540596008,0.0,0.33258795738220215,0.38607877492904663,0.23203305900096893,0.04930023103952408,0.0
mbj_bandgap::test::000657::JVASP-108895,0.0,-0.0017084344290196896,-0.0016528219259102528,-0.0017084344290196896,0.43705493211746216,False,1.0,True,0.0017084344290196896,0.0017084344290196896,1,0.05809471011161804,0.699999988079071,0.0,0.5170952081680298,0.4829048216342926,0.6987501382827759,0.19677014648914337,0.08754998445510864,0.016929758712649345,0.0,0.7064043283462524,0.21509763598442078,0.06304195523262024,0.015456169843673706,0.0
mbj_bandgap::test::000658::JVASP-36813,0.0,-0.0016712411306798458,-0.05711031136732214,-0.0016712411306798458,0.4175112843513489,False,1.0,True,0.0016712411306798458,0.0016712411306798458,1,0.9884701371192932,0.6000000238418579,0.0,0.5950581431388855,0.4049417972564697,0.01962389051914215,0.8313778042793274,0.0895681381225586,0.05943023040890694,0.0,0.022529128938913345,0.8347322344779968,0.08165190368890762,0.06108671426773071,0.0
mbj_bandgap::test::000659::JVASP-111638,3.361,4.400286674499512,3.880629634405934,3.880629634405934,0.630420982837677,True,1.0,True,1.0392866744995115,0.5196296344059337,2,1.0,0.6000000238418579,0.0,0.4013903737068176,0.5986096262931824,0.0344075933098793,0.8753730058670044,0.07122616469860077,0.018993273377418518,0.0,0.036856431514024734,0.8687758445739746,0.08012273162603378,0.014245077967643738,0.0
mbj_bandgap::test::000660::JVASP-4080,1.244,1.3695412874221802,1.8497651575168412,1.8497651575168412,0.7539699673652649,True,1.0,True,0.12554128742218018,0.6057651575168412,2,1.0,0.6000000238418579,0.0,0.45069068670272827,0.5493093132972717,0.004413430579006672,0.9441980123519897,0.03499700874090195,0.016391463577747345,0.0,0.0035339812748134136,0.9456437826156616,0.03775577247142792,0.013066423125565052,0.0
mbj_bandgap::test::000661::JVASP-29830,1.959,1.914155125617981,2.111051709710721,2.111051709710721,0.6366801261901855,True,1.0,True,0.04484487438201912,0.15205170971072102,2,1.0,0.6000000238418579,0.0,0.44661396741867065,0.5533860325813293,0.019207704812288284,0.9020306468009949,0.0567789152264595,0.021982677280902863,0.0,0.01832079328596592,0.9096477627754211,0.05462409183382988,0.017407352104783058,0.0
mbj_bandgap::test::000662::JVASP-49242,2.019,3.3975236415863037,3.18640867949145,3.18640867949145,0.5772872567176819,True,1.0,True,1.3785236415863036,1.1674086794914498,2,0.989445686340332,0.6000000238418579,0.0,0.41219907999038696,0.5878008604049683,0.007707267999649048,0.938657283782959,0.027278464287519455,0.026356955990195274,0.0,0.004886209033429623,0.9377498626708984,0.029476698487997055,0.0278872549533844,0.0
mbj_bandgap::test::000663::JVASP-8097,2.362,2.4137370586395264,2.2598481257607808,2.2598481257607808,0.5565047860145569,True,1.0,True,0.05173705863952627,0.10215187423921934,2,1.0,0.6000000238418579,0.0,0.41293424367904663,0.5870658159255981,0.03369564935564995,0.8461774587631226,0.10127869993448257,0.018848251551389694,0.0,0.033726368099451065,0.8658615946769714,0.08576519787311554,0.014646847732365131,0.0
mbj_bandgap::test::000664::JVASP-9824,0.0,0.03277333080768585,-0.034327724291383685,0.03277333080768585,0.42095082998275757,False,1.0,True,0.03277333080768585,0.03277333080768585,1,1.0,0.6000000238418579,0.0,0.5536076426506042,0.44639235734939575,0.026630651205778122,0.9016145467758179,0.04657561331987381,0.025179216638207436,0.0,0.021344315260648727,0.9008352160453796,0.045595310628414154,0.03222512826323509,0.0
mbj_bandgap::test::000665::JVASP-573,0.0,-0.0033095343969762325,-0.022623432192944694,-0.0033095343969762325,0.39716020226478577,False,1.0,True,0.0033095343969762325,0.0033095343969762325,1,0.9265083074569702,0.699999988079071,0.0,0.5370270013809204,0.4629729688167572,0.1946905553340912,0.7523389458656311,0.04042009636759758,0.012550418265163898,0.0,0.21726417541503906,0.7346857786178589,0.03761569783091545,0.010434392839670181,0.0
mbj_bandgap::test::000666::JVASP-90786,0.0,-0.000670598354190588,-0.004280355459283802,-0.000670598354190588,0.35230353474617004,False,1.0,True,0.000670598354190588,0.000670598354190588,1,0.9006192684173584,0.5,0.0,0.513623833656311,0.4863761365413666,0.41850119829177856,0.22606317698955536,0.3366050124168396,0.01883060671389103,0.0,0.38674432039260864,0.22948403656482697,0.3662574589252472,0.017514215782284737,0.0
mbj_bandgap::test::000667::JVASP-42911,0.0,0.008190109394490719,-0.06549289392508402,0.008190109394490719,0.42560526728630066,False,1.0,True,0.008190109394490719,0.008190109394490719,1,1.0,0.6000000238418579,0.0,0.5607793927192688,0.4392206072807312,0.010396982543170452,0.9591237902641296,0.019170967862010002,0.011308237910270691,0.0,0.005880741868168116,0.9625577926635742,0.017680341377854347,0.013881166465580463,0.0
mbj_bandgap::test::000668::JVASP-52437,0.0,0.6538428068161011,0.22260016079934397,0.22260016079934397,0.5796779990196228,True,1.0,True,0.6538428068161011,0.22260016079934397,2,1.0,0.800000011920929,0.0,0.44021257758140564,0.5597874522209167,0.011705396696925163,0.9182018041610718,0.034429870545864105,0.03566289320588112,0.0,0.009875563904643059,0.9156743288040161,0.03304682672023773,0.04140331223607063,0.0
mbj_bandgap::test::000669::JVASP-121235,0.0,0.0036217705346643925,-0.12081022640196852,0.0036217705346643925,0.4172164499759674,False,1.0,True,0.0036217705346643925,0.0036217705346643925,1,1.0,0.6000000238418579,0.0,0.6021583080291748,0.3978416323661804,0.21106645464897156,0.7212743759155273,0.0562724694609642,0.01138666458427906,0.0,0.21887774765491486,0.7164618372917175,0.05369981378316879,0.010960639454424381,0.0
mbj_bandgap::test::000670::JVASP-12942,3.382,3.2792911529541016,3.4304406769587152,3.4304406769587152,0.6151509881019592,True,1.0,True,0.10270884704589855,0.04844067695871512,2,0.9200823903083801,0.6000000238418579,0.0,0.40222564339637756,0.5977743864059448,0.009430007077753544,0.9498106241226196,0.032824136316776276,0.007935194298624992,0.0,0.0060074785724282265,0.9548465013504028,0.03051670454442501,0.008629338815808296,0.0
mbj_bandgap::test::000671::JVASP-9772,1.837,1.9280813932418823,2.092893416070381,2.092893416070381,0.6309823989868164,True,1.0,True,0.09108139324188236,0.25589341607038096,2,0.9269691109657288,0.6000000238418579,0.0,0.4501560628414154,0.549843966960907,0.018929248675704002,0.950417160987854,0.023286331444978714,0.007367278449237347,0.0,0.015600813552737236,0.954003632068634,0.021874550729990005,0.008521116338670254,0.0
mbj_bandgap::test::000672::JVASP-5341,6.227,6.229427814483643,6.922218310002395,6.922218310002395,0.7943257093429565,True,1.0,True,0.0024278144836422655,0.695218310002395,2,1.0,0.6000000238418579,0.0,0.39990881085395813,0.6000912189483643,0.04343799874186516,0.811445415019989,0.11937649548053741,0.025740057229995728,0.0,0.05095968768000603,0.8107118606567383,0.11149071156978607,0.026837628334760666,0.0
mbj_bandgap::test::000673::JVASP-110418,0.0,-0.0008361800573766232,-0.007240534762183027,-0.0008361800573766232,0.3410645127296448,False,1.0,True,0.0008361800573766232,0.0008361800573766232,1,0.9536822438240051,0.5,0.0,0.5104670524597168,0.4895329475402832,0.3981401324272156,0.31825894117355347,0.27417057752609253,0.009430295787751675,0.0,0.3967953026294708,0.3444834351539612,0.24940237402915955,0.009318937547504902,0.0
mbj_bandgap::test::000674::JVASP-35108,4.846,4.850741863250732,4.917348979537948,4.917348979537948,0.5938434600830078,True,1.0,True,0.004741863250732337,0.07134897953794805,2,0.5958106517791748,0.6000000238418579,0.0,0.400040864944458,0.599959135055542,0.029623886570334435,0.9123737215995789,0.016580399125814438,0.041422031819820404,0.0,0.025271201506257057,0.9387146234512329,0.017707983031868935,0.01830628328025341,0.0
mbj_bandgap::test::000675::JVASP-102203,2.189,1.533506989479065,1.6317056604472242,1.6317056604472242,0.5950645208358765,True,1.0,True,0.6554930105209351,0.5572943395527759,2,0.8917111158370972,0.6000000238418579,0.0,0.44902029633522034,0.550979733467102,0.025856241583824158,0.9462959170341492,0.023808514699339867,0.004039261024445295,0.0,0.03201957792043686,0.9384883046150208,0.02515614964067936,0.004335915204137564,0.0
mbj_bandgap::test::000676::JVASP-71775,0.0,-0.001249359454959631,-0.003973477383025781,-0.001249359454959631,0.34748831391334534,False,1.0,True,0.001249359454959631,0.001249359454959631,1,0.9210605025291443,0.5,0.0,0.5051366090774536,0.494863361120224,0.3716452121734619,0.2916480302810669,0.27796345949172974,0.058743298053741455,0.0,0.36932769417762756,0.29659706354141235,0.27522072196006775,0.05885453149676323,0.0
mbj_bandgap::test::000677::JVASP-106495,0.0,0.04087980091571808,-0.017248946659485332,0.04087980091571808,0.3943021595478058,False,1.0,True,0.04087980091571808,0.04087980091571808,1,0.9947825074195862,0.699999988079071,0.0,0.5457549691200256,0.45424503087997437,0.2304510772228241,0.6393498778343201,0.11200668662786484,0.018192429095506668,0.0,0.26039326190948486,0.6191585659980774,0.1067953109741211,0.013652871362864971,0.0
mbj_bandgap::test::000678::JVASP-63350,0.0,0.0014146105386316776,-0.0024510900917682045,0.0014146105386316776,0.3748050332069397,False,1.0,True,0.0014146105386316776,0.0014146105386316776,1,0.7763274908065796,0.5,0.0,0.5353314280509949,0.4646685719490051,0.33012938499450684,0.4920586943626404,0.14725303649902344,0.03055884875357151,0.0,0.32359570264816284,0.532678484916687,0.11639920622110367,0.027326593175530434,0.0
mbj_bandgap::test::000679::JVASP-29446,2.604,2.761554479598999,3.5061691911530124,3.5061691911530124,0.8490623831748962,True,1.0,True,0.15755447959899893,0.9021691911530123,2,1.0,0.6000000238418579,0.0,0.40453752875328064,0.595462441444397,0.006866784300655127,0.9591131210327148,0.00796770490705967,0.02605242095887661,0.0,0.004387386608868837,0.9596043825149536,0.008614147081971169,0.027394089847803116,0.0
mbj_bandgap::test::000680::JVASP-69355,0.0,-0.0004570945166051388,-0.02267699357959525,-0.0004570945166051388,0.3521218001842499,False,1.0,True,0.0004570945166051388,0.0004570945166051388,1,0.948377251625061,0.6000000238418579,0.0,0.5781687498092651,0.4218312203884125,0.28448963165283203,0.3680669367313385,0.3096924126148224,0.03775106370449066,0.0,0.3088838458061218,0.35054123401641846,0.30493971705436707,0.035635124891996384,0.0
mbj_bandgap::test::000681::JVASP-47982,0.0,-0.000476048793643713,-0.04275946977347032,-0.000476048793643713,0.3907533884048462,False,1.0,True,0.000476048793643713,0.000476048793643713,1,0.9554195404052734,0.5,0.0,0.5652390122413635,0.4347609877586365,0.03842288628220558,0.7189975380897522,0.1030251532793045,0.13955450057983398,0.0,0.03761165589094162,0.7227107286453247,0.091836117208004,0.14784149825572968,0.0
mbj_bandgap::test::000682::JVASP-16645,0.0,0.0007922188378870487,-0.02382436565235959,0.0007922188378870487,0.39846667647361755,False,1.0,True,0.0007922188378870487,0.0007922188378870487,1,0.9378380179405212,0.6000000238418579,0.0,0.5805257558822632,0.41947421431541443,0.14087212085723877,0.7617962956428528,0.08503403514623642,0.01229757908731699,0.0,0.1388205736875534,0.7892636060714722,0.06224159151315689,0.009674234315752983,0.0
mbj_bandgap::test::000683::JVASP-14624,0.0,7.338683644775301e-05,-0.002474690279831093,7.338683644775301e-05,0.37156549096107483,False,1.0,True,7.338683644775301e-05,7.338683644775301e-05,1,0.803508460521698,0.6000000238418579,0.0,0.5134271383285522,0.48657283186912537,0.44086965918540955,0.18944187462329865,0.3471958637237549,0.022492656484246254,0.0,0.4240226745605469,0.2004617154598236,0.3590366840362549,0.01647893153131008,0.0
mbj_bandgap::test::000684::JVASP-74540,0.0,0.0005163685418665409,-0.00302548398867557,0.0005163685418665409,0.3681674301624298,False,1.0,True,0.0005163685418665409,0.0005163685418665409,1,0.7701671123504639,0.6000000238418579,0.0,0.513684868812561,0.48631516098976135,0.4640412926673889,0.3027039170265198,0.21214833855628967,0.021106455475091934,0.0,0.46987804770469666,0.3008109927177429,0.21008794009685516,0.01922300085425377,0.0
mbj_bandgap::test::000685::JVASP-25049,4.221,1.6421996355056763,1.9902992047823607,1.9902992047823607,0.7017769813537598,True,1.0,True,2.578800364494324,2.2307007952176394,2,1.0,0.6000000238418579,0.0,0.4518525004386902,0.5481474995613098,0.02327069826424122,0.912955641746521,0.042357753962278366,0.021415889263153076,0.0,0.021877845749258995,0.9031773805618286,0.04838986322283745,0.026554888114333153,0.0
mbj_bandgap::test::000686::JVASP-40226,1.077,1.0766555070877075,1.1444094968094405,1.1444094968094405,0.5449020266532898,True,1.0,True,0.00034449291229243784,0.06740949680944053,2,0.7571318745613098,0.6000000238418579,0.0,0.4629620611667633,0.5370379090309143,0.07355314493179321,0.8818966746330261,0.018933255225419998,0.025616899132728577,0.0,0.08891776204109192,0.8644396066665649,0.01787438616156578,0.028768232092261314,0.0
mbj_bandgap::test::000687::JVASP-34441,4.605,4.041820526123047,4.312354622316185,4.312354622316185,0.6655138731002808,True,1.0,True,0.5631794738769536,0.29264537768381516,2,1.0,0.6000000238418579,0.0,0.4008827805519104,0.5991172194480896,0.011241369880735874,0.9473470449447632,0.024029547348618507,0.017381999641656876,0.0,0.0068333568051457405,0.9539175033569336,0.025896137580275536,0.0133530143648386,0.0
mbj_bandgap::test::000688::JVASP-107186,0.0,-0.003454254474490881,-0.01119651397621486,-0.003454254474490881,0.36981263756752014,False,1.0,True,0.003454254474490881,0.003454254474490881,1,0.8471133708953857,0.5,0.0,0.5213693976402283,0.47863060235977173,0.30607444047927856,0.5547897219657898,0.11849579960107803,0.020639978349208832,0.0,0.296963095664978,0.5649332404136658,0.12077877670526505,0.01732482947409153,0.0
mbj_bandgap::test::000689::JVASP-63844,0.0,-0.005170272197574377,-0.012258233389016614,-0.005170272197574377,0.4085173010826111,False,1.0,True,0.005170272197574377,0.005170272197574377,1,0.6596730351448059,0.699999988079071,0.0,0.5732119679450989,0.4267880320549011,0.11866024881601334,0.6038225889205933,0.2199404239654541,0.057576753199100494,0.0,0.11603114753961563,0.6474596858024597,0.1892366260290146,0.04727255925536156,0.0
mbj_bandgap::test::000690::JVASP-40580,0.0,0.0007812515832483768,7.628665951981972e-05,0.0007812515832483768,0.40122973918914795,False,1.0,True,0.0007812515832483768,0.0007812515832483768,1,0.3309684693813324,0.5,0.0,0.5082449913024902,0.49175500869750977,0.5952280759811401,0.1833537369966507,0.18320946395397186,0.038208648562431335,0.0,0.5757334232330322,0.20283499360084534,0.18791089951992035,0.03352070599794388,0.0
mbj_bandgap::test::000691::JVASP-116270,4.647,4.648044109344482,4.732584250668209,4.732584250668209,0.5774851441383362,True,1.0,True,0.0010441093444821803,0.08558425066820874,2,0.9121251106262207,0.6000000238418579,0.0,0.4001080095767975,0.5998920202255249,0.025813337415456772,0.9287418127059937,0.020101072266697884,0.02534371241927147,0.0,0.018784500658512115,0.9396225810050964,0.01964244619011879,0.021950412541627884,0.0
mbj_bandgap::test::000692::JVASP-52770,5.145,3.9115676879882812,5.982490036566815,5.982490036566815,0.9902416467666626,True,1.0,True,1.2334323120117183,0.8374900365668152,2,1.0,0.6000000238418579,0.0,0.4004756808280945,0.599524199962616,0.01978250965476036,0.9418951272964478,0.012329737655818462,0.025992628186941147,0.0,0.015677189454436302,0.9513710141181946,0.013812623918056488,0.01913917064666748,0.0
mbj_bandgap::test::000693::JVASP-115032,0.0,0.02420814149081707,-0.16264967989726242,0.02420814149081707,0.4125352203845978,False,1.0,True,0.02420814149081707,0.02420814149081707,1,1.0,0.6000000238418579,0.0,0.5957114100456238,0.40428853034973145,0.3979175090789795,0.5632032155990601,0.028631756082177162,0.0102474894374609,0.0,0.4739578366279602,0.4927157461643219,0.022047000005841255,0.011279439553618431,0.0
mbj_bandgap::test::000694::JVASP-9587,3.922,3.8096094131469727,3.914864777145246,3.914864777145246,0.5874700546264648,True,1.0,True,0.1123905868530275,0.0071352228547540975,2,0.891215980052948,0.6000000238418579,0.0,0.4009615480899811,0.5990384817123413,0.011690100654959679,0.921964168548584,0.059552520513534546,0.006793259177356958,0.0,0.00908980704843998,0.9286943674087524,0.056707002222537994,0.0055089122615754604,0.0
mbj_bandgap::test::000695::JVASP-103697,0.0,7.02873949194327e-05,0.00033021148542504707,7.02873949194327e-05,0.4283832311630249,False,1.0,True,7.02873949194327e-05,7.02873949194327e-05,1,0.21194854378700256,0.699999988079071,0.0,0.5288708806037903,0.4711291193962097,0.5049737691879272,0.39189356565475464,0.08775055408477783,0.015382053330540657,0.0,0.4954720437526703,0.40354451537132263,0.083894282579422,0.01708911918103695,0.0
mbj_bandgap::test::000696::JVASP-16905,0.0,-0.002081440296024084,-0.018683991012895397,-0.002081440296024084,0.3717712163925171,False,1.0,True,0.002081440296024084,0.002081440296024084,1,0.941615641117096,0.6000000238418579,0.0,0.532498836517334,0.46750110387802124,0.3289749026298523,0.4942147135734558,0.14199379086494446,0.03481657803058624,0.0,0.3519302308559418,0.4692884087562561,0.14689140021800995,0.03189000114798546,0.0
mbj_bandgap::test::000697::JVASP-30594,5.273,4.797337055206299,5.436361597064735,5.436361597064735,0.7829716205596924,True,1.0,True,0.47566294479370086,0.16336159706473552,2,1.0,0.6000000238418579,0.0,0.40020403265953064,0.599795937538147,0.03021150827407837,0.8297271728515625,0.10543807595968246,0.03462328016757965,0.0,0.04101470485329628,0.8307862281799316,0.09260028600692749,0.03559885174036026,0.0
mbj_bandgap::test::000698::JVASP-68192,0.0,0.007444454822689295,0.007275671861691801,0.007444454822689295,0.4147588908672333,False,1.0,True,0.007444454822689295,0.007444454822689295,1,0.1276867389678955,0.6000000238418579,0.0,0.5098732709884644,0.49012669920921326,0.5610713958740234,0.1649896204471588,0.24647612869739532,0.02746286615729332,0.0,0.5528680086135864,0.17511652410030365,0.24882397055625916,0.02319144830107689,0.0
mbj_bandgap::test::000699::JVASP-33718,3.783,3.7526612281799316,3.688395102702472,3.688395102702472,0.5790814757347107,True,1.0,True,0.030338771820068278,0.09460489729752775,2,0.5008149147033691,0.6000000238418579,0.0,0.4025774598121643,0.5974224805831909,0.021575890481472015,0.8342872858047485,0.13720180094242096,0.006935047451406717,0.0,0.01421030331403017,0.852900505065918,0.12455402314662933,0.008335196413099766,0.0
mbj_bandgap::test::000700::JVASP-29359,1.72,1.2823504209518433,1.838859715904762,1.838859715904762,0.7637602090835571,True,1.0,True,0.4376495790481567,0.11885971590476196,2,1.0,0.6000000238418579,0.0,0.44902148842811584,0.5509785413742065,0.09679658710956573,0.8571761846542358,0.03244013339281082,0.013587074354290962,0.0,0.08149942755699158,0.8657665252685547,0.03807632997632027,0.01465770322829485,0.0
mbj_bandgap::test::000701::JVASP-13084,3.491,3.495534658432007,3.572111641609376,3.572111641609376,0.5964126586914062,True,1.0,True,0.004534658432006733,0.08111164160937578,2,0.6692227125167847,0.6000000238418579,0.0,0.4001392424106598,0.5998607873916626,0.018828004598617554,0.9467282295227051,0.030842220410704613,0.003601465839892626,0.0,0.015134955756366253,0.9411963224411011,0.04084708169102669,0.0028216701466590166,0.0
mbj_bandgap::test::000702::JVASP-41870,0.0,-0.000558899249881506,-0.001568162078913593,-0.000558899249881506,0.4121130704879761,False,1.0,True,0.000558899249881506,0.000558899249881506,1,0.4927181601524353,0.699999988079071,0.0,0.533190131187439,0.46680983901023865,0.4344629645347595,0.3915249705314636,0.16317299008369446,0.010839120484888554,0.0,0.47488564252853394,0.40628498792648315,0.10737399011850357,0.011455321684479713,0.0
mbj_bandgap::test::000703::JVASP-24251,4.511,6.158459186553955,6.2399110059998835,6.2399110059998835,0.5604658722877502,True,1.0,True,1.647459186553955,1.7289110059998833,2,0.7371196746826172,0.6000000238418579,0.0,0.3999863564968109,0.6000136137008667,0.03984201326966286,0.8798663020133972,0.04559453949332237,0.034697193652391434,0.0,0.040110714733600616,0.8773629069328308,0.04307331144809723,0.03945307061076164,0.0
mbj_bandgap::test::000704::JVASP-16341,0.0,-0.0014131530188024044,-0.04348957328676641,-0.0014131530188024044,0.3925616443157196,False,1.0,True,0.0014131530188024044,0.0014131530188024044,1,1.0,0.5,0.0,0.5745843052864075,0.4254157543182373,0.12273406982421875,0.829203724861145,0.033306170254945755,0.014755983836948872,0.0,0.1612706184387207,0.7984163761138916,0.0295402891933918,0.010772689245641232,0.0
mbj_bandgap::test::000705::JVASP-91817,0.0,0.004417492542415857,-0.03732994152301883,0.004417492542415857,0.39816099405288696,False,1.0,True,0.004417492542415857,0.004417492542415857,1,1.0,0.5,0.0,0.5958420038223267,0.40415796637535095,0.04593372344970703,0.7771888971328735,0.15458756685256958,0.02228977158665657,0.0,0.041877903044223785,0.7940258979797363,0.14911215007305145,0.014984061010181904,0.0
mbj_bandgap::test::000706::JVASP-45368,3.606,3.472712516784668,3.7883797062129836,3.7883797062129836,0.6877191066741943,True,1.0,True,0.1332874832153319,0.18237970621298372,2,1.0,0.6000000238418579,0.0,0.41427311301231384,0.5857268571853638,0.008455295115709305,0.9423694610595703,0.020927630364894867,0.028247635811567307,0.0,0.004930740687996149,0.943962574005127,0.01941763237118721,0.031689099967479706,0.0
mbj_bandgap::test::000707::JVASP-104667,1.505,1.9088784456253052,0.9309314254627257,0.9309314254627257,0.7239696383476257,True,1.0,True,0.4038784456253053,0.5740685745372742,2,1.0,0.6000000238418579,0.0,0.45962685346603394,0.5403731465339661,0.012433456256985664,0.9434776306152344,0.038055695593357086,0.006033214740455151,0.0,0.009169308468699455,0.950627326965332,0.03331000357866287,0.006893455982208252,0.0
mbj_bandgap::test::000708::JVASP-51394,5.09,5.039342403411865,4.923529933357518,4.923529933357518,0.5527030229568481,True,1.0,True,0.050657596588134624,0.1664700666424821,2,1.0,0.6000000238418579,0.0,0.4001385569572449,0.5998614430427551,0.01432868279516697,0.9246571660041809,0.02732172980904579,0.03369246795773506,0.0,0.011524038389325142,0.9259138107299805,0.030163247138261795,0.032398972660303116,0.0
mbj_bandgap::test::000709::JVASP-68659,0.0,-0.0017216666601598263,-0.0066393096137003175,-0.0017216666601598263,0.38585007190704346,False,1.0,True,0.0017216666601598263,0.0017216666601598263,1,0.7833524942398071,0.800000011920929,0.0,0.5176535844802856,0.48234644532203674,0.4427504539489746,0.238001748919487,0.26913315057754517,0.05011460930109024,0.0,0.4747866690158844,0.2406650334596634,0.25239381194114685,0.032154448330402374,0.0
mbj_bandgap::test::000710::JVASP-65108,0.0,0.03898163139820099,-0.011126675675678644,0.03898163139820099,0.37908241152763367,False,1.0,True,0.03898163139820099,0.03898163139820099,1,0.9883687496185303,0.699999988079071,0.0,0.5275975465774536,0.4724024832248688,0.24075067043304443,0.4980469346046448,0.162438303232193,0.09876416623592377,0.0,0.28379878401756287,0.4733913540840149,0.15859097242355347,0.08421895653009415,0.0
mbj_bandgap::test::000711::JVASP-42216,0.0,0.0021186606027185917,-0.10410680780049437,0.0021186606027185917,0.42664965987205505,False,1.0,True,0.0021186606027185917,0.0021186606027185917,1,1.0,0.6000000238418579,0.0,0.5428138375282288,0.457186222076416,0.008721141144633293,0.8959953188896179,0.059626199305057526,0.035657256841659546,0.0,0.009336099028587341,0.9013690948486328,0.05418933182954788,0.03510556370019913,0.0
mbj_bandgap::test::000712::JVASP-118729,0.0,-0.003941343631595373,-0.16029864364488194,-0.003941343631595373,0.41805025935173035,False,1.0,True,0.003941343631595373,0.003941343631595373,1,1.0,0.5,0.0,0.5745688080787659,0.42543119192123413,0.12294088304042816,0.8283321261405945,0.037615593522787094,0.011111418716609478,0.0,0.13582608103752136,0.8194205164909363,0.03273926302790642,0.012014036066830158,0.0
mbj_bandgap::test::000713::JVASP-52249,4.069,3.4319283962249756,4.1039181033685965,4.1039181033685965,0.7990543246269226,True,1.0,True,0.6370716037750244,0.034918103368596576,2,1.0,0.6000000238418579,0.0,0.40047258138656616,0.5995273590087891,0.019362526014447212,0.8689894676208496,0.06955981999635696,0.04208821803331375,0.0,0.019063632935285568,0.8637492060661316,0.07430164515972137,0.04288551211357117,0.0
mbj_bandgap::test::000714::JVASP-12891,0.885,1.1620162725448608,1.1799915301032466,1.1799915301032466,0.5642396211624146,True,1.0,True,0.27701627254486083,0.29499153010324664,2,0.25825315713882446,0.6000000238418579,0.0,0.46026888489723206,0.5397311449050903,0.01788719929754734,0.9282872080802917,0.03834277391433716,0.015482802875339985,0.0,0.021159296855330467,0.9191510081291199,0.046449076384305954,0.013240696862339973,0.0
mbj_bandgap::test::000715::JVASP-15321,0.316,0.3940417170524597,0.19609207165737355,0.19609207165737355,0.48346787691116333,True,1.0,True,0.07804171705245971,0.11990792834262645,1,1.0,0.699999988079071,0.0,0.5475989580154419,0.45240098237991333,0.1286550760269165,0.8318832516670227,0.0325092114508152,0.006952470634132624,0.0,0.11536841094493866,0.8490904569625854,0.029848892241716385,0.005692255683243275,0.0
mbj_bandgap::test::000716::JVASP-14544,0.0,-0.0012170537374913692,-0.0016360080076412765,-0.0012170537374913692,0.40081095695495605,False,1.0,True,0.0012170537374913692,0.0012170537374913692,1,0.26029157638549805,0.5,0.0,0.5275838375091553,0.4724161624908447,0.4442017674446106,0.33426594734191895,0.19396443665027618,0.02756788209080696,0.0,0.4122421145439148,0.35855957865715027,0.19870483875274658,0.030493473634123802,0.0
mbj_bandgap::test::000717::JVASP-49816,1.835,1.639441728591919,1.572669190276755,1.572669190276755,0.5638002753257751,True,1.0,True,0.19555827140808102,0.2623308097232451,2,0.6172296404838562,0.6000000238418579,0.0,0.4477875232696533,0.5522124767303467,0.014472903683781624,0.8692153692245483,0.06400208920240402,0.05230965092778206,0.0,0.011034748516976833,0.8577984571456909,0.058779843151569366,0.0723869800567627,0.0
mbj_bandgap::test::000718::JVASP-24792,1.277,1.22456693649292,1.1957859167015945,1.1957859167015945,0.5346178412437439,True,1.0,True,0.05243306350707999,0.0812140832984054,2,0.5712459087371826,0.6000000238418579,0.0,0.4300498962402344,0.5699499845504761,0.22607100009918213,0.6956305503845215,0.05603208392858505,0.02226635441184044,0.0,0.20566371083259583,0.705265462398529,0.06182742118835449,0.027243416756391525,0.0
mbj_bandgap::test::000719::JVASP-1183,1.387,1.386832356452942,1.292579188421592,1.292579188421592,0.5488858222961426,True,1.0,True,0.00016764354705811613,0.09442081157840798,2,0.974380373954773,0.6000000238418579,0.0,0.424339234828949,0.575660765171051,0.2531298100948334,0.6606329679489136,0.06455781310796738,0.02167939394712448,0.0,0.2303280085325241,0.6873821020126343,0.055657804012298584,0.026632035151124,0.0
mbj_bandgap::test::000720::JVASP-105116,0.0,0.0004946724511682987,0.0005943304994308063,0.0004946724511682987,0.4239620268344879,False,1.0,True,0.0004946724511682987,0.0004946724511682987,1,0.037449318915605545,0.5,0.0,0.5176673531532288,0.48233261704444885,0.6641414761543274,0.19578798115253448,0.12477125972509384,0.015299277380108833,0.0,0.6612142324447632,0.2094004601240158,0.11631141602993011,0.013073925860226154,0.0
mbj_bandgap::test::000721::JVASP-7819,2.816,2.0586650371551514,2.7115866549666654,2.7115866549666654,0.8081797361373901,True,1.0,True,0.7573349628448485,0.10441334503333444,2,1.0,0.6000000238418579,0.0,0.44282904267311096,0.5571709871292114,0.014146102592349052,0.9148240089416504,0.04796871170401573,0.02306118793785572,0.0,0.012465723790228367,0.911233127117157,0.04949680715799332,0.026804398745298386,0.0
mbj_bandgap::test::000722::JVASP-50838,0.0,0.0006843344308435917,-0.052531893675367966,0.0006843344308435917,0.41594600677490234,False,1.0,True,0.0006843344308435917,0.0006843344308435917,1,1.0,0.6000000238418579,0.0,0.6021975874900818,0.3978024125099182,0.038354042917490005,0.8805090188980103,0.05948977544903755,0.021647203713655472,0.0,0.03187340497970581,0.8951572179794312,0.0502089262008667,0.0227604229003191,0.0
mbj_bandgap::test::000723::JVASP-62276,0.0,-0.00039188703522086143,-0.0013526471238466176,-0.00039188703522086143,0.3830733001232147,False,1.0,True,0.00039188703522086143,0.00039188703522086143,1,0.5149824023246765,0.5,0.0,0.5196043848991394,0.4803956151008606,0.5454810857772827,0.23355674743652344,0.21660387516021729,0.0043582431972026825,0.0,0.5351002812385559,0.24789169430732727,0.2132648229598999,0.0037431628443300724,0.0
mbj_bandgap::test::000724::JVASP-57178,7.868,7.561068058013916,7.58598255190805,7.58598255190805,0.5494107007980347,True,1.0,True,0.3069319419860843,0.28201744809194995,2,0.2828614115715027,0.6000000238418579,0.0,0.39995700120925903,0.6000429391860962,0.02970152162015438,0.8445646166801453,0.1048302873969078,0.02090362273156643,0.0,0.02806742861866951,0.8484428524971008,0.10372133553028107,0.019768375903367996,0.0
mbj_bandgap::test::000725::JVASP-15430,0.0,-0.0007906421087682247,-0.002465913747162163,-0.0007906421087682247,0.3845018744468689,False,1.0,True,0.0007906421087682247,0.0007906421087682247,1,0.5881316661834717,0.5,0.0,0.5252554416656494,0.4747445583343506,0.4028131365776062,0.34203311800956726,0.22438684105873108,0.03076688013970852,0.0,0.4374222159385681,0.3347350060939789,0.19363781809806824,0.03420497104525566,0.0
mbj_bandgap::test::000726::JVASP-4870,0.0,-0.00908415112644434,-0.00034875776732150586,-0.00908415112644434,0.43000587821006775,False,1.0,True,0.00908415112644434,0.00908415112644434,1,0.30764204263687134,0.6000000238418579,0.0,0.5376953482627869,0.4623046815395355,0.07389121502637863,0.7251561880111694,0.19231636822223663,0.008636265993118286,0.0,0.10856731235980988,0.7041722536087036,0.18007035553455353,0.007190111093223095,0.0
mbj_bandgap::test::000727::JVASP-20528,0.0,0.0005352036096155643,-0.0013530579052490443,0.0005352036096155643,0.4031696915626526,False,1.0,True,0.0005352036096155643,0.0005352036096155643,1,0.45620474219322205,0.6000000238418579,0.0,0.5138616561889648,0.48613834381103516,0.5950415730476379,0.22776027023792267,0.14888353645801544,0.02831461653113365,0.0,0.5788391828536987,0.24845871329307556,0.15536659955978394,0.017335480079054832,0.0
mbj_bandgap::test::000728::JVASP-38586,0.0,-0.0004080994985997677,-0.002286083878371192,-0.0004080994985997677,0.37890878319740295,False,1.0,True,0.0004080994985997677,0.0004080994985997677,1,0.690064549446106,0.6000000238418579,0.0,0.5101763606071472,0.48982366919517517,0.48699766397476196,0.1425662785768509,0.29594552516937256,0.0744905099272728,0.0,0.48774266242980957,0.16039927303791046,0.28735217452049255,0.06450585275888443,0.0
mbj_bandgap::test::000729::JVASP-25142,0.0,0.0011505619622766972,-0.004513037786712704,0.0011505619622766972,0.3694717586040497,False,1.0,True,0.0011505619622766972,0.0011505619622766972,1,0.8280616402626038,0.5,0.0,0.5475152730941772,0.45248469710350037,0.25049933791160583,0.3968672454357147,0.30778124928474426,0.04485214501619339,0.0,0.1858789473772049,0.37565547227859497,0.38485923409461975,0.053606390953063965,0.0
mbj_bandgap::test::000730::JVASP-14706,0.0,-2.424557169433683e-05,-0.0002587842760048975,-2.424557169433683e-05,0.4188098907470703,False,1.0,True,2.424557169433683e-05,2.424557169433683e-05,1,0.24164631962776184,0.6000000238418579,0.0,0.5156760215759277,0.4843239188194275,0.484703928232193,0.3178699314594269,0.1396646946668625,0.05776149034500122,0.0,0.49084872007369995,0.325167179107666,0.10923735797405243,0.0747467651963234,0.0
mbj_bandgap::test::000731::JVASP-17943,0.0,-0.0004600747488439083,-0.0023668036901030474,-0.0004600747488439083,0.36522266268730164,False,1.0,True,0.0004600747488439083,0.0004600747488439083,1,0.7799153327941895,0.5,0.0,0.5159552097320557,0.48404479026794434,0.500433087348938,0.28579673171043396,0.1972002387046814,0.016570059582591057,0.0,0.4861440658569336,0.28953513503074646,0.21232974529266357,0.011991099454462528,0.0
mbj_bandgap::test::000732::JVASP-100499,0.0,0.00046975770965218544,-0.004698114532922371,0.00046975770965218544,0.368568480014801,False,1.0,True,0.00046975770965218544,0.00046975770965218544,1,0.889169454574585,0.6000000238418579,0.0,0.5191217660903931,0.48087817430496216,0.41836413741111755,0.2781093716621399,0.23774662613868713,0.065779909491539,0.0,0.42572322487831116,0.297772079706192,0.22479692101478577,0.05170776695013046,0.0
mbj_bandgap::test::000733::JVASP-100817,0.008,0.051865413784980774,0.007358170022424937,0.051865413784980774,0.4074525535106659,False,1.0,True,0.043865413784980774,0.043865413784980774,1,0.9861627221107483,0.5,0.0,0.5737899541854858,0.4262100160121918,0.05159536749124527,0.8963512182235718,0.033938679844141006,0.018114764243364334,0.0,0.05650116130709648,0.8976184129714966,0.028319615870714188,0.017560798674821854,0.0
mbj_bandgap::test::000734::JVASP-111320,0.0,-0.0007611974142491817,-0.0013443987902645338,-0.0007611974142491817,0.41093939542770386,False,1.0,True,0.0007611974142491817,0.0007611974142491817,1,0.32225778698921204,0.6000000238418579,0.0,0.5153538584709167,0.48464614152908325,0.39458897709846497,0.23212602734565735,0.3582659363746643,0.015019072219729424,0.0,0.42046719789505005,0.23034267127513885,0.3332544267177582,0.015935713425278664,0.0
mbj_bandgap::test::000735::JVASP-27401,0.42,0.42131704092025757,0.4067064106898279,0.42131704092025757,0.4239068031311035,False,1.0,True,0.001317040920257584,0.001317040920257584,1,0.8863226175308228,0.6000000238418579,0.0,0.5321338176727295,0.4678662419319153,0.30451565980911255,0.5880545377731323,0.0864843800663948,0.020945455878973007,0.0,0.31523245573043823,0.6031962037086487,0.06203044205904007,0.019540928304195404,0.0
mbj_bandgap::test::000736::JVASP-47966,0.0,-0.0008538230322301388,-0.09773297182262926,-0.0008538230322301388,0.4203556478023529,False,1.0,True,0.0008538230322301388,0.0008538230322301388,1,0.9856571555137634,0.6000000238418579,0.0,0.5423150658607483,0.4576849043369293,0.04745185002684593,0.823393702507019,0.0973241776227951,0.031830236315727234,0.0,0.04691799730062485,0.8332496881484985,0.08851870149374008,0.03131357580423355,0.0
mbj_bandgap::test::000737::JVASP-101384,6.784,6.773069858551025,6.828401633424062,6.828401633424062,0.5508133172988892,True,1.0,True,0.010930141448974418,0.044401633424062226,2,0.5824152827262878,0.6000000238418579,0.0,0.3999922573566437,0.6000076532363892,0.025996167212724686,0.8220499753952026,0.14141705632209778,0.010536782443523407,0.0,0.03862016648054123,0.8294245600700378,0.12187957763671875,0.010075686499476433,0.0
mbj_bandgap::test::000738::JVASP-38233,0.506,0.006468965206295252,-0.017673063345917207,0.006468965206295252,0.3705894947052002,False,1.0,True,0.49953103479370475,0.49953103479370475,1,1.0,0.5,0.0,0.5826990008354187,0.4173009991645813,0.14297129213809967,0.620103657245636,0.22829261422157288,0.008632437326014042,0.0,0.115226149559021,0.6214102506637573,0.2567928731441498,0.006570752710103989,0.0
mbj_bandgap::test::000739::JVASP-57117,2.197,2.297008991241455,2.4532603590159408,2.4532603590159408,0.6180673241615295,True,1.0,True,0.10000899124145501,0.2562603590159407,2,1.0,0.6000000238418579,0.0,0.45003408193588257,0.5499659776687622,0.027038291096687317,0.9273830652236938,0.023233553394675255,0.022345121949911118,0.0,0.029441852122545242,0.9264154434204102,0.019687239080667496,0.02445545420050621,0.0
mbj_bandgap::test::000740::JVASP-39440,0.0,0.010323240421712399,-0.006301203896258123,0.010323240421712399,0.37929102778434753,False,1.0,True,0.010323240421712399,0.010323240421712399,1,0.9616891145706177,0.6000000238418579,0.0,0.6005736589431763,0.3994264006614685,0.11037559807300568,0.6109289526939392,0.26841026544570923,0.010285137221217155,0.0,0.11067670583724976,0.628398060798645,0.25249093770980835,0.008434254676103592,0.0
mbj_bandgap::test::000741::JVASP-108598,8.124,8.025552749633789,8.069117599676067,8.069117599676067,0.5323662161827087,True,1.0,True,0.09844725036621149,0.05488240032393321,2,0.4645387530326843,0.6000000238418579,0.0,0.39974015951156616,0.6002598404884338,0.04399392753839493,0.7889409065246582,0.13662078976631165,0.030444398522377014,0.0,0.05554325133562088,0.7941919565200806,0.1255883276462555,0.024676475673913956,0.0
mbj_bandgap::test::000742::JVASP-7990,0.0,-0.001067326869815588,-0.003908586450517571,-0.001067326869815588,0.38265636563301086,False,1.0,True,0.001067326869815588,0.001067326869815588,1,0.7374516725540161,0.699999988079071,0.0,0.5231348276138306,0.4768652021884918,0.4605344831943512,0.31625428795814514,0.17422445118427277,0.048986781388521194,0.0,0.46310749650001526,0.3202889561653137,0.17476476728916168,0.041838787496089935,0.0
mbj_bandgap::test::000743::JVASP-110010,0.0,-0.01920597441494465,-0.05411696017957712,-0.01920597441494465,0.38868948817253113,False,1.0,True,0.01920597441494465,0.01920597441494465,1,1.0,0.6000000238418579,0.0,0.5812442302703857,0.41875582933425903,0.12007472664117813,0.8175234794616699,0.04565133526921272,0.016750527545809746,0.0,0.11308927834033966,0.8244951963424683,0.04534385725855827,0.0170716755092144,0.0
mbj_bandgap::test::000744::JVASP-79529,0.0,-0.005649135913699865,-0.01519768636434129,-0.005649135913699865,0.36143478751182556,False,1.0,True,0.005649135913699865,0.005649135913699865,1,1.0,0.6000000238418579,0.0,0.5918859839439392,0.4081140160560608,0.3376823365688324,0.546737551689148,0.11145363748073578,0.004126520361751318,0.0,0.39507725834846497,0.5017962455749512,0.0993388295173645,0.0037876367568969727,0.0
mbj_bandgap::test::000745::JVASP-602,0.0,-0.00540118059143424,-0.06511607438699892,-0.00540118059143424,0.4148244857788086,False,1.0,True,0.00540118059143424,0.00540118059143424,1,1.0,0.6000000238418579,0.0,0.5963578224182129,0.4036421775817871,0.04380708187818527,0.8636420965194702,0.08120624721050262,0.011344505473971367,0.0,0.042220793664455414,0.8737434148788452,0.07457464188337326,0.009461183100938797,0.0
mbj_bandgap::test::000746::JVASP-106537,0.0,0.001075936947017908,-0.013975105540946475,0.001075936947017908,0.3649226725101471,False,1.0,True,0.001075936947017908,0.001075936947017908,1,0.9449424147605896,0.5,0.0,0.5373085737228394,0.46269145607948303,0.32920172810554504,0.5152497887611389,0.1450047343969345,0.010543709620833397,0.0,0.31060081720352173,0.5249218940734863,0.15543973445892334,0.009037626907229424,0.0
mbj_bandgap::test::000747::JVASP-56934,0.0,0.005607797298580408,-0.015304112418592798,0.005607797298580408,0.36010390520095825,False,1.0,True,0.005607797298580408,0.005607797298580408,1,0.9944040775299072,0.5,0.0,0.5327374935150146,0.46726250648498535,0.5996255278587341,0.2856658101081848,0.10119102150201797,0.013517615385353565,0.0,0.6354528665542603,0.27666422724723816,0.0746973305940628,0.013185566291213036,0.0
mbj_bandgap::test::000748::JVASP-347,1.574,1.3139101266860962,1.279599973239534,1.279599973239534,0.5432839393615723,True,1.0,True,0.2600898733139039,0.29440002676046606,2,0.7104294300079346,0.6000000238418579,0.0,0.4340519309043884,0.5659480094909668,0.08870665729045868,0.8363170623779297,0.06607140600681305,0.008904898539185524,0.0,0.0963524803519249,0.8154984712600708,0.07654343545436859,0.011605697683990002,0.0
mbj_bandgap::test::000749::JVASP-30337,0.0,-4.6952486627560575e-06,-0.01453649389206908,-4.6952486627560575e-06,0.3970065414905548,False,1.0,True,4.6952486627560575e-06,4.6952486627560575e-06,1,0.9202761054039001,0.6000000238418579,0.0,0.55780029296875,0.44219970703125,0.026601945981383324,0.7339821457862854,0.17413780093193054,0.0652780830860138,0.0,0.029581785202026367,0.7625352144241333,0.15286503732204437,0.05501791089773178,0.0
mbj_bandgap::test::000750::JVASP-14526,0.0,0.0002305046800756827,-0.0051033080428964485,0.0002305046800756827,0.36827725172042847,False,1.0,True,0.0002305046800756827,0.0002305046800756827,1,0.835330069065094,0.5,0.0,0.5138822793960571,0.48611775040626526,0.39988356828689575,0.2832699716091156,0.28095048666000366,0.035895925015211105,0.0,0.4233543872833252,0.2855069637298584,0.25973230600357056,0.03140636533498764,0.0
mbj_bandgap::test::000751::JVASP-28476,0.951,1.0105048418045044,0.9885672836577459,0.9885672836577459,0.509155809879303,True,1.0,True,0.05950484180450444,0.037567283657745976,2,0.558276891708374,0.6000000238418579,0.0,0.4798656404018402,0.5201343894004822,0.0659305527806282,0.865062415599823,0.03957532346248627,0.029431741684675217,0.0,0.07005506008863449,0.8565195202827454,0.052083611488342285,0.021341770887374878,0.0
mbj_bandgap::test::000752::JVASP-107197,0.0,0.0008481279946863651,-0.0012521517637744451,0.0008481279946863651,0.3835274279117584,False,1.0,True,0.0008481279946863651,0.0008481279946863651,1,0.8147956728935242,0.699999988079071,0.0,0.5231886506080627,0.47681131958961487,0.3568021357059479,0.42279544472694397,0.17560246586799622,0.04479996860027313,0.0,0.3637443780899048,0.438880980014801,0.16158360242843628,0.03579111024737358,0.0
mbj_bandgap::test::000753::JVASP-19824,0.0,-0.002091930713504553,-0.005440178943048246,-0.002091930713504553,0.38626813888549805,False,1.0,True,0.002091930713504553,0.002091930713504553,1,0.6363771557807922,0.6000000238418579,0.0,0.5214165449142456,0.47858333587646484,0.29806655645370483,0.42536860704421997,0.19531287252902985,0.08125199377536774,0.0,0.289671927690506,0.44656410813331604,0.19746184349060059,0.06630208343267441,0.0
mbj_bandgap::test::000754::JVASP-74188,0.061,0.0009154812432825565,-0.0011572869121477148,0.0009154812432825565,0.36779624223709106,False,1.0,True,0.06008451875671744,0.06008451875671744,1,0.56174635887146,0.5,0.0,0.5088881254196167,0.4911119043827057,0.48049935698509216,0.2503986656665802,0.25197428464889526,0.01712763123214245,0.0,0.42227283120155334,0.2651790976524353,0.29563918709754944,0.016908911988139153,0.0
mbj_bandgap::test::000755::JVASP-40067,0.058,0.030930710956454277,0.024380627977695933,0.030930710956454277,0.3904079496860504,False,1.0,True,0.027069289043545726,0.027069289043545726,1,0.8171523213386536,0.5,0.0,0.5645092725753784,0.4354906678199768,0.28877195715904236,0.5781765580177307,0.1228024959564209,0.010249014012515545,0.0,0.2737272381782532,0.607024073600769,0.11070003360509872,0.0085486751049757,0.0
mbj_bandgap::test::000756::JVASP-37321,0.0,-0.0005196793936192989,-0.015185519488801336,-0.0005196793936192989,0.36359652876853943,False,1.0,True,0.0005196793936192989,0.0005196793936192989,1,0.9739903807640076,0.5,0.0,0.532371461391449,0.4676285684108734,0.3378646969795227,0.5150604844093323,0.1314786672592163,0.01559615321457386,0.0,0.31108221411705017,0.5406360030174255,0.13764402270317078,0.010637769475579262,0.0
mbj_bandgap::test::000757::JVASP-65569,0.0,-0.0029112561605870724,-0.0374069248845208,-0.0029112561605870724,0.36072954535484314,False,1.0,True,0.0029112561605870724,0.0029112561605870724,1,0.9898298978805542,0.5,0.0,0.5248094797134399,0.4751904606819153,0.25565752387046814,0.551846981048584,0.16058070957660675,0.031914737075567245,0.0,0.29628831148147583,0.5210945010185242,0.15452560782432556,0.02809160016477108,0.0
mbj_bandgap::test::000758::JVASP-39508,1.122,0.2996963858604431,0.2973665098665755,0.2973665098665755,0.45134150981903076,True,1.0,True,0.822303614139557,0.8246334901334247,1,0.11730538308620453,0.6000000238418579,0.0,0.5489094853401184,0.45109057426452637,0.39537277817726135,0.3694141209125519,0.21442294120788574,0.020790161564946175,0.0,0.40447431802749634,0.37192288041114807,0.20331478118896484,0.020288031548261642,0.0
mbj_bandgap::test::000759::JVASP-65267,0.0,-0.0011854632757604122,-0.016705505045128577,-0.0011854632757604122,0.3471888601779938,False,1.0,True,0.0011854632757604122,0.0011854632757604122,1,1.0,0.5,0.0,0.5837581753730774,0.4162418246269226,0.30024808645248413,0.44228100776672363,0.20518723130226135,0.052283696830272675,0.0,0.34440165758132935,0.4118920862674713,0.19169336557388306,0.05201290175318718,0.0
mbj_bandgap::test::000760::JVASP-66371,1.926,0.025968266651034355,-0.06281258100913141,0.025968266651034355,0.39679569005966187,False,1.0,True,1.9000317333489656,1.9000317333489656,1,1.0,0.6000000238418579,0.0,0.5700275897979736,0.42997241020202637,0.2672403156757355,0.6507291197776794,0.07291702926158905,0.009113520383834839,0.0,0.2914879322052002,0.6272726058959961,0.07248152792453766,0.008757898584008217,0.0
mbj_bandgap::test::000761::JVASP-5389,3.227,2.819070816040039,3.292117416802957,3.292117416802957,0.7584883570671082,True,1.0,True,0.4079291839599608,0.06511741680295735,2,1.0,0.6000000238418579,0.0,0.4171633720397949,0.5828366279602051,0.019916092976927757,0.9292378425598145,0.029915113002061844,0.020930860191583633,0.0,0.021082958206534386,0.931144118309021,0.03217436373233795,0.015598511323332787,0.0
mbj_bandgap::test::000762::JVASP-15269,0.0,-0.0002011521573876962,-0.007243119391084263,-0.0002011521573876962,0.3789936304092407,False,1.0,True,0.0002011521573876962,0.0002011521573876962,1,0.9620726704597473,0.699999988079071,0.0,0.5293992757797241,0.4706006944179535,0.2547091841697693,0.6169368028640747,0.09737975150346756,0.030974334105849266,0.0,0.26148077845573425,0.6272273659706116,0.08639250695705414,0.02489936351776123,0.0
mbj_bandgap::test::000763::JVASP-15916,0.0,0.0009673372842371464,-0.005307199764535642,0.0009673372842371464,0.3784089684486389,False,1.0,True,0.0009673372842371464,0.0009673372842371464,1,0.8176559209823608,0.6000000238418579,0.0,0.5258453488349915,0.47415465116500854,0.22220857441425323,0.5884936451911926,0.17694909870624542,0.01234874315559864,0.0,0.2195831835269928,0.5948558449745178,0.17545048892498016,0.010110463947057724,0.0
mbj_bandgap::test::000764::JVASP-29731,6.412,6.2163543701171875,6.044735576498879,6.044735576498879,0.5532511472702026,True,1.0,True,0.19564562988281242,0.3672644235011209,2,0.9777351021766663,0.6000000238418579,0.0,0.39999479055404663,0.6000052690505981,0.05499080941081047,0.882271945476532,0.027668004855513573,0.03506917506456375,0.0,0.04853968694806099,0.8897426724433899,0.031997520476579666,0.029720108956098557,0.0
mbj_bandgap::test::000765::JVASP-118914,0.0,0.43828147649765015,0.3762637640442278,0.3762637640442278,0.45171692967414856,True,1.0,True,0.43828147649765015,0.3762637640442278,1,0.875953197479248,0.6000000238418579,0.0,0.5277219414710999,0.47227805852890015,0.06281875818967819,0.8962398767471313,0.014381973072886467,0.0265594981610775,0.0,0.07276782393455505,0.8993470072746277,0.014747396111488342,0.013137852773070335,0.0
mbj_bandgap::test::000766::JVASP-75663,0.0,-0.0007484420202672482,-0.0011764890554561759,-0.0007484420202672482,0.3988822400569916,False,1.0,True,0.0007484420202672482,0.0007484420202672482,1,0.3948371410369873,0.699999988079071,0.0,0.5170609354972839,0.4829390048980713,0.4240763187408447,0.282177597284317,0.24297881126403809,0.05076727271080017,0.0,0.45845741033554077,0.3013289272785187,0.1957874745130539,0.04442618414759636,0.0
mbj_bandgap::test::000767::JVASP-19880,0.0,-0.0016991361044347286,-0.0011891750267820633,-0.0016991361044347286,0.4283311367034912,False,1.0,True,0.0016991361044347286,0.0016991361044347286,1,0.22357597947120667,0.6000000238418579,0.0,0.5204979777336121,0.47950196266174316,0.6328521966934204,0.2171303927898407,0.10696113109588623,0.04305623844265938,0.0,0.6469212770462036,0.23652133345603943,0.08378506451845169,0.03277236968278885,0.0
mbj_bandgap::test::000768::JVASP-11136,4.146,4.221156120300293,4.585562348204024,4.585562348204024,0.7061226963996887,True,1.0,True,0.07515612030029306,0.4395623482040243,2,1.0,0.6000000238418579,0.0,0.4009207785129547,0.5990791916847229,0.0054721287451684475,0.9633881449699402,0.014720894396305084,0.0164189450442791,0.0,0.00347593380138278,0.9662996530532837,0.016401179134845734,0.013823375105857849,0.0
mbj_bandgap::test::000769::JVASP-100164,0.0,-0.003965185489505529,-0.004426225757307467,-0.003965185489505529,0.41880056262016296,False,1.0,True,0.003965185489505529,0.003965185489505529,1,0.2588408887386322,0.699999988079071,0.0,0.5216855406761169,0.47831445932388306,0.1805018186569214,0.47409844398498535,0.28097623586654663,0.06442351639270782,0.0,0.22136811912059784,0.44884586334228516,0.2674141526222229,0.0623718798160553,0.0
mbj_bandgap::test::000770::JVASP-56338,0.0,0.00518996873870492,0.00047625752006656973,0.00518996873870492,0.37054651975631714,False,1.0,True,0.00518996873870492,0.00518996873870492,1,0.8185452222824097,0.6000000238418579,0.0,0.5267997980117798,0.4732001721858978,0.3286430239677429,0.35109299421310425,0.29655399918556213,0.023709971457719803,0.0,0.3384733200073242,0.35292261838912964,0.29092177748680115,0.017682241275906563,0.0
mbj_bandgap::test::000771::JVASP-39420,0.0,-0.0026169284246861935,-0.002844771844921823,-0.0026169284246861935,0.416896790266037,False,1.0,True,0.0026169284246861935,0.0026169284246861935,1,0.15033207833766937,0.699999988079071,0.0,0.5236045718193054,0.4763953685760498,0.4452679753303528,0.3125690519809723,0.2294643372297287,0.01269861776381731,0.0,0.4417739808559418,0.33794406056404114,0.2107507735490799,0.009531194344162941,0.0
mbj_bandgap::test::000772::JVASP-99741,0.974,1.031433343887329,1.5014624708255444,1.5014624708255444,0.7121953368186951,True,1.0,True,0.057433343887329125,0.5274624708255444,2,1.0,0.6000000238418579,0.0,0.4624360203742981,0.5375640392303467,0.11133319139480591,0.810093879699707,0.07393516600131989,0.004637805745005608,0.0,0.12009911239147186,0.8097606897354126,0.06586863100528717,0.004271507728844881,0.0
mbj_bandgap::test::000773::JVASP-42715,0.0,-0.0020980103872716427,-0.0978914944647011,-0.0020980103872716427,0.4065464735031128,False,1.0,True,0.0020980103872716427,0.0020980103872716427,1,1.0,0.5,0.0,0.5388891696929932,0.4611108899116516,0.011182889342308044,0.9330850839614868,0.044514842331409454,0.011217201128602028,0.0,0.009852771647274494,0.9350666999816895,0.0442444309592247,0.010836093686521053,0.0
mbj_bandgap::test::000774::JVASP-57123,2.189,2.170816659927368,2.0984652456678927,2.0984652456678927,0.5995420813560486,True,1.0,True,0.018183340072631893,0.09053475433210734,2,0.39145806431770325,0.6000000238418579,0.0,0.43814119696617126,0.5618587732315063,0.00784420408308506,0.9591442346572876,0.01790025644004345,0.01511130016297102,0.0,0.005888490937650204,0.9608410596847534,0.019117865711450577,0.01415251661092043,0.0
mbj_bandgap::test::000775::JVASP-36222,1.667,2.0952107906341553,2.016047589885452,2.016047589885452,0.5544273853302002,True,1.0,True,0.42821079063415524,0.3490475898854519,2,0.6579999923706055,0.6000000238418579,0.0,0.442559152841568,0.5574408173561096,0.029848983511328697,0.8480207324028015,0.04937136173248291,0.07275892794132233,0.0,0.026492532342672348,0.8676587343215942,0.0410725474357605,0.06477618962526321,0.0
mbj_bandgap::test::000776::JVASP-11341,0.0,-0.01241676602512598,-0.041965686422376636,-0.01241676602512598,0.40822651982307434,False,1.0,True,0.01241676602512598,0.01241676602512598,1,0.7594965100288391,0.6000000238418579,0.0,0.5110687613487244,0.48893123865127563,0.014839922077953815,0.8697888255119324,0.09426768869161606,0.021103525534272194,0.0,0.014059178531169891,0.8829315304756165,0.08247025310993195,0.020539041608572006,0.0
mbj_bandgap::test::000777::JVASP-104604,0.0,0.00036926427856087685,-0.003591405969609518,0.00036926427856087685,0.3713175058364868,False,1.0,True,0.00036926427856087685,0.00036926427856087685,1,0.8280507922172546,0.5,0.0,0.5122030377388,0.48779696226119995,0.5757075548171997,0.2070132941007614,0.16702072322368622,0.05025845021009445,0.0,0.5780645608901978,0.2152053415775299,0.1623210608959198,0.044408995658159256,0.0
mbj_bandgap::test::000778::JVASP-110803,0.0,-0.0002953275106847286,-0.0023043346297075607,-0.0002953275106847286,0.38520097732543945,False,1.0,True,0.0002953275106847286,0.0002953275106847286,1,0.6982885003089905,0.6000000238418579,0.0,0.5159287452697754,0.4840713143348694,0.40670666098594666,0.2874617576599121,0.2431637942790985,0.06266772001981735,0.0,0.4586039185523987,0.2701263427734375,0.20829901099205017,0.06297068297863007,0.0
mbj_bandgap::test::000779::JVASP-62327,8.426,8.096874237060547,8.326431604008693,8.326431604008693,0.598761260509491,True,1.0,True,0.3291257629394533,0.09956839599130696,2,1.0,0.6000000238418579,0.0,0.3988857567310333,0.6011142730712891,0.035282108932733536,0.8482683300971985,0.061633966863155365,0.0548156276345253,0.0,0.036002542823553085,0.8517621159553528,0.06472550332546234,0.047509871423244476,0.0
mbj_bandgap::test::000780::JVASP-117500,0.0,1.6054719686508179,0.7305899975473193,0.7305899975473193,0.702774703502655,True,1.0,True,1.6054719686508179,0.7305899975473193,1,1.0,0.6000000238418579,0.0,0.5685124397277832,0.4314875602722168,0.18723583221435547,0.6843782663345337,0.11643322557210922,0.011952635832130909,0.0,0.20306222140789032,0.6608670353889465,0.12752488255500793,0.00854584388434887,0.0
mbj_bandgap::test::000781::JVASP-49616,0.0,0.0014221207238733768,-0.002689208366670459,0.0014221207238733768,0.3874126970767975,False,1.0,True,0.0014221207238733768,0.0014221207238733768,1,0.8157544732093811,0.5,0.0,0.5229008793830872,0.4770991802215576,0.06864751130342484,0.7289867401123047,0.1294553577899933,0.07291041314601898,0.0,0.07230661064386368,0.7297746539115906,0.11667301505804062,0.08124571293592453,0.0
mbj_bandgap::test::000782::JVASP-104767,0.0,0.0001935498003149405,-0.0009376835673724048,0.0001935498003149405,0.40385180711746216,False,1.0,True,0.0001935498003149405,0.0001935498003149405,1,0.4656597077846527,0.6000000238418579,0.0,0.516705334186554,0.48329466581344604,0.5001378655433655,0.33095699548721313,0.15834736824035645,0.010557794943451881,0.0,0.5225945711135864,0.3372580111026764,0.13088083267211914,0.009266526438295841,0.0
mbj_bandgap::test::000783::JVASP-38057,4.761,3.9004180431365967,4.773524495318713,4.773524495318713,0.8676785826683044,True,1.0,True,0.8605819568634034,0.012524495318713136,2,1.0,0.6000000238418579,0.0,0.4001104235649109,0.5998894572257996,0.014726798050105572,0.911566436290741,0.06695296615362167,0.006753773894160986,0.0,0.020588748157024384,0.9163848161697388,0.05600637197494507,0.007020208984613419,0.0
mbj_bandgap::test::000784::JVASP-41881,0.526,2.3298356533050537,0.4904799493202803,0.4904799493202803,0.8436697721481323,True,1.0,True,1.8038356533050537,0.03552005067971975,2,1.0,0.800000011920929,0.0,0.38758039474487305,0.612419605255127,0.23885507881641388,0.7099553942680359,0.03720228374004364,0.013987201265990734,0.0,0.3173799216747284,0.6404000520706177,0.026844331994652748,0.015375765971839428,0.0
mbj_bandgap::test::000785::JVASP-15630,0.0,-0.0017394288443028927,-0.006188659458335177,-0.0017394288443028927,0.3934440016746521,False,1.0,True,0.0017394288443028927,0.0017394288443028927,1,0.6763231754302979,0.6000000238418579,0.0,0.533017098903656,0.466982901096344,0.3687664866447449,0.4792659878730774,0.13447898626327515,0.01748853176832199,0.0,0.36425474286079407,0.4968748688697815,0.1260260045528412,0.012844433076679707,0.0
mbj_bandgap::test::000786::JVASP-11321,6.156,5.896349906921387,5.956308665844256,5.956308665844256,0.5735613703727722,True,1.0,True,0.259650093078613,0.19969133415574358,2,0.4230972230434418,0.6000000238418579,0.0,0.4000239372253418,0.5999760627746582,0.019162394106388092,0.8791052103042603,0.07963170111179352,0.02210073545575142,0.0,0.023162096738815308,0.8818296194076538,0.07317357510328293,0.02183469943702221,0.0
mbj_bandgap::test::000787::JVASP-15848,0.0,0.13651807606220245,0.11523722939510125,0.13651807606220245,0.4198209047317505,False,1.0,True,0.13651807606220245,0.13651807606220245,2,0.6507731080055237,0.699999988079071,0.0,0.4943021237850189,0.5056978464126587,0.13328753411769867,0.5143001675605774,0.3205574154853821,0.031854934990406036,0.0,0.16137656569480896,0.5761297345161438,0.23185698688030243,0.03063664212822914,0.0
mbj_bandgap::test::000788::JVASP-110039,0.0,0.001823140773922205,-0.034300839318511064,0.001823140773922205,0.3655970096588135,False,1.0,True,0.001823140773922205,0.001823140773922205,1,0.9663193225860596,0.5,0.0,0.5404618978500366,0.45953816175460815,0.4456806778907776,0.4026874601840973,0.13842466473579407,0.01320718228816986,0.0,0.45899611711502075,0.39719483256340027,0.13539612293243408,0.0084129199385643,0.0
mbj_bandgap::test::000789::JVASP-19780,0.0,-0.0003277524374425411,-0.006787364747717284,-0.0003277524374425411,0.3716540038585663,False,1.0,True,0.0003277524374425411,0.0003277524374425411,1,0.917007327079773,0.699999988079071,0.0,0.524490475654602,0.4755094647407532,0.36817318201065063,0.5280064344406128,0.08915921300649643,0.014661146327853203,0.0,0.4056096076965332,0.5000220537185669,0.08159075677394867,0.0127776013687253,0.0
mbj_bandgap::test::000790::JVASP-57138,7.994,7.609002590179443,7.5543963130255545,7.5543963130255545,0.5126696228981018,True,1.0,True,0.3849974098205564,0.4396036869744453,2,0.7716191411018372,0.6000000238418579,0.0,0.3999611735343933,0.6000388860702515,0.030031880363821983,0.8463088274002075,0.07715575397014618,0.04650358110666275,0.0,0.02736615017056465,0.844443678855896,0.07388004660606384,0.05431016534566879,0.0
mbj_bandgap::test::000791::JVASP-67155,0.0,0.0005832449533045292,-0.0008466520283240575,0.0005832449533045292,0.3927696645259857,False,1.0,True,0.0005832449533045292,0.0005832449533045292,1,0.43919748067855835,0.6000000238418579,0.0,0.5195774435997009,0.48042258620262146,0.4575367569923401,0.3329997956752777,0.19518233835697174,0.014281113632023335,0.0,0.43746718764305115,0.367371529340744,0.18493299186229706,0.010228256694972515,0.0
mbj_bandgap::test::000792::JVASP-67791,0.0,0.0008570686914026737,0.000372578937565593,0.0008570686914026737,0.4067603647708893,False,1.0,True,0.0008570686914026737,0.0008570686914026737,1,0.21748638153076172,0.5,0.0,0.5248969793319702,0.4751030504703522,0.5156931281089783,0.31403276324272156,0.1581532210111618,0.012120865285396576,0.0,0.5063468813896179,0.3421826660633087,0.14095903933048248,0.010511385276913643,0.0
mbj_bandgap::test::000793::JVASP-86860,1.334,0.4691924452781677,0.6275613579785279,0.6275613579785279,0.5248355865478516,True,1.0,True,0.8648075547218323,0.7064386420214722,2,0.7333022952079773,0.6000000238418579,0.0,0.4967377185821533,0.5032622218132019,0.013080505654215813,0.940949559211731,0.03267514333128929,0.013294795528054237,0.0,0.015148458071053028,0.9357618093490601,0.03805523365736008,0.011034487746655941,0.0
mbj_bandgap::test::000794::JVASP-8039,5.24,5.244457244873047,5.208008538134775,5.208008538134775,0.5736181735992432,True,1.0,True,0.004457244873046662,0.031991461865224835,2,0.2906627953052521,0.6000000238418579,0.0,0.4000064730644226,0.5999935269355774,0.03225378319621086,0.9139171838760376,0.020815234631299973,0.033013828098773956,0.0,0.023564811795949936,0.9285046458244324,0.020679455250501633,0.027251163497567177,0.0
mbj_bandgap::test::000795::JVASP-15523,0.0,-0.001012252178043127,-0.021051271084660362,-0.001012252178043127,0.38923338055610657,False,1.0,True,0.001012252178043127,0.001012252178043127,1,0.9187048673629761,0.699999988079071,0.0,0.5541906356811523,0.44580936431884766,0.130933478474617,0.5229520797729492,0.31613433361053467,0.029980123043060303,0.0,0.13723509013652802,0.5308562517166138,0.3055330514907837,0.026375647634267807,0.0
mbj_bandgap::test::000796::JVASP-50610,4.768,4.087183952331543,4.332392754530637,4.332392754530637,0.6453536748886108,True,1.0,True,0.6808160476684568,0.43560724546936314,2,1.0,0.6000000238418579,0.0,0.40012964606285095,0.5998703837394714,0.015410156920552254,0.923155665397644,0.041410934180021286,0.020023323595523834,0.0,0.011312099173665047,0.9300975799560547,0.04065784066915512,0.017932388931512833,0.0
mbj_bandgap::test::000797::JVASP-38239,0.0,-0.00750379404053092,-0.03099264515521751,-0.00750379404053092,0.36877134442329407,False,1.0,True,0.00750379404053092,0.00750379404053092,1,1.0,0.5,0.0,0.5774630904197693,0.42253684997558594,0.2111775130033493,0.655792236328125,0.12019691616296768,0.01283336617052555,0.0,0.20895516872406006,0.651766300201416,0.12628833949565887,0.012990131974220276,0.0
mbj_bandgap::test::000798::JVASP-42251,0.0,-0.0009353621862828732,-0.052088291803482734,-0.0009353621862828732,0.411158949136734,False,1.0,True,0.0009353621862828732,0.0009353621862828732,1,0.9660694003105164,0.6000000238418579,0.0,0.5498730540275574,0.4501269459724426,0.04597083106637001,0.835470974445343,0.07860782742500305,0.03995038941502571,0.0,0.04667758196592331,0.8406401872634888,0.07150401920080185,0.04117819294333458,0.0
mbj_bandgap::test::000799::JVASP-11273,1.851,1.213848352432251,1.5149655622129685,1.5149655622129685,0.6664438247680664,True,1.0,True,0.637151647567749,0.33603443778703146,2,1.0,0.6000000238418579,0.0,0.4509460926055908,0.5490538477897644,0.06690818071365356,0.8892346620559692,0.03541558235883713,0.00844162330031395,0.0,0.07813313603401184,0.8813864588737488,0.029171805828809738,0.011308599263429642,0.0
mbj_bandgap::test::000800::JVASP-110739,4.1,2.9779069423675537,3.0283041354200653,3.0283041354200653,0.6039915084838867,True,1.0,True,1.122093057632446,1.0716958645799344,2,0.3383670449256897,0.6000000238418579,0.0,0.41153615713119507,0.5884638428688049,0.01095372810959816,0.8915863037109375,0.043303076177835464,0.05415686219930649,0.0,0.010222510434687138,0.9004423022270203,0.04196179658174515,0.04737343639135361,0.0
mbj_bandgap::test::000801::JVASP-19871,0.0,-0.0005748732946813107,-0.0021941208702379368,-0.0005748732946813107,0.39264509081840515,False,1.0,True,0.0005748732946813107,0.0005748732946813107,1,0.4496319591999054,0.6000000238418579,0.0,0.5268005132675171,0.4731995165348053,0.43845289945602417,0.29702991247177124,0.2533286511898041,0.011188436299562454,0.0,0.4339219033718109,0.30066055059432983,0.25450846552848816,0.010908969677984715,0.0
mbj_bandgap::test::000802::JVASP-7865,0.0,0.927424967288971,1.6744467543341357,1.6744467543341357,0.8202741146087646,True,1.0,True,0.927424967288971,1.6744467543341357,2,1.0,0.6000000238418579,0.0,0.4511388838291168,0.5488611459732056,0.02589968778192997,0.9578477740287781,0.014338677749037743,0.0019138803472742438,0.0,0.020776230841875076,0.9619933366775513,0.015008330345153809,0.002222171053290367,0.0
mbj_bandgap::test::000803::JVASP-30191,4.079,3.8181703090667725,4.043162531324774,4.043162531324774,0.6524612903594971,True,1.0,True,0.2608296909332273,0.03583746867522564,2,0.9369737505912781,0.6000000238418579,0.0,0.4001849591732025,0.5998150706291199,0.0045513189397752285,0.9573090672492981,0.025978494435548782,0.012161173857748508,0.0,0.003289890708401799,0.9653694033622742,0.02378515712916851,0.0075555285438895226,0.0
mbj_bandgap::test::000804::JVASP-107915,0.0,-0.00013522942026611418,-0.00821757657035167,-0.00013522942026611418,0.3684641420841217,False,1.0,True,0.00013522942026611418,0.00013522942026611418,1,0.8646793365478516,0.6000000238418579,0.0,0.5153394937515259,0.4846605360507965,0.3240815997123718,0.32175320386886597,0.3164995312690735,0.0376657173037529,0.0,0.34236007928848267,0.3228031396865845,0.3055979609489441,0.02923884615302086,0.0
mbj_bandgap::test::000805::JVASP-100346,0.0,0.14522810280323029,-0.08093933252488654,0.14522810280323029,0.44871798157691956,False,1.0,True,0.14522810280323029,0.14522810280323029,1,1.0,0.5,0.0,0.5692717432975769,0.4307282865047455,0.02482704631984234,0.8118000030517578,0.15940675139427185,0.003966226242482662,0.0,0.025923967361450195,0.81305330991745,0.15744571387767792,0.0035769492387771606,0.0
mbj_bandgap::test::000806::JVASP-28463,0.209,0.19001658260822296,0.12656334076873121,0.19001658260822296,0.40641406178474426,False,1.0,True,0.01898341739177703,0.01898341739177703,1,1.0,0.6000000238418579,0.0,0.525236964225769,0.4747629761695862,0.058199577033519745,0.8537484407424927,0.04357676953077316,0.04447519779205322,0.0,0.0620928630232811,0.843083381652832,0.050582803785800934,0.04424099251627922,0.0
mbj_bandgap::test::000807::JVASP-67578,0.0,-0.002618716564029455,-0.039988566264206236,-0.002618716564029455,0.35484614968299866,False,1.0,True,0.002618716564029455,0.002618716564029455,1,0.9799231290817261,0.5,0.0,0.5206632614135742,0.4793367385864258,0.3340667486190796,0.5041160583496094,0.1415872424840927,0.02022993564605713,0.0,0.3437057137489319,0.4913025498390198,0.15065379440784454,0.014337914995849133,0.0
mbj_bandgap::test::000808::JVASP-52890,7.11,6.279179573059082,6.668295091168119,6.668295091168119,0.7077925205230713,True,1.0,True,0.8308204269409183,0.4417049088318814,2,1.0,0.6000000238418579,0.0,0.4000093936920166,0.5999905467033386,0.027887245640158653,0.9281243085861206,0.02403213083744049,0.01995622180402279,0.0,0.018481915816664696,0.9437287449836731,0.025569766759872437,0.012219496071338654,0.0
mbj_bandgap::test::000809::JVASP-108576,1.921,2.1483545303344727,1.8373468963532082,1.8373468963532082,0.6056655645370483,True,1.0,True,0.22735453033447262,0.0836531036467918,2,1.0,0.6000000238418579,0.0,0.44968700408935547,0.5503130555152893,0.017590295523405075,0.8987229466438293,0.07102518528699875,0.012661616317927837,0.0,0.018066298216581345,0.8924644589424133,0.07214284688234329,0.017326390370726585,0.0
mbj_bandgap::test::000810::JVASP-1846,2.25,2.404994010925293,2.445708859935607,2.445708859935607,0.5963171720504761,True,1.0,True,0.15499401092529297,0.19570885993560694,2,0.44234558939933777,0.6000000238418579,0.0,0.4421096444129944,0.5578904151916504,0.03264882415533066,0.9151932597160339,0.03266816958785057,0.019489768892526627,0.0,0.03192038834095001,0.9216386675834656,0.02628973126411438,0.020151156932115555,0.0
mbj_bandgap::test::000811::JVASP-12936,4.124,3.870450973510742,3.954325507772728,3.954325507772728,0.5801461935043335,True,1.0,True,0.2535490264892575,0.1696744922272715,2,0.7899138927459717,0.6000000238418579,0.0,0.4016095995903015,0.5983904600143433,0.07366792857646942,0.8911563158035278,0.030752083286643028,0.004423755221068859,0.0,0.0880155935883522,0.8797818422317505,0.028785446658730507,0.003417160827666521,0.0
mbj_bandgap::test::000812::JVASP-55698,5.99,5.989720821380615,6.043237827284715,6.043237827284715,0.5875191688537598,True,1.0,True,0.0002791786193849788,0.05323782728471471,2,0.4175323247909546,0.6000000238418579,0.0,0.3999250829219818,0.6000749468803406,0.026320386677980423,0.8785219192504883,0.02352452464401722,0.07163314521312714,0.0,0.0283246748149395,0.8900386691093445,0.02930622361600399,0.05233035236597061,0.0
mbj_bandgap::test::000813::JVASP-16107,0.0,0.18316932022571564,0.16411010614769547,0.18316932022571564,0.3797118067741394,False,1.0,True,0.18316932022571564,0.18316932022571564,1,0.9447094202041626,0.5,0.0,0.5292316675186157,0.4707683026790619,0.3572365641593933,0.48666200041770935,0.1433998942375183,0.012701498344540596,0.0,0.38565152883529663,0.4790619909763336,0.1266310065984726,0.008655494078993797,0.0
mbj_bandgap::test::000814::JVASP-40842,0.817,1.3899517059326172,1.3562492677516007,1.3562492677516007,0.5851084589958191,True,1.0,True,0.5729517059326172,0.5392492677516008,2,0.23918366432189941,0.6000000238418579,0.0,0.4374324381351471,0.5625675320625305,0.2541747987270355,0.7030421495437622,0.03604927659034729,0.0067338161170482635,0.0,0.2654483914375305,0.6921989917755127,0.03776146471500397,0.004591134376823902,0.0
mbj_bandgap::test::000815::JVASP-116386,0.0,1.9157017469406128,0.7540412319438261,0.7540412319438261,0.7595891952514648,True,1.0,True,1.9157017469406128,0.7540412319438261,1,1.0,0.699999988079071,0.0,0.5399786233901978,0.46002131700515747,0.0072514996863901615,0.8851717710494995,0.06512801349163055,0.042448677122592926,0.0,0.004704316146671772,0.889327883720398,0.066115602850914,0.03985214978456497,0.0
mbj_bandgap::test::000816::JVASP-11441,1.946,1.9471327066421509,1.9291672541585352,1.9291672541585352,0.5848989486694336,True,1.0,True,0.0011327066421509269,0.01683274584146477,2,0.3344276547431946,0.6000000238418579,0.0,0.4476986825466156,0.5523013472557068,0.04113398864865303,0.913063645362854,0.02828289568424225,0.017519420012831688,0.0,0.04548276215791702,0.911825954914093,0.025858068838715553,0.016833234578371048,0.0
mbj_bandgap::test::000817::JVASP-17830,0.0,-0.002766416873782873,-0.011832545884351852,-0.002766416873782873,0.397122859954834,False,1.0,True,0.002766416873782873,0.002766416873782873,1,0.7044320702552795,0.699999988079071,0.0,0.5306761860847473,0.4693238139152527,0.23899054527282715,0.5539888739585876,0.16412927210330963,0.04289131611585617,0.0,0.2694854140281677,0.5624161958694458,0.1307656317949295,0.03733270615339279,0.0
mbj_bandgap::test::000818::JVASP-8327,0.003,0.5615411996841431,0.3959208001118957,0.5615411996841431,0.44637182354927063,False,1.0,True,0.5585411996841431,0.5585411996841431,1,1.0,0.5,0.0,0.5228471159934998,0.47715288400650024,0.025608843192458153,0.7868744730949402,0.14420008659362793,0.04331650212407112,0.0,0.027613695710897446,0.8222820162773132,0.11775437742471695,0.03234981372952461,0.0
mbj_bandgap::test::000819::JVASP-3591,2.161,2.345386505126953,2.23190942724559,2.23190942724559,0.5771000981330872,True,1.0,True,0.1843865051269531,0.0709094272455899,2,0.7777061462402344,0.6000000238418579,0.0,0.43925929069519043,0.5607407093048096,0.01046043075621128,0.9454406499862671,0.03884780406951904,0.005251140799373388,0.0,0.010186141356825829,0.946280300617218,0.03755717724561691,0.005976515356451273,0.0
mbj_bandgap::test::000820::JVASP-3942,2.911,2.9825124740600586,3.8693060032632784,3.8693060032632784,0.8811551928520203,True,1.0,True,0.07151247406005856,0.9583060032632784,2,1.0,0.6000000238418579,0.0,0.41435521841049194,0.5856447219848633,0.024315519258379936,0.9318826794624329,0.024596378207206726,0.019205432385206223,0.0,0.022210681810975075,0.9406522512435913,0.02279485948383808,0.014342141337692738,0.0
mbj_bandgap::test::000821::JVASP-52737,0.0,0.0038129822351038456,-0.06890227130507678,0.0038129822351038456,0.41390153765678406,False,1.0,True,0.0038129822351038456,0.0038129822351038456,1,0.976930558681488,0.699999988079071,0.0,0.564933180809021,0.4350668489933014,0.041127778589725494,0.8187444806098938,0.09539632499217987,0.04473144933581352,0.0,0.040704138576984406,0.81407630443573,0.08827511966228485,0.05694443732500076,0.0
mbj_bandgap::test::000822::JVASP-14323,3.362,3.6227176189422607,3.539768209974568,3.539768209974568,0.5560185313224792,True,1.0,True,0.26071761894226064,0.17776820997456788,2,1.0,0.6000000238418579,0.0,0.4038350582122803,0.5961649417877197,0.012452259659767151,0.9528171420097351,0.024534830823540688,0.010195661336183548,0.0,0.010564900003373623,0.9542468786239624,0.024081051349639893,0.011107206344604492,0.0
mbj_bandgap::test::000823::JVASP-18235,0.0,-0.002107666339725256,-0.004549917035402262,-0.002107666339725256,0.3823442757129669,False,1.0,True,0.002107666339725256,0.002107666339725256,1,0.6088420748710632,0.6000000238418579,0.0,0.5168099999427795,0.48318997025489807,0.41519632935523987,0.32945388555526733,0.24797824025154114,0.007371535059064627,0.0,0.4281744956970215,0.33555540442466736,0.229532390832901,0.006737669464200735,0.0
mbj_bandgap::test::000824::JVASP-40549,0.0,0.0001509920839453116,-0.0018365743583568018,0.0001509920839453116,0.38914191722869873,False,1.0,True,0.0001509920839453116,0.0001509920839453116,1,0.6318754553794861,0.6000000238418579,0.0,0.5167759656906128,0.4832240045070648,0.47098612785339355,0.22252900898456573,0.26579752564430237,0.04068733751773834,0.0,0.4811273515224457,0.22310955822467804,0.26053690910339355,0.03522615134716034,0.0
mbj_bandgap::test::000825::JVASP-66447,0.0,0.000655843410640955,-0.006046775951439898,0.000655843410640955,0.34648042917251587,False,1.0,True,0.000655843410640955,0.000655843410640955,1,0.916887104511261,0.6000000238418579,0.0,0.5273516178131104,0.4726484417915344,0.38825270533561707,0.2368604689836502,0.3160898983478546,0.0587969534099102,0.0,0.37054839730262756,0.239242821931839,0.32666364312171936,0.06354518979787827,0.0
mbj_bandgap::test::000826::JVASP-108081,0.0,-0.0008799298666417599,-0.006736919586584312,-0.0008799298666417599,0.3898986279964447,False,1.0,True,0.0008799298666417599,0.0008799298666417599,1,0.7594326138496399,0.699999988079071,0.0,0.5331557393074036,0.4668443202972412,0.44569963216781616,0.3117714524269104,0.20512452721595764,0.03740439563989639,0.0,0.44644245505332947,0.3199067711830139,0.20125725865364075,0.03239349648356438,0.0
mbj_bandgap::test::000827::JVASP-36845,0.305,0.00716598192229867,-0.06362759702774072,0.00716598192229867,0.4114724099636078,False,1.0,True,0.2978340180777013,0.2978340180777013,1,1.0,0.6000000238418579,0.0,0.5595672130584717,0.4404327869415283,0.02230885997414589,0.7711965441703796,0.19285321235656738,0.01364145427942276,0.0,0.01863807998597622,0.7812491655349731,0.18452347815036774,0.015589319169521332,0.0
mbj_bandgap::test::000828::JVASP-34231,1.584,2.3551173210144043,2.188175758089604,2.188175758089604,0.5443702936172485,True,1.0,True,0.7711173210144042,0.6041757580896041,2,1.0,0.6000000238418579,0.0,0.4463735520839691,0.5536264181137085,0.09810414165258408,0.7167678475379944,0.15234476327896118,0.03278318792581558,0.0,0.11663880199193954,0.6911309361457825,0.16068193316459656,0.031548358500003815,0.0
mbj_bandgap::test::000829::JVASP-106611,0.0,-0.0031651719473302364,-0.004375912406201188,-0.0031651719473302364,0.3778477907180786,False,1.0,True,0.0031651719473302364,0.0031651719473302364,1,0.6233682632446289,0.6000000238418579,0.0,0.5149568319320679,0.48504313826560974,0.3552938401699066,0.34633514285087585,0.25158801674842834,0.046782974153757095,0.0,0.34225600957870483,0.36331427097320557,0.2606009840965271,0.03382875397801399,0.0
mbj_bandgap::test::000830::JVASP-15059,0.0,-0.0016974671743810177,-0.0019057330329930178,-0.0016974671743810177,0.4140606224536896,False,1.0,True,0.0016974671743810177,0.0016974671743810177,1,0.13639621436595917,0.6000000238418579,0.0,0.5120288133621216,0.4879712462425232,0.40198278427124023,0.45568832755088806,0.10494725406169891,0.03738164156675339,0.0,0.4112919867038727,0.48010072112083435,0.07964497059583664,0.028962325304746628,0.0
mbj_bandgap::test::000831::JVASP-8169,2.903,2.9621739387512207,3.0688674888074265,3.0688674888074265,0.6061761975288391,True,1.0,True,0.05917393875122068,0.16586748880742652,2,0.8315826058387756,0.6000000238418579,0.0,0.4268561005592346,0.5731438398361206,0.028800640255212784,0.9412927627563477,0.020077619701623917,0.009829014539718628,0.0,0.02440662682056427,0.9436451196670532,0.02259787544608116,0.009350365027785301,0.0
mbj_bandgap::test::000832::JVASP-28387,1.046,0.9882144331932068,1.0439073401045085,1.0439073401045085,0.5031163692474365,True,1.0,True,0.057785566806793254,0.0020926598954915665,2,0.9739543199539185,0.6000000238418579,0.0,0.4697181284427643,0.5302819013595581,0.08539064228534698,0.8583024740219116,0.04248608648777008,0.013820802792906761,0.0,0.1012066975235939,0.8335078954696655,0.05007035285234451,0.015214987099170685,0.0
mbj_bandgap::test::000833::JVASP-102783,0.0,-0.012293503619730473,-0.012611543530585112,-0.012611543530585112,0.4526027739048004,True,1.0,True,0.012293503619730473,0.012611543530585112,1,0.009847459383308887,0.5,0.0,0.5443944931030273,0.45560550689697266,0.055090438574552536,0.8845729827880859,0.05415089800953865,0.00618563499301672,0.0,0.057252489030361176,0.8893975019454956,0.048126623034477234,0.005223402287811041,0.0
mbj_bandgap::test::000834::JVASP-9616,4.656,4.379154205322266,4.527827365620987,4.527827365620987,0.6096198558807373,True,1.0,True,0.27684579467773407,0.1281726343790126,2,0.8046749830245972,0.6000000238418579,0.0,0.40009188652038574,0.5999081134796143,0.017994238063693047,0.912905216217041,0.03820028528571129,0.03090030513703823,0.0,0.01587994582951069,0.9251964688301086,0.03781319409608841,0.02111043967306614,0.0
mbj_bandgap::test::000835::JVASP-106909,1.253,1.5470393896102905,0.5557293032978452,0.5557293032978452,0.7334831357002258,True,1.0,True,0.29403938961029064,0.6972706967021547,1,1.0,0.6000000238418579,0.0,0.5214074850082397,0.47859257459640503,0.02329327166080475,0.8878744840621948,0.058563195168972015,0.030269060283899307,0.0,0.025099504739046097,0.8847004771232605,0.05575292184948921,0.034447066485881805,0.0
mbj_bandgap::test::000836::JVASP-57237,9.872,9.72988510131836,9.742762598618452,9.742762598618452,0.509382963180542,True,1.0,True,0.1421148986816405,0.12923740138154827,2,0.20755535364151,0.6000000238418579,0.0,0.3978654146194458,0.6021345853805542,0.060330986976623535,0.6515837907791138,0.2591407895088196,0.028944391757249832,0.0,0.066989466547966,0.6814250946044922,0.22023551166057587,0.03134992718696594,0.0
mbj_bandgap::test::000837::JVASP-16201,0.203,0.15832944214344025,0.04496773288385909,0.15832944214344025,0.44287052750587463,False,1.0,True,0.04467055785655977,0.04467055785655977,1,1.0,0.6000000238418579,0.0,0.5766837000846863,0.4233162999153137,0.00747343385592103,0.8975799679756165,0.06236426159739494,0.03258233144879341,0.0,0.005975978448987007,0.9234323501586914,0.04637034237384796,0.024221334606409073,0.0
mbj_bandgap::test::000838::JVASP-51410,6.109,6.0679545402526855,6.012581672582136,6.012581672582136,0.5351888537406921,True,1.0,True,0.04104545974731444,0.09641832741786427,2,0.45562976598739624,0.6000000238418579,0.0,0.39986616373062134,0.6001337766647339,0.04324985668063164,0.8125252723693848,0.09972092509269714,0.04450396075844765,0.0,0.053481124341487885,0.8031927347183228,0.09964852035045624,0.04367770999670029,0.0
mbj_bandgap::test::000839::JVASP-65193,0.235,0.004036857280880213,0.002559555657114565,0.004036857280880213,0.3876721262931824,False,1.0,True,0.23096314271911977,0.23096314271911977,1,0.5233795046806335,0.5,0.0,0.5424469709396362,0.457552969455719,0.3275970220565796,0.4516986012458801,0.20849566161632538,0.012208713218569756,0.0,0.3115561306476593,0.46273359656333923,0.21497419476509094,0.010736080817878246,0.0
mbj_bandgap::test::000840::JVASP-115177,0.0,0.004239989910274744,-0.01773348212109478,0.004239989910274744,0.3882139027118683,False,1.0,True,0.004239989910274744,0.004239989910274744,1,1.0,0.6000000238418579,0.0,0.5991941690444946,0.40080586075782776,0.22884583473205566,0.670129656791687,0.03927133232355118,0.06175319105386734,0.0,0.26646509766578674,0.6556796431541443,0.03018297255039215,0.0476723350584507,0.0
mbj_bandgap::test::000841::JVASP-61109,7.651,7.654314994812012,7.603124675445275,7.603124675445275,0.5224091410636902,True,1.0,True,0.0033149948120119177,0.04787532455472476,2,0.6603811383247375,0.6000000238418579,0.0,0.3999091386795044,0.6000908613204956,0.03777908533811569,0.8541845083236694,0.08021389693021774,0.027822444215416908,0.0,0.038447581231594086,0.8559937477111816,0.07888320833444595,0.026675567030906677,0.0
mbj_bandgap::test::000842::JVASP-57312,2.884,0.17231734097003937,0.960901389013111,0.960901389013111,0.7850562334060669,True,1.0,True,2.7116826590299605,1.923098610986889,2,1.0,0.6000000238418579,0.0,0.44533318281173706,0.5546668767929077,0.008029269985854626,0.9412547945976257,0.0335402749478817,0.017175648361444473,0.0,0.0069693224504590034,0.9350212216377258,0.036324772983789444,0.021684616804122925,0.0
mbj_bandgap::test::000843::JVASP-35513,0.0,0.001686288509517908,0.0012933831256806583,0.001686288509517908,0.41057825088500977,False,1.0,True,0.001686288509517908,0.001686288509517908,1,0.2125261425971985,0.6000000238418579,0.0,0.5239830017089844,0.4760169982910156,0.3827677369117737,0.30294960737228394,0.26703697443008423,0.04724567010998726,0.0,0.4222899079322815,0.3016985058784485,0.23066015541553497,0.04535144567489624,0.0
mbj_bandgap::test::000844::JVASP-46444,0.0,0.00024087588826660067,-0.046243390313925395,0.00024087588826660067,0.4120352566242218,False,1.0,True,0.00024087588826660067,0.00024087588826660067,1,0.978827953338623,0.699999988079071,0.0,0.5783751010894775,0.4216248393058777,0.027048682793974876,0.663735032081604,0.1986527293920517,0.11056353896856308,0.0,0.02545064687728882,0.7001609206199646,0.17922823131084442,0.09516015648841858,0.0
mbj_bandgap::test::000845::JVASP-22671,0.0,0.006393624935299158,-0.06094437406350817,0.006393624935299158,0.41402196884155273,False,1.0,True,0.006393624935299158,0.006393624935299158,1,0.9817800521850586,0.699999988079071,0.0,0.5782647132873535,0.4217352271080017,0.053415119647979736,0.4835506081581116,0.42136383056640625,0.04167042300105095,0.0,0.04435594007372856,0.4337729811668396,0.4693841338157654,0.05248694866895676,0.0
mbj_bandgap::test::000846::JVASP-113440,1.917,0.5369631052017212,0.3662725902380784,0.3662725902380784,0.4740377366542816,True,1.0,True,1.3800368947982788,1.5507274097619217,1,1.0,0.5,0.0,0.5401526689529419,0.45984745025634766,0.07322608679533005,0.8528302311897278,0.058525294065475464,0.015418468043208122,0.0,0.06742924451828003,0.8485466837882996,0.06871210038661957,0.015311953611671925,0.0
mbj_bandgap::test::000847::JVASP-12388,0.0,0.0029323832131922245,-0.009450394431928277,0.0029323832131922245,0.38345590233802795,False,1.0,True,0.0029323832131922245,0.0029323832131922245,1,0.8472681641578674,0.6000000238418579,0.0,0.5676416158676147,0.43235835433006287,0.08310548216104507,0.8418976068496704,0.03614407032728195,0.038852889090776443,0.0,0.07389115542173386,0.86358243227005,0.031340744346380234,0.031185638159513474,0.0
mbj_bandgap::test::000848::JVASP-56493,0.0,-0.0014113648794591427,-0.0025720839642929373,-0.0014113648794591427,0.3801702857017517,False,1.0,True,0.0014113648794591427,0.0014113648794591427,1,0.49405142664909363,0.5,0.0,0.520638108253479,0.4793619215488434,0.3928937017917633,0.2759687304496765,0.3152497708797455,0.01588781736791134,0.0,0.4142853617668152,0.2902275323867798,0.2821805477142334,0.013306577689945698,0.0
mbj_bandgap::test::000849::JVASP-100764,7.613,8.173057556152344,8.13236877324132,8.13236877324132,0.5565038919448853,True,1.0,True,0.5600575561523433,0.519368773241319,2,0.26514995098114014,0.6000000238418579,0.0,0.39992210268974304,0.6000779271125793,0.026042770594358444,0.8359642028808594,0.11749090999364853,0.020502056926488876,0.0,0.02512272819876671,0.8497920036315918,0.10443595796823502,0.020649315789341927,0.0
mbj_bandgap::test::000850::JVASP-8289,0.0,-0.0033656819723546505,-0.011549679060737294,-0.0033656819723546505,0.3920432925224304,False,1.0,True,0.0033656819723546505,0.0033656819723546505,1,0.8110624551773071,0.6000000238418579,0.0,0.5565474033355713,0.4434525966644287,0.24503262341022491,0.6164432764053345,0.12458542734384537,0.0139386635273695,0.0,0.20271828770637512,0.6977499723434448,0.08976797759532928,0.009763741865754128,0.0
mbj_bandgap::test::000851::JVASP-8036,7.636,6.55557107925415,6.660793019691593,6.660793019691593,0.556217610836029,True,1.0,True,1.0804289207458497,0.9752069803084069,2,0.9623775482177734,0.6000000238418579,0.0,0.4000268876552582,0.5999730825424194,0.019732045009732246,0.8535414934158325,0.09037564694881439,0.03635086864233017,0.0,0.017297422513365746,0.8651485443115234,0.0846288651227951,0.032925162464380264,0.0
mbj_bandgap::test::000852::JVASP-108906,0.0,-0.003433631267398596,-0.04671222484689099,-0.003433631267398596,0.40318363904953003,False,1.0,True,0.003433631267398596,0.003433631267398596,1,0.9804359674453735,0.6000000238418579,0.0,0.5770004391670227,0.42299962043762207,0.14193561673164368,0.7651287317276001,0.08497188240289688,0.00796376820653677,0.0,0.11625490337610245,0.7860594391822815,0.09035737812519073,0.007328338921070099,0.0
mbj_bandgap::test::000853::JVASP-29371,3.515,3.0803682804107666,3.4265776065079976,3.4265776065079976,0.7060381770133972,True,1.0,True,0.4346317195892335,0.08842239349200254,2,1.0,0.6000000238418579,0.0,0.41176456212997437,0.5882354974746704,0.008974451571702957,0.9562021493911743,0.03030867874622345,0.004514690488576889,0.0,0.009307004511356354,0.9565023183822632,0.030191641300916672,0.0039989701472222805,0.0
mbj_bandgap::test::000854::JVASP-43529,0.001,-0.005335615482181311,-0.021579539864581478,-0.005335615482181311,0.4189052879810333,False,1.0,True,0.006335615482181311,0.006335615482181311,1,0.8072612285614014,0.800000011920929,0.0,0.5574786067008972,0.4425213932991028,0.02496718242764473,0.7963298559188843,0.13204297423362732,0.04666002839803696,0.0,0.02935090661048889,0.8158431053161621,0.10721220076084137,0.047593750059604645,0.0
mbj_bandgap::test::000855::JVASP-12560,4.617,3.974858283996582,4.769656879972736,4.769656879972736,0.8575230836868286,True,1.0,True,0.642141716003418,0.15265687997273591,2,1.0,0.6000000238418579,0.0,0.4007086157798767,0.5992913842201233,0.038500454276800156,0.9104758501052856,0.0419926755130291,0.009031114168465137,0.0,0.028209049254655838,0.9168856739997864,0.04692091420292854,0.007984389550983906,0.0
mbj_bandgap::test::000856::JVASP-29721,1.129,1.174666404724121,1.2061259336835053,1.2061259336835053,0.5577245950698853,True,1.0,True,0.04566640472412109,0.07712593368350529,2,0.41871199011802673,0.6000000238418579,0.0,0.44926825165748596,0.5507317781448364,0.10573798418045044,0.8469246029853821,0.04364948347210884,0.003687974065542221,0.0,0.11159615218639374,0.8297871351242065,0.054800551384687424,0.0038161345291882753,0.0
mbj_bandgap::test::000857::JVASP-934,0.0,-0.0010534985922276974,-0.0016390053258320103,-0.0010534985922276974,0.4133386015892029,False,1.0,True,0.0010534985922276974,0.0010534985922276974,1,0.3899513781070709,0.699999988079071,0.0,0.5140025019645691,0.4859974980354309,0.4794042110443115,0.3155481219291687,0.14176422357559204,0.06328348815441132,0.0,0.5036895871162415,0.34260284900665283,0.08089544624090195,0.07281211018562317,0.0
mbj_bandgap::test::000858::JVASP-12735,1.373,1.3042412996292114,1.6615329159459555,1.6615329159459555,0.6963877081871033,True,1.0,True,0.06875870037078857,0.28853291594595554,2,1.0,0.6000000238418579,0.0,0.4525463581085205,0.5474536418914795,0.007733994163572788,0.9618434906005859,0.015784986317157745,0.014637468382716179,0.0,0.005665427073836327,0.9549185633659363,0.01874951645731926,0.020666439086198807,0.0
mbj_bandgap::test::000859::JVASP-15576,0.0,-0.0009725554846227169,-0.003936462466165924,-0.0009725554846227169,0.37708038091659546,False,1.0,True,0.0009725554846227169,0.0009725554846227169,1,0.8528130054473877,0.699999988079071,0.0,0.5262893438339233,0.47371068596839905,0.43834128975868225,0.3363712430000305,0.1790057122707367,0.04628172516822815,0.0,0.4053962826728821,0.38796669244766235,0.1690690666437149,0.03756805136799812,0.0
mbj_bandgap::test::000860::JVASP-121163,0.0,-0.0007516606710851192,-0.010937979219766424,-0.0007516606710851192,0.375710129737854,False,1.0,True,0.0007516606710851192,0.0007516606710851192,1,0.9687071442604065,0.6000000238418579,0.0,0.6010170578956604,0.398982971906662,0.17741252481937408,0.5226724147796631,0.2581328749656677,0.04178217798471451,0.0,0.19508707523345947,0.5136500000953674,0.25036054849624634,0.040902361273765564,0.0
mbj_bandgap::test::000861::JVASP-37770,0.0,-0.0010962947271764278,-0.0014853432119631194,-0.0010962947271764278,0.4427545964717865,False,1.0,True,0.0010962947271764278,0.0010962947271764278,1,0.17885449528694153,0.800000011920929,0.0,0.5360799431800842,0.46392011642456055,0.3873869478702545,0.46374446153640747,0.11962805688381195,0.029240543022751808,0.0,0.38986676931381226,0.4858299791812897,0.10233455896377563,0.021968619897961617,0.0
mbj_bandgap::test::000862::JVASP-9381,5.562,5.041048049926758,5.109742881282095,5.109742881282095,0.571928083896637,True,1.0,True,0.5209519500732425,0.4522571187179052,2,0.7336118221282959,0.6000000238418579,0.0,0.4000718593597412,0.599928081035614,0.03186562657356262,0.923058032989502,0.023643115535378456,0.021433210000395775,0.0,0.023760410025715828,0.9242941737174988,0.02780790627002716,0.024137545377016068,0.0
mbj_bandgap::test::000863::JVASP-12959,0.0,-0.0009836419485509396,0.24279024178909578,0.24279024178909578,0.5190162062644958,True,1.0,True,0.0009836419485509396,0.24279024178909578,1,1.0,0.5,0.0,0.5134569406509399,0.48654302954673767,0.016750412061810493,0.9305773973464966,0.04900503158569336,0.00366721348837018,0.0,0.01806684397161007,0.9347483515739441,0.04432997107505798,0.0028547148685902357,0.0
mbj_bandgap::test::000864::JVASP-100945,0.0,0.03565414249897003,0.003951437387160639,0.03565414249897003,0.41231968998908997,False,1.0,True,0.03565414249897003,0.03565414249897003,1,0.9164556860923767,0.6000000238418579,0.0,0.5510913133621216,0.4489087164402008,0.03772622346878052,0.9254151582717896,0.02449912205338478,0.012359527871012688,0.0,0.03376498445868492,0.9306691288948059,0.023181002587080002,0.012384915724396706,0.0
mbj_bandgap::test::000865::JVASP-57297,4.268,4.131685733795166,4.7059194400173245,4.7059194400173245,0.7706809043884277,True,1.0,True,0.13631426620483378,0.43791944001732475,2,1.0,0.6000000238418579,0.0,0.40016523003578186,0.5998347997665405,0.021339070051908493,0.8786417841911316,0.08928437530994415,0.01073472760617733,0.0,0.021440647542476654,0.884494423866272,0.08395658433437347,0.010108373127877712,0.0
mbj_bandgap::test::000866::JVASP-5299,2.501,5.117029190063477,3.3055782234016897,3.3055782234016897,0.8429543375968933,True,1.0,True,2.6160291900634767,0.8045782234016898,2,1.0,0.6000000238418579,0.0,0.40006741881370544,0.5999325513839722,0.01205980684608221,0.9562824964523315,0.012382564134895802,0.019275128841400146,0.0,0.006010693497955799,0.9675218462944031,0.015959877520799637,0.010507538914680481,0.0
mbj_bandgap::test::000867::JVASP-5257,2.974,3.039083480834961,3.2216951136673146,3.2216951136673146,0.633367657661438,True,1.0,True,0.06508348083496074,0.24769511366731445,2,0.9490761160850525,0.6000000238418579,0.0,0.4297485947608948,0.5702513456344604,0.005816545337438583,0.9279575347900391,0.056155554950237274,0.010070369578897953,0.0,0.005005641374737024,0.9325262308120728,0.05284743756055832,0.009620648808777332,0.0
mbj_bandgap::test::000868::JVASP-1603,4.313,4.23136568069458,3.9838218750256957,3.9838218750256957,0.5745041966438293,True,1.0,True,0.08163431930541964,0.329178124974304,2,0.9241673946380615,0.6000000238418579,0.0,0.40037816762924194,0.5996217727661133,0.08204047381877899,0.8525106310844421,0.0603446438908577,0.005104282405227423,0.0,0.10234449803829193,0.8272572755813599,0.06490849703550339,0.005489792674779892,0.0
mbj_bandgap::test::000869::JVASP-11175,1.249,0.2944093346595764,0.9100495452601771,0.9100495452601771,0.7198612093925476,True,1.0,True,0.9545906653404237,0.338950454739823,2,1.0,0.6000000238418579,0.0,0.49420326948165894,0.5057966709136963,0.04797359183430672,0.916174590587616,0.022963613271713257,0.012888208031654358,0.0,0.0517527237534523,0.9037264585494995,0.028323352336883545,0.01619742624461651,0.0
mbj_bandgap::test::000870::JVASP-16073,0.0,-0.0036353333853185177,-0.017800048351798027,-0.0036353333853185177,0.417375385761261,False,1.0,True,0.0036353333853185177,0.0036353333853185177,1,0.7934501767158508,0.6000000238418579,0.0,0.5630093812942505,0.43699049949645996,0.10430464893579483,0.8532058596611023,0.03218769282102585,0.010301901958882809,0.0,0.10951902717351913,0.852303147315979,0.028502415865659714,0.009675363078713417,0.0
mbj_bandgap::test::000871::JVASP-15241,0.0,-0.0004023774527013302,-0.00043415301481062316,-0.0004023774527013302,0.4433131515979767,False,1.0,True,0.0004023774527013302,0.0004023774527013302,1,0.007143881171941757,0.699999988079071,0.0,0.517471432685852,0.48252859711647034,0.4518260955810547,0.32771769165992737,0.19138634204864502,0.02906988188624382,0.0,0.4955568313598633,0.3247963488101959,0.14618763327598572,0.03345922380685806,0.0
mbj_bandgap::test::000872::JVASP-111367,0.0,0.00037546316161751747,-0.00135176578356766,0.00037546316161751747,0.39987048506736755,False,1.0,True,0.00037546316161751747,0.00037546316161751747,1,0.5669212341308594,0.6000000238418579,0.0,0.5324901342391968,0.4675098955631256,0.55222088098526,0.3625158369541168,0.07449106127023697,0.010772230103611946,0.0,0.564388632774353,0.3586297333240509,0.06931811571121216,0.007663561496883631,0.0
mbj_bandgap::test::000873::JVASP-10725,0.913,0.9733926653862,0.761301710880292,0.761301710880292,0.5438335537910461,True,1.0,True,0.06039266538619992,0.15169828911970806,2,1.0,0.6000000238418579,0.0,0.4688246250152588,0.531175434589386,0.03738858178257942,0.9183548092842102,0.017175832763314247,0.027080774307250977,0.0,0.0414302721619606,0.9180448651313782,0.016238316893577576,0.024286532774567604,0.0
mbj_bandgap::test::000874::JVASP-11401,6.365,5.440868854522705,5.741201426340873,5.741201426340873,0.6479819416999817,True,1.0,True,0.9241311454772951,0.6237985736591272,2,1.0,0.6000000238418579,0.0,0.4000531733036041,0.5999467968940735,0.02758887968957424,0.8388375043869019,0.12649373710155487,0.007079946808516979,0.0,0.025575930252671242,0.8535649180412292,0.11462219804525375,0.006236972287297249,0.0
mbj_bandgap::test::000875::JVASP-41285,0.0,0.00031442800536751747,-0.011543094246620478,0.00031442800536751747,0.36506137251853943,False,1.0,True,0.00031442800536751747,0.00031442800536751747,1,0.9804360866546631,0.6000000238418579,0.0,0.5281185507774353,0.4718814492225647,0.21820402145385742,0.613047182559967,0.1521911323070526,0.016557682305574417,0.0,0.19306525588035583,0.6509357690811157,0.14195039868354797,0.01404854841530323,0.0
mbj_bandgap::test::000876::JVASP-56272,0.0,0.0027663246728479862,-0.01561790701923942,0.0027663246728479862,0.3741656243801117,False,1.0,True,0.0027663246728479862,0.0027663246728479862,1,0.9838745594024658,0.6000000238418579,0.0,0.5376031994819641,0.4623968005180359,0.18204239010810852,0.3392878770828247,0.4589088559150696,0.019760847091674805,0.0,0.19405952095985413,0.29830485582351685,0.49313101172447205,0.01450464315712452,0.0
mbj_bandgap::test::000877::JVASP-14620,0.0,0.0005856291390955448,-0.005713596175525715,0.0005856291390955448,0.36940550804138184,False,1.0,True,0.0005856291390955448,0.0005856291390955448,1,0.925048828125,0.6000000238418579,0.0,0.522819995880127,0.47718000411987305,0.5824447870254517,0.22524380683898926,0.1809159815311432,0.0113954097032547,0.0,0.5907291173934937,0.2206604927778244,0.17774598300457,0.01086444966495037,0.0
mbj_bandgap::test::000878::JVASP-71582,0.0,-2.138454874511808e-05,-0.014591398926773502,-2.138454874511808e-05,0.36229726672172546,False,1.0,True,2.138454874511808e-05,2.138454874511808e-05,1,0.9329915642738342,0.6000000238418579,0.0,0.5200881361961365,0.4799118638038635,0.552288293838501,0.16497085988521576,0.27266645431518555,0.010074442252516747,0.0,0.5109990835189819,0.17079898715019226,0.31053560972213745,0.007666286081075668,0.0
mbj_bandgap::test::000879::JVASP-60766,0.021,-0.0014363988302648067,-0.012682303508601712,-0.0014363988302648067,0.4056430459022522,False,1.0,True,0.022436398830264808,0.022436398830264808,1,0.9565101861953735,0.6000000238418579,0.0,0.5856260061264038,0.4143739640712738,0.011032316833734512,0.8084055781364441,0.16637952625751495,0.014182520098984241,0.0,0.007648812141269445,0.8283489942550659,0.14985951781272888,0.014142629690468311,0.0
mbj_bandgap::test::000880::JVASP-110833,0.0,0.007150007877498865,-0.01324976248186711,0.007150007877498865,0.3656829297542572,False,1.0,True,0.007150007877498865,0.007150007877498865,1,0.9934970140457153,0.5,0.0,0.5427724123001099,0.4572276175022125,0.21046963334083557,0.5497063398361206,0.22936096787452698,0.01046302355825901,0.0,0.22512295842170715,0.5482223629951477,0.21799632906913757,0.00865834578871727,0.0
mbj_bandgap::test::000881::JVASP-8748,3.574,3.820988893508911,3.8688839053673703,3.8688839053673703,0.5911684632301331,True,1.0,True,0.2469888935089113,0.2948839053673704,2,0.5221642851829529,0.6000000238418579,0.0,0.40042123198509216,0.5995787978172302,0.009151441976428032,0.9243707656860352,0.05219622701406479,0.014281490817666054,0.0,0.0050522624514997005,0.9269940257072449,0.05285125970840454,0.015102502889931202,0.0
mbj_bandgap::test::000882::JVASP-40833,0.0,0.0032703415490686893,-0.01563966285599334,0.0032703415490686893,0.3861682415008545,False,1.0,True,0.0032703415490686893,0.0032703415490686893,1,0.9986986517906189,0.699999988079071,0.0,0.530543327331543,0.46945667266845703,0.5277737379074097,0.20788857340812683,0.24469919502735138,0.019638489931821823,0.0,0.5972159504890442,0.1791202574968338,0.20700779557228088,0.016656018793582916,0.0
mbj_bandgap::test::000883::JVASP-8701,2.203,2.5147109031677246,1.8288180440203163,1.8288180440203163,0.6652116775512695,True,1.0,True,0.31171090316772476,0.3741819559796835,2,1.0,0.6000000238418579,0.0,0.4223145544528961,0.5776853561401367,0.018732700496912003,0.8945627212524414,0.0809193029999733,0.005785282701253891,0.0,0.017079412937164307,0.9022099375724792,0.07541866600513458,0.005291901528835297,0.0
mbj_bandgap::test::000884::JVASP-96941,7.322,7.692784309387207,7.570824589231735,7.570824589231735,0.5315906405448914,True,1.0,True,0.37078430938720697,0.24882458923173534,2,0.7999858260154724,0.6000000238418579,0.0,0.39991074800491333,0.6000891923904419,0.026356467977166176,0.8726216554641724,0.047710318118333817,0.05331151559948921,0.0,0.02286795899271965,0.890135645866394,0.04514237493276596,0.041853975504636765,0.0
mbj_bandgap::test::000885::JVASP-13817,1.234,1.2841598987579346,1.4452698672320863,1.4452698672320863,0.6022288799285889,True,1.0,True,0.050159898757934585,0.2112698672320863,2,1.0,0.6000000238418579,0.0,0.4636309742927551,0.5363690257072449,0.013528436422348022,0.9413291215896606,0.03357763588428497,0.011564892716705799,0.0,0.01313511561602354,0.9332538843154907,0.04175741970539093,0.011853544041514397,0.0
mbj_bandgap::test::000886::JVASP-41272,0.0,-6.429989298339933e-05,-0.013678112375637052,-6.429989298339933e-05,0.37140458822250366,False,1.0,True,6.429989298339933e-05,6.429989298339933e-05,1,0.9276232123374939,0.5,0.0,0.5310657620429993,0.46893423795700073,0.49348607659339905,0.32581329345703125,0.1695593148469925,0.011141367256641388,0.0,0.5353797674179077,0.34969770908355713,0.10644716024398804,0.008475396782159805,0.0
mbj_bandgap::test::000887::JVASP-26762,6.222,5.846426010131836,6.052484645106767,6.052484645106767,0.6103449463844299,True,1.0,True,0.3755739898681645,0.16951535489323355,2,1.0,0.6000000238418579,0.0,0.39999938011169434,0.6000006198883057,0.03157871961593628,0.8876840472221375,0.04018988460302353,0.040547363460063934,0.0,0.029546866193413734,0.8976659774780273,0.03943828493356705,0.03334883227944374,0.0
mbj_bandgap::test::000888::JVASP-22959,0.138,1.1607109308242798,0.7580688222643159,0.7580688222643159,0.557512640953064,True,1.0,True,1.0227109308242799,0.6200688222643159,2,1.0,0.6000000238418579,0.0,0.4746178090572357,0.5253821611404419,0.038959257304668427,0.6818989515304565,0.2721993625164032,0.006942442152649164,0.0,0.05571884661912918,0.6446199417114258,0.2910792827606201,0.008581921458244324,0.0
mbj_bandgap::test::000889::JVASP-15086,0.736,0.6980975270271301,0.5729810918284611,0.5729810918284611,0.4929618835449219,True,1.0,True,0.03790247297286986,0.16301890817153886,1,1.0,0.699999988079071,0.0,0.5901782512664795,0.40982168912887573,0.031149253249168396,0.8317190408706665,0.10203026235103607,0.03510148078203201,0.0,0.023760823532938957,0.8857064247131348,0.06141602247953415,0.029116634279489517,0.0
mbj_bandgap::test::000890::JVASP-40126,2.47,2.6580810546875,2.597721292464322,2.597721292464322,0.5526531338691711,True,1.0,True,0.1880810546874998,0.12772129246432185,2,0.880601704120636,0.6000000238418579,0.0,0.4409774839878082,0.5590225458145142,0.02423408254981041,0.8909338712692261,0.06727230548858643,0.01755964569747448,0.0,0.025592634454369545,0.9011114835739136,0.0580454096198082,0.015250553376972675,0.0
mbj_bandgap::test::000891::JVASP-108570,1.369,0.7514947056770325,0.8912775489016583,0.8912775489016583,0.5518152117729187,True,1.0,True,0.6175052943229675,0.47772245109834166,2,0.9795209169387817,0.6000000238418579,0.0,0.4383120536804199,0.5616880059242249,0.08553721010684967,0.8737322688102722,0.036760397255420685,0.003970140125602484,0.0,0.08292196691036224,0.8736308813095093,0.04044561833143234,0.00300153368152678,0.0
mbj_bandgap::test::000892::JVASP-12804,0.0,0.020725680515170097,-0.06994118184004675,0.020725680515170097,0.43688705563545227,False,1.0,True,0.020725680515170097,0.020725680515170097,1,1.0,0.699999988079071,0.0,0.5830788612365723,0.41692113876342773,0.010135405696928501,0.9124249219894409,0.03516078740358353,0.042278893291950226,0.0,0.010604589246213436,0.9189318418502808,0.029863933101296425,0.04059961438179016,0.0
mbj_bandgap::test::000893::JVASP-99616,0.0,-0.000758336391299963,-0.005485648745474236,-0.000758336391299963,0.39845478534698486,False,1.0,True,0.000758336391299963,0.000758336391299963,1,0.690412700176239,0.6000000238418579,0.0,0.5371089577674866,0.4628910422325134,0.22861745953559875,0.6315752863883972,0.12232506275177002,0.017482195049524307,0.0,0.2165757715702057,0.6613428592681885,0.1057964339852333,0.016284922137856483,0.0
mbj_bandgap::test::000894::JVASP-4240,0.0,0.9140621423721313,0.07614228908431928,0.0761422890843193,0.6633954048156738,True,1.0,True,0.9140621423721313,0.0761422890843193,1,1.0,0.5,0.0,0.5577659606933594,0.4422340393066406,0.0665455162525177,0.8488972783088684,0.05621187761425972,0.028345376253128052,0.0,0.07688219845294952,0.8445649147033691,0.04748469963669777,0.0310682263225317,0.0
mbj_bandgap::test::000895::JVASP-45372,1.504,1.5165088176727295,1.4571744177812138,1.4571744177812138,0.5664571523666382,True,1.0,True,0.012508817672729489,0.04682558221878619,2,0.6507248282432556,0.6000000238418579,0.0,0.45955419540405273,0.540445864200592,0.03351231664419174,0.9142349362373352,0.04561275616288185,0.0066399299539625645,0.0,0.029265914112329483,0.9193817973136902,0.04119516909122467,0.010157166048884392,0.0
mbj_bandgap::test::000896::JVASP-102284,0.0,0.0010764137841761112,-0.00419316688546274,0.0010764137841761112,0.36851784586906433,False,1.0,True,0.0010764137841761112,0.0010764137841761112,1,0.7580117583274841,0.5,0.0,0.5176023840904236,0.4823977053165436,0.5034006834030151,0.22474178671836853,0.22486984729766846,0.04698771983385086,0.0,0.48374325037002563,0.2208864390850067,0.25133949518203735,0.04403078556060791,0.0
mbj_bandgap::test::000897::JVASP-97325,0.059,0.011901929043233395,-0.038466415025691925,0.011901929043233395,0.3821512758731842,False,1.0,True,0.0470980709567666,0.0470980709567666,1,1.0,0.5,0.0,0.5727729797363281,0.42722707986831665,0.24793243408203125,0.6732784509658813,0.06857406347990036,0.010215066373348236,0.0,0.22484120726585388,0.6949480772018433,0.07134104520082474,0.008869664743542671,0.0
mbj_bandgap::test::000898::JVASP-46076,6.026,6.287102699279785,6.232160426608688,6.232160426608688,0.4998139441013336,True,1.0,True,0.26110269927978536,0.2061604266086885,2,0.8266008496284485,0.6000000238418579,0.0,0.4001050591468811,0.5998949408531189,0.03868361562490463,0.7005786895751953,0.23662233352661133,0.02411530539393425,0.0,0.04283886402845383,0.7243218421936035,0.21404752135276794,0.018791787326335907,0.0
mbj_bandgap::test::000899::JVASP-71985,0.0,-8.468468149658293e-05,-0.0020112509139150747,-8.468468149658293e-05,0.3923629820346832,False,1.0,True,8.468468149658293e-05,8.468468149658293e-05,1,0.4590763747692108,0.6000000238418579,0.0,0.5133535265922546,0.48664647340774536,0.5002413392066956,0.29257723689079285,0.17911596596240997,0.02806546911597252,0.0,0.48665937781333923,0.3101699650287628,0.174422025680542,0.028748655691742897,0.0
mbj_bandgap::test::000900::JVASP-35996,2.864,2.089515447616577,0.16563499204947893,0.16563499204947885,0.8489172458648682,True,1.0,True,0.7744845523834227,2.698365007950521,2,1.0,0.6000000238418579,0.0,0.44587868452072144,0.5541213154792786,0.024460285902023315,0.9166021347045898,0.04221394285559654,0.01672365516424179,0.0,0.024843823164701462,0.9237825274467468,0.03608096390962601,0.015292594209313393,0.0
mbj_bandgap::test::000901::JVASP-17832,0.0,8.566539327148348e-05,-0.007654919729340293,8.566539327148348e-05,0.3774184584617615,False,1.0,True,8.566539327148348e-05,8.566539327148348e-05,1,0.6732271909713745,0.6000000238418579,0.0,0.5137274861335754,0.48627251386642456,0.4422379434108734,0.21486178040504456,0.3225705325603485,0.02032974734902382,0.0,0.37825506925582886,0.21623897552490234,0.3899312913417816,0.01557462103664875,0.0
mbj_bandgap::test::000902::JVASP-68682,0.0,-0.0026735528372228146,-0.003114982551247425,-0.0026735528372228146,0.4019889533519745,False,1.0,True,0.0026735528372228146,0.0026735528372228146,1,0.27401381731033325,0.699999988079071,0.0,0.5150977373123169,0.4849022328853607,0.3786984384059906,0.3088207542896271,0.2931807041168213,0.019300144165754318,0.0,0.34282559156417847,0.3298972547054291,0.3122757077217102,0.015001441352069378,0.0
mbj_bandgap::test::000903::JVASP-16869,0.0,-0.0050403340719640255,-0.03684651468446405,-0.0050403340719640255,0.3881039619445801,False,1.0,True,0.0050403340719640255,0.0050403340719640255,1,0.986015796661377,0.5,0.0,0.5839429497718811,0.4160570204257965,0.0711422860622406,0.7341939210891724,0.18275263905525208,0.011911178007721901,0.0,0.07775289565324783,0.7231138944625854,0.18936194479465485,0.009771287441253662,0.0
mbj_bandgap::test::000904::JVASP-36113,0.0,0.0030393139459192753,-0.05905612312598611,0.0030393139459192753,0.385054349899292,False,1.0,True,0.0030393139459192753,0.0030393139459192753,1,0.9863778352737427,0.6000000238418579,0.0,0.542617678642273,0.45738229155540466,0.30387094616889954,0.5170275568962097,0.13786432147026062,0.041237182915210724,0.0,0.368177592754364,0.502360999584198,0.09429660439491272,0.03516478091478348,0.0
mbj_bandgap::test::000905::JVASP-64140,0.0,0.0035455957986414433,-0.012486286952549896,0.0035455957986414433,0.3609219789505005,False,1.0,True,0.0035455957986414433,0.0035455957986414433,1,0.9530919790267944,0.6000000238418579,0.0,0.5202327966690063,0.47976717352867126,0.4152124524116516,0.33533746004104614,0.22473688423633575,0.024713249877095222,0.0,0.44440197944641113,0.3077083230018616,0.2266826331615448,0.02120712399482727,0.0
mbj_bandgap::test::000906::JVASP-104696,0.0,-0.0023754104040563107,-0.0030472252340956628,-0.0023754104040563107,0.40743011236190796,False,1.0,True,0.0023754104040563107,0.0023754104040563107,1,0.32459405064582825,0.6000000238418579,0.0,0.5069326162338257,0.49306735396385193,0.21811959147453308,0.27646830677986145,0.485813707113266,0.01959836483001709,0.0,0.23936739563941956,0.26325976848602295,0.48165664076805115,0.01571623794734478,0.0
mbj_bandgap::test::000907::JVASP-67148,0.0,0.0009257332421839237,-0.009291235569360668,0.0009257332421839237,0.36571502685546875,False,1.0,True,0.0009257332421839237,0.0009257332421839237,1,0.9100303053855896,0.699999988079071,0.0,0.5172346830368042,0.4827653765678406,0.41587361693382263,0.2914280295372009,0.27079206705093384,0.021906305104494095,0.0,0.3923880457878113,0.29337820410728455,0.29117631912231445,0.02305741235613823,0.0
mbj_bandgap::test::000908::JVASP-110003,0.0,-0.0005693896673619747,-0.035042425888926435,-0.0005693896673619747,0.39939263463020325,False,1.0,True,0.0005693896673619747,0.0005693896673619747,1,0.9945982694625854,0.6000000238418579,0.0,0.6040928363800049,0.3959071934223175,0.06197265535593033,0.7959542274475098,0.10578491538763046,0.03628820180892944,0.0,0.06724616885185242,0.8138524293899536,0.09467653930187225,0.024224864318966866,0.0
mbj_bandgap::test::000909::JVASP-30588,0.0,0.00037510553374886513,-0.005211821442480979,0.00037510553374886513,0.4023490846157074,False,1.0,True,0.00037510553374886513,0.00037510553374886513,1,0.9787814617156982,0.699999988079071,0.0,0.6028927564620972,0.39710718393325806,0.10235098749399185,0.6255204677581787,0.1995314657688141,0.07259708642959595,0.0,0.10981832444667816,0.6677941083908081,0.1551111489534378,0.06727639585733414,0.0
mbj_bandgap::test::000910::JVASP-33181,2.236,2.2410829067230225,2.530091302391617,2.530091302391617,0.6708579063415527,True,1.0,True,0.005082906723022251,0.29409130239161696,2,1.0,0.6000000238418579,0.0,0.4386921525001526,0.5613078474998474,0.01029976736754179,0.9379364252090454,0.024710973724722862,0.02705288864672184,0.0,0.00835985504090786,0.9453751444816589,0.02746688388288021,0.018798086792230606,0.0
mbj_bandgap::test::000911::JVASP-45861,0.0,-0.00048081716522574425,-0.043333953788242896,-0.00048081716522574425,0.4023319482803345,False,1.0,True,0.00048081716522574425,0.00048081716522574425,1,0.9487806558609009,0.6000000238418579,0.0,0.5827563405036926,0.4172436594963074,0.0405060313642025,0.7270397543907166,0.10788758099079132,0.12456653267145157,0.0,0.03690490871667862,0.7364277839660645,0.09383980929851532,0.13282743096351624,0.0
mbj_bandgap::test::000912::JVASP-19861,0.0,0.00029475847259163857,0.001287705898963698,0.00029475847259163857,0.39407309889793396,False,1.0,True,0.00029475847259163857,0.00029475847259163857,1,0.5257955193519592,0.5,0.0,0.5128801465034485,0.4871198236942291,0.523327648639679,0.17541296780109406,0.2662155032157898,0.03504391759634018,0.0,0.5571303963661194,0.18822208046913147,0.2286909520626068,0.02595655247569084,0.0
mbj_bandgap::test::000913::JVASP-64616,0.0,-0.00041656335815787315,-0.0063505261837469625,-0.00041656335815787315,0.3569210469722748,False,1.0,True,0.00041656335815787315,0.00041656335815787315,1,0.9239336252212524,0.5,0.0,0.5330201983451843,0.4669797420501709,0.4490646719932556,0.30443304777145386,0.19946995377540588,0.04703231155872345,0.0,0.478611558675766,0.2936728596687317,0.19198206067085266,0.03573355823755264,0.0
mbj_bandgap::test::000914::JVASP-4008,2.894,4.675632476806641,3.931820507748528,3.931820507748528,0.6669935584068298,True,1.0,True,1.7816324768066405,1.037820507748528,2,1.0,0.6000000238418579,0.0,0.4013094902038574,0.5986905097961426,0.022384075447916985,0.9097248911857605,0.060000933706760406,0.007890141569077969,0.0,0.020821619778871536,0.9141212701797485,0.057097651064395905,0.007959490641951561,0.0
mbj_bandgap::test::000915::JVASP-5707,0.0,-0.002562688197940588,-0.015421992043517884,-0.002562688197940588,0.35093259811401367,False,1.0,True,0.002562688197940588,0.002562688197940588,1,0.9712315201759338,0.5,0.0,0.5390498042106628,0.46095022559165955,0.35208815336227417,0.3565964996814728,0.28512120246887207,0.006194137968122959,0.0,0.37708336114883423,0.33671367168426514,0.2820473313331604,0.004155614413321018,0.0
mbj_bandgap::test::000916::JVASP-3978,0.5,-0.005665586795657873,0.7883627705225672,0.7883627705225672,0.7682119011878967,True,1.0,True,0.5056655867956579,0.2883627705225672,1,1.0,0.6000000238418579,0.0,0.5210879445075989,0.4789120554924011,0.03220188245177269,0.9186814427375793,0.03133576735854149,0.01778096705675125,0.0,0.03487998619675636,0.9230599403381348,0.03022089973092079,0.011839127168059349,0.0
mbj_bandgap::test::000917::JVASP-8125,1.342,1.8281182050704956,1.1558441293004456,1.1558441293004456,0.6798499822616577,True,1.0,True,0.4861182050704955,0.18615587069955453,2,1.0,0.6000000238418579,0.0,0.4865250587463379,0.5134749412536621,0.01586720161139965,0.9654393196105957,0.017323944717645645,0.0013694883091375232,0.0,0.01957322098314762,0.9626325368881226,0.01673203334212303,0.0010621402179822326,0.0
mbj_bandgap::test::000918::JVASP-9411,5.332,5.308977127075195,5.177952384578246,5.177952384578246,0.5430412888526917,True,1.0,True,0.02302287292480454,0.15404761542175383,2,0.8344239592552185,0.6000000238418579,0.0,0.4000239372253418,0.5999760627746582,0.026627402752637863,0.8642517924308777,0.08301152288913727,0.026109283789992332,0.0,0.026321422308683395,0.881881833076477,0.07485593855381012,0.01694086566567421,0.0
mbj_bandgap::test::000919::JVASP-9225,2.194,2.2014551162719727,2.3201199270386037,2.3201199270386037,0.6002404093742371,True,1.0,True,0.007455116271972706,0.12611992703860375,2,0.9668054580688477,0.6000000238418579,0.0,0.4437045156955719,0.5562955141067505,0.011140938848257065,0.9396126866340637,0.02435055933892727,0.02489582821726799,0.0,0.007811751216650009,0.9392828941345215,0.027927139773964882,0.024978209286928177,0.0
mbj_bandgap::test::000920::JVASP-9735,1.582,1.5564818382263184,1.7166019819312943,1.7166019819312943,0.6243752837181091,True,1.0,True,0.025518161773681713,0.13460198193129425,2,0.8987236022949219,0.6000000238418579,0.0,0.45036736130714417,0.5496326088905334,0.018047112971544266,0.9352256655693054,0.027136478573083878,0.01959068514406681,0.0,0.018602583557367325,0.934659481048584,0.023844970390200615,0.022892944514751434,0.0
mbj_bandgap::test::000921::JVASP-120281,0.0,0.03579302132129669,0.005596704312765733,0.03579302132129669,0.3791971802711487,False,1.0,True,0.03579302132129669,0.03579302132129669,1,0.9947897791862488,0.6000000238418579,0.0,0.5884757041931152,0.41152423620224,0.40883010625839233,0.5066311955451965,0.07566486299037933,0.008873803541064262,0.0,0.4341341555118561,0.5068323016166687,0.052489541471004486,0.00654390174895525,0.0
mbj_bandgap::test::000922::JVASP-91933,0.824,1.0965111255645752,0.8676623123272679,0.8676623123272679,0.5373109579086304,True,1.0,True,0.27251112556457524,0.043662312327267916,2,1.0,0.6000000238418579,0.0,0.4593035578727722,0.5406964421272278,0.15502673387527466,0.7788975238800049,0.039571039378643036,0.02650468610227108,0.0,0.16123993694782257,0.7694851756095886,0.037795912474393845,0.03147898241877556,0.0
mbj_bandgap::test::000923::JVASP-55307,3.345,3.1866660118103027,3.7735358010217923,3.7735358010217923,0.7795392274856567,True,1.0,True,0.15833398818969746,0.4285358010217921,2,1.0,0.6000000238418579,0.0,0.4062066078186035,0.5937933921813965,0.04598281532526016,0.8997471928596497,0.023986857384443283,0.030283188447356224,0.0,0.045083802193403244,0.888651967048645,0.027631644159555435,0.038632575422525406,0.0
mbj_bandgap::test::000924::JVASP-113646,1.26,3.5580623149871826,0.8299632933955197,0.8299632933955197,0.9135234951972961,True,1.0,True,2.298062314987183,0.43003670660448035,2,1.0,0.6000000238418579,0.0,0.38170236349105835,0.6182976365089417,0.3176778256893158,0.43948403000831604,0.23391111195087433,0.008927064947783947,0.0,0.3870181143283844,0.35096418857574463,0.2564736008644104,0.00554413627833128,0.0
mbj_bandgap::test::000925::JVASP-8494,0.006,0.227025106549263,0.22071054142020893,0.227025106549263,0.39092695713043213,False,1.0,True,0.221025106549263,0.221025106549263,1,0.9435017108917236,0.6000000238418579,0.0,0.5152583122253418,0.4847416877746582,0.5153390169143677,0.2695145010948181,0.19955690205097198,0.015589596703648567,0.0,0.5122724771499634,0.28423696756362915,0.1881498396396637,0.015340661630034447,0.0
mbj_bandgap::test::000926::JVASP-152,1.618,1.7646620273590088,2.1702151280903648,2.1702151280903648,0.7340914011001587,True,1.0,True,0.14666202735900868,0.5522151280903647,2,1.0,0.6000000238418579,0.0,0.44556981325149536,0.5544301271438599,0.037571828812360764,0.9418767094612122,0.014235812239348888,0.006315574049949646,0.0,0.033282049000263214,0.9463939666748047,0.014879519119858742,0.005444531328976154,0.0
mbj_bandgap::test::000927::JVASP-51609,3.305,3.4950459003448486,4.151563769465766,4.151563769465766,0.8061604499816895,True,1.0,True,0.19004590034484847,0.846563769465766,2,1.0,0.6000000238418579,0.0,0.40297776460647583,0.5970222353935242,0.042750924825668335,0.9109733700752258,0.01931394264101982,0.026961758732795715,0.0,0.046411000192165375,0.9065195322036743,0.02187192812561989,0.02519753947854042,0.0
mbj_bandgap::test::000928::JVASP-121057,1.688,0.037116244435310364,1.1944192409971977,1.1944192409971977,0.8851096630096436,True,1.0,True,1.6508837555646896,0.4935807590028023,2,1.0,0.6000000238418579,0.0,0.4745631814002991,0.5254368185997009,0.1503428965806961,0.8193548917770386,0.01997852697968483,0.010323582217097282,0.0,0.1559240221977234,0.8150550127029419,0.019358646124601364,0.009662356227636337,0.0
mbj_bandgap::test::000929::JVASP-15094,0.0,-0.0008368953131139278,-0.0010295843048363285,-0.0008368953131139278,0.43651917576789856,False,1.0,True,0.0008368953131139278,0.0008368953131139278,1,0.052586428821086884,0.6000000238418579,0.0,0.5353841781616211,0.4646158218383789,0.42985445261001587,0.4301353394985199,0.1154286116361618,0.02458161488175392,0.0,0.45480555295944214,0.43710169196128845,0.08642242848873138,0.021670278161764145,0.0
mbj_bandgap::test::000930::JVASP-36293,0.0,-0.0020391209982335567,-0.01145715503030027,-0.0020391209982335567,0.3688170909881592,False,1.0,True,0.0020391209982335567,0.0020391209982335567,1,0.9639902710914612,0.5,0.0,0.5625531077384949,0.4374468922615051,0.33419686555862427,0.5008221864700317,0.13219670951366425,0.03278424218297005,0.0,0.38222017884254456,0.46676939725875854,0.12203118950128555,0.028979187831282616,0.0
mbj_bandgap::test::000931::JVASP-71719,0.0,-0.0011774762533605099,-0.0101939110270022,-0.0011774762533605099,0.34678664803504944,False,1.0,True,0.0011774762533605099,0.0011774762533605099,1,0.9279969930648804,0.5,0.0,0.531747579574585,0.4682524800300598,0.3163515627384186,0.28739461302757263,0.3778386116027832,0.018415190279483795,0.0,0.2970332205295563,0.3038909137248993,0.38015738129615784,0.018918495625257492,0.0
mbj_bandgap::test::000932::JVASP-22603,3.806,3.7738101482391357,4.1288229802423455,4.1288229802423455,0.6944387555122375,True,1.0,True,0.03218985176086431,0.32282298024234546,2,1.0,0.6000000238418579,0.0,0.4011511206626892,0.5988489389419556,0.022591643035411835,0.9131361246109009,0.050263237208127975,0.014009043574333191,0.0,0.025833165273070335,0.9117366671562195,0.04668344184756279,0.01574668660759926,0.0
mbj_bandgap::test::000933::JVASP-46721,0.0,-0.0010502799414098263,-0.0268386606161519,-0.0010502799414098263,0.4325829744338989,False,1.0,True,0.0010502799414098263,0.0010502799414098263,1,0.7902970910072327,0.6000000238418579,0.0,0.6305266618728638,0.369473397731781,0.016819609329104424,0.8379369974136353,0.039039451628923416,0.10620401054620743,0.0,0.0079544298350811,0.8594851493835449,0.03487306833267212,0.09768731892108917,0.0
mbj_bandgap::test::000934::JVASP-9084,5.306,5.347333908081055,5.358129738132442,5.358129738132442,0.5841752290725708,True,1.0,True,0.04133390808105464,0.05212973813244215,2,0.233322411775589,0.6000000238418579,0.0,0.40002304315567017,0.5999769568443298,0.06662529706954956,0.9094637036323547,0.013976214453577995,0.0099348034709692,0.0,0.06430039554834366,0.9141184687614441,0.009886234998703003,0.011694876477122307,0.0
mbj_bandgap::test::000935::JVASP-104573,0.0,-0.0007760985754430294,-0.0018573949779995935,-0.0007760985754430294,0.3882427513599396,False,1.0,True,0.0007760985754430294,0.0007760985754430294,1,0.4576328694820404,0.5,0.0,0.5097201466560364,0.49027982354164124,0.48262351751327515,0.23008115589618683,0.2678428292274475,0.0194525308907032,0.0,0.47830599546432495,0.2199234515428543,0.2874332368373871,0.014337328262627125,0.0
mbj_bandgap::test::000936::JVASP-102649,0.0,-0.0016485913656651974,-0.008064202765316919,-0.0016485913656651974,0.371603399515152,False,1.0,True,0.0016485913656651974,0.0016485913656651974,1,0.8481687903404236,0.5,0.0,0.5205479860305786,0.47945207357406616,0.4984096884727478,0.3790106177330017,0.11595221608877182,0.006627513561397791,0.0,0.5141323804855347,0.3773937225341797,0.10314051806926727,0.005333368666470051,0.0
mbj_bandgap::test::000937::JVASP-18723,0.0,0.00017614524404052645,-0.0014383698647446375,0.00017614524404052645,0.39489153027534485,False,1.0,True,0.00017614524404052645,0.00017614524404052645,1,0.5949398279190063,0.6000000238418579,0.0,0.5243573784828186,0.47564268112182617,0.42530980706214905,0.3598359525203705,0.18203167617321014,0.032822560518980026,0.0,0.4605620801448822,0.3447418510913849,0.16231253743171692,0.03238357976078987,0.0
mbj_bandgap::test::000938::JVASP-101113,0.0,0.0006080404855310917,-0.017844644576870582,0.0006080404855310917,0.3799981474876404,False,1.0,True,0.0006080404855310917,0.0006080404855310917,1,0.833524763584137,0.5,0.0,0.541053831577301,0.4589461386203766,0.25005924701690674,0.5732581615447998,0.12489236891269684,0.05179028585553169,0.0,0.2416313886642456,0.5942829847335815,0.11464549601078033,0.049440063536167145,0.0
mbj_bandgap::test::000939::JVASP-55508,3.59,3.5433504581451416,3.310234315612353,3.310234315612353,0.5793284177780151,True,1.0,True,0.046649541854858256,0.2797656843876468,2,1.0,0.6000000238418579,0.0,0.4038582742214203,0.5961416959762573,0.010174183174967766,0.9444066286087036,0.02135796844959259,0.02406124398112297,0.0,0.006290358491241932,0.9483491778373718,0.02429325133562088,0.02106717973947525,0.0
mbj_bandgap::test::000940::JVASP-52433,0.0,-0.006707833614200354,-0.1158368741635342,-0.006707833614200354,0.3836877942085266,False,1.0,True,0.006707833614200354,0.006707833614200354,1,1.0,0.6000000238418579,0.0,0.5928863286972046,0.407113641500473,0.2877507507801056,0.5866273641586304,0.10739195346832275,0.018229834735393524,0.0,0.344298392534256,0.5276315212249756,0.10471085458993912,0.02335927076637745,0.0
mbj_bandgap::test::000941::JVASP-10570,1.772,1.7216410636901855,1.8074045327340578,1.8074045327340578,0.5968033075332642,True,1.0,True,0.05035893630981447,0.03540453273405775,2,0.6767122149467468,0.5,0.0,0.4539206624031067,0.5460793375968933,0.024871570989489555,0.9447857737541199,0.02066405862569809,0.00967852957546711,0.0,0.024724122136831284,0.9324535131454468,0.024954907596111298,0.017867349088191986,0.0
mbj_bandgap::test::000942::JVASP-32834,1.841,1.752081274986267,1.913916409711172,1.913916409711172,0.6112719774246216,True,1.0,True,0.08891872501373288,0.07291640971117208,2,0.9622982740402222,0.6000000238418579,0.0,0.4476304054260254,0.5523695945739746,0.09162385761737823,0.8621929287910461,0.03969893604516983,0.006484327372163534,0.0,0.11356506496667862,0.8380063772201538,0.04000454396009445,0.008424032479524612,0.0
mbj_bandgap::test::000943::JVASP-106755,0.0,0.00030501047149300575,0.00029938925646453283,0.00030501047149300575,0.42950236797332764,False,1.0,True,0.00030501047149300575,0.00030501047149300575,1,0.0040704719722270966,0.5,0.0,0.5065768361091614,0.4934231638908386,0.6250542402267456,0.1393273025751114,0.2000664919614792,0.0355520024895668,0.0,0.6365079283714294,0.14294371008872986,0.19311301410198212,0.027435269206762314,0.0
mbj_bandgap::test::000944::JVASP-111250,0.0,-0.0025252564810216427,-0.005460626819377046,-0.0025252564810216427,0.38696449995040894,False,1.0,True,0.0025252564810216427,0.0025252564810216427,1,0.6248195767402649,0.6000000238418579,0.0,0.524324893951416,0.4756750464439392,0.27909231185913086,0.49769362807273865,0.211345836520195,0.011868228204548359,0.0,0.27610403299331665,0.5167911052703857,0.19991156458854675,0.007193350233137608,0.0
mbj_bandgap::test::000945::JVASP-3006,1.769,1.5292853116989136,1.6145327113853127,1.6145327113853127,0.5862722992897034,True,1.0,True,0.23971468830108633,0.15446728861468717,2,0.8805561661720276,0.6000000238418579,0.0,0.44587063789367676,0.554129421710968,0.10288182646036148,0.8481138348579407,0.048058316111564636,0.0009460284491069615,0.0,0.09648294001817703,0.8490918278694153,0.05358985811471939,0.0008353355224244297,0.0
mbj_bandgap::test::000946::JVASP-55245,5.057,4.806249141693115,4.696235249754862,4.696235249754862,0.5416650176048279,True,1.0,True,0.25075085830688515,0.36076475024513854,2,0.8173193335533142,0.6000000238418579,0.0,0.400019109249115,0.5999808311462402,0.023297086358070374,0.8623250722885132,0.0990898609161377,0.015287885442376137,0.0,0.02312968485057354,0.870625376701355,0.09253723919391632,0.013707680627703667,0.0
mbj_bandgap::test::000947::JVASP-120395,0.0,-0.0004550679586827755,-0.05128690177967514,-0.0004550679586827755,0.4320623278617859,False,1.0,True,0.0004550679586827755,0.0004550679586827755,1,1.0,0.800000011920929,0.0,0.6231848001480103,0.37681514024734497,0.036076344549655914,0.8546576499938965,0.050493936985731125,0.05877210572361946,0.0,0.03595868498086929,0.8661943674087524,0.05432754009962082,0.04351941496133804,0.0
mbj_bandgap::test::000948::JVASP-35655,0.0,0.0027771727181971073,-0.0031259999901930733,0.0027771727181971073,0.3960537612438202,False,1.0,True,0.0027771727181971073,0.0027771727181971073,1,0.6673921346664429,0.699999988079071,0.0,0.5297242403030396,0.47027572989463806,0.28717297315597534,0.46829548478126526,0.22850391268730164,0.01602763682603836,0.0,0.32185593247413635,0.43671292066574097,0.23105482757091522,0.010376333259046078,0.0
mbj_bandgap::test::000949::JVASP-48083,3.464,2.584846258163452,3.5325894729575085,3.5325894729575085,0.8969170451164246,True,1.0,True,0.8791537418365478,0.0685894729575085,2,1.0,0.6000000238418579,0.0,0.4124433100223541,0.5875567197799683,0.013634352013468742,0.9539915323257446,0.01789609156548977,0.014478111639618874,0.0,0.009945826604962349,0.9561581611633301,0.020219668745994568,0.01367631834000349,0.0
mbj_bandgap::test::000950::JVASP-89319,4.212,3.761533260345459,4.346210693535603,4.346210693535603,0.797788679599762,True,1.0,True,0.45046673965454076,0.13421069353560355,2,1.0,0.6000000238418579,0.0,0.4011235237121582,0.5988764762878418,0.016949091106653214,0.9424418210983276,0.016766080632805824,0.02384292148053646,0.0,0.013537953607738018,0.952948272228241,0.018944403156638145,0.014569337479770184,0.0
mbj_bandgap::test::000951::JVASP-39091,0.0,-0.0009772046469151974,-0.025291658259948703,-0.0009772046469151974,0.38072073459625244,False,1.0,True,0.0009772046469151974,0.0009772046469151974,1,1.0,0.6000000238418579,0.0,0.5634328126907349,0.4365672171115875,0.22694173455238342,0.6033903360366821,0.1608366072177887,0.008831320330500603,0.0,0.2520377039909363,0.5761094689369202,0.16400876641273499,0.007844098843634129,0.0
mbj_bandgap::test::000952::JVASP-16450,0.0,-0.0007701381109654903,-0.0030136880853895986,-0.0007701381109654903,0.3792239725589752,False,1.0,True,0.0007701381109654903,0.0007701381109654903,1,0.7389678955078125,0.5,0.0,0.5279157757759094,0.4720842242240906,0.42004281282424927,0.38923388719558716,0.12594559788703918,0.06477774679660797,0.0,0.45405739545822144,0.3900289833545685,0.09842871129512787,0.057484935969114304,0.0
mbj_bandgap::test::000953::JVASP-4074,2.394,2.800900459289551,2.9441442213263556,2.9441442213263556,0.6203126311302185,True,1.0,True,0.40690045928955065,0.5501442213263554,2,0.9204253554344177,0.6000000238418579,0.0,0.4284335672855377,0.5715664625167847,0.00793386809527874,0.95204097032547,0.03298567980527878,0.007039506919682026,0.0,0.0071756429970264435,0.95233553647995,0.03359439969062805,0.006894316524267197,0.0
mbj_bandgap::test::000954::JVASP-11399,0.577,0.0023923651315271854,0.0015446549436208602,0.0023923651315271854,0.41545361280441284,False,1.0,True,0.5746076348684728,0.5746076348684728,1,0.5032850503921509,0.6000000238418579,0.0,0.5399943590164185,0.4600057005882263,0.19155733287334442,0.6326562762260437,0.1423344761133194,0.033451877534389496,0.0,0.19557085633277893,0.6824746131896973,0.08600113540887833,0.03595339506864548,0.0
mbj_bandgap::test::000955::JVASP-104541,10.489,9.394027709960938,9.606567029986184,9.606567029986184,0.569930374622345,True,1.0,True,1.0949722900390633,0.8824329700138165,2,1.0,0.6000000238418579,0.0,0.3984590172767639,0.6015409231185913,0.04328765347599983,0.7905095219612122,0.1423112154006958,0.023891601711511612,0.0,0.04575499892234802,0.7987538576126099,0.13205942511558533,0.023431729525327682,0.0
mbj_bandgap::test::000956::JVASP-36248,0.0,0.010212614201009274,0.009260677047482546,0.010212614201009274,0.4264742434024811,False,1.0,True,0.010212614201009274,0.010212614201009274,1,0.18702666461467743,0.6000000238418579,0.0,0.5415900945663452,0.45840996503829956,0.1627376675605774,0.739345908164978,0.08085384964942932,0.017062587663531303,0.0,0.15319176018238068,0.7547099590301514,0.08090372383594513,0.011194517835974693,0.0
mbj_bandgap::test::000957::JVASP-45318,4.502,4.33062744140625,4.214181092082142,4.214181092082142,0.557189404964447,True,1.0,True,0.17137255859374978,0.2878189079178579,2,0.8938834071159363,0.6000000238418579,0.0,0.40009254217147827,0.5999074578285217,0.0496722050011158,0.9165052175521851,0.030837643891572952,0.0029849091079086065,0.0,0.05501668527722359,0.9138274192810059,0.02805279567837715,0.003103093709796667,0.0
mbj_bandgap::test::000958::JVASP-110664,5.437,5.636263370513916,5.756670237969973,5.756670237969973,0.5735694766044617,True,1.0,True,0.19926337051391574,0.31967023796997296,2,0.8741648197174072,0.6000000238418579,0.0,0.4000419080257416,0.5999581217765808,0.020653795450925827,0.8930007815361023,0.07541542500257492,0.010929998010396957,0.0,0.028830479830503464,0.8822171092033386,0.07558604329824448,0.013366365805268288,0.0
mbj_bandgap::test::000959::JVASP-9253,2.686,2.3489739894866943,2.6797093332245323,2.6797093332245323,0.6949374675750732,True,1.0,True,0.3370260105133056,0.006290666775467635,2,1.0,0.6000000238418579,0.0,0.41744381189346313,0.5825561285018921,0.006725221872329712,0.9512414932250977,0.02529655024409294,0.01673676073551178,0.0,0.004531234968453646,0.949648380279541,0.02703513577580452,0.0187851395457983,0.0
mbj_bandgap::test::000960::JVASP-121075,2.6,0.2737879157066345,1.0871146909346439,1.0871146909346439,0.7992805242538452,True,1.0,True,2.3262120842933656,1.5128853090653562,2,1.0,0.6000000238418579,0.0,0.45055705308914185,0.5494429469108582,0.06829563528299332,0.8676139116287231,0.057453107088804245,0.006637354381382465,0.0,0.05164506286382675,0.8855396509170532,0.057185232639312744,0.0056301383301615715,0.0
mbj_bandgap::test::000961::JVASP-54726,6.337,6.3405632972717285,6.232825627004621,6.232825627004621,0.5278167128562927,True,1.0,True,0.0035632972717287714,0.10417437299537902,2,0.9890919327735901,0.6000000238418579,0.0,0.3999558389186859,0.6000441312789917,0.03458212688565254,0.8619925379753113,0.05140867829322815,0.052016597241163254,0.0,0.033652327954769135,0.8774215579032898,0.0594060905277729,0.02951997146010399,0.0
mbj_bandgap::test::000962::JVASP-66162,0.0,0.007959081791341305,0.006793220588191895,0.007959081791341305,0.42475518584251404,False,1.0,True,0.007959081791341305,0.007959081791341305,1,0.06609538942575455,0.6000000238418579,0.0,0.5491864681243896,0.45081353187561035,0.4153198301792145,0.33946162462234497,0.22288751602172852,0.022331055253744125,0.0,0.4431968629360199,0.3201774060726166,0.2181730717420578,0.018452640622854233,0.0
mbj_bandgap::test::000963::JVASP-114425,2.576,4.035884380340576,2.6634965058902678,2.6634965058902678,0.7959882616996765,True,1.0,True,1.459884380340576,0.0874965058902677,2,1.0,0.6000000238418579,0.0,0.40094295144081116,0.5990570187568665,0.0102266576141119,0.9425891041755676,0.03545917570590973,0.011725001037120819,0.0,0.00804250966757536,0.9432185292243958,0.037935640662908554,0.010803243145346642,0.0
mbj_bandgap::test::000964::JVASP-17334,0.0,0.0008812681771814823,-0.03177362784528013,0.0008812681771814823,0.39747458696365356,False,1.0,True,0.0008812681771814823,0.0008812681771814823,1,0.9272165298461914,0.6000000238418579,0.0,0.5753477811813354,0.42465224862098694,0.11941758543252945,0.7145823240280151,0.13150927424430847,0.03449075296521187,0.0,0.10967633873224258,0.7436556220054626,0.11992989480495453,0.026738082990050316,0.0
mbj_bandgap::test::000965::JVASP-102826,0.0,3.5307772159576416,0.9923673262652818,0.9923673262652817,0.9043723344802856,True,1.0,True,3.5307772159576416,0.9923673262652817,2,1.0,0.6000000238418579,0.0,0.40710562467575073,0.592894434928894,0.23971529304981232,0.722512423992157,0.03538205474615097,0.0023902039974927902,0.0,0.285340815782547,0.6644124388694763,0.04863744601607323,0.0016093242447823286,0.0
mbj_bandgap::test::000966::JVASP-11481,2.819,2.834014654159546,3.5152660442096817,3.5152660442096817,0.818454384803772,True,1.0,True,0.015014654159545948,0.6962660442096817,2,1.0,0.6000000238418579,0.0,0.40875115990638733,0.5912488698959351,0.02285432443022728,0.935083270072937,0.02144552208483219,0.020616896450519562,0.0,0.022414010018110275,0.9358116984367371,0.022452764213085175,0.019321488216519356,0.0
mbj_bandgap::test::000967::JVASP-19680,0.0,-0.0020027621649205685,-0.002462775521224936,-0.0020027621649205685,0.41226479411125183,False,1.0,True,0.0020027621649205685,0.0020027621649205685,1,0.2975165843963623,0.5,0.0,0.5262712240219116,0.47372880578041077,0.5859414935112,0.24503402411937714,0.11936072260141373,0.04966377094388008,0.0,0.5951185822486877,0.269792377948761,0.09368615597486496,0.041402872651815414,0.0
mbj_bandgap::test::000968::JVASP-107500,0.0,0.0018410221673548222,0.0017936755404103,0.0018410221673548222,0.4348650276660919,False,1.0,True,0.0018410221673548222,0.0018410221673548222,1,0.018176406621932983,0.6000000238418579,0.0,0.5324551463127136,0.46754488348960876,0.2863677144050598,0.4406925141811371,0.23565177619457245,0.03728794306516647,0.0,0.3143855631351471,0.45278581976890564,0.19495876133441925,0.03786985203623772,0.0
mbj_bandgap::test::000969::JVASP-68588,0.0,-0.00013546783884521574,-0.012425476979561801,-0.00013546783884521574,0.3700074255466461,False,1.0,True,0.00013546783884521574,0.00013546783884521574,1,0.9636310338973999,0.6000000238418579,0.0,0.5252808332443237,0.4747191071510315,0.48600539565086365,0.3844029903411865,0.11445353925228119,0.015138092450797558,0.0,0.4974326193332672,0.37678536772727966,0.11278853565454483,0.01299348659813404,0.0
mbj_bandgap::test::000970::JVASP-8587,4.83,5.406615257263184,5.309766971456009,5.309766971456009,0.52718585729599,True,1.0,True,0.5766152572631835,0.47976697145600866,2,0.9330389499664307,0.6000000238418579,0.0,0.40002837777137756,0.5999716520309448,0.0413370281457901,0.8180046081542969,0.12104064226150513,0.01961779221892357,0.0,0.0552811436355114,0.8123161196708679,0.11654029041528702,0.01586245931684971,0.0
mbj_bandgap::test::000971::JVASP-26415,0.994,0.9600091576576233,1.1338728277869947,1.1338728277869947,0.5606476664543152,True,1.0,True,0.033990842342376704,0.13987282778699472,2,1.0,0.6000000238418579,0.0,0.44926005601882935,0.5507399439811707,0.020932182669639587,0.8247332572937012,0.12556220591068268,0.028772369027137756,0.0,0.01773482747375965,0.8481425046920776,0.10035190731287003,0.033770687878131866,0.0
mbj_bandgap::test::000972::JVASP-66494,0.0,0.9982779622077942,0.604272552037395,0.604272552037395,0.5672609806060791,True,1.0,True,0.9982779622077942,0.604272552037395,1,1.0,0.699999988079071,0.0,0.5875664353370667,0.4124336242675781,0.405453622341156,0.4912606179714203,0.09421340376138687,0.009072323329746723,0.0,0.4652369022369385,0.44636788964271545,0.08156810700893402,0.006827102042734623,0.0
mbj_bandgap::test::000973::JVASP-13305,1.352,1.4820457696914673,1.533771428082382,1.533771428082382,0.5970943570137024,True,1.0,True,0.1300457696914672,0.1817714280823819,2,0.586875855922699,0.6000000238418579,0.0,0.45693498849868774,0.5430650115013123,0.012200412340462208,0.9120663404464722,0.06791696697473526,0.007816246710717678,0.0,0.012495039962232113,0.916822075843811,0.059911083430051804,0.010771851055324078,0.0
mbj_bandgap::test::000974::JVASP-71223,0.0,-0.00032322248443961143,-0.002533900591206306,-0.00032322248443961143,0.3790074288845062,False,1.0,True,0.00032322248443961143,0.00032322248443961143,1,0.5745791792869568,0.5,0.0,0.5147390365600586,0.4852610230445862,0.5205651521682739,0.28172042965888977,0.17944186925888062,0.018272560089826584,0.0,0.5013560652732849,0.30136463046073914,0.18131622672080994,0.015963083133101463,0.0
mbj_bandgap::test::000975::JVASP-38330,0.0,4.1271443367004395,1.3387491463225614,1.3387491463225611,0.9195501208305359,True,1.0,True,4.1271443367004395,1.3387491463225611,2,1.0,0.6000000238418579,0.0,0.4224698543548584,0.5775300860404968,0.03835146874189377,0.5718258619308472,0.3543153405189514,0.035507332533597946,0.0,0.027752283960580826,0.5516074299812317,0.3963227868080139,0.024317435920238495,0.0
mbj_bandgap::test::000976::JVASP-33040,3.322,2.9575796127319336,3.230100964675272,3.230100964675272,0.6803560853004456,True,1.0,True,0.36442038726806647,0.0918990353247282,2,0.9980985522270203,0.6000000238418579,0.0,0.40138721466064453,0.5986127853393555,0.008023404516279697,0.9425668716430664,0.03500732034444809,0.014402349479496479,0.0,0.008188469335436821,0.9487766027450562,0.03252600505948067,0.010508843697607517,0.0
mbj_bandgap::test::000977::JVASP-101023,0.0,0.0017395750619471073,-0.0019335630484353938,0.0017395750619471073,0.37689149379730225,False,1.0,True,0.0017395750619471073,0.0017395750619471073,1,0.8021440505981445,0.699999988079071,0.0,0.5177779793739319,0.4822219908237457,0.37449759244918823,0.2695198655128479,0.33671805262565613,0.01926441676914692,0.0,0.3547883927822113,0.2764045298099518,0.3551407754421234,0.013666288927197456,0.0
mbj_bandgap::test::000978::JVASP-52016,0.0,0.05457158386707306,0.058643530565693845,0.058643530565693845,0.47754931449890137,True,1.0,True,0.05457158386707306,0.058643530565693845,1,0.2364322394132614,0.800000011920929,0.0,0.6141512989997864,0.385848730802536,0.07983015477657318,0.760267436504364,0.06396987289190292,0.09593242406845093,0.0,0.04171854257583618,0.7909431457519531,0.05518358200788498,0.11215472221374512,0.0
mbj_bandgap::test::000979::JVASP-102403,3.339,3.4624979496002197,3.4214659537184224,3.4214659537184224,0.5563088059425354,True,1.0,True,0.12349794960021976,0.08246595371842247,2,0.6380358934402466,0.6000000238418579,0.0,0.4194362163543701,0.5805637240409851,0.019157160073518753,0.8373416066169739,0.1254386454820633,0.018062572926282883,0.0,0.01879359409213066,0.8372980952262878,0.12473561614751816,0.01917271688580513,0.0
mbj_bandgap::test::000980::JVASP-13159,2.766,3.9325859546661377,4.163091559668986,4.163091559668986,0.653984010219574,True,1.0,True,1.1665859546661377,1.3970915596689863,2,0.9615353345870972,0.6000000238418579,0.0,0.40031951665878296,0.599680483341217,0.006990549620240927,0.9414264559745789,0.02550429105758667,0.02607862278819084,0.0,0.004075699020177126,0.9462488889694214,0.02694294974207878,0.022732477635145187,0.0
mbj_bandgap::test::000981::JVASP-86921,5.282,5.276742935180664,5.206504515946223,5.206504515946223,0.5475356578826904,True,1.0,True,0.005257064819335966,0.0754954840537767,2,0.5947181582450867,0.6000000238418579,0.0,0.4000217914581299,0.5999782085418701,0.0278171394020319,0.860950767993927,0.08410299569368362,0.02712913230061531,0.0,0.027428051456809044,0.8783734440803528,0.07627265900373459,0.01792581006884575,0.0
mbj_bandgap::test::000982::JVASP-49981,0.336,0.07761557400226593,0.021686132145617053,0.07761557400226593,0.40971866250038147,False,1.0,True,0.2583844259977341,0.2583844259977341,1,1.0,0.5,0.0,0.5576739311218262,0.44232606887817383,0.022151878103613853,0.9356643557548523,0.032932594418525696,0.009251045063138008,0.0,0.01946278102695942,0.946241557598114,0.028311794623732567,0.005983929615467787,0.0
mbj_bandgap::test::000983::JVASP-102481,0.0,1.1517215170897543e-05,-0.0026883386166626443,1.1517215170897543e-05,0.38135838508605957,False,1.0,True,1.1517215170897543e-05,1.1517215170897543e-05,1,0.7193573713302612,0.6000000238418579,0.0,0.5236913561820984,0.47630858421325684,0.5266467332839966,0.29576948285102844,0.143031507730484,0.03455231338739395,0.0,0.5022905468940735,0.31952983140945435,0.1501181721687317,0.02806146815419197,0.0
mbj_bandgap::test::000984::JVASP-51019,6.747,6.929183006286621,6.918096556050149,6.918096556050149,0.5641407370567322,True,1.0,True,0.1821830062866212,0.1710965560501494,2,0.14734575152397156,0.6000000238418579,0.0,0.3999561071395874,0.6000438332557678,0.03068293072283268,0.9006384611129761,0.04095325618982315,0.027725297957658768,0.0,0.029177477583289146,0.8985711336135864,0.050953201949596405,0.02129819244146347,0.0
mbj_bandgap::test::000985::JVASP-69058,0.0,0.003576351795345545,-0.06984497984418783,0.003576351795345545,0.3727678060531616,False,1.0,True,0.003576351795345545,0.003576351795345545,1,1.0,0.5,0.0,0.5743564367294312,0.42564353346824646,0.3593745529651642,0.40894967317581177,0.20325720310211182,0.028418591246008873,0.0,0.39813193678855896,0.3746608793735504,0.20055356621742249,0.02665361762046814,0.0
mbj_bandgap::test::000986::JVASP-107644,0.0,-0.001658604945987463,-0.0028050026528663617,-0.001658604945987463,0.39475131034851074,False,1.0,True,0.001658604945987463,0.001658604945987463,1,0.4525976777076721,0.5,0.0,0.53028404712677,0.4697159230709076,0.4485469460487366,0.4497837424278259,0.06184256076812744,0.039826665073633194,0.0,0.4596485495567322,0.447478711605072,0.061370015144348145,0.03150273486971855,0.0
mbj_bandgap::test::000987::JVASP-30583,0.0,0.0023737684823572636,0.00041078235352280944,0.0023737684823572636,0.39046645164489746,False,1.0,True,0.0023737684823572636,0.0023737684823572636,1,0.689923882484436,0.699999988079071,0.0,0.5184701681137085,0.4815298616886139,0.34639889001846313,0.2757943272590637,0.2923612594604492,0.08544548600912094,0.0,0.38106298446655273,0.28686055541038513,0.25805050134658813,0.07402597367763519,0.0
mbj_bandgap::test::000988::JVASP-2083,1.064,0.43737417459487915,0.4174179333610595,0.43737417459487915,0.43042683601379395,False,1.0,True,0.6266258254051209,0.6266258254051209,1,0.974382221698761,0.6000000238418579,0.0,0.5630005598068237,0.43699946999549866,0.2583509385585785,0.6321160197257996,0.08902791887521744,0.020505093038082123,0.0,0.2429620921611786,0.6680684685707092,0.06912072002887726,0.01984873227775097,0.0
mbj_bandgap::test::000989::JVASP-22653,0.898,0.7625916004180908,0.5005507357700921,0.5005507357700921,0.5459023118019104,True,1.0,True,0.1354083995819092,0.3974492642299079,2,1.0,0.699999988079071,0.0,0.406150758266449,0.593849241733551,0.16298842430114746,0.7934188842773438,0.04105130955576897,0.0025413851253688335,0.0,0.18922975659370422,0.7771931886672974,0.03195781260728836,0.0016192954499274492,0.0
mbj_bandgap::test::000990::JVASP-78743,0.0,-0.0003958209417760372,-0.0073348864287065,-0.0003958209417760372,0.3663909137248993,False,1.0,True,0.0003958209417760372,0.0003958209417760372,1,0.9595804214477539,0.5,0.0,0.5450538992881775,0.45494604110717773,0.5627934336662292,0.16606132686138153,0.2549365162849426,0.016208752989768982,0.0,0.5624387264251709,0.18100228905677795,0.24408885836601257,0.012470094487071037,0.0
mbj_bandgap::test::000991::JVASP-19800,0.0,0.000947906170040369,0.00016388625077599084,0.000947906170040369,0.39745503664016724,False,1.0,True,0.000947906170040369,0.000947906170040369,1,0.385943740606308,0.6000000238418579,0.0,0.5117868781089783,0.48821312189102173,0.5331148505210876,0.20827162265777588,0.2477005273103714,0.01091297809034586,0.0,0.5159313678741455,0.21558673679828644,0.2631828784942627,0.00529897678643465,0.0
mbj_bandgap::test::000992::JVASP-102187,0.0,-0.00030546030029654503,-0.0022676325611028945,-0.00030546030029654503,0.3813450336456299,False,1.0,True,0.00030546030029654503,0.00030546030029654503,1,0.6311994194984436,0.6000000238418579,0.0,0.518313467502594,0.4816865026950836,0.38454216718673706,0.3162572383880615,0.21653251349925995,0.08266805857419968,0.0,0.37840840220451355,0.34277427196502686,0.2027345448732376,0.0760827362537384,0.0
mbj_bandgap::test::000993::JVASP-2772,7.418,7.438987731933594,7.315688295556484,7.315688295556484,0.5149347186088562,True,1.0,True,0.0209877319335936,0.10231170444351623,2,0.8863325119018555,0.6000000238418579,0.0,0.4000111222267151,0.5999889373779297,0.025501614436507225,0.7771919369697571,0.17646843194961548,0.02083801105618477,0.0,0.02868756651878357,0.7830092310905457,0.16873085498809814,0.019572285935282707,0.0
mbj_bandgap::test::000994::JVASP-14782,0.0,-0.00022630531748291105,-0.0040265178666190945,-0.00022630531748291105,0.3701436519622803,False,1.0,True,0.00022630531748291105,0.00022630531748291105,1,0.7185220122337341,0.5,0.0,0.5251730680465698,0.47482696175575256,0.3059667944908142,0.3807879686355591,0.2874678671360016,0.025777384638786316,0.0,0.32723671197891235,0.3773500323295593,0.26495587825775146,0.03045734390616417,0.0
mbj_bandgap::test::000995::JVASP-51926,0.0,0.0005613104440271854,-0.0008470824793652465,0.0005613104440271854,0.3744637370109558,False,1.0,True,0.0005613104440271854,0.0005613104440271854,1,0.7922847867012024,0.6000000238418579,0.0,0.5146002769470215,0.48539966344833374,0.4647688865661621,0.2555815279483795,0.2229750156402588,0.056674521416425705,0.0,0.5091286301612854,0.23583464324474335,0.20658448338508606,0.04845225811004639,0.0
mbj_bandgap::test::000996::JVASP-3960,1.741,1.9675838947296143,1.8706210678331854,1.8706210678331854,0.5675812363624573,True,1.0,True,0.22658389472961415,0.12962106783318528,2,0.8558931350708008,0.6000000238418579,0.0,0.44252824783325195,0.557471752166748,0.01652088575065136,0.9355766177177429,0.038535140454769135,0.009367349557578564,0.0,0.015852702781558037,0.9409817457199097,0.0358869768679142,0.007278520613908768,0.0
mbj_bandgap::test::000997::JVASP-3450,1.876,0.14860601723194122,2.024150892946831,2.024150892946831,0.9733157157897949,True,1.0,True,1.7273939827680587,0.14815089294683093,2,1.0,0.6000000238418579,0.0,0.4537130892276764,0.5462868809700012,0.016930287703871727,0.9303836822509766,0.020798612385988235,0.03188750892877579,0.0,0.015534980222582817,0.9288973808288574,0.02290661633014679,0.032661072909832,0.0
mbj_bandgap::test::000998::JVASP-41954,1.597,0.08588142693042755,1.2365219325212062,1.2365219325212062,0.8787997961044312,True,1.0,True,1.5111185730695724,0.36047806747879374,2,1.0,0.6000000238418579,0.0,0.4626893401145935,0.5373106598854065,0.03750966489315033,0.9359622001647949,0.011138955131173134,0.01538915652781725,0.0,0.03533462807536125,0.9425495266914368,0.011200185865163803,0.010915788821876049,0.0
mbj_bandgap::test::000999::JVASP-104628,0.0,-0.0004915460012853146,-0.006039540751645633,-0.0004915460012853146,0.37623313069343567,False,1.0,True,0.0004915460012853146,0.0004915460012853146,1,0.841996431350708,0.5,0.0,0.5206874012947083,0.47931259870529175,0.5280806422233582,0.3560746908187866,0.1054481491446495,0.010396478697657585,0.0,0.5738636255264282,0.33302250504493713,0.08613652735948563,0.006977344863116741,0.0
mbj_bandgap::test::001000::JVASP-107809,2.769,3.363682508468628,3.2319033433171334,3.2319033433171334,0.5752112865447998,True,1.0,True,0.5946825084686278,0.46290334331713323,2,0.8131396770477295,0.6000000238418579,0.0,0.4115661680698395,0.5884338617324829,0.020454738289117813,0.9450289607048035,0.028569359332323074,0.005946948193013668,0.0,0.02403939887881279,0.9422992467880249,0.026932349428534508,0.006728908978402615,0.0
mbj_bandgap::test::001001::JVASP-43636,0.0,0.0068708197213709354,-0.017386393065914697,0.0068708197213709354,0.401201069355011,False,1.0,True,0.0068708197213709354,0.0068708197213709354,1,0.8799353837966919,0.6000000238418579,0.0,0.5555418729782104,0.44445809721946716,0.023738112300634384,0.8199498057365417,0.13153931498527527,0.024772780016064644,0.0,0.029258737340569496,0.8369026184082031,0.11150369793176651,0.022334925830364227,0.0
mbj_bandgap::test::001002::JVASP-25625,0.0,0.203510120511055,0.048534645122184236,0.203510120511055,0.4379570186138153,False,1.0,True,0.203510120511055,0.203510120511055,1,1.0,0.6000000238418579,0.0,0.5250070095062256,0.4749929904937744,0.02816135250031948,0.8813714981079102,0.08187218010425568,0.00859499629586935,0.0,0.03354799374938011,0.8913220167160034,0.06651972234249115,0.008610228076577187,0.0
mbj_bandgap::test::001003::JVASP-72942,0.0,-0.0007634623907506466,0.0007415424098534462,-0.0007634623907506466,0.40509232878685,False,1.0,True,0.0007634623907506466,0.0007634623907506466,1,0.5490850210189819,0.6000000238418579,0.0,0.5105796456336975,0.4894203543663025,0.6851471066474915,0.18955448269844055,0.1114809513092041,0.013817496597766876,0.0,0.6928058862686157,0.18847647309303284,0.10798563808202744,0.010731956921517849,0.0
mbj_bandgap::test::001004::JVASP-57806,1.82,1.3305432796478271,1.5683645241508342,1.5683645241508342,0.6361680626869202,True,1.0,True,0.4894567203521729,0.2516354758491659,2,1.0,0.6000000238418579,0.0,0.4474729895591736,0.5525269508361816,0.028652649372816086,0.9091600179672241,0.054762400686740875,0.007424900773912668,0.0,0.02762868069112301,0.9109390377998352,0.053136568516492844,0.008295750245451927,0.0
mbj_bandgap::test::001005::JVASP-119919,2.454,1.8653957843780518,1.315965125125888,1.315965125125888,0.6481273174285889,True,1.0,True,0.5886042156219484,1.1380348748741123,1,1.0,0.6000000238418579,0.0,0.514377236366272,0.48562273383140564,0.016859186813235283,0.8613859415054321,0.10784143209457397,0.013913552276790142,0.0,0.011013736017048359,0.8780235052108765,0.09825953841209412,0.01270315796136856,0.0
mbj_bandgap::test::001006::JVASP-18383,1.588,1.0602248907089233,0.5130568681952583,0.5130568681952583,0.6005740165710449,True,1.0,True,0.5277751092910767,1.0749431318047418,1,1.0,0.5,0.0,0.5155762434005737,0.4844237267971039,0.11526701599359512,0.7671815156936646,0.05870445445179939,0.05884705111384392,0.0,0.112010657787323,0.7979694604873657,0.06139316409826279,0.028626644983887672,0.0
mbj_bandgap::test::001007::JVASP-5629,0.877,0.8095167875289917,0.8759440516184054,0.8759440516184054,0.5026955008506775,True,1.0,True,0.0674832124710083,0.001055948381594618,2,0.7502967715263367,0.6000000238418579,0.0,0.4967009127140045,0.5032991170883179,0.07614494860172272,0.8226408958435059,0.0734385997056961,0.027775540947914124,0.0,0.08939115703105927,0.7919561862945557,0.08111756294965744,0.03753506392240524,0.0
mbj_bandgap::test::001008::JVASP-110451,0.0,0.01700146310031414,-0.24652390631692978,-0.24652390631692978,0.4502192735671997,True,1.0,True,0.01700146310031414,0.24652390631692978,1,1.0,0.6000000238418579,0.0,0.5874446034431458,0.41255536675453186,0.09377952665090561,0.8466857671737671,0.048338133841753006,0.01119647640734911,0.0,0.08263841271400452,0.8541914820671082,0.05102128908038139,0.012148763984441757,0.0
mbj_bandgap::test::001009::JVASP-102522,0.0,-0.0007062419317662716,-0.002480212299900453,-0.0007062419317662716,0.39256688952445984,False,1.0,True,0.0007062419317662716,0.0007062419317662716,1,0.4715036153793335,0.6000000238418579,0.0,0.5057283043861389,0.4942716956138611,0.43029579520225525,0.14364835619926453,0.37180081009864807,0.054255008697509766,0.0,0.4256228506565094,0.15282540023326874,0.37378138303756714,0.04777035862207413,0.0
mbj_bandgap::test::001010::JVASP-51010,6.939,6.939742565155029,6.958857876778772,6.958857876778772,0.5582813024520874,True,1.0,True,0.00074256515502924,0.019857876778772265,2,0.326969176530838,0.6000000238418579,0.0,0.39998024702072144,0.6000197529792786,0.03697769716382027,0.8770610094070435,0.05909234285354614,0.02686893567442894,0.0,0.03664987534284592,0.8774400949478149,0.06651968508958817,0.019390322268009186,0.0
mbj_bandgap::test::001011::JVASP-311,0.0,-0.0001917346235131845,-0.030164302306280734,-0.0001917346235131845,0.37510180473327637,False,1.0,True,0.0001917346235131845,0.0001917346235131845,1,0.947857141494751,0.6000000238418579,0.0,0.5413236618041992,0.45867639780044556,0.11887111514806747,0.5143407583236694,0.3001740872859955,0.06661398708820343,0.0,0.12604770064353943,0.4878280758857727,0.3256966769695282,0.06042750924825668,0.0
mbj_bandgap::test::001012::JVASP-28773,0.557,0.60414057970047,0.6957601044840398,0.6957601044840398,0.47457271814346313,True,1.0,True,0.04714057970046992,0.13876010448403975,1,0.9601622819900513,0.5,0.0,0.516427218914032,0.483572781085968,0.09462062269449234,0.8590775728225708,0.03176971152424812,0.014532161876559258,0.0,0.0935010313987732,0.8562564849853516,0.037756361067295074,0.012486176565289497,0.0
mbj_bandgap::test::001013::JVASP-20626,0.0,-8.575756510253996e-05,-0.0009754405519684317,-8.575756510253996e-05,0.391825795173645,False,1.0,True,8.575756510253996e-05,8.575756510253996e-05,1,0.44898223876953125,0.5,0.0,0.518442690372467,0.48155736923217773,0.5761167407035828,0.2308550775051117,0.18645603954792023,0.006572172045707703,0.0,0.5724784731864929,0.24640627205371857,0.17737294733524323,0.0037422808818519115,0.0
mbj_bandgap::test::001014::JVASP-30689,3.046,3.0525074005126953,2.9163489270239227,2.9163489270239227,0.5584152936935425,True,1.0,True,0.006507400512695494,0.12965107297607714,2,1.0,0.6000000238418579,0.0,0.404022753238678,0.595977246761322,0.01189657486975193,0.9178712964057922,0.04763171821832657,0.02260047197341919,0.0,0.008777916431427002,0.9160717129707336,0.051717162132263184,0.023433201014995575,0.0
mbj_bandgap::test::001015::JVASP-110845,0.0,-0.0005106194876134396,-0.011881492303185937,-0.0005106194876134396,0.3731898069381714,False,1.0,True,0.0005106194876134396,0.0005106194876134396,1,0.9145386815071106,0.6000000238418579,0.0,0.5155521035194397,0.4844478964805603,0.47159042954444885,0.25937095284461975,0.2110084593296051,0.05803023651242256,0.0,0.5043164491653442,0.25059637427330017,0.20160233974456787,0.04348481819033623,0.0
mbj_bandgap::test::001016::JVASP-100637,2.894,3.303863286972046,2.5305519124794946,2.5305519124794946,0.6620330810546875,True,1.0,True,0.40986328697204577,0.3634480875205055,2,1.0,0.6000000238418579,0.0,0.40950560569763184,0.5904944539070129,0.02107192575931549,0.7779597640037537,0.15377426147460938,0.047194045037031174,0.0,0.017756890505552292,0.807530403137207,0.1292394995689392,0.04547319561243057,0.0
mbj_bandgap::test::001017::JVASP-66206,0.0,0.00031776586547493935,-0.0012445438384685037,0.00031776586547493935,0.3551527261734009,False,1.0,True,0.00031776586547493935,0.00031776586547493935,1,0.7325652241706848,0.5,0.0,0.5323778986930847,0.46762213110923767,0.3851236402988434,0.17299816012382507,0.3720741868019104,0.06980405747890472,0.0,0.36203768849372864,0.18027523159980774,0.3891461491584778,0.06854094564914703,0.0
mbj_bandgap::test::001018::JVASP-8161,1.792,1.9478832483291626,2.1270716113194577,2.1270716113194577,0.6037946343421936,True,1.0,True,0.15588324832916256,0.3350716113194576,2,1.0,0.6000000238418579,0.0,0.4462883472442627,0.5537116527557373,0.01926199160516262,0.9106646776199341,0.0394657626748085,0.03060755506157875,0.0,0.016395334154367447,0.9185269474983215,0.035465341061353683,0.02961237169802189,0.0
mbj_bandgap::test::001019::JVASP-99441,0.81,1.0074423551559448,0.8681886312986464,0.8681886312986464,0.5195416212081909,True,1.0,True,0.19744235515594477,0.058188631298646376,1,1.0,0.5,0.0,0.5446951389312744,0.4553048610687256,0.03890230879187584,0.9173637628555298,0.0336533859372139,0.0100805489346385,0.0,0.03289239481091499,0.9191821217536926,0.038560472428798676,0.009365013800561428,0.0
mbj_bandgap::test::001020::JVASP-42717,0.0,0.00030644098296761513,-0.12261607166720581,0.00030644098296761513,0.41831234097480774,False,1.0,True,0.00030644098296761513,0.00030644098296761513,1,0.9932140707969666,0.5,0.0,0.5619411468505859,0.43805885314941406,0.019501229748129845,0.8974273800849915,0.03987717628479004,0.043194182217121124,0.0,0.009963086806237698,0.9122062921524048,0.03478530794382095,0.04304537922143936,0.0
mbj_bandgap::test::001021::JVASP-41877,0.0,-0.0013876422308385372,-0.013041921890817144,-0.0013876422308385372,0.37251076102256775,False,1.0,True,0.0013876422308385372,0.0013876422308385372,1,0.9456561803817749,0.6000000238418579,0.0,0.5346973538398743,0.46530264616012573,0.35267186164855957,0.4491333067417145,0.18652372062206268,0.011671056970953941,0.0,0.37722915410995483,0.4794401526451111,0.1308109015226364,0.012519759126007557,0.0
mbj_bandgap::test::001022::JVASP-14637,0.0,0.0050696865655481815,0.0037697919429001913,0.0050696865655481815,0.3788307309150696,False,1.0,True,0.0050696865655481815,0.0050696865655481815,1,0.7719440460205078,0.6000000238418579,0.0,0.5464515686035156,0.4535484313964844,0.32363003492355347,0.47829508781433105,0.14268365502357483,0.055391211062669754,0.0,0.2991408705711365,0.5201469659805298,0.12735870480537415,0.05335351824760437,0.0
mbj_bandgap::test::001023::JVASP-64991,0.507,0.0003618733026087284,0.00023164074037445025,0.0003618733026087284,0.4199323058128357,False,1.0,True,0.5066381266973913,0.5066381266973913,1,0.04636124521493912,0.6000000238418579,0.0,0.5269972085952759,0.47300276160240173,0.4213758409023285,0.2764182388782501,0.2815401256084442,0.020665815100073814,0.0,0.39331358671188354,0.32930856943130493,0.2595011591911316,0.017876695841550827,0.0
mbj_bandgap::test::001024::JVASP-35242,0.0,0.001656366977840662,-0.03200629511076995,0.001656366977840662,0.38526755571365356,False,1.0,True,0.001656366977840662,0.001656366977840662,1,0.9763488173484802,0.6000000238418579,0.0,0.549551248550415,0.4504486918449402,0.08845700323581696,0.6374064087867737,0.19301986694335938,0.08111672848463058,0.0,0.09926272183656693,0.6353541016578674,0.19657590985298157,0.06880725175142288,0.0
mbj_bandgap::test::001025::JVASP-90621,0.0,0.00228316942229867,-0.001764711486899917,0.00228316942229867,0.3871898353099823,False,1.0,True,0.00228316942229867,0.00228316942229867,1,0.7590460181236267,0.6000000238418579,0.0,0.5450550317764282,0.4549449384212494,0.14968107640743256,0.6612386703491211,0.15656226873397827,0.0325179360806942,0.0,0.1477343738079071,0.7158447504043579,0.1107916384935379,0.025629272684454918,0.0
mbj_bandgap::test::001026::JVASP-30581,0.0,0.1537773162126541,0.07456651693042449,0.1537773162126541,0.4085603654384613,False,1.0,True,0.1537773162126541,0.1537773162126541,2,1.0,0.5,0.0,0.49283066391944885,0.5071693658828735,0.017307214438915253,0.8622990846633911,0.09617844223976135,0.024215318262577057,0.0,0.01715034618973732,0.8760557174682617,0.08398009836673737,0.022813869640231133,0.0
mbj_bandgap::test::001027::JVASP-18028,0.0,0.003250314388424158,0.001403095348263461,0.003250314388424158,0.3794119656085968,False,1.0,True,0.003250314388424158,0.003250314388424158,1,0.7315549254417419,0.5,0.0,0.5300520658493042,0.4699479043483734,0.3003360331058502,0.5622376799583435,0.10012692213058472,0.03729931265115738,0.0,0.3155031204223633,0.5580551624298096,0.0924845039844513,0.03395716845989227,0.0
mbj_bandgap::test::001028::JVASP-49176,2.377,2.132441520690918,2.6943214944233156,2.6943214944233156,0.7927854061126709,True,1.0,True,0.2445584793090818,0.3173214944233158,2,1.0,0.6000000238418579,0.0,0.4321381151676178,0.5678618550300598,0.018476199358701706,0.9444977045059204,0.02606072463095188,0.01096533052623272,0.0,0.0204910971224308,0.9428851008415222,0.026975875720381737,0.00964791513979435,0.0
mbj_bandgap::test::001029::JVASP-20496,0.007,0.1707661896944046,0.030863266290794233,0.030863266290794222,0.45493996143341064,True,1.0,True,0.1637661896944046,0.023863266290794223,1,1.0,0.800000011920929,0.0,0.5642578601837158,0.4357420802116394,0.05931254103779793,0.7438188791275024,0.18778538703918457,0.009083271026611328,0.0,0.06475963443517685,0.7256013751029968,0.20181162655353546,0.00782734714448452,0.0
mbj_bandgap::test::001030::JVASP-20585,0.0,-0.0004995330236852169,-0.0023185945991567535,-0.0004995330236852169,0.3793107271194458,False,1.0,True,0.0004995330236852169,0.0004995330236852169,1,0.617987871170044,0.5,0.0,0.5328659415245056,0.4671340584754944,0.48167386651039124,0.3159063160419464,0.1899299919605255,0.012489807792007923,0.0,0.4827839732170105,0.35984209179878235,0.14765730500221252,0.009716629050672054,0.0
mbj_bandgap::test::001031::JVASP-110093,0.0,-0.0006429417990148067,-0.00766642233334518,-0.0006429417990148067,0.38341736793518066,False,1.0,True,0.0006429417990148067,0.0006429417990148067,1,0.7372514605522156,0.5,0.0,0.5392217040061951,0.4607783257961273,0.2851923406124115,0.5563187003135681,0.1385612189769745,0.01992775686085224,0.0,0.2678300440311432,0.5693786144256592,0.14447996020317078,0.01831137016415596,0.0
mbj_bandgap::test::001032::JVASP-41573,0.0,0.0004447237588465214,3.2722092207526644e-05,0.0004447237588465214,0.40710073709487915,False,1.0,True,0.0004447237588465214,0.0004447237588465214,1,0.20792655646800995,0.5,0.0,0.5207555294036865,0.4792444109916687,0.4836081862449646,0.2994380593299866,0.1827101856470108,0.034243497997522354,0.0,0.4619717001914978,0.309320867061615,0.2007245570421219,0.027982885017991066,0.0
mbj_bandgap::test::001033::JVASP-26746,6.022,5.641829490661621,5.918209401551356,5.918209401551356,0.6536419987678528,True,1.0,True,0.38017050933837915,0.10379059844864447,2,0.8644994497299194,0.6000000238418579,0.0,0.4000095725059509,0.5999904274940491,0.02199563756585121,0.8713264465332031,0.05549580976366997,0.05118202045559883,0.0,0.021583713591098785,0.8751079440116882,0.0614318773150444,0.04187647998332977,0.0
mbj_bandgap::test::001034::JVASP-109058,0.0,0.001301600132137537,-0.00803422473278217,0.001301600132137537,0.38267982006073,False,1.0,True,0.001301600132137537,0.001301600132137537,1,0.9347994327545166,0.699999988079071,0.0,0.5459734797477722,0.45402640104293823,0.4486261010169983,0.4351399540901184,0.0919184759259224,0.02431548200547695,0.0,0.48198288679122925,0.40432652831077576,0.09026901423931122,0.02342160977423191,0.0
mbj_bandgap::test::001035::JVASP-43167,0.0,-0.002992080058902502,-0.02800658383383283,-0.002992080058902502,0.42230409383773804,False,1.0,True,0.002992080058902502,0.002992080058902502,1,0.8874753713607788,0.699999988079071,0.0,0.6021585464477539,0.39784151315689087,0.028131013736128807,0.8062009811401367,0.0786227434873581,0.08704523742198944,0.0,0.02623699977993965,0.8178855776786804,0.0739947184920311,0.08188270777463913,0.0
mbj_bandgap::test::001036::JVASP-103731,0.0,-0.0005473359487950802,-0.0014077613812254475,-0.0005473359487950802,0.41839122772216797,False,1.0,True,0.0005473359487950802,0.0005473359487950802,1,0.33167845010757446,0.6000000238418579,0.0,0.5155199766159058,0.48447996377944946,0.586689829826355,0.31845104694366455,0.053662192076444626,0.04119688272476196,0.0,0.6297415494918823,0.29101458191871643,0.04797133803367615,0.031272463500499725,0.0
mbj_bandgap::test::001037::JVASP-36157,1.857,2.417445421218872,2.56171910745052,2.56171910745052,0.6110832095146179,True,1.0,True,0.5604454212188721,0.7047191074505201,2,0.9718567132949829,0.6000000238418579,0.0,0.44422799348831177,0.5557720065116882,0.020310096442699432,0.9426328539848328,0.028615519404411316,0.008441595360636711,0.0,0.019387338310480118,0.9412479400634766,0.02901822328567505,0.010346428491175175,0.0
mbj_bandgap::test::001038::JVASP-28460,0.366,0.32980555295944214,0.32094709873931465,0.32094709873931465,0.4707336127758026,True,1.0,True,0.03619444704055785,0.04505290126068534,1,0.2277178168296814,0.6000000238418579,0.0,0.562877893447876,0.43712204694747925,0.10713174194097519,0.8299142718315125,0.037199459969997406,0.02575455605983734,0.0,0.1212957352399826,0.8153597712516785,0.04189542308449745,0.021449077874422073,0.0
mbj_bandgap::test::001039::JVASP-26318,3.555,3.734039545059204,3.747408965078751,3.747408965078751,0.5878502130508423,True,1.0,True,0.17903954505920394,0.19240896507875105,2,0.21217462420463562,0.6000000238418579,0.0,0.40184837579727173,0.5981515645980835,0.01618574932217598,0.8923897743225098,0.05180896446108818,0.0396154448390007,0.0,0.01447279192507267,0.9016178846359253,0.05473905801773071,0.02917027845978737,0.0
mbj_bandgap::test::001040::JVASP-47889,0.0,-0.00048332056030631065,-0.09525060684407667,-0.00048332056030631065,0.41765058040618896,False,1.0,True,0.00048332056030631065,0.00048332056030631065,1,0.974658191204071,0.5,0.0,0.5753282308578491,0.4246717393398285,0.0100044971331954,0.9003722071647644,0.04390522092580795,0.04571814835071564,0.0,0.004381614271551371,0.9081579446792603,0.03810349479317665,0.04935692623257637,0.0
mbj_bandgap::test::001041::JVASP-54400,0.0,-0.0017437203787267208,-0.011931263004174885,-0.0017437203787267208,0.39377015829086304,False,1.0,True,0.0017437203787267208,0.0017437203787267208,1,0.8485009074211121,0.5,0.0,0.5391061902046204,0.4608938694000244,0.043604765087366104,0.7767982482910156,0.10826133191585541,0.07133563607931137,0.0,0.05024190619587898,0.7796197533607483,0.0964341014623642,0.07370424270629883,0.0
mbj_bandgap::test::001042::JVASP-7802,2.118,1.6422114372253418,1.9903001753730318,1.9903001753730318,0.7017725110054016,True,1.0,True,0.4757885627746581,0.12769982462696805,2,1.0,0.6000000238418579,0.0,0.451852411031723,0.5481475591659546,0.023271558806300163,0.9129549860954285,0.04235781729221344,0.021415580064058304,0.0,0.02187890186905861,0.9031766057014465,0.04838996380567551,0.026554474607110023,0.0
mbj_bandgap::test::001043::JVASP-15210,0.075,0.04903383553028107,0.043979122799164314,0.04903383553028107,0.40404295921325684,False,1.0,True,0.02596616446971893,0.02596616446971893,1,0.6879441142082214,0.699999988079071,0.0,0.5151804685592651,0.4848195016384125,0.3470979928970337,0.5088074803352356,0.10600755363702774,0.03808702528476715,0.0,0.3309902548789978,0.5412498712539673,0.09133754670619965,0.036422304809093475,0.0
mbj_bandgap::test::001044::JVASP-109533,0.0,0.0011044279672205448,-0.0012279128722841204,0.0011044279672205448,0.40022012591362,False,1.0,True,0.0011044279672205448,0.0011044279672205448,1,0.6474807858467102,0.699999988079071,0.0,0.5182938575744629,0.4817061424255371,0.5861285328865051,0.31012049317359924,0.09281204640865326,0.010938962921500206,0.0,0.5672705173492432,0.31743770837783813,0.10523439943790436,0.010057371109724045,0.0
mbj_bandgap::test::001045::JVASP-85684,3.939,2.6226091384887695,3.054985494213399,3.054985494213399,0.7562568783760071,True,1.0,True,1.3163908615112305,0.8840145057866011,2,1.0,0.6000000238418579,0.0,0.4051859974861145,0.5948139429092407,0.01052876003086567,0.9746427536010742,0.008516611531376839,0.006311869714409113,0.0,0.006652902811765671,0.9768823385238647,0.010726125910878181,0.005738592240959406,0.0
mbj_bandgap::test::001046::JVASP-8600,6.295,6.603816509246826,6.419507272432698,6.419507272432698,0.5434256792068481,True,1.0,True,0.30881650924682624,0.1245072724326981,2,0.9586215019226074,0.6000000238418579,0.0,0.40001851320266724,0.5999815464019775,0.04669603332877159,0.8982297778129578,0.02943224273622036,0.025641951709985733,0.0,0.051795877516269684,0.8897229433059692,0.03377287834882736,0.024708326905965805,0.0
mbj_bandgap::test::001047::JVASP-16273,0.0,0.2327919751405716,0.22796035701565778,0.2327919751405716,0.41409459710121155,False,1.0,True,0.2327919751405716,0.2327919751405716,1,0.5646178722381592,0.5,0.0,0.5150099992752075,0.48499003052711487,0.5084375143051147,0.3341279625892639,0.1417226642370224,0.01571180298924446,0.0,0.5335003137588501,0.3405972123146057,0.11220159381628036,0.01370085310190916,0.0
mbj_bandgap::test::001048::JVASP-37790,0.0,-0.0001674159284448251,-0.0055661530580455535,-0.0001674159284448251,0.3808988034725189,False,1.0,True,0.0001674159284448251,0.0001674159284448251,1,0.7835564017295837,0.6000000238418579,0.0,0.5161870121955872,0.48381298780441284,0.4498370587825775,0.29438096284866333,0.22401583194732666,0.03176604583859444,0.0,0.48215264081954956,0.2740817666053772,0.21538381278514862,0.02838177978992462,0.0
mbj_bandgap::test::001049::JVASP-35672,4.888,4.772313594818115,4.892586305421417,4.892586305421417,0.5751928091049194,True,1.0,True,0.11568640518188467,0.004586305421416803,2,0.8967496752738953,0.6000000238418579,0.0,0.40002232789993286,0.5999777317047119,0.019906139001250267,0.910926342010498,0.058290231972932816,0.010877308435738087,0.0,0.019361693412065506,0.9166220426559448,0.05621650069952011,0.0077997418120503426,0.0
mbj_bandgap::test::001050::JVASP-16064,0.0,0.0023072496987879276,-0.012118809601431125,0.0023072496987879276,0.406810998916626,False,1.0,True,0.0023072496987879276,0.0023072496987879276,1,0.8669947981834412,0.699999988079071,0.0,0.5908547639846802,0.40914520621299744,0.04399709030985832,0.6226718425750732,0.2753244638442993,0.05800659582018852,0.0,0.042457032948732376,0.7045333981513977,0.19807447493076324,0.054935045540332794,0.0
mbj_bandgap::test::001051::JVASP-79628,0.0,1.1559723615646362,0.5003709052480235,0.5003709052480235,0.6168708205223083,True,1.0,True,1.1559723615646362,0.5003709052480235,1,1.0,0.6000000238418579,0.0,0.5585801601409912,0.4414198398590088,0.23874931037425995,0.6038338541984558,0.15135522186756134,0.006061658263206482,0.0,0.3109917640686035,0.5397382378578186,0.1442636251449585,0.005006405059248209,0.0
mbj_bandgap::test::001052::JVASP-56217,2.516,2.1866276264190674,2.3198818967761015,2.3198818967761015,0.6099320650100708,True,1.0,True,0.32937237358093263,0.19611810322389855,2,1.0,0.6000000238418579,0.0,0.44204822182655334,0.557951807975769,0.0061301724053919315,0.9640545845031738,0.02339780703186989,0.006417439319193363,0.0,0.005335909780114889,0.9666535258293152,0.02201060764491558,0.005999899003654718,0.0
mbj_bandgap::test::001053::JVASP-9177,1.225,-0.007836268283426762,1.1565784442243676,1.1565784442243676,0.878689169883728,True,1.0,True,1.2328362682834269,0.06842155577563247,2,1.0,0.6000000238418579,0.0,0.47400251030921936,0.525997519493103,0.018934765830636024,0.9461315870285034,0.03034558892250061,0.004588067531585693,0.0,0.0169693510979414,0.9413464665412903,0.03659070283174515,0.005093504674732685,0.0
mbj_bandgap::test::001054::JVASP-58988,2.728,2.5428378582000732,2.8587481525798375,2.8587481525798375,0.7018340826034546,True,1.0,True,0.18516214179992696,0.1307481525798373,2,1.0,0.6000000238418579,0.0,0.4043291509151459,0.5956708192825317,0.09053722023963928,0.8949410319328308,0.011767416261136532,0.0027543078176677227,0.0,0.0821702852845192,0.9042971730232239,0.010389896109700203,0.0031426281202584505,0.0
mbj_bandgap::test::001055::JVASP-90785,0.0,-0.0019885762594640255,-0.003963106155506546,-0.0019885762594640255,0.3717503547668457,False,1.0,True,0.0019885762594640255,0.0019885762594640255,1,0.7052603363990784,0.6000000238418579,0.0,0.5121160745620728,0.48788389563560486,0.3829224705696106,0.2856445014476776,0.28738975524902344,0.044043295085430145,0.0,0.3824025094509125,0.28223717212677,0.29829543828964233,0.03706489875912666,0.0
mbj_bandgap::test::001056::JVASP-41832,0.0,0.001426412258297205,0.00028387488800687424,0.001426412258297205,0.38309675455093384,False,1.0,True,0.001426412258297205,0.001426412258297205,1,0.5973605513572693,0.5,0.0,0.5268879532814026,0.4731120467185974,0.4755792021751404,0.42819419503211975,0.058788228780031204,0.03743838146328926,0.0,0.4784424304962158,0.43349847197532654,0.06664904952049255,0.02140999026596546,0.0
mbj_bandgap::test::001057::JVASP-108007,0.599,0.4107019305229187,0.664825509498536,0.664825509498536,0.5621036887168884,True,1.0,True,0.18829806947708128,0.06582550949853605,2,1.0,0.6000000238418579,0.0,0.4535159170627594,0.546484112739563,0.08043179661035538,0.8578489422798157,0.04930705204606056,0.01241227425634861,0.0,0.0796918272972107,0.8597445487976074,0.04564686864614487,0.014916738495230675,0.0
mbj_bandgap::test::001058::JVASP-38582,0.0,0.0008272663690149784,-0.0018503924616553257,0.0008272663690149784,0.3886788487434387,False,1.0,True,0.0008272663690149784,0.0008272663690149784,1,0.6085156202316284,0.6000000238418579,0.0,0.507706880569458,0.492293119430542,0.5360012650489807,0.17644241452217102,0.2817768156528473,0.005779529456049204,0.0,0.5427539944648743,0.1810244470834732,0.27203088998794556,0.00419068755581975,0.0
mbj_bandgap::test::001059::JVASP-54710,6.476,5.6381964683532715,5.765300307936117,5.765300307936117,0.5991789698600769,True,1.0,True,0.8378035316467285,0.7106996920638826,2,0.7160105109214783,0.6000000238418579,0.0,0.4000055193901062,0.5999944806098938,0.022610429674386978,0.9008682370185852,0.04769791662693024,0.02882351353764534,0.0,0.0211908258497715,0.909859299659729,0.05336073786020279,0.015589187853038311,0.0
mbj_bandgap::test::001060::JVASP-91623,4.508,4.855000019073486,4.576424300025421,4.576424300025421,0.5712911486625671,True,1.0,True,0.3470000190734863,0.06842430002542077,2,1.0,0.6000000238418579,0.0,0.4000479280948639,0.5999520421028137,0.08059435337781906,0.8643226623535156,0.021642567589879036,0.0334404781460762,0.0,0.059298075735569,0.8809782266616821,0.01958378776907921,0.04013989493250847,0.0
mbj_bandgap::test::001061::JVASP-74845,0.0,-0.0009956820867955685,-0.007081095906809787,-0.0009956820867955685,0.36235344409942627,False,1.0,True,0.0009956820867955685,0.0009956820867955685,1,0.9528992772102356,0.6000000238418579,0.0,0.5459827184677124,0.4540172517299652,0.32861000299453735,0.3780740797519684,0.24717672169208527,0.0461391843855381,0.0,0.3596494793891907,0.35129281878471375,0.23737259209156036,0.0516851544380188,0.0
mbj_bandgap::test::001062::JVASP-105134,0.0,0.0023895041085779667,-0.0019200270020475418,0.0023895041085779667,0.3743942677974701,False,1.0,True,0.0023895041085779667,0.0023895041085779667,1,0.6523450613021851,0.5,0.0,0.5184456706047058,0.4815542697906494,0.458456814289093,0.37711745500564575,0.1570010930299759,0.007424675859510899,0.0,0.4731898307800293,0.3743849992752075,0.14605167508125305,0.006373465061187744,0.0
mbj_bandgap::test::001063::JVASP-41933,0.0,-3.1159710488282144e-05,-0.0008811926515700063,-3.1159710488282144e-05,0.3899824917316437,False,1.0,True,3.1159710488282144e-05,3.1159710488282144e-05,1,0.4693382978439331,0.6000000238418579,0.0,0.5147154927253723,0.4852845072746277,0.5337602496147156,0.2557601034641266,0.20190516114234924,0.008574487641453743,0.0,0.5350776314735413,0.3042258620262146,0.15418609976768494,0.006510400213301182,0.0
mbj_bandgap::test::001064::JVASP-73875,0.0,0.0003110901452600956,-0.0057588752927151265,0.0003110901452600956,0.37795382738113403,False,1.0,True,0.0003110901452600956,0.0003110901452600956,1,0.6977259516716003,0.6000000238418579,0.0,0.5195642709732056,0.48043566942214966,0.47303304076194763,0.2825831174850464,0.22460296750068665,0.019780822098255157,0.0,0.4446260929107666,0.29555708169937134,0.2368345707654953,0.022982247173786163,0.0
mbj_bandgap::test::001065::JVASP-263,0.0,-0.0002972348593175411,-0.011678166821156544,-0.0002972348593175411,0.3935280442237854,False,1.0,True,0.0002972348593175411,0.0002972348593175411,1,1.0,0.6000000238418579,0.0,0.5651563405990601,0.43484359979629517,0.09727226942777634,0.79997718334198,0.0785830169916153,0.024167519062757492,0.0,0.10421527922153473,0.7966464757919312,0.07924965023994446,0.019888577982783318,0.0
mbj_bandgap::test::001066::JVASP-37429,0.0,-0.0003830655477941036,-0.0049583273547028515,-0.0003830655477941036,0.390442430973053,False,1.0,True,0.0003830655477941036,0.0003830655477941036,1,0.6713005900382996,0.699999988079071,0.0,0.5304712653160095,0.4695287346839905,0.37686392664909363,0.3795534074306488,0.22492453455924988,0.018658142536878586,0.0,0.38335955142974854,0.3841855823993683,0.21847334504127502,0.013981522992253304,0.0
mbj_bandgap::test::001067::JVASP-5164,3.095,2.9570467472076416,3.068508084032606,3.068508084032606,0.5896164178848267,True,1.0,True,0.1379532527923586,0.026491915967393975,2,1.0,0.6000000238418579,0.0,0.4336802065372467,0.5663198232650757,0.011621075682342052,0.9318262338638306,0.048508111387491226,0.008044607006013393,0.0,0.010395925492048264,0.9279022216796875,0.05195728689432144,0.009744564071297646,0.0
mbj_bandgap::test::001068::JVASP-120203,2.53,1.4902170896530151,2.244218227796533,2.244218227796533,0.8557668328285217,True,1.0,True,1.0397829103469847,0.285781772203467,2,1.0,0.6000000238418579,0.0,0.44614657759666443,0.5538533926010132,0.011403844691812992,0.9766445159912109,0.005880369339138269,0.00607133936136961,0.0,0.007791575044393539,0.9796640276908875,0.00529920170083642,0.0072451261803507805,0.0
mbj_bandgap::test::001069::JVASP-33825,4.762,3.7207701206207275,4.036910316789025,4.036910316789025,0.6816783547401428,True,1.0,True,1.041229879379272,0.7250896832109746,2,1.0,0.6000000238418579,0.0,0.4019226133823395,0.5980774164199829,0.014108210802078247,0.9216632843017578,0.023202767595648766,0.041025713086128235,0.0,0.01264627743512392,0.9264649152755737,0.027731379494071007,0.03315729647874832,0.0
mbj_bandgap::test::001070::JVASP-53524,1.777,2.198453664779663,1.5550210174031702,1.5550210174031702,0.6655880212783813,True,1.0,True,0.4214536647796632,0.2219789825968297,2,1.0,0.6000000238418579,0.0,0.4368268847465515,0.5631730556488037,0.007822433486580849,0.9286280870437622,0.04814627021551132,0.015403270721435547,0.0,0.003583379089832306,0.9316397905349731,0.04077174887061119,0.024005083367228508,0.0
mbj_bandgap::test::001071::JVASP-36410,0.0,0.0045324102975428104,-0.08981661737392695,0.0045324102975428104,0.36501479148864746,False,1.0,True,0.0045324102975428104,0.0045324102975428104,1,0.9828003644943237,0.5,0.0,0.5224364995956421,0.4775635302066803,0.17867526412010193,0.4194561839103699,0.371815025806427,0.03005344048142433,0.0,0.16342198848724365,0.40381908416748047,0.4113481640815735,0.021410781890153885,0.0
mbj_bandgap::test::001072::JVASP-71718,0.0,0.0008866325952112675,-0.002894559050877832,0.0008866325952112675,0.3695049583911896,False,1.0,True,0.0008866325952112675,0.0008866325952112675,1,0.7242729663848877,0.5,0.0,0.5161460041999817,0.4838539958000183,0.4973130226135254,0.27465590834617615,0.21600517630577087,0.012025896459817886,0.0,0.46134042739868164,0.3063240647315979,0.2229917049407959,0.009343801066279411,0.0
mbj_bandgap::test::001073::JVASP-66633,0.0,-0.004580543842166662,-0.00664453480166387,-0.004580543842166662,0.35302841663360596,False,1.0,True,0.004580543842166662,0.004580543842166662,1,0.9730384945869446,0.6000000238418579,0.0,0.5198444724082947,0.4801555275917053,0.4360417425632477,0.28920310735702515,0.2411203384399414,0.03363480791449547,0.0,0.4848862588405609,0.2627635896205902,0.21786093711853027,0.03448924422264099,0.0
mbj_bandgap::test::001074::JVASP-14784,0.0,0.003790928516536951,-0.006938200781698422,0.003790928516536951,0.3821115791797638,False,1.0,True,0.003790928516536951,0.003790928516536951,1,1.0,0.5,0.0,0.5559630393981934,0.4440370202064514,0.1444329172372818,0.7780306935310364,0.06027178838849068,0.017264602705836296,0.0,0.17389819025993347,0.7571982145309448,0.056413937360048294,0.01248961128294468,0.0
mbj_bandgap::test::001075::JVASP-63427,0.648,0.45780307054519653,0.4002518814511961,0.45780307054519653,0.4095964729785919,False,1.0,True,0.1901969294548035,0.1901969294548035,1,0.9888104200363159,0.5,0.0,0.5233066082000732,0.47669339179992676,0.16270728409290314,0.5201812982559204,0.16264674067497253,0.15446467697620392,0.0,0.18020811676979065,0.5133437514305115,0.15491247177124023,0.15153561532497406,0.0
mbj_bandgap::test::001076::JVASP-17731,0.0,-0.00071363290771842,-0.0029176989690330667,-0.00071363290771842,0.3938058912754059,False,1.0,True,0.00071363290771842,0.00071363290771842,1,0.6509411931037903,0.6000000238418579,0.0,0.5124441385269165,0.4875558316707611,0.5818960666656494,0.2527284324169159,0.13277705013751984,0.03259839117527008,0.0,0.5958231687545776,0.25656288862228394,0.12947843968868256,0.018135566264390945,0.0
mbj_bandgap::test::001077::JVASP-12552,6.023,5.6370954513549805,5.729463002901637,5.729463002901637,0.5953844785690308,True,1.0,True,0.3859045486450192,0.29353699709836256,2,0.5527680516242981,0.6000000238418579,0.0,0.4000110626220703,0.5999889373779297,0.023838479071855545,0.9258624911308289,0.031903378665447235,0.01839560829102993,0.0,0.019151698797941208,0.9292777180671692,0.040505051612854004,0.011065603233873844,0.0
mbj_bandgap::test::001078::JVASP-17602,0.0,0.8571102619171143,0.5892463342938772,0.5892463342938772,0.5192508697509766,True,1.0,True,0.8571102619171143,0.5892463342938772,1,1.0,0.6000000238418579,0.0,0.5842281579971313,0.41577187180519104,0.12574008107185364,0.6912434697151184,0.17411789298057556,0.00889857392758131,0.0,0.10504128783941269,0.7151270508766174,0.17188334465026855,0.00794832780957222,0.0
mbj_bandgap::test::001079::JVASP-12480,4.023,3.952746868133545,3.9678447089737032,3.9678447089737032,0.5930416584014893,True,1.0,True,0.07025313186645477,0.05515529102629646,2,0.20216864347457886,0.6000000238418579,0.0,0.40108999609947205,0.5989099740982056,0.017695531249046326,0.8915261030197144,0.08157789707183838,0.009200451895594597,0.0,0.022741731256246567,0.8998318910598755,0.06890247017145157,0.008523878641426563,0.0
mbj_bandgap::test::001080::JVASP-68046,0.0,9.967494406737387e-06,-0.009715503202507626,9.967494406737387e-06,0.3716728985309601,False,1.0,True,9.967494406737387e-06,9.967494406737387e-06,1,0.816518247127533,0.5,0.0,0.5219983458518982,0.4780016541481018,0.565324604511261,0.30839887261390686,0.0929153561592102,0.03336118906736374,0.0,0.5609661340713501,0.32827645540237427,0.0774555504322052,0.033301882445812225,0.0
mbj_bandgap::test::001081::JVASP-90807,7.014,6.975039005279541,7.08753796598933,7.08753796598933,0.5585106015205383,True,1.0,True,0.03896099472045922,0.07353796598932938,2,0.90030437707901,0.6000000238418579,0.0,0.4000094532966614,0.5999905467033386,0.022654077038168907,0.8780852556228638,0.06721250712871552,0.03204813599586487,0.0,0.02352389693260193,0.8858281970024109,0.06298871338367462,0.027659201994538307,0.0
mbj_bandgap::test::001082::JVASP-14286,0.0,-0.0010009272955358028,-0.011766590259316988,-0.0010009272955358028,0.38236507773399353,False,1.0,True,0.0010009272955358028,0.0010009272955358028,1,1.0,0.6000000238418579,0.0,0.5335476398468018,0.46645236015319824,0.22061696648597717,0.17294688522815704,0.5967446565628052,0.009691550396382809,0.0,0.21140050888061523,0.1401897817850113,0.6403596997261047,0.008050045929849148,0.0
mbj_bandgap::test::001083::JVASP-104733,0.0,1.3315484523773193,0.6428907095277443,0.6428907095277443,0.6531776785850525,True,1.0,True,1.3315484523773193,0.6428907095277443,1,1.0,0.5,0.0,0.5316881537437439,0.4683118462562561,0.12373293936252594,0.8213070631027222,0.039133116602897644,0.015826817601919174,0.0,0.08621422201395035,0.8705433011054993,0.027556519955396652,0.01568591222167015,0.0
mbj_bandgap::test::001084::JVASP-37256,0.0,-0.0007366403006017208,-0.004755337152248029,-0.0007366403006017208,0.3789871037006378,False,1.0,True,0.0007366403006017208,0.0007366403006017208,1,0.6672332286834717,0.5,0.0,0.5135252475738525,0.4864746928215027,0.39620012044906616,0.26741883158683777,0.30040106177330017,0.03598002344369888,0.0,0.4607733190059662,0.28731995820999146,0.21999630331993103,0.03191035985946655,0.0
mbj_bandgap::test::001085::JVASP-15824,0.0,-0.005329774226993322,-0.05148867114941573,-0.005329774226993322,0.40478673577308655,False,1.0,True,0.005329774226993322,0.005329774226993322,1,0.9693444967269897,0.6000000238418579,0.0,0.5868793725967407,0.41312068700790405,0.0489606037735939,0.7561919093132019,0.14561793208122253,0.049229495227336884,0.0,0.0411393940448761,0.7624053955078125,0.14560894668102264,0.05084627866744995,0.0
mbj_bandgap::test::001086::JVASP-3618,6.379,6.2523512840271,6.317520925673849,6.317520925673849,0.5445597767829895,True,1.0,True,0.12664871597289995,0.06147907432615085,2,0.6781525015830994,0.6000000238418579,0.0,0.4002915024757385,0.5997083783149719,0.028070559725165367,0.7398362755775452,0.22508442401885986,0.007008741144090891,0.0,0.03224014490842819,0.7709819078445435,0.1889723837375641,0.007805561181157827,0.0
mbj_bandgap::test::001087::JVASP-8358,0.176,0.7552913427352905,0.444422422509075,0.444422422509075,0.5326764583587646,True,1.0,True,0.5792913427352906,0.268422422509075,1,1.0,0.6000000238418579,0.0,0.5137392282485962,0.4862608015537262,0.011534887365996838,0.9092769622802734,0.05072001367807388,0.02846818044781685,0.0,0.010429047048091888,0.9180742502212524,0.04683157056570053,0.024665089324116707,0.0
mbj_bandgap::test::001088::JVASP-3045,2.109,2.137458562850952,2.339028814584897,2.339028814584897,0.6356527805328369,True,1.0,True,0.028458562850952163,0.2300288145848972,2,0.9771386384963989,0.6000000238418579,0.0,0.44892120361328125,0.5510787963867188,0.07443798333406448,0.8998326063156128,0.023454144597053528,0.002275183331221342,0.0,0.08286343514919281,0.8895233273506165,0.025655711069703102,0.001957469154149294,0.0
mbj_bandgap::test::001089::JVASP-71277,0.0,-0.0016069873236119747,-0.07912847109385453,-0.0016069873236119747,0.3658478558063507,False,1.0,True,0.0016069873236119747,0.0016069873236119747,1,0.997398316860199,0.5,0.0,0.5299946069717407,0.47000545263290405,0.2651476263999939,0.5754518508911133,0.14059393107891083,0.018806613981723785,0.0,0.2700902223587036,0.5632635354995728,0.1523939073085785,0.014252351596951485,0.0
mbj_bandgap::test::001090::JVASP-25159,0.0,0.001186563167721033,-0.004236814033637781,0.001186563167721033,0.36768755316734314,False,1.0,True,0.001186563167721033,0.001186563167721033,1,0.882550835609436,0.6000000238418579,0.0,0.5192127227783203,0.4807872772216797,0.4227319657802582,0.29594457149505615,0.2563560903072357,0.02496735192835331,0.0,0.4138818681240082,0.30563533306121826,0.2575884461402893,0.022894326597452164,0.0
mbj_bandgap::test::001091::JVASP-34892,6.136,5.777985095977783,6.041284807435915,6.041284807435915,0.6222293376922607,True,1.0,True,0.3580149040222169,0.09471519256408545,2,1.0,0.6000000238418579,0.0,0.3999660611152649,0.6000339388847351,0.03598439320921898,0.7953872680664062,0.11902737617492676,0.049600910395383835,0.0,0.04168624058365822,0.8130462765693665,0.1023339033126831,0.04293365031480789,0.0
mbj_bandgap::test::001092::JVASP-40795,0.0,-0.0030402406118810177,-0.01906844360475022,-0.0030402406118810177,0.36831602454185486,False,1.0,True,0.0030402406118810177,0.0030402406118810177,1,0.9517601132392883,0.5,0.0,0.529234766960144,0.47076520323753357,0.4452340006828308,0.3128417730331421,0.22301188111305237,0.01891232468187809,0.0,0.5159123539924622,0.2895195484161377,0.1798352301120758,0.01473291777074337,0.0
mbj_bandgap::test::001093::JVASP-68748,0.0,-0.003577278461307287,-0.019384278616204332,-0.003577278461307287,0.3742535710334778,False,1.0,True,0.003577278461307287,0.003577278461307287,1,0.9265882968902588,0.6000000238418579,0.0,0.5369700193405151,0.4630299508571625,0.3955053985118866,0.33653801679611206,0.19699375331401825,0.0709628090262413,0.0,0.45621800422668457,0.29790008068084717,0.17821788787841797,0.0676640123128891,0.0
mbj_bandgap::test::001094::JVASP-38623,0.0,-0.0007740720175206661,-0.014179479449238497,-0.0007740720175206661,0.3669338524341583,False,1.0,True,0.0007740720175206661,0.0007740720175206661,1,0.9670935273170471,0.6000000238418579,0.0,0.5365464091300964,0.4634535312652588,0.35638922452926636,0.5126584768295288,0.11513171344995499,0.015820613130927086,0.0,0.3587659001350403,0.5158212184906006,0.11391665786504745,0.011496144346892834,0.0
mbj_bandgap::test::001095::JVASP-15132,0.0,0.0007756487466394901,-0.0025614947046759705,0.0007756487466394901,0.38454049825668335,False,1.0,True,0.0007756487466394901,0.0007756487466394901,1,0.6605940461158752,0.6000000238418579,0.0,0.5104180574417114,0.48958197236061096,0.49539488554000854,0.2227475941181183,0.2492101639509201,0.032647375017404556,0.0,0.47273722290992737,0.22745005786418915,0.26749372482299805,0.032319050282239914,0.0
mbj_bandgap::test::001096::JVASP-110058,0.0,0.0018298164941370487,-0.013531045954953847,0.0018298164941370487,0.3562978506088257,False,1.0,True,0.0018298164941370487,0.0018298164941370487,1,0.9256619811058044,0.5,0.0,0.5252018570899963,0.47479814291000366,0.37312495708465576,0.39225202798843384,0.21770079433918,0.01692225970327854,0.0,0.3947961926460266,0.39874011278152466,0.19181987643241882,0.014643791131675243,0.0
mbj_bandgap::test::001097::JVASP-12492,1.589,2.3593497276306152,2.315547382633636,2.315547382633636,0.5728229880332947,True,1.0,True,0.7703497276306153,0.7265473826336359,2,0.550347626209259,0.6000000238418579,0.0,0.44988760352134705,0.5501123666763306,0.021973470225930214,0.8950895071029663,0.051752544939517975,0.031184490770101547,0.0,0.016350744292140007,0.8947431445121765,0.056395094841718674,0.032511088997125626,0.0
mbj_bandgap::test::001098::JVASP-41210,0.0,-0.0006056292913854122,-0.0005863474761721888,-0.0006056292913854122,0.4404715895652771,False,1.0,True,0.0006056292913854122,0.0006056292913854122,1,0.009600318036973476,0.6000000238418579,0.0,0.5226315855979919,0.47736841440200806,0.635018527507782,0.28530099987983704,0.06348148733377457,0.01619895175099373,0.0,0.6285487413406372,0.2961917519569397,0.061800628900527954,0.01345887966454029,0.0
mbj_bandgap::test::001099::JVASP-116020,0.0,1.059570550918579,0.6916204931287089,0.6916204931287089,0.5757091045379639,True,1.0,True,1.059570550918579,0.6916204931287089,2,1.0,0.5,0.0,0.4386506974697113,0.5613492131233215,0.08440954983234406,0.8604053258895874,0.051261939108371735,0.003923105075955391,0.0,0.0738670751452446,0.8714562654495239,0.05019761249423027,0.004479043651372194,0.0
mbj_bandgap::test::001100::JVASP-40359,0.0,0.0029786364175379276,0.00022070342138749143,0.0029786364175379276,0.3712119162082672,False,1.0,True,0.0029786364175379276,0.0029786364175379276,1,0.7894272208213806,0.5,0.0,0.5293933153152466,0.4706067442893982,0.4261499047279358,0.45344191789627075,0.10730810463428497,0.013100107200443745,0.0,0.40738171339035034,0.46231675148010254,0.11997570842504501,0.010325843468308449,0.0
mbj_bandgap::test::001101::JVASP-107460,0.0,0.00013728301564697176,-0.01414918001989598,0.00013728301564697176,0.3708305358886719,False,1.0,True,0.00013728301564697176,0.00013728301564697176,1,0.9204980134963989,0.699999988079071,0.0,0.5147903561592102,0.4852096438407898,0.39098817110061646,0.2997744381427765,0.2321792095899582,0.07705816626548767,0.0,0.3770870268344879,0.29362931847572327,0.262667715549469,0.0666159987449646,0.0
mbj_bandgap::test::001102::JVASP-104757,1.086,1.3601011037826538,1.2736167257177733,1.2736167257177733,0.5447902083396912,True,1.0,True,0.27410110378265373,0.18761672571777321,2,0.9773105978965759,0.6000000238418579,0.0,0.45029282569885254,0.5497071743011475,0.034788064658641815,0.9123474955558777,0.03400549292564392,0.018858997151255608,0.0,0.041566044092178345,0.9028227925300598,0.029564568772912025,0.026046669110655785,0.0
mbj_bandgap::test::001103::JVASP-74164,0.0,-0.0003926022909581661,-0.0013878637770888824,-0.0003926022909581661,0.39636915922164917,False,1.0,True,0.0003926022909581661,0.0003926022909581661,1,0.46827244758605957,0.699999988079071,0.0,0.5121642351150513,0.48783573508262634,0.5002409219741821,0.2719254195690155,0.213049054145813,0.014784649014472961,0.0,0.48799997568130493,0.306688129901886,0.19422730803489685,0.011084564961493015,0.0
mbj_bandgap::test::001104::JVASP-16409,0.0,0.026295257732272148,-0.03299335788743243,0.026295257732272148,0.4225957989692688,False,1.0,True,0.026295257732272148,0.026295257732272148,1,0.9333428740501404,0.6000000238418579,0.0,0.541779637336731,0.45822039246559143,0.006967084016650915,0.9352375864982605,0.03673001006245613,0.02106534317135811,0.0,0.00537346163764596,0.9450907707214355,0.031914155930280685,0.017621561884880066,0.0
mbj_bandgap::test::001105::JVASP-14121,2.631,1.335428237915039,2.4311142797851404,2.4311142797851404,0.9172811508178711,True,1.0,True,1.2955717620849607,0.1998857202148594,2,1.0,0.6000000238418579,0.0,0.4462175965309143,0.5537824630737305,0.00802526157349348,0.9470857381820679,0.03532189875841141,0.009567144326865673,0.0,0.006981442682445049,0.9446994662284851,0.04023431986570358,0.008084755390882492,0.0
mbj_bandgap::test::001106::JVASP-18299,0.0,-0.00045721372589468956,-0.046056730929389375,-0.00045721372589468956,0.37286534905433655,False,1.0,True,0.00045721372589468956,0.00045721372589468956,1,0.9897021055221558,0.6000000238418579,0.0,0.5471043586730957,0.4528957009315491,0.3877488970756531,0.2642313241958618,0.2880357801914215,0.05998397618532181,0.0,0.43654289841651917,0.2476648986339569,0.2595949172973633,0.056197263300418854,0.0
mbj_bandgap::test::001107::JVASP-34046,0.727,0.8215941190719604,0.8233850349065547,0.8233850349065547,0.5330140590667725,True,1.0,True,0.09459411907196047,0.0963850349065547,2,0.04451581463217735,0.6000000238418579,0.0,0.47750744223594666,0.522492527961731,0.05136151984333992,0.9197613000869751,0.015639837831258774,0.01323737669736147,0.0,0.06376918405294418,0.9089936017990112,0.01747560128569603,0.009761681780219078,0.0
mbj_bandgap::test::001108::JVASP-25880,4.378,4.415408134460449,4.489955812582963,4.489955812582963,0.5591070055961609,True,1.0,True,0.037408134460449105,0.11195581258296272,2,0.8201896548271179,0.6000000238418579,0.0,0.4014105200767517,0.5985895395278931,0.031295858323574066,0.8325193524360657,0.08911130577325821,0.04707355052232742,0.0,0.03421955183148384,0.8267639875411987,0.09547470510005951,0.043541811406612396,0.0
mbj_bandgap::test::001109::JVASP-91945,0.0,-0.003784464206546545,-0.07031525866846262,-0.003784464206546545,0.40167608857154846,False,1.0,True,0.003784464206546545,0.003784464206546545,1,0.9605969786643982,0.5,0.0,0.5356324315071106,0.4643675684928894,0.08426667749881744,0.8688529133796692,0.029227787628769875,0.01765262521803379,0.0,0.057027798146009445,0.9009971618652344,0.024470273405313492,0.017504725605249405,0.0
mbj_bandgap::test::001110::JVASP-120338,0.744,0.8574668169021606,0.9899189642940804,0.9899189642940804,0.5970866084098816,True,1.0,True,0.11346681690216065,0.24591896429408044,1,0.7746104598045349,0.699999988079071,0.0,0.5625289082527161,0.43747106194496155,0.015967290848493576,0.9698342084884644,0.010630881413817406,0.0035676422994583845,0.0,0.01425243727862835,0.9714062809944153,0.010285867378115654,0.004055431578308344,0.0
mbj_bandgap::test::001111::JVASP-15994,0.0,0.0026446119882166386,-0.023673031193966153,0.0026446119882166386,0.398327112197876,False,1.0,True,0.0026446119882166386,0.0026446119882166386,1,0.9873188734054565,0.699999988079071,0.0,0.5659868717193604,0.43401312828063965,0.16950762271881104,0.6566869020462036,0.12882468104362488,0.04498082026839256,0.0,0.17929935455322266,0.6548987627029419,0.12189339101314545,0.04390851780772209,0.0
mbj_bandgap::test::001112::JVASP-72023,0.0,-0.0013792975805699825,-0.003114510956984251,-0.0013792975805699825,0.3876691162586212,False,1.0,True,0.0013792975805699825,0.0013792975805699825,1,0.5528806447982788,0.6000000238418579,0.0,0.516604483127594,0.4833954870700836,0.31800538301467896,0.3719155192375183,0.27974933385849,0.03032972477376461,0.0,0.33066052198410034,0.3659183084964752,0.280836820602417,0.02258438430726528,0.0
mbj_bandgap::test::001113::JVASP-91722,2.482,2.6538162231445312,2.6273347604354766,2.6273347604354766,0.5915482044219971,True,1.0,True,0.17181622314453104,0.14533476043547644,2,0.25886428356170654,0.6000000238418579,0.0,0.41564711928367615,0.5843528509140015,0.017220761626958847,0.9303447008132935,0.04828842729330063,0.004146161489188671,0.0,0.016406839713454247,0.9372024536132812,0.04289914295077324,0.00349156791344285,0.0
mbj_bandgap::test::001114::JVASP-1267,2.148,1.9459786415100098,2.2509416789916834,2.2509416789916834,0.6798837780952454,True,1.0,True,0.20202135848999037,0.10294167899168327,2,1.0,0.6000000238418579,0.0,0.4453114867210388,0.554688572883606,0.020793214440345764,0.9133875966072083,0.061863504350185394,0.0039557223208248615,0.0,0.018925504758954048,0.9241647720336914,0.05296606943011284,0.003943593241274357,0.0
mbj_bandgap::test::001115::JVASP-41498,0.0,-0.0006872876547276974,-0.0049927008456260415,-0.0006872876547276974,0.37254148721694946,False,1.0,True,0.0006872876547276974,0.0006872876547276974,1,0.745164155960083,0.5,0.0,0.5173016786575317,0.48269835114479065,0.36785149574279785,0.3502863347530365,0.26562976837158203,0.016232389956712723,0.0,0.3945257067680359,0.3409830629825592,0.24988067150115967,0.014610597863793373,0.0
mbj_bandgap::test::001116::JVASP-19926,0.0,0.0028217569924890995,-0.0009593805263742094,0.0028217569924890995,0.3818204998970032,False,1.0,True,0.0028217569924890995,0.0028217569924890995,1,0.8358829617500305,0.699999988079071,0.0,0.5300976037979126,0.469902366399765,0.1728401929140091,0.5065597295761108,0.30770689249038696,0.012893149629235268,0.0,0.1615954339504242,0.4996453821659088,0.3311523497104645,0.0076068430207669735,0.0
mbj_bandgap::test::001117::JVASP-36556,0.0,0.00101823965087533,-0.002150179982708145,0.00101823965087533,0.3864569664001465,False,1.0,True,0.00101823965087533,0.00101823965087533,1,0.599884569644928,0.6000000238418579,0.0,0.5146169066429138,0.4853830933570862,0.13220122456550598,0.5759233832359314,0.25417548418045044,0.03769990801811218,0.0,0.1432202309370041,0.6326351165771484,0.19602550566196442,0.028119057416915894,0.0
mbj_bandgap::test::001118::JVASP-118562,0.0,2.735212564468384,0.4196227791037659,0.4196227791037659,0.8880761861801147,True,1.0,True,2.735212564468384,0.4196227791037659,2,1.0,0.6000000238418579,0.0,0.4395226538181305,0.5604773163795471,0.04221435636281967,0.7580674886703491,0.17912593483924866,0.020592164248228073,0.0,0.026452049612998962,0.7595232725143433,0.19649885594844818,0.01752573251724243,0.0
mbj_bandgap::test::001119::JVASP-85099,0.0,0.20632930099964142,0.16605638553441524,0.20632930099964142,0.39569976925849915,False,1.0,True,0.20632930099964142,0.20632930099964142,1,0.6657505035400391,0.6000000238418579,0.0,0.5279099345207214,0.47209006547927856,0.38694319128990173,0.38483911752700806,0.22516855597496033,0.003049116116017103,0.0,0.35148829221725464,0.4499622881412506,0.19568638503551483,0.002863005269318819,0.0
mbj_bandgap::test::001120::JVASP-108165,0.0,0.001701547298580408,-0.0005496098855790832,0.001701547298580408,0.3749969005584717,False,1.0,True,0.001701547298580408,0.001701547298580408,1,0.7767508029937744,0.5,0.0,0.5279231667518616,0.4720768332481384,0.33928900957107544,0.5649135112762451,0.06473422795534134,0.031063232570886612,0.0,0.33703675866127014,0.5760059952735901,0.06706211715936661,0.019895153120160103,0.0
mbj_bandgap::test::001121::JVASP-42098,0.0,-0.0013560517691075802,-0.0034957077185891585,-0.0013560517691075802,0.3702104389667511,False,1.0,True,0.0013560517691075802,0.0013560517691075802,1,0.7421615123748779,0.5,0.0,0.5254173874855042,0.47458261251449585,0.4792407155036926,0.39317530393600464,0.1091228500008583,0.018461104482412338,0.0,0.496684730052948,0.38742849230766296,0.10060866177082062,0.015278123319149017,0.0
mbj_bandgap::test::001122::JVASP-44097,3.526,4.180759429931641,4.0393619446314375,4.0393619446314375,0.5640367865562439,True,1.0,True,0.6547594299316408,0.5133619446314377,2,1.0,0.6000000238418579,0.0,0.4139900207519531,0.5860099792480469,0.011646335944533348,0.9376943707466125,0.027837734669446945,0.022821541875600815,0.0,0.007111426442861557,0.9415351152420044,0.027281811460852623,0.02407165616750717,0.0
mbj_bandgap::test::001123::JVASP-59263,5.348,5.426149845123291,5.436837502968201,5.436837502968201,0.5811055898666382,True,1.0,True,0.07814984512329115,0.08883750296820114,2,0.07077843695878983,0.6000000238418579,0.0,0.4000203609466553,0.5999795794487,0.012493127025663853,0.9273079633712769,0.0321851409971714,0.028013799339532852,0.0,0.008395897224545479,0.9184480905532837,0.0465310700237751,0.026624981313943863,0.0
mbj_bandgap::test::001124::JVASP-24305,5.43,3.932685136795044,4.197621331051717,4.197621331051717,0.6576688289642334,True,1.0,True,1.4973148632049558,1.2323786689482823,2,1.0,0.6000000238418579,0.0,0.4007698893547058,0.5992300510406494,0.005849140230566263,0.8995672464370728,0.05596700310707092,0.03861663490533829,0.0,0.0040146103128790855,0.9108344912528992,0.05543652921915054,0.029714327305555344,0.0
mbj_bandgap::test::001125::JVASP-13356,4.109,4.979106426239014,3.9850698945505085,3.9850698945505085,0.7152991890907288,True,1.0,True,0.8701064262390137,0.12393010544949146,2,1.0,0.6000000238418579,0.0,0.4004591107368469,0.5995408296585083,0.012447468005120754,0.8760761022567749,0.09281793236732483,0.018658559769392014,0.0,0.010234499350190163,0.8756573796272278,0.09141763299703598,0.02269040420651436,0.0
mbj_bandgap::test::001126::JVASP-18037,0.0,0.0011286274529993534,-0.00281161595428272,0.0011286274529993534,0.3850429654121399,False,1.0,True,0.0011286274529993534,0.0011286274529993534,1,0.6625436544418335,0.6000000238418579,0.0,0.5090088844299316,0.4909910559654236,0.5032867193222046,0.1297077238559723,0.3301848769187927,0.03682062774896622,0.0,0.498312771320343,0.1532336324453354,0.31558138132095337,0.03287220001220703,0.0
mbj_bandgap::test::001127::JVASP-105731,0.0,-0.0012099011801183224,-0.005982329418926513,-0.0012099011801183224,0.3664560616016388,False,1.0,True,0.0012099011801183224,0.0012099011801183224,1,0.9809889793395996,0.800000011920929,0.0,0.5157852172851562,0.48421478271484375,0.3488098978996277,0.4977796673774719,0.1470639705657959,0.006346449255943298,0.0,0.34752875566482544,0.5174373984336853,0.12923911213874817,0.005794775206595659,0.0
mbj_bandgap::test::001128::JVASP-2253,4.733,4.680238246917725,4.817180338992509,4.817180338992509,0.5707325339317322,True,1.0,True,0.05276175308227504,0.08418033899250954,2,1.0,0.6000000238418579,0.0,0.40020298957824707,0.5997970104217529,0.017685914412140846,0.8617957830429077,0.07272356003522873,0.0477946475148201,0.0,0.016336902976036072,0.8684929609298706,0.06741581857204437,0.047754280269145966,0.0
mbj_bandgap::test::001129::JVASP-65631,0.0,-0.0011375411413609982,-0.14734731587242827,-0.0011375411413609982,0.4245377779006958,False,1.0,True,0.0011375411413609982,0.0011375411413609982,1,1.0,0.6000000238418579,0.0,0.5655177235603333,0.43448227643966675,0.07112019509077072,0.844277024269104,0.07847969233989716,0.0061231814324855804,0.0,0.06235373020172119,0.8493400812149048,0.0829145759344101,0.0053916554898023605,0.0
mbj_bandgap::test::001130::JVASP-50887,2.389,2.6189627647399902,1.7846966549108765,1.7846966549108765,0.6891750693321228,True,1.0,True,0.22996276473999044,0.6043033450891233,2,1.0,0.6000000238418579,0.0,0.43879270553588867,0.5612072944641113,0.024440933018922806,0.926430344581604,0.035673387348651886,0.013455291278660297,0.0,0.01759932190179825,0.9299764633178711,0.03687823563814163,0.015546035952866077,0.0
mbj_bandgap::test::001131::JVASP-118715,1.422,1.1595261096954346,1.8321210261396281,1.8321210261396281,0.8076075911521912,True,1.0,True,0.26247389030456536,0.4101210261396282,2,1.0,0.6000000238418579,0.0,0.4483273923397064,0.5516725778579712,0.009445203468203545,0.9531343579292297,0.02329222299158573,0.014128210954368114,0.0,0.009360132738947868,0.945206344127655,0.026771539822220802,0.018661996349692345,0.0
mbj_bandgap::test::001132::JVASP-109923,0.0,3.3690143027342856e-05,-0.015466532469802586,3.3690143027342856e-05,0.3757643699645996,False,1.0,True,3.3690143027342856e-05,3.3690143027342856e-05,1,0.88547682762146,0.6000000238418579,0.0,0.5234628915786743,0.47653713822364807,0.5177206993103027,0.36013275384902954,0.10946811735630035,0.01267842948436737,0.0,0.5382183194160461,0.3465825915336609,0.10467885434627533,0.010520221665501595,0.0
mbj_bandgap::test::001133::JVASP-28436,1.438,1.6413743495941162,1.6191753226027163,1.6191753226027163,0.5814552307128906,True,1.0,True,0.20337434959411627,0.1811753226027164,2,0.2858722507953644,0.5,0.0,0.4283251166343689,0.5716748237609863,0.049609772861003876,0.8941341638565063,0.020452827215194702,0.03580325469374657,0.0,0.05785578489303589,0.87181156873703,0.024968765676021576,0.04536386579275131,0.0
mbj_bandgap::test::001134::JVASP-36478,0.704,0.8019064664840698,0.8395136170521436,0.8395136170521436,0.4782191514968872,True,1.0,True,0.09790646648406987,0.1355136170521436,2,0.9572432637214661,0.6000000238418579,0.0,0.45705586671829224,0.542944073677063,0.2569577097892761,0.639002799987793,0.09522390365600586,0.008815568871796131,0.0,0.28808167576789856,0.5937512516975403,0.11053446680307388,0.007632637862116098,0.0
mbj_bandgap::test::001135::JVASP-113782,0.0,0.002959324512630701,-0.013345449590921321,0.002959324512630701,0.363835871219635,False,1.0,True,0.002959324512630701,0.002959324512630701,1,0.9387373328208923,0.699999988079071,0.0,0.5095579028129578,0.49044209718704224,0.4801560938358307,0.4236319959163666,0.05450712516903877,0.04170480743050575,0.0,0.4544055461883545,0.45346203446388245,0.04903745651245117,0.043094929307699203,0.0
mbj_bandgap::test::001136::JVASP-38210,0.0,-0.002854274120181799,-0.01814453431884109,-0.002854274120181799,0.3636075258255005,False,1.0,True,0.002854274120181799,0.002854274120181799,1,0.9995522499084473,0.5,0.0,0.5882335305213928,0.4117664694786072,0.24732868373394012,0.5855302810668945,0.15542009472846985,0.011720963753759861,0.0,0.2406657487154007,0.5840016603469849,0.16441616415977478,0.010916451923549175,0.0
mbj_bandgap::test::001137::JVASP-14592,0.0,0.00011654059926513582,-0.013113497616085091,0.00011654059926513582,0.39781689643859863,False,1.0,True,0.00011654059926513582,0.00011654059926513582,1,0.8285349011421204,0.5,0.0,0.6090841293334961,0.3909159004688263,0.1236056312918663,0.762049674987793,0.08546430617570877,0.028880437836050987,0.0,0.1292288899421692,0.7604934573173523,0.08095008134841919,0.029327640309929848,0.0
mbj_bandgap::test::001138::JVASP-15274,0.0,-0.00033526262268424034,-0.042153676749557764,-0.00033526262268424034,0.397880882024765,False,1.0,True,0.00033526262268424034,0.00033526262268424034,1,0.9594337940216064,0.6000000238418579,0.0,0.593210756778717,0.40678924322128296,0.1556873768568039,0.7537410259246826,0.07369764149188995,0.016873929649591446,0.0,0.15166084468364716,0.7832002639770508,0.05147896334528923,0.013659894466400146,0.0
mbj_bandgap::test::001139::JVASP-64127,0.0,-0.0012184842489659786,-0.015573211741106619,-0.0012184842489659786,0.36187979578971863,False,1.0,True,0.0012184842489659786,0.0012184842489659786,1,0.9654178023338318,0.6000000238418579,0.0,0.5367763042449951,0.4632236957550049,0.3129851520061493,0.32341161370277405,0.3479170799255371,0.015686189755797386,0.0,0.3262914717197418,0.2857055068016052,0.37476369738578796,0.013239314779639244,0.0
mbj_bandgap::test::001140::JVASP-52521,3.618,3.8901875019073486,3.8593996002649904,3.8593996002649904,0.5989728569984436,True,1.0,True,0.27218750190734875,0.24139960026499052,2,0.160005122423172,0.6000000238418579,0.0,0.40076667070388794,0.5992333292961121,0.00667948042973876,0.9768452644348145,0.009522056207060814,0.0069531602784991264,0.0,0.004236190114170313,0.9793601036071777,0.009336723946034908,0.007066916674375534,0.0
mbj_bandgap::test::001141::JVASP-4654,0.0,-0.0012044175527989864,-0.0032651978423460016,-0.0012044175527989864,0.3720409870147705,False,1.0,True,0.0012044175527989864,0.0012044175527989864,1,0.8705066442489624,0.6000000238418579,0.0,0.5316340923309326,0.4683659076690674,0.47277069091796875,0.23051626980304718,0.2787819802761078,0.017930997535586357,0.0,0.4632553458213806,0.2349163293838501,0.2869877517223358,0.014840531162917614,0.0
mbj_bandgap::test::001142::JVASP-50042,2.529,1.2153156995773315,1.2314464354954864,1.2314464354954864,0.573711097240448,True,1.0,True,1.3136843004226684,1.2975535645045135,2,0.36006253957748413,0.6000000238418579,0.0,0.46125730872154236,0.5387426614761353,0.010124817490577698,0.9310617446899414,0.039466049522161484,0.01934734359383583,0.0,0.007283915765583515,0.9391865730285645,0.03642646223306656,0.017103079706430435,0.0
mbj_bandgap::test::001143::JVASP-75836,0.0,0.746256411075592,0.6899150043582492,0.6899150043582492,0.4707363545894623,True,1.0,True,0.746256411075592,0.6899150043582492,1,1.0,0.699999988079071,0.0,0.5194481611251831,0.4805518686771393,0.20374400913715363,0.6039577722549438,0.16062411665916443,0.0316740982234478,0.0,0.20526286959648132,0.6475620865821838,0.11507169902324677,0.032103292644023895,0.0
mbj_bandgap::test::001144::JVASP-18360,0.348,0.34969598054885864,0.3039969243053532,0.34969598054885864,0.4150141477584839,False,1.0,True,0.0016959805488586666,0.0016959805488586666,1,0.957756757736206,0.6000000238418579,0.0,0.5426569581031799,0.45734304189682007,0.3831886947154999,0.43843522667884827,0.1457601636648178,0.03261592984199524,0.0,0.4224669337272644,0.4277099668979645,0.12388256937265396,0.025940556079149246,0.0
mbj_bandgap::test::001145::JVASP-59258,5.427,5.123413562774658,5.091081016697638,5.091081016697638,0.5498605966567993,True,1.0,True,0.3035864372253414,0.3359189833023617,2,0.5016252994537354,0.6000000238418579,0.0,0.4000213146209717,0.5999786853790283,0.023049641400575638,0.8314477801322937,0.1042134165763855,0.04128912463784218,0.0,0.02291107550263405,0.8664755821228027,0.08536957204341888,0.025243673473596573,0.0
mbj_bandgap::test::001146::JVASP-63865,0.721,1.7438676357269287,1.799153386829936,1.799153386829936,0.611030638217926,True,1.0,True,1.0228676357269286,1.078153386829936,2,0.3746153712272644,0.6000000238418579,0.0,0.453327476978302,0.546672523021698,0.007036885712295771,0.9561933279037476,0.019948242232203484,0.01682155579328537,0.0,0.005885634571313858,0.9580923318862915,0.02102673053741455,0.014995304867625237,0.0
mbj_bandgap::test::001147::JVASP-56258,0.0,0.0009355084039270878,-0.0070702990330623995,0.0009355084039270878,0.37926000356674194,False,1.0,True,0.0009355084039270878,0.0009355084039270878,1,0.8766273856163025,0.699999988079071,0.0,0.5274457931518555,0.4725542664527893,0.4870622158050537,0.3136633038520813,0.15024352073669434,0.049030933529138565,0.0,0.49160248041152954,0.31771549582481384,0.15115846693515778,0.03952355682849884,0.0
mbj_bandgap::test::001148::JVASP-40771,0.561,0.6269514560699463,0.5588838355899663,0.6269514560699463,0.43713265657424927,False,1.0,True,0.06595145606994623,0.06595145606994623,2,0.9881615042686462,0.5,0.0,0.49841514229774475,0.5015848278999329,0.30409175157546997,0.5832999348640442,0.08678333461284637,0.0258250180631876,0.0,0.31203407049179077,0.593747615814209,0.07019344717264175,0.02402489259839058,0.0
mbj_bandgap::test::001149::JVASP-24333,3.805,3.2471468448638916,3.5540741256397594,3.5540741256397594,0.6704400777816772,True,1.0,True,0.5578531551361086,0.2509258743602407,2,1.0,0.6000000238418579,0.0,0.4116086959838867,0.5883913040161133,0.03522825986146927,0.8514417409896851,0.08075666427612305,0.032573435455560684,0.0,0.04479939490556717,0.8500435948371887,0.072655089199543,0.0325019545853138,0.0
mbj_bandgap::test::001150::JVASP-14769,0.0,0.0002095238451147452,-0.0002354927465499479,0.0002095238451147452,0.3896183371543884,False,1.0,True,0.0002095238451147452,0.0002095238451147452,1,0.37475070357322693,0.6000000238418579,0.0,0.5139213800430298,0.4860786497592926,0.3768940269947052,0.45292893052101135,0.12255827337503433,0.0476187989115715,0.0,0.3772880733013153,0.4808906614780426,0.10362745821475983,0.038193780928850174,0.0
mbj_bandgap::test::001151::JVASP-68737,0.0,0.00031764665618538857,-0.004838312910470921,0.00031764665618538857,0.3597257733345032,False,1.0,True,0.00031764665618538857,0.00031764665618538857,1,0.790798008441925,0.5,0.0,0.5160394310951233,0.4839605689048767,0.43192100524902344,0.21980926394462585,0.33164510130882263,0.01662466488778591,0.0,0.44205132126808167,0.20643547177314758,0.3404768109321594,0.01103636808693409,0.0
mbj_bandgap::test::001152::JVASP-8626,0.0,-0.015036509372293949,-0.05174470749818096,-0.015036509372293949,0.3931291103363037,False,1.0,True,0.015036509372293949,0.015036509372293949,1,0.9778040647506714,0.5,0.0,0.556970477104187,0.4430295526981354,0.01957285962998867,0.7860617637634277,0.1592039316892624,0.035161424428224564,0.0,0.021037433296442032,0.7982680797576904,0.1437821090221405,0.03691237419843674,0.0
mbj_bandgap::test::001153::JVASP-44389,0.0,0.002975060138851404,-0.007024285991106915,0.002975060138851404,0.38226231932640076,False,1.0,True,0.002975060138851404,0.002975060138851404,1,0.9205091595649719,0.5,0.0,0.5613268613815308,0.4386731684207916,0.08444184064865112,0.6991838216781616,0.12358248233795166,0.09279188513755798,0.0,0.08747337013483047,0.7254108190536499,0.09717418998479843,0.08994163572788239,0.0
mbj_bandgap::test::001154::JVASP-16693,0.0,-0.0007817014120519161,-0.0039871695223852475,-0.0007817014120519161,0.3895544409751892,False,1.0,True,0.0007817014120519161,0.0007817014120519161,1,0.6760369539260864,0.6000000238418579,0.0,0.5301398634910583,0.46986013650894165,0.5715697407722473,0.250183641910553,0.16444118320941925,0.013805372640490532,0.0,0.5685916543006897,0.2485625296831131,0.1741153448820114,0.008730480447411537,0.0
mbj_bandgap::test::001155::JVASP-4564,8.876,8.755281448364258,8.78980493254814,8.78980493254814,0.5276628136634827,True,1.0,True,0.12071855163574163,0.08619506745185923,2,0.5049588084220886,0.6000000238418579,0.0,0.3994494378566742,0.6005505323410034,0.04731735587120056,0.8198110461235046,0.08254720270633698,0.05032433941960335,0.0,0.04667442664504051,0.8232096433639526,0.08263994008302689,0.047476015985012054,0.0
mbj_bandgap::test::001156::JVASP-36350,0.34,0.7160335779190063,0.49900253224197544,0.49900253224197544,0.4933801591396332,True,1.0,True,0.3760335779190063,0.15900253224197541,2,1.0,0.699999988079071,0.0,0.49108999967575073,0.5089100003242493,0.18536119163036346,0.7357059717178345,0.05588166043162346,0.023051228374242783,0.0,0.16111674904823303,0.7691981792449951,0.048347096890211105,0.021337956190109253,0.0
mbj_bandgap::test::001157::JVASP-104560,0.0,-0.002404139842838049,-0.005471803104529283,-0.002404139842838049,0.37293103337287903,False,1.0,True,0.002404139842838049,0.002404139842838049,1,0.7333838939666748,0.6000000238418579,0.0,0.5269713997840881,0.47302860021591187,0.28289133310317993,0.36379390954971313,0.28702425956726074,0.06629049777984619,0.0,0.2879487872123718,0.3780021667480469,0.2791479229927063,0.05490114167332649,0.0
mbj_bandgap::test::001158::JVASP-9683,1.45,1.5719338655471802,1.7909747054201997,1.7909747054201997,0.6474431157112122,True,1.0,True,0.12193386554718022,0.3409747054201997,2,0.9547555446624756,0.6000000238418579,0.0,0.45125001668930054,0.5487499833106995,0.004242448136210442,0.9497667551040649,0.037540365010499954,0.00845057051628828,0.0,0.0030160846654325724,0.9432384371757507,0.04066040739417076,0.013085009530186653,0.0
mbj_bandgap::test::001159::JVASP-22559,0.651,2.9103400707244873,0.465509407367095,0.4655094073670951,0.8976430892944336,True,1.0,True,2.2593400707244875,0.1854905926329049,2,1.0,0.6000000238418579,0.0,0.44418081641197205,0.5558191537857056,0.013668338768184185,0.9001386761665344,0.07187909632921219,0.014313916675746441,0.0,0.009742186404764652,0.9169313311576843,0.05521667003631592,0.0181097574532032,0.0
mbj_bandgap::test::001160::JVASP-117732,5.373,5.948952674865723,5.990011165167453,5.990011165167453,0.5615054965019226,True,1.0,True,0.5759526748657224,0.6170111651674528,2,0.3858928680419922,0.6000000238418579,0.0,0.4000648856163025,0.5999351143836975,0.01913769170641899,0.8351248502731323,0.1282273232936859,0.017510129138827324,0.0,0.02469916269183159,0.837637722492218,0.12053541839122772,0.017127688974142075,0.0
mbj_bandgap::test::001161::JVASP-17429,0.0,2.8769638538360596,0.7920686042382397,0.7920686042382394,0.851093053817749,True,1.0,True,2.8769638538360596,0.7920686042382394,2,1.0,0.6000000238418579,0.0,0.42201757431030273,0.5779824256896973,0.026645174250006676,0.7534331679344177,0.16595566272735596,0.05396594852209091,0.0,0.023368101567029953,0.7855231761932373,0.14702573418617249,0.04408298805356026,0.0
mbj_bandgap::test::001162::JVASP-107136,1.466,0.11834652721881866,0.054348033722530234,0.11834652721881866,0.4299715757369995,False,1.0,True,1.3476534727811813,1.3476534727811813,1,1.0,0.6000000238418579,0.0,0.6029135584831238,0.3970864713191986,0.013351188972592354,0.8895322680473328,0.05942127853631973,0.037695303559303284,0.0,0.01763772778213024,0.883885383605957,0.0597415454685688,0.03873530402779579,0.0
mbj_bandgap::test::001163::JVASP-55106,0.0,-0.0014669164083898067,-0.0024833078627289674,-0.0014669164083898067,0.390511691570282,False,1.0,True,0.0014669164083898067,0.0014669164083898067,1,0.6520612239837646,0.6000000238418579,0.0,0.5318980813026428,0.4681019186973572,0.48604926466941833,0.4010772705078125,0.0916183739900589,0.021255038678646088,0.0,0.5008028149604797,0.40698856115341187,0.07245472073554993,0.0197539534419775,0.0
mbj_bandgap::test::001164::JVASP-58919,5.874,6.12622594833374,6.137714927246056,6.137714927246056,0.5749065279960632,True,1.0,True,0.25222594833374057,0.26371492724605616,2,0.11153978109359741,0.6000000238418579,0.0,0.4000305235385895,0.5999695062637329,0.022457169368863106,0.8726426959037781,0.0958758145570755,0.009024212136864662,0.0,0.02883380651473999,0.8759939074516296,0.08472573757171631,0.010446508415043354,0.0
mbj_bandgap::test::001165::JVASP-15034,0.0,0.000734283123165369,-0.001490286554784892,0.000734283123165369,0.3821927607059479,False,1.0,True,0.000734283123165369,0.000734283123165369,1,0.7995727062225342,0.6000000238418579,0.0,0.5225867033004761,0.4774133265018463,0.6203399300575256,0.2373189479112625,0.11130712926387787,0.03103405237197876,0.0,0.5861996412277222,0.2597874701023102,0.12539075314998627,0.028622109442949295,0.0
mbj_bandgap::test::001166::JVASP-30471,0.0,-0.001413868274539709,-0.03875737194836761,-0.001413868274539709,0.3668244481086731,False,1.0,True,0.001413868274539709,0.001413868274539709,1,0.975148618221283,0.6000000238418579,0.0,0.5224420428276062,0.477557897567749,0.2620163857936859,0.4222169816493988,0.26527076959609985,0.05049584060907364,0.0,0.3141082227230072,0.41499432921409607,0.23334208130836487,0.03755536675453186,0.0
mbj_bandgap::test::001167::JVASP-101574,0.0,0.0004604593850672245,-0.018417109983407863,0.0004604593850672245,0.3820475935935974,False,1.0,True,0.0004604593850672245,0.0004604593850672245,1,0.9397882223129272,0.5,0.0,0.5848080515861511,0.4151919484138489,0.23761224746704102,0.631397545337677,0.10401374101638794,0.026976492255926132,0.0,0.22588923573493958,0.6452195644378662,0.11085255444049835,0.018038643524050713,0.0
mbj_bandgap::test::001168::JVASP-3531,3.706,4.484701633453369,4.474856873934515,4.474856873934515,0.5884475111961365,True,1.0,True,0.7787016334533692,0.768856873934515,2,0.07285898178815842,0.6000000238418579,0.0,0.40032315254211426,0.599676787853241,0.04070381075143814,0.9082056879997253,0.043220505118370056,0.00786999985575676,0.0,0.044289108365774155,0.9105321168899536,0.037286825478076935,0.007891939952969551,0.0
mbj_bandgap::test::001169::JVASP-14981,0.0,-0.0012432797811925411,-0.0038756228649419857,-0.0012432797811925411,0.41192349791526794,False,1.0,True,0.0012432797811925411,0.0012432797811925411,1,0.3911673426628113,0.6000000238418579,0.0,0.5246521234512329,0.4753478169441223,0.34881848096847534,0.4494539201259613,0.1851179599761963,0.016609560698270798,0.0,0.3287143409252167,0.49916180968284607,0.15822568535804749,0.01389807928353548,0.0
mbj_bandgap::test::001170::JVASP-15038,0.0,-3.557045420166105e-05,-0.0031568495424629584,-3.557045420166105e-05,0.37916338443756104,False,1.0,True,3.557045420166105e-05,3.557045420166105e-05,1,0.7134582996368408,0.6000000238418579,0.0,0.5170148611068726,0.4829851984977722,0.5538902878761292,0.2146051824092865,0.22077623009681702,0.01072833500802517,0.0,0.5384863615036011,0.2368277758359909,0.21570992469787598,0.008975906297564507,0.0
mbj_bandgap::test::001171::JVASP-120306,0.0,-0.0013064607046544552,-0.07951068783474427,-0.0013064607046544552,0.376357764005661,False,1.0,True,0.0013064607046544552,0.0013064607046544552,1,1.0,0.5,0.0,0.5657798647880554,0.43422016501426697,0.2956494688987732,0.5524629354476929,0.13694557547569275,0.014942033216357231,0.0,0.3168160617351532,0.5146921873092651,0.15958096086978912,0.008910657837986946,0.0
mbj_bandgap::test::001172::JVASP-107868,2.738,3.0616464614868164,3.4437823606189184,3.4437823606189184,0.7152001857757568,True,1.0,True,0.3236464614868164,0.7057823606189184,2,1.0,0.6000000238418579,0.0,0.4140656590461731,0.5859342813491821,0.009963876567780972,0.9431341290473938,0.04092247039079666,0.00597954448312521,0.0,0.011243864893913269,0.9443001747131348,0.03792447969317436,0.006531513296067715,0.0
mbj_bandgap::test::001173::JVASP-34002,1.055,0.9767820835113525,1.065809234126163,1.065809234126163,0.5324894785881042,True,1.0,True,0.0782179164886474,0.01080923412616297,2,0.9151985049247742,0.6000000238418579,0.0,0.4419100284576416,0.5580900311470032,0.05904776602983475,0.9000495076179504,0.01878729835152626,0.022115468978881836,0.0,0.06836027652025223,0.8923770785331726,0.02281704545021057,0.01644563116133213,0.0
mbj_bandgap::test::001174::JVASP-62970,2.072,1.8676892518997192,1.578138796056366,1.578138796056366,0.5980567336082458,True,1.0,True,0.20431074810028083,0.4938612039436341,2,0.9944754242897034,0.6000000238418579,0.0,0.42284196615219116,0.5771580934524536,0.2572854161262512,0.7078753113746643,0.030030542984604836,0.004808773286640644,0.0,0.23852571845054626,0.7291048169136047,0.02878798544406891,0.0035815362352877855,0.0
mbj_bandgap::test::001175::JVASP-28377,1.314,1.2351524829864502,1.3593486058380024,1.3593486058380024,0.5682306289672852,True,1.0,True,0.07884751701354986,0.045348605838002376,2,1.0,0.6000000238418579,0.0,0.44425517320632935,0.5557448863983154,0.1713305562734604,0.8013140559196472,0.023149998858571053,0.004205294884741306,0.0,0.18661536276340485,0.7848938703536987,0.02406988851726055,0.004420846700668335,0.0
mbj_bandgap::test::001176::JVASP-47845,0.0,-0.002286957111209631,-0.12411258863296652,-0.002286957111209631,0.4428674876689911,False,1.0,True,0.002286957111209631,0.002286957111209631,1,1.0,0.6000000238418579,0.0,0.5676738023757935,0.43232622742652893,0.01813085749745369,0.8834441304206848,0.05981733277440071,0.03860773891210556,0.0,0.014093004167079926,0.8885901570320129,0.05471333861351013,0.04260348901152611,0.0
mbj_bandgap::test::001177::JVASP-102329,0.0,0.010830833576619625,-0.05929927865592703,0.010830833576619625,0.3839048445224762,False,1.0,True,0.010830833576619625,0.010830833576619625,1,1.0,0.5,0.0,0.5938235521316528,0.4061764180660248,0.13710571825504303,0.7222631573677063,0.11439017951488495,0.026240959763526917,0.0,0.13993100821971893,0.7240701913833618,0.11705906689167023,0.01893976889550686,0.0
mbj_bandgap::test::001178::JVASP-118654,0.58,3.0585715770721436,0.6516451190555159,0.6516451190555159,0.8997082710266113,True,1.0,True,2.4785715770721435,0.07164511905551596,2,1.0,0.6000000238418579,0.0,0.49409016966819763,0.50590980052948,0.019326936453580856,0.9414566159248352,0.026485705748200417,0.012730700895190239,0.0,0.013397179543972015,0.959786593914032,0.014154041185975075,0.012662211433053017,0.0
mbj_bandgap::test::001179::JVASP-35942,0.0,0.7666667103767395,0.6269254307889323,0.6269254307889323,0.4881744682788849,True,1.0,True,0.7666667103767395,0.6269254307889323,1,1.0,0.5,0.0,0.5016528964042664,0.49834704399108887,0.021032221615314484,0.8610552549362183,0.0975373387336731,0.020375121384859085,0.0,0.01341165415942669,0.8782227635383606,0.08452267944812775,0.023842986673116684,0.0
mbj_bandgap::test::001180::JVASP-50914,5.555,5.487539768218994,5.59048948579727,5.59048948579727,0.5714089870452881,True,1.0,True,0.06746023178100558,0.03548948579727007,2,0.8943599462509155,0.6000000238418579,0.0,0.400066614151001,0.5999333262443542,0.01345408521592617,0.9121211767196655,0.054384488612413406,0.020040238276124,0.0,0.009953782893717289,0.916526198387146,0.05374615639448166,0.019773896783590317,0.0
mbj_bandgap::test::001181::JVASP-8,0.0,0.0016791359521448612,-0.052627537279767364,0.0016791359521448612,0.4107338786125183,False,1.0,True,0.0016791359521448612,0.0016791359521448612,1,1.0,0.6000000238418579,0.0,0.5800542831420898,0.41994571685791016,0.056677885353565216,0.8859233856201172,0.050696391612291336,0.0067023844458162785,0.0,0.06499563902616501,0.8823741674423218,0.04794447869062424,0.0046857865527272224,0.0
mbj_bandgap::test::001182::JVASP-35038,0.88,1.0761505365371704,1.102467255523631,1.102467255523631,0.5323003530502319,True,1.0,True,0.1961505365371704,0.222467255523631,2,0.599664568901062,0.6000000238418579,0.0,0.4447951912879944,0.5552047491073608,0.06610243022441864,0.8887524604797363,0.035666175186634064,0.009478822350502014,0.0,0.08282425999641418,0.8766065835952759,0.03196090832352638,0.008608310483396053,0.0
mbj_bandgap::test::001183::JVASP-35107,5.017,5.0948309898376465,5.1432664955766745,5.1432664955766745,0.5845103859901428,True,1.0,True,0.07783098983764614,0.12626649557667413,2,0.47717833518981934,0.6000000238418579,0.0,0.40002718567848206,0.5999728441238403,0.025329282507300377,0.9214941263198853,0.018731525167822838,0.034445054829120636,0.0,0.01826987974345684,0.9384452700614929,0.018315128982067108,0.0249696746468544,0.0
mbj_bandgap::test::001184::JVASP-26871,5.594,5.588709354400635,5.612021817293533,5.612021817293533,0.5762263536453247,True,1.0,True,0.00529064559936554,0.01802181729353247,2,0.37640321254730225,0.6000000238418579,0.0,0.40003418922424316,0.5999658107757568,0.021236341446638107,0.9081022143363953,0.0371120423078537,0.03354942053556442,0.0,0.020357590168714523,0.9144268035888672,0.04139518737792969,0.023820362985134125,0.0
mbj_bandgap::test::001185::JVASP-116273,0.0,0.5357166528701782,0.4095799660870621,0.4095799660870621,0.4891459345817566,True,1.0,True,0.5357166528701782,0.4095799660870621,2,0.93254154920578,0.6000000238418579,0.0,0.40603938698768616,0.5939606428146362,0.0860629677772522,0.8758109211921692,0.011041388846933842,0.027084708213806152,0.0,0.07144197076559067,0.9053872227668762,0.010420318692922592,0.012750497087836266,0.0
mbj_bandgap::test::001186::JVASP-8250,0.0,-0.0005308850668370724,-0.050827245923434086,-0.0005308850668370724,0.39496710896492004,False,1.0,True,0.0005308850668370724,0.0005308850668370724,1,1.0,0.6000000238418579,0.0,0.5513816475868225,0.4486183524131775,0.017802860587835312,0.7691280245780945,0.18470314145088196,0.02836599573493004,0.0,0.021229814738035202,0.8143838047981262,0.14091667532920837,0.023469720035791397,0.0
mbj_bandgap::test::001187::JVASP-116352,0.0,0.06931765377521515,-0.07000470788033006,0.06931765377521515,0.42577308416366577,False,1.0,True,0.06931765377521515,0.06931765377521515,1,1.0,0.6000000238418579,0.0,0.5833105444908142,0.416689395904541,0.13938219845294952,0.760204017162323,0.09414570033550262,0.006268095225095749,0.0,0.11913590133190155,0.7690791487693787,0.1074131578207016,0.004371725022792816,0.0
mbj_bandgap::test::001188::JVASP-16407,0.0,0.008183314464986324,-0.019769907089453077,0.008183314464986324,0.43097007274627686,False,1.0,True,0.008183314464986324,0.008183314464986324,1,0.5834206342697144,0.5,0.0,0.5562776327133179,0.44372233748435974,0.010230139829218388,0.8732753992080688,0.08814655244350433,0.028347959741950035,0.0,0.0074152229353785515,0.9008929133415222,0.06884235888719559,0.02284948341548443,0.0
mbj_bandgap::test::001189::JVASP-71607,0.0,0.0007367865182459354,-0.0169092873482938,0.0007367865182459354,0.37071579694747925,False,1.0,True,0.0007367865182459354,0.0007367865182459354,1,0.9392676949501038,0.6000000238418579,0.0,0.5406749248504639,0.45932507514953613,0.41706591844558716,0.4750012755393982,0.08486403524875641,0.023068759590387344,0.0,0.4435310959815979,0.46222907304763794,0.07749836146831512,0.01674148067831993,0.0
mbj_bandgap::test::001190::JVASP-57448,4.504,4.756136894226074,4.806807450301525,4.806807450301525,0.5700691342353821,True,1.0,True,0.25213689422607466,0.30280745030152545,2,0.40538737177848816,0.6000000238418579,0.0,0.40002331137657166,0.5999767184257507,0.02235749550163746,0.9124131202697754,0.045779719948768616,0.019449710845947266,0.0,0.021371908485889435,0.9172880053520203,0.04316801577806473,0.018172061070799828,0.0
mbj_bandgap::test::001191::JVASP-100868,2.455,2.868861436843872,2.611516814371767,2.611516814371767,0.5757567882537842,True,1.0,True,0.413861436843872,0.1565168143717668,2,0.9954752922058105,0.6000000238418579,0.0,0.4175029397010803,0.5824970602989197,0.061866264790296555,0.842265784740448,0.08436915278434753,0.011498795822262764,0.0,0.08548127859830856,0.8232735395431519,0.08014669269323349,0.011098443530499935,0.0
mbj_bandgap::test::001192::JVASP-14213,1.567,1.3969441652297974,1.7257325637552916,1.7257325637552916,0.6693606972694397,True,1.0,True,0.17005583477020259,0.15873256375529166,2,1.0,0.5,0.0,0.44894522428512573,0.5510547161102295,0.05260538309812546,0.8998212814331055,0.0413815937936306,0.00619166437536478,0.0,0.05538846179842949,0.884868323802948,0.05498199909925461,0.004761179909110069,0.0
mbj_bandgap::test::001193::JVASP-51267,0.0,-0.0019895299337804317,-0.010397704936730224,-0.0019895299337804317,0.3477821350097656,False,1.0,True,0.0019895299337804317,0.0019895299337804317,1,0.9268109798431396,0.5,0.0,0.5803238749504089,0.4196760654449463,0.3415795564651489,0.4201644957065582,0.21159973740577698,0.026656199246644974,0.0,0.3920254111289978,0.37902435660362244,0.21063625812530518,0.018313949927687645,0.0
mbj_bandgap::test::001194::JVASP-68256,0.0,-0.0006119473837316036,-0.005227334301770958,-0.0006119473837316036,0.3703855574131012,False,1.0,True,0.0006119473837316036,0.0006119473837316036,1,0.8074648380279541,0.6000000238418579,0.0,0.5077762007713318,0.4922237992286682,0.44354429841041565,0.2904711067676544,0.20706531405448914,0.05891923978924751,0.0,0.4373825490474701,0.290136456489563,0.22377224266529083,0.04870877414941788,0.0
mbj_bandgap::test::001195::JVASP-74185,0.0,-0.0017182095907628536,-0.0016445506755351947,-0.0017182095907628536,0.41316646337509155,False,1.0,True,0.0017182095907628536,0.0017182095907628536,1,0.07481919974088669,0.6000000238418579,0.0,0.5052677392959595,0.4947323203086853,0.5292114019393921,0.22665834426879883,0.2253776490688324,0.018752653151750565,0.0,0.4927806854248047,0.25769752264022827,0.23468796908855438,0.014833795838057995,0.0
mbj_bandgap::test::001196::JVASP-22520,12.276,12.621587753295898,12.666674669336055,12.666674669336055,0.46385857462882996,True,1.0,True,0.34558775329589864,0.39067466933605566,2,0.9256985187530518,0.6000000238418579,0.0,0.39583510160446167,0.6041649580001831,0.05962048098444939,0.7346729040145874,0.17409729957580566,0.03160936385393143,0.0,0.06276103854179382,0.7515579462051392,0.1522766351699829,0.033404380083084106,0.0
mbj_bandgap::test::001197::JVASP-37032,0.083,-0.0005897744558751583,-0.001393280777121686,-0.0005897744558751583,0.4089142680168152,False,1.0,True,0.08358977445587516,0.08358977445587516,1,0.3105422556400299,0.5,0.0,0.5281373858451843,0.4718626141548157,0.5183051824569702,0.3085266649723053,0.16291458904743195,0.01025350671261549,0.0,0.5571571588516235,0.3233562409877777,0.10940493643283844,0.01008167490363121,0.0
mbj_bandgap::test::001198::JVASP-19590,0.0,0.02172072045505047,-0.010421753592502414,0.02172072045505047,0.39050018787384033,False,1.0,True,0.02172072045505047,0.02172072045505047,1,0.9865915179252625,0.699999988079071,0.0,0.5345308780670166,0.4654691219329834,0.0508636049926281,0.7859043478965759,0.12745226919651031,0.03577973693609238,0.0,0.05803772807121277,0.8031066060066223,0.10822062194347382,0.030635083094239235,0.0
mbj_bandgap::test::001199::JVASP-108712,2.526,2.223116397857666,2.4674657980621966,2.4674657980621966,0.64873206615448,True,1.0,True,0.3028836021423338,0.05853420193780323,2,1.0,0.6000000238418579,0.0,0.4476627707481384,0.5523372292518616,0.009820165112614632,0.9298446774482727,0.03506714850664139,0.02526802197098732,0.0,0.007275852374732494,0.9333807826042175,0.03652852401137352,0.022814853116869926,0.0
mbj_bandgap::test::001200::JVASP-71603,0.0,-0.00018100578745361418,-0.002256502925822934,-0.00018100578745361418,0.37567347288131714,False,1.0,True,0.00018100578745361418,0.00018100578745361418,1,0.6168010830879211,0.5,0.0,0.5099351406097412,0.4900648593902588,0.5517455339431763,0.2824144959449768,0.15291574597358704,0.012924255803227425,0.0,0.5281994342803955,0.3012373447418213,0.15879127383232117,0.01177196390926838,0.0
mbj_bandgap::test::001201::JVASP-65649,0.0,-0.002049372997134924,-0.055701771516355914,-0.002049372997134924,0.3683694005012512,False,1.0,True,0.002049372997134924,0.002049372997134924,1,0.9998686909675598,0.6000000238418579,0.0,0.5493485331535339,0.45065149664878845,0.2765672206878662,0.562166690826416,0.13386353850364685,0.02740250900387764,0.0,0.2875039279460907,0.5485693216323853,0.1393534392118454,0.02457333728671074,0.0
mbj_bandgap::test::001202::JVASP-16774,0.0,0.0010802284814417362,0.0005333072621106272,0.0010802284814417362,0.41336414217948914,False,1.0,True,0.0010802284814417362,0.0010802284814417362,1,0.3914501667022705,0.6000000238418579,0.0,0.5209363698959351,0.47906357049942017,0.5878565907478333,0.327473521232605,0.03902753069996834,0.045642342418432236,0.0,0.6059572696685791,0.3270788788795471,0.0388248935341835,0.02813892625272274,0.0
mbj_bandgap::test::001203::JVASP-38302,0.0,-0.008434579707682133,-0.028394310809842494,-0.008434579707682133,0.39121684432029724,False,1.0,True,0.008434579707682133,0.008434579707682133,1,1.0,0.6000000238418579,0.0,0.5844744443893433,0.4155255854129791,0.1278599053621292,0.7532071471214294,0.1093389242887497,0.009594043716788292,0.0,0.13722340762615204,0.7402620911598206,0.11183419078588486,0.010680349543690681,0.0
mbj_bandgap::test::001204::JVASP-2946,1.569,1.591742753982544,1.118821128765658,1.118821128765658,0.646998405456543,True,1.0,True,0.022742753982543995,0.45017887123434197,2,1.0,0.6000000238418579,0.0,0.46778902411460876,0.5322109460830688,0.06579865515232086,0.9103943705558777,0.017351197078824043,0.006455718539655209,0.0,0.062098026275634766,0.9157125353813171,0.017163490876555443,0.005025929771363735,0.0
mbj_bandgap::test::001205::JVASP-51206,0.0,0.003209067974239588,-0.0003689475559570443,0.003209067974239588,0.3595536947250366,False,1.0,True,0.003209067974239588,0.003209067974239588,1,0.8185554146766663,0.5,0.0,0.5254688262939453,0.4745311141014099,0.3262673318386078,0.2299993932247162,0.4143087863922119,0.029424462467432022,0.0,0.30594417452812195,0.21322914958000183,0.45948830246925354,0.021338384598493576,0.0
mbj_bandgap::test::001206::JVASP-58345,8.108,8.58056354522705,8.553160172889521,8.553160172889521,0.5144707560539246,True,1.0,True,0.47256354522705024,0.4451601728895209,2,0.44878458976745605,0.6000000238418579,0.0,0.3994501829147339,0.6005498170852661,0.037779562175273895,0.7677907347679138,0.1395406872034073,0.05488897114992142,0.0,0.039040617644786835,0.7742624282836914,0.1254003494977951,0.061296604573726654,0.0
mbj_bandgap::test::001207::JVASP-34458,1.175,1.593915343284607,1.7264174517242918,1.7264174517242918,0.609993040561676,True,1.0,True,0.4189153432846069,0.5514174517242918,2,0.9779792428016663,0.6000000238418579,0.0,0.46245306730270386,0.5375469326972961,0.00858723558485508,0.9695029258728027,0.0190011877566576,0.0029086763970553875,0.0,0.007245740387588739,0.9706019163131714,0.019410794600844383,0.0027414902579039335,0.0
mbj_bandgap::test::001208::JVASP-37388,0.0,-2.4483990273438394e-05,-0.00047337168126717624,-2.4483990273438394e-05,0.42199867963790894,False,1.0,True,2.4483990273438394e-05,2.4483990273438394e-05,1,0.2800239026546478,0.699999988079071,0.0,0.5185319185256958,0.4814681112766266,0.5556789040565491,0.2784389853477478,0.1203111857175827,0.045570921152830124,0.0,0.5527247190475464,0.29699140787124634,0.10988666117191315,0.040397223085165024,0.0
mbj_bandgap::test::001209::JVASP-97386,0.0,-0.0003457530401647091,-0.010213104655370198,-0.0003457530401647091,0.38666486740112305,False,1.0,True,0.0003457530401647091,0.0003457530401647091,1,0.8499880433082581,0.699999988079071,0.0,0.5566241145133972,0.4433758854866028,0.08931448310613632,0.6789498329162598,0.1651608645915985,0.06657484173774719,0.0,0.09593396633863449,0.7252981066703796,0.12230284512042999,0.056464988738298416,0.0
mbj_bandgap::test::001210::JVASP-36408,1.434,1.173659324645996,1.3044988485059177,1.3044988485059177,0.5702536106109619,True,1.0,True,0.26034067535400385,0.12950115149408226,2,0.9164201617240906,0.6000000238418579,0.0,0.45747143030166626,0.542528510093689,0.048909276723861694,0.9355584979057312,0.009615253657102585,0.005916915368288755,0.0,0.0420009084045887,0.939785361289978,0.011169478297233582,0.0070442319847643375,0.0
mbj_bandgap::test::001211::JVASP-37298,0.0,0.004115416202694178,0.002849641827977467,0.004115416202694178,0.4010024070739746,False,1.0,True,0.004115416202694178,0.004115416202694178,1,0.5543352961540222,0.699999988079071,0.0,0.5101178884506226,0.48988208174705505,0.44075578451156616,0.2039070874452591,0.3129843473434448,0.04235277324914932,0.0,0.48525387048721313,0.19262036681175232,0.28658849000930786,0.03553732484579086,0.0
mbj_bandgap::test::001212::JVASP-65550,0.0,-0.003761576022952795,-0.006041450035648976,-0.003761576022952795,0.38951292634010315,False,1.0,True,0.003761576022952795,0.003761576022952795,1,0.6163401007652283,0.6000000238418579,0.0,0.5095265507698059,0.4904734492301941,0.5346149206161499,0.22472095489501953,0.22549402713775635,0.015170100145041943,0.0,0.5520597696304321,0.20950846374034882,0.2245435267686844,0.013888290151953697,0.0
mbj_bandgap::test::001213::JVASP-108083,0.389,0.06486840546131134,0.22570697584666935,0.22570697584666935,0.48687678575515747,True,1.0,True,0.32413159453868867,0.16329302415333066,1,1.0,0.6000000238418579,0.0,0.565825343132019,0.43417468667030334,0.08206957578659058,0.8502456545829773,0.04044095054268837,0.02724384143948555,0.0,0.0863816887140274,0.8458030819892883,0.04119933769106865,0.02661590650677681,0.0
mbj_bandgap::test::001214::JVASP-8562,2.203,2.112774133682251,2.225427969100603,2.225427969100603,0.5998541116714478,True,1.0,True,0.09022586631774887,0.022427969100603296,2,0.933082103729248,0.6000000238418579,0.0,0.4451771676540375,0.5548228025436401,0.008129953406751156,0.9486278295516968,0.034346822649240494,0.00889542791992426,0.0,0.00580905145034194,0.9494284391403198,0.03474410995841026,0.010018391534686089,0.0
mbj_bandgap::test::001215::JVASP-25783,7.213,7.0190911293029785,7.030006972384017,7.030006972384017,0.5588075518608093,True,1.0,True,0.19390887069702156,0.18299302761598302,2,0.14044944941997528,0.6000000238418579,0.0,0.3999670445919037,0.6000329256057739,0.029326528310775757,0.8320897221565247,0.09959419071674347,0.038989610970020294,0.0,0.027792975306510925,0.8472931981086731,0.09147583693265915,0.033438049256801605,0.0
mbj_bandgap::test::001216::JVASP-71349,0.0,0.003559424076229334,-0.004678763948000197,0.003559424076229334,0.36757582426071167,False,1.0,True,0.003559424076229334,0.003559424076229334,1,0.7809901237487793,0.5,0.0,0.5159469842910767,0.48405298590660095,0.4847894310951233,0.30307191610336304,0.18200404942035675,0.030134553089737892,0.0,0.5120652914047241,0.29990631341934204,0.16761118173599243,0.02041715756058693,0.0
mbj_bandgap::test::001217::JVASP-110559,2.726,1.528579831123352,0.3506880393830955,0.35068803938309556,0.7722198963165283,True,1.0,True,1.197420168876648,2.375311960616904,1,1.0,0.6000000238418579,0.0,0.5462765097618103,0.4537234902381897,0.04415242373943329,0.8690448999404907,0.034109584987163544,0.05269316956400871,0.0,0.03975317254662514,0.8663550615310669,0.029795965179800987,0.06409581005573273,0.0
mbj_bandgap::test::001218::JVASP-15792,0.0,-0.004286573734134436,-0.05013693234912888,-0.004286573734134436,0.40455272793769836,False,1.0,True,0.004286573734134436,0.004286573734134436,1,1.0,0.6000000238418579,0.0,0.5651000738143921,0.4348999559879303,0.0767311379313469,0.8494865298271179,0.04141871631145477,0.032363615930080414,0.0,0.0836673378944397,0.853472113609314,0.03468429297208786,0.028176307678222656,0.0
mbj_bandgap::test::001219::JVASP-38312,0.0,0.5164896249771118,0.4908240243269761,0.4908240243269761,0.47898223996162415,True,1.0,True,0.5164896249771118,0.4908240243269761,2,0.49323755502700806,0.6000000238418579,0.0,0.4801453649997711,0.5198546648025513,0.062159936875104904,0.8606605529785156,0.07221951335668564,0.00495994882658124,0.0,0.060947250574827194,0.8616824150085449,0.07196850329637527,0.005401846021413803,0.0
mbj_bandgap::test::001220::JVASP-15784,0.0,0.001971437130123377,-0.00544614431303374,0.001971437130123377,0.38692376017570496,False,1.0,True,0.001971437130123377,0.001971437130123377,1,0.8373215198516846,0.699999988079071,0.0,0.5451978445053101,0.4548020362854004,0.14706118404865265,0.5528097748756409,0.28637486696243286,0.013754226267337799,0.0,0.13620410859584808,0.5421254634857178,0.31304991245269775,0.008620461449027061,0.0
mbj_bandgap::test::001221::JVASP-115073,0.0,1.3459504842758179,0.19088766325949874,0.19088766325949869,0.7230778932571411,True,1.0,True,1.3459504842758179,0.19088766325949869,1,1.0,0.6000000238418579,0.0,0.52989661693573,0.47010335326194763,0.1942616105079651,0.6338046789169312,0.16637852787971497,0.00555513147264719,0.0,0.22062978148460388,0.5863857865333557,0.18849682807922363,0.0044876523315906525,0.0
mbj_bandgap::test::001222::JVASP-106961,0.0,0.00030441442504525185,-0.007985546332338233,0.00030441442504525185,0.37719669938087463,False,1.0,True,0.00030441442504525185,0.00030441442504525185,1,0.8978759050369263,0.6000000238418579,0.0,0.5251801013946533,0.47481995820999146,0.3948749899864197,0.4583783745765686,0.08664275705814362,0.060103870928287506,0.0,0.4045974612236023,0.46821826696395874,0.08116970956325531,0.04601452127099037,0.0
mbj_bandgap::test::001223::JVASP-15723,0.0,0.0028414265252649784,0.0026570064163422336,0.0028414265252649784,0.44768208265304565,False,1.0,True,0.0028414265252649784,0.0028414265252649784,1,0.054501984268426895,0.699999988079071,0.0,0.5181613564491272,0.4818386137485504,0.5423544645309448,0.3380967676639557,0.09363412111997604,0.025914648547768593,0.0,0.5637417435646057,0.3432998061180115,0.06656350195407867,0.026395004242658615,0.0
mbj_bandgap::test::001224::JVASP-32287,5.753,5.955047607421875,6.0823654194471874,6.0823654194471874,0.5955204367637634,True,1.0,True,0.2020476074218749,0.32936541944718734,2,0.7434521317481995,0.6000000238418579,0.0,0.40001434087753296,0.5999855995178223,0.014722583815455437,0.9327982068061829,0.04260062426328659,0.00987858697772026,0.0,0.014327974990010262,0.9355229139328003,0.043882813304662704,0.006266266107559204,0.0
mbj_bandgap::test::001225::JVASP-79498,0.0,-0.0011715157888829708,-0.004963712043280699,-0.0011715157888829708,0.3981163203716278,False,1.0,True,0.0011715157888829708,0.0011715157888829708,1,0.5227100849151611,0.6000000238418579,0.0,0.5211363434791565,0.4788637161254883,0.46891990303993225,0.3083198368549347,0.21713249385356903,0.00562774995341897,0.0,0.5223416090011597,0.28154295682907104,0.19070738554000854,0.005408086813986301,0.0
mbj_bandgap::test::001226::JVASP-10551,2.742,2.6277451515197754,2.699234852680461,2.699234852680461,0.5986524224281311,True,1.0,True,0.1142548484802246,0.042765147319538954,2,0.6896601915359497,0.6000000238418579,0.0,0.4255705773830414,0.5744293928146362,0.0956566110253334,0.8781896829605103,0.01988084614276886,0.006272898521274328,0.0,0.09592147916555405,0.876765251159668,0.020490441471338272,0.006822800729423761,0.0
mbj_bandgap::test::001227::JVASP-46820,1.286,1.8393248319625854,1.7857972755906437,1.7857972755906437,0.5750161409378052,True,1.0,True,0.5533248319625854,0.4997972755906437,2,0.6608148217201233,0.6000000238418579,0.0,0.44322794675827026,0.5567721128463745,0.14275062084197998,0.8283737897872925,0.020568648353219032,0.008306932635605335,0.0,0.15456269681453705,0.8169992566108704,0.021952036768198013,0.006486030761152506,0.0
mbj_bandgap::test::001228::JVASP-51669,7.776,7.663144588470459,7.739404289037094,7.739404289037094,0.5623877048492432,True,1.0,True,0.11285541152954082,0.03659571096290559,2,0.6281815767288208,0.6000000238418579,0.0,0.3998715281486511,0.6001284718513489,0.037109874188899994,0.9153827428817749,0.030072320252656937,0.017435137182474136,0.0,0.033564187586307526,0.920046329498291,0.031444478780031204,0.014945020899176598,0.0
mbj_bandgap::test::001229::JVASP-39974,0.006,-0.0014260276220738888,-0.002177249291460903,-0.0014260276220738888,0.4064219892024994,False,1.0,True,0.007426027622073889,0.007426027622073889,1,0.40326136350631714,0.6000000238418579,0.0,0.5375651121139526,0.462434858083725,0.5373208522796631,0.27945926785469055,0.17412635684013367,0.009093498811125755,0.0,0.5376855134963989,0.30907008051872253,0.1466006487607956,0.006643790751695633,0.0
mbj_bandgap::test::001230::JVASP-10182,3.839,3.669670343399048,3.651379177092042,3.651379177092042,0.5845308303833008,True,1.0,True,0.16932965660095212,0.18762082290795812,2,0.27527889609336853,0.6000000238418579,0.0,0.40014299750328064,0.599856972694397,0.006118312012404203,0.9573090672492981,0.020046327263116837,0.01652621664106846,0.0,0.004078023135662079,0.9523968696594238,0.02234187163412571,0.021183200180530548,0.0
mbj_bandgap::test::001231::JVASP-45135,0.0,-0.0013548596762120724,-0.017747525710015987,-0.0013548596762120724,0.40963977575302124,False,1.0,True,0.0013548596762120724,0.0013548596762120724,1,0.9991750717163086,0.6000000238418579,0.0,0.5832131505012512,0.4167868196964264,0.027179758995771408,0.8842255473136902,0.05945070832967758,0.029143983498215675,0.0,0.016388487070798874,0.910576343536377,0.045294053852558136,0.027741074562072754,0.0
mbj_bandgap::test::001232::JVASP-102233,2.051,1.4172170162200928,1.8014502361317697,1.8014502361317697,0.7083631157875061,True,1.0,True,0.6337829837799074,0.24954976386823047,2,1.0,0.5,0.0,0.4526631236076355,0.5473368167877197,0.01322335284203291,0.9481045007705688,0.022009653970599174,0.016662519425153732,0.0,0.012453681789338589,0.9461600184440613,0.023015201091766357,0.018371151760220528,0.0
mbj_bandgap::test::001233::JVASP-7773,5.438,5.5671186447143555,5.399987876747078,5.399987876747078,0.5324476957321167,True,1.0,True,0.12911864471435575,0.0380121232529218,2,1.0,0.6000000238418579,0.0,0.4000195860862732,0.5999804139137268,0.028342852368950844,0.8354031443595886,0.1004648357629776,0.035789068788290024,0.0,0.026238705962896347,0.8497321009635925,0.09020084887742996,0.033828336745500565,0.0
mbj_bandgap::test::001234::JVASP-66384,0.0,-0.002103374805301428,-0.006965571130120018,-0.002103374805301428,0.35238033533096313,False,1.0,True,0.002103374805301428,0.002103374805301428,1,0.9086964130401611,0.6000000238418579,0.0,0.5303601026535034,0.46963992714881897,0.3715372681617737,0.2366848886013031,0.32201072573661804,0.06976710259914398,0.0,0.3700511157512665,0.22440285980701447,0.33349844813346863,0.07204757630825043,0.0
mbj_bandgap::test::001235::JVASP-105612,7.66,8.024667739868164,8.103621861992938,8.103621861992938,0.5199679732322693,True,1.0,True,0.3646677398681639,0.44362186199293774,2,0.9194183349609375,0.6000000238418579,0.0,0.39986297488212585,0.6001370549201965,0.04188927263021469,0.7864766716957092,0.15822407603263855,0.013410001993179321,0.0,0.05350842326879501,0.7931807637214661,0.13795439898967743,0.015356473624706268,0.0
mbj_bandgap::test::001236::JVASP-15,0.0,-0.00017862160166259855,-0.04831309630855411,-0.00017862160166259855,0.3711819350719452,False,1.0,True,0.00017862160166259855,0.00017862160166259855,1,0.9863755702972412,0.5,0.0,0.5465672016143799,0.4534328579902649,0.2781199812889099,0.5422773361206055,0.14372557401657104,0.03587716817855835,0.0,0.3172735571861267,0.5121222138404846,0.14039219915866852,0.030212000012397766,0.0
mbj_bandgap::test::001237::JVASP-18081,0.0,0.01125879492610693,0.00599431435989366,0.01125879492610693,0.39651724696159363,False,1.0,True,0.01125879492610693,0.01125879492610693,1,0.6946862936019897,0.699999988079071,0.0,0.5295429825782776,0.4704570174217224,0.4285431504249573,0.4276396632194519,0.13004688918590546,0.013770321384072304,0.0,0.41677528619766235,0.45623549818992615,0.1163506880402565,0.010638544335961342,0.0
mbj_bandgap::test::001238::JVASP-30497,3.834,5.73268461227417,4.162282280095913,4.162282280095913,0.7971441149711609,True,1.0,True,1.8986846122741698,0.32828228009591287,2,1.0,0.6000000238418579,0.0,0.400005042552948,0.599994957447052,0.03688545897603035,0.8905671238899231,0.04078323394060135,0.031764209270477295,0.0,0.042205505073070526,0.8942626118659973,0.03957275301218033,0.02395913377404213,0.0
mbj_bandgap::test::001239::JVASP-1264,5.371,3.8431496620178223,3.774780485683805,3.774780485683805,0.5705165863037109,True,1.0,True,1.5278503379821782,1.5962195143161955,2,0.545299232006073,0.6000000238418579,0.0,0.4046577513217926,0.5953422784805298,0.03884393721818924,0.8566352725028992,0.09596698731184006,0.008553902618587017,0.0,0.0488152839243412,0.8534924387931824,0.09010790288448334,0.007584369275718927,0.0
mbj_bandgap::test::001240::JVASP-50046,2.392,2.322514533996582,2.594316593678788,2.594316593678788,0.6555073261260986,True,1.0,True,0.06948546600341787,0.20231659367878807,2,1.0,0.6000000238418579,0.0,0.4211806356906891,0.5788193941116333,0.014837282709777355,0.8889425992965698,0.06743758916854858,0.028782594949007034,0.0,0.011774400249123573,0.8773385882377625,0.07646492123603821,0.03442206233739853,0.0
mbj_bandgap::test::001241::JVASP-30292,0.26,-0.007995531894266605,-0.0621628117524881,-0.007995531894266605,0.4165650010108948,False,1.0,True,0.2679955318942666,0.2679955318942666,1,1.0,0.6000000238418579,0.0,0.5747033357620239,0.42529669404029846,0.034911613911390305,0.889545738697052,0.05332463979721069,0.02221802808344364,0.0,0.023982888087630272,0.9038362503051758,0.05281407758593559,0.01936681941151619,0.0
mbj_bandgap::test::001242::JVASP-109579,0.0,-0.00012962658365722746,-0.0007601022095895527,-0.00012962658365722746,0.4036659896373749,False,1.0,True,0.00012962658365722746,0.00012962658365722746,1,0.2767031788825989,0.5,0.0,0.505846381187439,0.4941536486148834,0.590301513671875,0.19055373966693878,0.1777573823928833,0.041387367993593216,0.0,0.5686849355697632,0.21494200825691223,0.1808420717716217,0.035531047731637955,0.0
mbj_bandgap::test::001243::JVASP-34885,1.347,2.0754597187042236,1.78912820993409,1.78912820993409,0.5762182474136353,True,1.0,True,0.7284597187042237,0.44212820993408997,2,1.0,0.6000000238418579,0.0,0.4363030791282654,0.5636969804763794,0.05862069129943848,0.8551831245422363,0.06309111416339874,0.023105094209313393,0.0,0.07350622117519379,0.8299134373664856,0.08064861595630646,0.01593180000782013,0.0
mbj_bandgap::test::001244::JVASP-66233,1.828,0.02584869973361492,-0.07704520117450371,0.02584869973361492,0.3998167812824249,False,1.0,True,1.8021513002663851,1.8021513002663851,1,1.0,0.6000000238418579,0.0,0.5888113379478455,0.41118866205215454,0.24505946040153503,0.6507349014282227,0.09221760928630829,0.011988053098320961,0.0,0.2747730612754822,0.6251112222671509,0.08878184854984283,0.01133386604487896,0.0
mbj_bandgap::test::001245::JVASP-69864,0.297,-0.0009707673452794552,-0.001779528327690305,-0.0009707673452794552,0.3904731571674347,False,1.0,True,0.29797076734527944,0.29797076734527944,1,0.3814655840396881,0.5,0.0,0.5260913372039795,0.4739087224006653,0.41152840852737427,0.32034868001937866,0.25927987694740295,0.008843062445521355,0.0,0.3726877272129059,0.36340564489364624,0.25700777769088745,0.006898862309753895,0.0
mbj_bandgap::test::001246::JVASP-116278,0.0,0.0743599683046341,0.1338102180274439,0.0743599683046341,0.4393959641456604,False,1.0,True,0.0743599683046341,0.0743599683046341,1,0.8850391507148743,0.6000000238418579,0.0,0.5655419230461121,0.43445801734924316,0.05707474425435066,0.857502281665802,0.05907952040433884,0.026343459263443947,0.0,0.051636628806591034,0.8623071908950806,0.0606585368514061,0.02539774216711521,0.0
mbj_bandgap::test::001247::JVASP-50964,4.781,4.675206184387207,4.942780856082251,4.942780856082251,0.6471940875053406,True,1.0,True,0.10579381561279266,0.16178085608225157,2,1.0,0.6000000238418579,0.0,0.40073704719543457,0.5992629528045654,0.02074044570326805,0.8409085273742676,0.13303452730178833,0.005316411145031452,0.0,0.021836984902620316,0.8584775924682617,0.1141192764043808,0.0055661932565271854,0.0
mbj_bandgap::test::001248::JVASP-65672,0.0,0.004390908870846033,-0.08910898866343142,0.004390908870846033,0.39889878034591675,False,1.0,True,0.004390908870846033,0.004390908870846033,1,1.0,0.6000000238418579,0.0,0.5791268944740295,0.4208730161190033,0.2024504691362381,0.6666135191917419,0.1232217326760292,0.0077142370864748955,0.0,0.22673650085926056,0.6263920068740845,0.13953647017478943,0.0073350355960428715,0.0
mbj_bandgap::test::001249::JVASP-107048,0.0,-0.0028523667715489864,-0.009066478661195653,-0.0028523667715489864,0.3755054473876953,False,1.0,True,0.0028523667715489864,0.0028523667715489864,1,0.794102668762207,0.6000000238418579,0.0,0.531209409236908,0.46879053115844727,0.3568166494369507,0.37999069690704346,0.2139676809310913,0.049225013703107834,0.0,0.3686318099498749,0.39512938261032104,0.1964631974697113,0.039775583893060684,0.0
mbj_bandgap::test::001250::JVASP-65280,0.0,-0.003158377017825842,-0.006178661600270296,-0.003158377017825842,0.37909191846847534,False,1.0,True,0.003158377017825842,0.003158377017825842,1,0.5941083431243896,0.6000000238418579,0.0,0.5121062397956848,0.48789381980895996,0.44897252321243286,0.20610642433166504,0.29568734765052795,0.04923368990421295,0.0,0.4447164535522461,0.2077237069606781,0.2971356511116028,0.05042422562837601,0.0
mbj_bandgap::test::001251::JVASP-36429,0.0,2.653758565429598e-05,-0.0010532772318277539,2.653758565429598e-05,0.39271289110183716,False,1.0,True,2.653758565429598e-05,2.653758565429598e-05,1,0.5374557375907898,0.5,0.0,0.5067918300628662,0.4932081699371338,0.5831550359725952,0.194477841258049,0.20366890728473663,0.01869821548461914,0.0,0.6165475249290466,0.21646220982074738,0.1516718566417694,0.015318378806114197,0.0
mbj_bandgap::test::001252::JVASP-112273,3.874,4.442979335784912,4.109477165253529,4.109477165253529,0.6039431691169739,True,1.0,True,0.568979335784912,0.23547716525352902,2,1.0,0.6000000238418579,0.0,0.4001234471797943,0.5998765826225281,0.014273671433329582,0.9241223335266113,0.04213716462254524,0.019466852769255638,0.0,0.012705972418189049,0.9309350848197937,0.043240584433078766,0.013118326663970947,0.0
mbj_bandgap::test::001253::JVASP-86121,0.677,0.6679807305335999,0.5396324745294825,0.5396324745294825,0.5120213627815247,True,1.0,True,0.009019269466400193,0.13736752547051756,2,0.9708266258239746,0.699999988079071,0.0,0.38832423090934753,0.6116757392883301,0.07775778323411942,0.8546412587165833,0.054208725690841675,0.013392197899520397,0.0,0.055112242698669434,0.8787130117416382,0.059329014271497726,0.006845681928098202,0.0
mbj_bandgap::test::001254::JVASP-10116,1.627,0.0064245001412928104,1.857767666003965,1.857767666003965,0.9714282155036926,True,1.0,True,1.6205754998587072,0.23076766600396503,2,1.0,0.6000000238418579,0.0,0.4514666497707367,0.5485333204269409,0.011384082958102226,0.9513903856277466,0.026025140658020973,0.011200393550097942,0.0,0.010263076052069664,0.9525998830795288,0.025482308119535446,0.011654768139123917,0.0
mbj_bandgap::test::001255::JVASP-95169,4.851,4.787318229675293,4.739576861676094,4.739576861676094,0.5629359483718872,True,1.0,True,0.06368177032470701,0.11142313832390638,2,0.5431153178215027,0.6000000238418579,0.0,0.39998143911361694,0.6000185608863831,0.06789913773536682,0.8818327188491821,0.03177644684910774,0.018491730093955994,0.0,0.08826961368322372,0.8639262318611145,0.039470020681619644,0.008334188722074032,0.0
mbj_bandgap::test::001256::JVASP-8589,5.521,5.343991279602051,5.354851287215405,5.354851287215405,0.5686516165733337,True,1.0,True,0.17700872039794913,0.16614871278459464,2,0.21679456532001495,0.6000000238418579,0.0,0.40005993843078613,0.5999400615692139,0.025427797809243202,0.8828194737434387,0.06262139976024628,0.029131313785910606,0.0,0.02877938374876976,0.8800057172775269,0.061485759913921356,0.02972916141152382,0.0
mbj_bandgap::test::001257::JVASP-67682,0.0,-0.0037668212316930294,-0.014498716436802384,-0.0037668212316930294,0.378091961145401,False,1.0,True,0.0037668212316930294,0.0037668212316930294,1,0.8142178058624268,0.6000000238418579,0.0,0.5194231271743774,0.48057690262794495,0.5688092112541199,0.30064770579338074,0.11211840808391571,0.018424589186906815,0.0,0.5675153136253357,0.30729880928993225,0.10862036794424057,0.01656545326113701,0.0
mbj_bandgap::test::001258::JVASP-59562,0.117,2.234330415725708,0.34450516486228905,0.344505164862289,0.8626766204833984,True,1.0,True,2.117330415725708,0.227505164862289,2,1.0,0.699999988079071,0.0,0.4037286341190338,0.5962713956832886,0.011608367785811424,0.9437607526779175,0.038987062871456146,0.005643804091960192,0.0,0.007598974741995335,0.9517778158187866,0.031394969671964645,0.009228253737092018,0.0
mbj_bandgap::test::001259::JVASP-110782,0.0,-0.000616119708865881,-0.0036249417468425804,-0.000616119708865881,0.375222772359848,False,1.0,True,0.000616119708865881,0.000616119708865881,1,0.6776947975158691,0.5,0.0,0.5203814506530762,0.47961854934692383,0.45190343260765076,0.3619740903377533,0.16929104924201965,0.01683146320283413,0.0,0.4589511752128601,0.34975796937942505,0.17634567618370056,0.01494513638317585,0.0
mbj_bandgap::test::001260::JVASP-18399,0.0,0.005808188114315271,-0.009005398210379401,0.005808188114315271,0.37561899423599243,False,1.0,True,0.005808188114315271,0.005808188114315271,1,0.9684193730354309,0.5,0.0,0.5569691061973572,0.4430309236049652,0.052735429257154465,0.5998047590255737,0.31313785910606384,0.03432195633649826,0.0,0.052542753517627716,0.5719739198684692,0.351814866065979,0.023668475449085236,0.0
mbj_bandgap::test::001261::JVASP-116021,2.466,2.7967073917388916,1.9441823487818373,1.9441823487818373,0.7103652358055115,True,1.0,True,0.3307073917388914,0.5218176512181629,2,1.0,0.6000000238418579,0.0,0.4316593110561371,0.5683406591415405,0.019036319106817245,0.9648216366767883,0.00979279913008213,0.006349209696054459,0.0,0.018542800098657608,0.9641022682189941,0.011581860482692719,0.005773087032139301,0.0
mbj_bandgap::test::001262::JVASP-50883,7.149,7.201120853424072,7.182690225370602,7.182690225370602,0.5380049347877502,True,1.0,True,0.052120853424072244,0.03369022537060218,2,0.3018808364868164,0.6000000238418579,0.0,0.3996155858039856,0.6003844141960144,0.02992072142660618,0.8043964505195618,0.1049109473824501,0.060771942138671875,0.0,0.030472582206130028,0.8040992021560669,0.10875217616558075,0.05667595937848091,0.0
mbj_bandgap::test::001263::JVASP-51745,4.275,4.178608417510986,4.823492137398749,4.823492137398749,0.8039509654045105,True,1.0,True,0.09639158248901403,0.5484921373987488,2,1.0,0.6000000238418579,0.0,0.4002603590488434,0.599739670753479,0.02525908127427101,0.9100728034973145,0.01720627211034298,0.04746180772781372,0.0,0.02722172811627388,0.912135899066925,0.021497448906302452,0.03914499282836914,0.0
mbj_bandgap::test::001264::JVASP-43806,2.088,1.6410627365112305,1.617944112322989,1.617944112322989,0.5870559811592102,True,1.0,True,0.4469372634887696,0.4700558876770111,2,0.31277525424957275,0.6000000238418579,0.0,0.45146530866622925,0.5485346913337708,0.01670003868639469,0.8587354421615601,0.09821552038192749,0.026348987594246864,0.0,0.011628242209553719,0.8971955180168152,0.06836645305156708,0.022809717804193497,0.0
mbj_bandgap::test::001265::JVASP-22578,8.402,8.45279312133789,8.4373135041974,8.4373135041974,0.5301695466041565,True,1.0,True,0.05079312133789138,0.03531350419740065,2,0.2332616150379181,0.6000000238418579,0.0,0.3996028006076813,0.6003971695899963,0.03828584402799606,0.7962525486946106,0.11320869624614716,0.052252959460020065,0.0,0.038263559341430664,0.7979351282119751,0.1048004999756813,0.059000808745622635,0.0
mbj_bandgap::test::001266::JVASP-66506,0.0,0.04050333797931671,0.02428767126793092,0.04050333797931671,0.36787253618240356,False,1.0,True,0.04050333797931671,0.04050333797931671,1,1.0,0.699999988079071,0.0,0.5222081542015076,0.47779184579849243,0.40990179777145386,0.436356782913208,0.12966497242450714,0.024076411500573158,0.0,0.44944363832473755,0.40989118814468384,0.11800253391265869,0.022662658244371414,0.0
mbj_bandgap::test::001267::JVASP-13799,2.628,3.4305546283721924,3.2472591675987426,3.2472591675987426,0.5686021447181702,True,1.0,True,0.8025546283721923,0.6192591675987424,2,0.9263993501663208,0.6000000238418579,0.0,0.41157668828964233,0.5884232521057129,0.026527807116508484,0.8497071266174316,0.10456608235836029,0.019198954105377197,0.0,0.03115793503820896,0.8560976982116699,0.10184657573699951,0.010897730477154255,0.0
mbj_bandgap::test::001268::JVASP-103068,0.757,0.6364014744758606,0.20135770972899958,0.20135770972899958,0.5212609171867371,True,1.0,True,0.12059852552413941,0.5556422902710004,1,1.0,0.5,0.0,0.5549560785293579,0.4450438618659973,0.17376968264579773,0.7162259817123413,0.10451062023639679,0.005493706092238426,0.0,0.17073173820972443,0.7166734337806702,0.10903241485357285,0.003562433645129204,0.0
mbj_bandgap::test::001269::JVASP-67749,0.0,-0.0011600716970860958,-0.005779021114070582,-0.0011600716970860958,0.3688749670982361,False,1.0,True,0.0011600716970860958,0.0011600716970860958,1,0.6407281160354614,0.5,0.0,0.5137749910354614,0.4862249791622162,0.4525159001350403,0.14448824524879456,0.3761020302772522,0.02689393237233162,0.0,0.40506014227867126,0.15396706759929657,0.4199592173099518,0.02101358026266098,0.0
mbj_bandgap::test::001270::JVASP-52093,0.0,1.3200100660324097,0.40916905348036126,0.40916905348036126,0.710498034954071,True,1.0,True,1.3200100660324097,0.40916905348036126,2,1.0,0.699999988079071,0.0,0.44601649045944214,0.5539835095405579,0.2963178753852844,0.5686491131782532,0.1255030333995819,0.009529989212751389,0.0,0.341034471988678,0.5011643767356873,0.15188246965408325,0.005918730981647968,0.0
mbj_bandgap::test::001271::JVASP-69292,0.0,0.0007344023324549198,-0.0038117419945085775,0.0007344023324549198,0.3522382378578186,False,1.0,True,0.0007344023324549198,0.0007344023324549198,1,0.9133319854736328,0.5,0.0,0.5356093645095825,0.46439075469970703,0.4682202935218811,0.20157869160175323,0.2916944921016693,0.03850646689534187,0.0,0.45870351791381836,0.2062613070011139,0.29757553339004517,0.03745962679386139,0.0
mbj_bandgap::test::001272::JVASP-17416,0.0,-0.0019563897512853146,-0.024228815113326464,-0.0019563897512853146,0.3799300789833069,False,1.0,True,0.0019563897512853146,0.0019563897512853146,1,0.9004909992218018,0.699999988079071,0.0,0.5253039598464966,0.4746960699558258,0.4081243872642517,0.46083584427833557,0.11930863559246063,0.011731104925274849,0.0,0.4069063067436218,0.4641725420951843,0.11881466209888458,0.01010642759501934,0.0
mbj_bandgap::test::001273::JVASP-58498,0.0,0.006745530758053064,-0.022635291259638746,0.006745530758053064,0.4213719069957733,False,1.0,True,0.006745530758053064,0.006745530758053064,1,0.8964099287986755,0.699999988079071,0.0,0.5808447003364563,0.41915521025657654,0.02813764475286007,0.7969281673431396,0.09159384667873383,0.08334038406610489,0.0,0.03584999218583107,0.8126128315925598,0.07803402841091156,0.07350323349237442,0.0
mbj_bandgap::test::001274::JVASP-9383,8.532,8.680160522460938,8.737626724416298,8.737626724416298,0.5332449078559875,True,1.0,True,0.14816052246093747,0.20562672441629815,2,0.7179078459739685,0.6000000238418579,0.0,0.3996534049510956,0.600346565246582,0.03431171178817749,0.8857102394104004,0.04521200805902481,0.034765999764204025,0.0,0.028745030984282494,0.89210444688797,0.042049165815114975,0.0371013768017292,0.0
mbj_bandgap::test::001275::JVASP-107262,0.0,4.561107198242098e-05,-0.0008324668840318683,4.561107198242098e-05,0.4022558927536011,False,1.0,True,4.561107198242098e-05,4.561107198242098e-05,1,0.4435517489910126,0.5,0.0,0.5138306617736816,0.48616933822631836,0.6518892049789429,0.19619059562683105,0.13061466813087463,0.021305644884705544,0.0,0.6494385004043579,0.19076701998710632,0.13986706733703613,0.019927436485886574,0.0
mbj_bandgap::test::001276::JVASP-34249,5.798,4.854652404785156,5.059111612975213,5.059111612975213,0.6072025895118713,True,1.0,True,0.9433475952148438,0.7388883870247867,2,0.9994604587554932,0.6000000238418579,0.0,0.40001291036605835,0.5999871492385864,0.019056757912039757,0.8739789724349976,0.0541016049683094,0.05286261439323425,0.0,0.017550382763147354,0.8939963579177856,0.042819540947675705,0.045633815228939056,0.0
mbj_bandgap::test::001277::JVASP-56793,0.0,-0.0025426610372960567,-0.002125910003617615,-0.0025426610372960567,0.4129059910774231,False,1.0,True,0.0025426610372960567,0.0025426610372960567,1,0.21529579162597656,0.5,0.0,0.5383433103561401,0.4616566598415375,0.3746827244758606,0.4906408190727234,0.10792114585638046,0.02675529196858406,0.0,0.36215296387672424,0.5373738408088684,0.07496657222509384,0.02550669014453888,0.0
mbj_bandgap::test::001278::JVASP-101164,0.776,0.7474430799484253,0.5680380915700324,0.5680380915700324,0.500826358795166,True,1.0,True,0.02855692005157473,0.20796190842996765,1,1.0,0.5,0.0,0.5105036497116089,0.4894963204860687,0.030792739242315292,0.941771388053894,0.017786700278520584,0.00964912585914135,0.0,0.030717452988028526,0.9409292340278625,0.015391130931675434,0.01296215783804655,0.0
mbj_bandgap::test::001279::JVASP-98213,3.254,3.382242441177368,3.484114207769602,3.484114207769602,0.6064450740814209,True,1.0,True,0.12824244117736816,0.2301142077696019,2,0.7362719774246216,0.6000000238418579,0.0,0.40604692697525024,0.5939531326293945,0.013546064496040344,0.9202966690063477,0.028445696458220482,0.03771163150668144,0.0,0.00980641320347786,0.9333527684211731,0.024033403024077415,0.03280739486217499,0.0
mbj_bandgap::test::001280::JVASP-26358,3.105,3.1572861671447754,3.0759957128126842,3.0759957128126842,0.5602187514305115,True,1.0,True,0.05228616714477541,0.029004287187315736,2,0.8033422827720642,0.6000000238418579,0.0,0.4022660255432129,0.5977339148521423,0.02320752665400505,0.8827347755432129,0.07281564176082611,0.02124207094311714,0.0,0.017796391621232033,0.8942478895187378,0.06957145035266876,0.018384279683232307,0.0
mbj_bandgap::test::001281::JVASP-36463,0.748,0.5387426018714905,0.15570176743166123,0.1557017674316612,0.522851288318634,True,1.0,True,0.20925739812850952,0.5922982325683388,1,1.0,0.699999988079071,0.0,0.5010895729064941,0.4989103674888611,0.2593570649623871,0.6332463026046753,0.09883470088243484,0.00856195017695427,0.0,0.24873682856559753,0.6506338119506836,0.09284745156764984,0.00778193399310112,0.0
mbj_bandgap::test::001282::JVASP-36254,0.781,0.17189104855060577,0.0092035138972687,0.0092035138972687,0.4501989781856537,True,1.0,True,0.6091089514493943,0.7717964861027313,1,1.0,0.6000000238418579,0.0,0.5806939005851746,0.4193061292171478,0.02626057341694832,0.8641430735588074,0.09082763642072678,0.018768636509776115,0.0,0.027420174330472946,0.8635041117668152,0.09427620470523834,0.014799483120441437,0.0
mbj_bandgap::test::001283::JVASP-2598,6.338,5.302547454833984,5.3880747000883105,5.3880747000883105,0.5789975523948669,True,1.0,True,1.0354525451660157,0.9499252999116896,2,0.5921246409416199,0.6000000238418579,0.0,0.40000805258750916,0.5999919176101685,0.022274697199463844,0.8909422159194946,0.07794743776321411,0.00883563794195652,0.0,0.020813511684536934,0.8923236727714539,0.08010055124759674,0.006762225180864334,0.0
mbj_bandgap::test::001284::JVASP-63879,6.572,6.821612358093262,6.83298832246182,6.83298832246182,0.5753470659255981,True,1.0,True,0.24961235809326165,0.26098832246182013,2,0.14686907827854156,0.6000000238418579,0.0,0.39994457364082336,0.600055456161499,0.03317083418369293,0.897894561290741,0.03167198225855827,0.03726259618997574,0.0,0.026364769786596298,0.9061504602432251,0.03693961352109909,0.030545225366950035,0.0
mbj_bandgap::test::001285::JVASP-29558,3.434,3.440335273742676,3.4833945108506854,3.4833945108506854,0.5827300548553467,True,1.0,True,0.006335273742675618,0.04939451085068525,2,0.7031286954879761,0.6000000238418579,0.0,0.4080299437046051,0.5919700860977173,0.00767475226894021,0.8930103182792664,0.08652029931545258,0.01279467809945345,0.0,0.008533181622624397,0.9076502919197083,0.07269105315208435,0.01112546119838953,0.0
mbj_bandgap::test::001286::JVASP-38592,0.0,0.0030654207803308964,-0.020936188656075362,0.0030654207803308964,0.42398855090141296,False,1.0,True,0.0030654207803308964,0.0030654207803308964,1,0.8536885380744934,0.699999988079071,0.0,0.5850623846054077,0.4149375855922699,0.03975405544042587,0.8247781991958618,0.06784176826477051,0.06762602925300598,0.0,0.03937607258558273,0.8283494710922241,0.06051504611968994,0.0717594176530838,0.0
mbj_bandgap::test::001287::JVASP-3174,1.549,1.3340575695037842,1.356570330945262,1.356570330945262,0.5879656672477722,True,1.0,True,0.21494243049621575,0.19242966905473802,2,0.38881510496139526,0.6000000238418579,0.0,0.44531917572021484,0.5546808242797852,0.047732818871736526,0.9308698773384094,0.019441165030002594,0.001956196967512369,0.0,0.05366988852620125,0.9247699975967407,0.019751833751797676,0.0018082130700349808,0.0
mbj_bandgap::test::001288::JVASP-64980,0.0,-0.0027155145071446896,-0.013034301700938533,-0.0027155145071446896,0.37822312116622925,False,1.0,True,0.0027155145071446896,0.0027155145071446896,1,0.7260328531265259,0.6000000238418579,0.0,0.5294057130813599,0.4705943167209625,0.3540070652961731,0.4484136998653412,0.16029389202594757,0.03728538379073143,0.0,0.37385258078575134,0.4316307604312897,0.1631546914577484,0.03136194124817848,0.0
mbj_bandgap::test::001289::JVASP-67921,0.0,-0.0028954013250768185,-0.004114627751804245,-0.0028954013250768185,0.388345867395401,False,1.0,True,0.0028954013250768185,0.0028954013250768185,1,0.5783599019050598,0.6000000238418579,0.0,0.5149711966514587,0.48502883315086365,0.5276588797569275,0.2661713659763336,0.17839893698692322,0.027770841494202614,0.0,0.5262220501899719,0.2904678285121918,0.16032466292381287,0.022985458374023438,0.0
mbj_bandgap::test::001290::JVASP-36297,1.483,1.8927154541015625,0.8259956422707111,0.8259956422707111,0.7623553276062012,True,1.0,True,0.4097154541015624,0.657004357729289,2,1.0,0.800000011920929,0.0,0.4078689515590668,0.5921311378479004,0.010854566469788551,0.9364334940910339,0.04454236105084419,0.008169569075107574,0.0,0.010365176945924759,0.9404827356338501,0.04367947578430176,0.005472615361213684,0.0
mbj_bandgap::test::001291::JVASP-37251,0.0,-9.457905252929777e-05,-0.001918664341043197,-9.457905252929777e-05,0.3731960654258728,False,1.0,True,9.457905252929777e-05,9.457905252929777e-05,1,0.6440720558166504,0.5,0.0,0.5082204341888428,0.49177950620651245,0.45134371519088745,0.19417552649974823,0.33286505937576294,0.021615715697407722,0.0,0.4432853162288666,0.18744121491909027,0.35410407185554504,0.015169384889304638,0.0
mbj_bandgap::test::001292::JVASP-15716,0.0,0.0003530518151819706,0.0024522935089760223,0.0003530518151819706,0.38979533314704895,False,1.0,True,0.0003530518151819706,0.0003530518151819706,1,0.4945746958255768,0.5,0.0,0.5093306303024292,0.4906693398952484,0.41219812631607056,0.4056585729122162,0.10714896023273468,0.07499431073665619,0.0,0.4238824248313904,0.4096401631832123,0.07543114572763443,0.09104621410369873,0.0
mbj_bandgap::test::001293::JVASP-46044,5.376,5.27728271484375,5.330946877462727,5.330946877462727,0.5547129511833191,True,1.0,True,0.09871728515625033,0.045053122537273005,2,0.6160036325454712,0.6000000238418579,0.0,0.39997416734695435,0.6000258326530457,0.025911793112754822,0.8319808840751648,0.10502443462610245,0.03708289936184883,0.0,0.03080417774617672,0.8254203796386719,0.10304109752178192,0.04073427990078926,0.0
mbj_bandgap::test::001294::JVASP-8617,0.0,-0.0055917962454259396,-0.0139043904726742,-0.0055917962454259396,0.4007779657840729,False,1.0,True,0.0055917962454259396,0.0055917962454259396,1,0.97405606508255,0.699999988079071,0.0,0.568147599697113,0.4318523406982422,0.06218842417001724,0.6794686317443848,0.17945894598960876,0.07888397574424744,0.0,0.07240764796733856,0.7206252217292786,0.13746020197868347,0.06950695812702179,0.0
mbj_bandgap::test::001295::JVASP-110999,0.0,-0.003354595508426428,-0.00816604525529554,-0.003354595508426428,0.3923071026802063,False,1.0,True,0.003354595508426428,0.003354595508426428,1,0.7243279814720154,0.6000000238418579,0.0,0.5419076681137085,0.4580923616886139,0.3876728415489197,0.47302141785621643,0.13060040771961212,0.008705390617251396,0.0,0.34832388162612915,0.5129262208938599,0.13190555572509766,0.006844278424978256,0.0
mbj_bandgap::test::001296::JVASP-49808,7.108,6.961785316467285,6.937528584748181,6.937528584748181,0.549803614616394,True,1.0,True,0.1462146835327145,0.17047141525181875,2,0.18425677716732025,0.6000000238418579,0.0,0.3999069631099701,0.6000930070877075,0.03072287142276764,0.8652896881103516,0.061991166323423386,0.041996363550424576,0.0,0.02779250219464302,0.8757354617118835,0.056894101202487946,0.0395779050886631,0.0
mbj_bandgap::test::001297::JVASP-70876,0.0,0.06946404278278351,0.05016821968811318,0.06946404278278351,0.40655529499053955,False,1.0,True,0.06946404278278351,0.06946404278278351,1,0.7929670810699463,0.6000000238418579,0.0,0.5155538320541382,0.4844462275505066,0.6769633889198303,0.20534387230873108,0.08114434778690338,0.03654834255576134,0.0,0.712669312953949,0.18674735724925995,0.07532963901758194,0.025253672152757645,0.0
mbj_bandgap::test::001298::JVASP-99582,0.0,0.013378812931478024,-0.03637360680615329,0.013378812931478024,0.3873477578163147,False,1.0,True,0.013378812931478024,0.013378812931478024,1,1.0,0.6000000238418579,0.0,0.5548846125602722,0.445115327835083,0.21267232298851013,0.6871851682662964,0.0902526006102562,0.009889953769743443,0.0,0.22828248143196106,0.6692836284637451,0.09575294703245163,0.006680918391793966,0.0
mbj_bandgap::test::001299::JVASP-41120,4.627,1.5020322799682617,3.8553091243181696,3.8553091243181696,0.994782567024231,True,1.0,True,3.124967720031738,0.7716908756818301,2,1.0,0.6000000238418579,0.0,0.4160486161708832,0.5839513540267944,0.003658030182123184,0.9779729843139648,0.012425174936652184,0.005943819414824247,0.0,0.0024847497697919607,0.9753613471984863,0.012188801541924477,0.009965031407773495,0.0
mbj_bandgap::test::001300::JVASP-43081,1.889,1.7797313928604126,1.9010249085025812,1.9010249085025812,0.6361027956008911,True,1.0,True,0.10926860713958741,0.0120249085025812,2,0.5744417309761047,0.6000000238418579,0.0,0.4501233994960785,0.5498765707015991,0.014758978970348835,0.9561092257499695,0.017341507598757744,0.011790282092988491,0.0,0.01250729151070118,0.9601693153381348,0.015587130561470985,0.011736324056982994,0.0
mbj_bandgap::test::001301::JVASP-8739,0.0,0.00826056208461523,0.004643134287328809,0.00826056208461523,0.4041827619075775,False,1.0,True,0.00826056208461523,0.00826056208461523,1,0.4885227084159851,0.6000000238418579,0.0,0.5274873971939087,0.4725126326084137,0.48259276151657104,0.4082567095756531,0.10297999531030655,0.006170517764985561,0.0,0.49416956305503845,0.3978850841522217,0.10252051055431366,0.005424852948635817,0.0
mbj_bandgap::test::001302::JVASP-1591,3.43,2.217855930328369,2.4778391112771554,2.4778391112771554,0.6592275500297546,True,1.0,True,1.212144069671631,0.9521608887228448,2,0.9567874073982239,0.6000000238418579,0.0,0.42191100120544434,0.5780889987945557,0.005239454098045826,0.8866888880729675,0.09983646869659424,0.00823516771197319,0.0,0.0035562613047659397,0.8856989741325378,0.09978467226028442,0.01095996517688036,0.0
mbj_bandgap::test::001303::JVASP-47196,4.082,1.768718957901001,1.6873283699000428,1.6873283699000428,0.5524526238441467,True,1.0,True,2.313281042098999,2.394671630099957,2,0.7865945100784302,0.6000000238418579,0.0,0.44793081283569336,0.5520691871643066,0.013485690578818321,0.9278813600540161,0.039784111082553864,0.01884884014725685,0.0,0.010860024951398373,0.9271813631057739,0.04201466590166092,0.019943958148360252,0.0
mbj_bandgap::test::001304::JVASP-117952,0.0,0.025882793590426445,-0.00085005828502287,0.025882793590426445,0.3939717411994934,False,1.0,True,0.025882793590426445,0.025882793590426445,1,1.0,0.6000000238418579,0.0,0.5750353336334229,0.42496466636657715,0.06251151114702225,0.8551523089408875,0.06175577640533447,0.020580386742949486,0.0,0.046451468020677567,0.8860953450202942,0.052407730370759964,0.015045547857880592,0.0
mbj_bandgap::test::001305::JVASP-29700,0.014,0.6166731715202332,0.27023722617355656,0.27023722617355656,0.5393494963645935,True,1.0,True,0.6026731715202331,0.25623722617355654,1,1.0,0.6000000238418579,0.0,0.5505144000053406,0.4494856297969818,0.018757585436105728,0.9318217039108276,0.037721436470746994,0.011699297465384007,0.0,0.02265903167426586,0.937729001045227,0.032105911523103714,0.007506045047193766,0.0
mbj_bandgap::test::001306::JVASP-19909,0.0,0.11435230076313019,-0.07660533142867636,0.11435230076313019,0.4349665343761444,False,1.0,True,0.11435230076313019,0.11435230076313019,1,1.0,0.6000000238418579,0.0,0.5594373941421509,0.4405626356601715,0.14722050726413727,0.783875048160553,0.06141164153814316,0.007492769509553909,0.0,0.16306526958942413,0.7651763558387756,0.06449907273054123,0.007259342819452286,0.0
mbj_bandgap::test::001307::JVASP-103814,3.558,2.710357427597046,2.824428277295392,2.824428277295392,0.595942497253418,True,1.0,True,0.8476425724029539,0.7335717227046077,2,0.9506421685218811,0.6000000238418579,0.0,0.42369237542152405,0.5763076543807983,0.01000169850885868,0.9330824017524719,0.01091407798230648,0.04600182920694351,0.0,0.00682686734944582,0.9426239132881165,0.014446484856307507,0.03610268980264664,0.0
mbj_bandgap::test::001308::JVASP-25152,0.511,-0.0020554526709020138,0.18042529061959375,0.18042529061959375,0.4746725559234619,True,1.0,True,0.513055452670902,0.33057470938040623,1,1.0,0.6000000238418579,0.0,0.5087587833404541,0.4912412166595459,0.050701238214969635,0.869550347328186,0.033277545124292374,0.04647090286016464,0.0,0.045491017401218414,0.8777790069580078,0.02728554978966713,0.04944448173046112,0.0
mbj_bandgap::test::001309::JVASP-33818,2.288,2.7587640285491943,3.0517897245585983,3.0517897245585983,0.6785252690315247,True,1.0,True,0.4707640285491945,0.7637897245585985,2,0.9699246287345886,0.6000000238418579,0.0,0.43525123596191406,0.5647487640380859,0.031539469957351685,0.8953679800033569,0.06062901020050049,0.012463496997952461,0.0,0.028282124549150467,0.899300754070282,0.06195821613073349,0.010458962060511112,0.0
mbj_bandgap::test::001310::JVASP-10216,1.135,0.9835624694824219,1.1276360756492294,1.1276360756492294,0.5648565888404846,True,1.0,True,0.15143753051757813,0.007363924350770601,2,1.0,0.6000000238418579,0.0,0.4424169659614563,0.5575830936431885,0.035566721111536026,0.9242305755615234,0.03438977152109146,0.005812967661768198,0.0,0.03214450553059578,0.9223970174789429,0.03943541273474693,0.006023055873811245,0.0
mbj_bandgap::test::001311::JVASP-70868,1.604,1.244823932647705,1.2021625132240787,1.2021625132240787,0.5739359855651855,True,1.0,True,0.359176067352295,0.40183748677592135,2,0.36226731538772583,0.6000000238418579,0.0,0.4661172330379486,0.533882737159729,0.018178749829530716,0.9546624422073364,0.018651288002729416,0.008507507853209972,0.0,0.01684362068772316,0.956042468547821,0.016576487571001053,0.010537463240325451,0.0
mbj_bandgap::test::001312::JVASP-18468,0.0,0.43999963998794556,-0.01219025249179464,-0.012190252491794618,0.5662033557891846,True,1.0,True,0.43999963998794556,0.012190252491794618,1,1.0,0.699999988079071,0.0,0.5692231059074402,0.4307768940925598,0.011808425188064575,0.8986952900886536,0.06149126961827278,0.02800498530268669,0.0,0.014030682854354382,0.9144183397293091,0.055443547666072845,0.01610744558274746,0.0
mbj_bandgap::test::001313::JVASP-48445,0.0,0.00023408095876220614,-0.06275785062251589,0.00023408095876220614,0.43801745772361755,False,1.0,True,0.00023408095876220614,0.00023408095876220614,1,0.9500554203987122,0.800000011920929,0.0,0.593532383441925,0.4064676761627197,0.04442260041832924,0.8207902908325195,0.08933396637439728,0.04545315355062485,0.0,0.04052198678255081,0.8272153735160828,0.08207330852746964,0.050189308822155,0.0
mbj_bandgap::test::001314::JVASP-14833,0.0,0.0003783241845667362,-0.0017959093812560667,0.0003783241845667362,0.3690325915813446,False,1.0,True,0.0003783241845667362,0.0003783241845667362,1,0.77537602186203,0.6000000238418579,0.0,0.5244061350822449,0.47559380531311035,0.4365326762199402,0.3305280804634094,0.20974504947662354,0.023194167762994766,0.0,0.44895806908607483,0.3226173520088196,0.20744681358337402,0.020977744832634926,0.0
mbj_bandgap::test::001315::JVASP-120361,2.347,2.3527414798736572,2.1854018179285513,2.1854018179285513,0.5882132053375244,True,1.0,True,0.005741479873657251,0.16159818207144871,2,0.7654752135276794,0.6000000238418579,0.0,0.4194778800010681,0.5805220603942871,0.03576701134443283,0.9393455386161804,0.021667441353201866,0.0032199565321207047,0.0,0.03207170590758324,0.9456928968429565,0.018006887286901474,0.004228446166962385,0.0
mbj_bandgap::test::001316::JVASP-17795,0.0,-0.00020913917978759855,-0.00434465219056559,-0.00020913917978759855,0.3618590235710144,False,1.0,True,0.00020913917978759855,0.00020913917978759855,1,0.8196390271186829,0.5,0.0,0.5122023224830627,0.48779764771461487,0.3903470039367676,0.2196355164051056,0.3387322425842285,0.05128519609570503,0.0,0.39419442415237427,0.22360357642173767,0.33779284358024597,0.044409144669771194,0.0
mbj_bandgap::test::001317::JVASP-35788,0.0,0.00037188688293099403,-0.007004998075410218,0.00037188688293099403,0.3648095428943634,False,1.0,True,0.00037188688293099403,0.00037188688293099403,1,0.931896448135376,0.6000000238418579,0.0,0.5618664026260376,0.43813356757164,0.41863250732421875,0.2765578627586365,0.2949710786342621,0.009838482365012169,0.0,0.42524710297584534,0.2817094326019287,0.28408282995224,0.008960624225437641,0.0
mbj_bandgap::test::001318::JVASP-10702,5.046,4.933473587036133,5.091749922531545,5.091749922531545,0.595859706401825,True,1.0,True,0.11252641296386745,0.04574992253154431,2,0.9527260661125183,0.6000000238418579,0.0,0.40012961626052856,0.5998703837394714,0.013896736316382885,0.8953052759170532,0.05921253561973572,0.03158548101782799,0.0,0.01253895927220583,0.8982795476913452,0.062446631491184235,0.026734869927167892,0.0
mbj_bandgap::test::001319::JVASP-41297,8.85,7.869035243988037,8.084390188421079,8.084390188421079,0.6001198291778564,True,1.0,True,0.9809647560119625,0.7656098115789209,2,0.9912327527999878,0.6000000238418579,0.0,0.3998485505580902,0.6001514196395874,0.03241044655442238,0.8987311124801636,0.032967232167720795,0.03589111566543579,0.0,0.036422163248062134,0.8992334604263306,0.03787393495440483,0.02647041156888008,0.0
mbj_bandgap::test::001320::JVASP-14816,0.0,0.0004637972451746464,-0.00015139396713379494,0.0004637972451746464,0.4063105583190918,False,1.0,True,0.0004637972451746464,0.0004637972451746464,1,0.5528352856636047,0.6000000238418579,0.0,0.5253928303718567,0.4746071398258209,0.529133677482605,0.32233917713165283,0.11149787902832031,0.03702929988503456,0.0,0.5665203332901001,0.3170880675315857,0.0846380740404129,0.0317535400390625,0.0
mbj_bandgap::test::001321::JVASP-120339,0.0,-0.0024800761602818966,-0.015200902299089991,-0.0024800761602818966,0.4291449785232544,False,1.0,True,0.0024800761602818966,0.0024800761602818966,1,0.6276442408561707,0.6000000238418579,0.0,0.5561233758926392,0.44387659430503845,0.040494825690984726,0.9284194707870483,0.013627615757286549,0.01745806261897087,0.0,0.031824227422475815,0.9354974627494812,0.011453299783170223,0.021224945783615112,0.0
mbj_bandgap::test::001322::JVASP-1912,1.319,1.3428750038146973,1.2356498786545669,1.2356498786545669,0.5569626092910767,True,1.0,True,0.023875003814697315,0.08335012134543307,2,0.8483557105064392,0.6000000238418579,0.0,0.45920029282569885,0.5407997369766235,0.011289874091744423,0.9460433125495911,0.01866133138537407,0.024005485698580742,0.0,0.009375549852848053,0.9330433011054993,0.01994835026562214,0.037632815539836884,0.0
mbj_bandgap::test::001323::JVASP-111110,1.719,2.0166232585906982,1.8901686511158995,1.8901686511158995,0.5613558888435364,True,1.0,True,0.29762325859069816,0.1711686511158994,2,1.0,0.5,0.0,0.45089298486709595,0.5491070747375488,0.03069821372628212,0.8994113802909851,0.02855302020907402,0.041337333619594574,0.0,0.03187165409326553,0.8922520875930786,0.033523079007864,0.04235322028398514,0.0
mbj_bandgap::test::001324::JVASP-10582,0.664,0.7778645157814026,0.724977359207837,0.724977359207837,0.5106272101402283,True,1.0,True,0.11386451578140255,0.06097735920783698,1,0.6552784442901611,0.699999988079071,0.0,0.531779408454895,0.4682205617427826,0.028075065463781357,0.9358854293823242,0.02932002581655979,0.006719497032463551,0.0,0.02555624209344387,0.9401308298110962,0.027938416227698326,0.00637452770024538,0.0
mbj_bandgap::test::001325::JVASP-121071,1.724,1.13352370262146,1.479645031790362,1.479645031790362,0.6666447520256042,True,1.0,True,0.59047629737854,0.24435496820963798,2,1.0,0.5,0.0,0.45642590522766113,0.5435742139816284,0.025484230369329453,0.9364452362060547,0.03172896429896355,0.00634152302518487,0.0,0.022012609988451004,0.9359000325202942,0.03798731416463852,0.0041000316850841045,0.0
mbj_bandgap::test::001326::JVASP-4276,0.162,0.0005508200265467167,-0.058768633339743734,0.0005508200265467167,0.4314938485622406,False,1.0,True,0.1614491799734533,0.1614491799734533,1,1.0,0.699999988079071,0.0,0.6017226576805115,0.3982773423194885,0.0264830831438303,0.8951605558395386,0.05545259639620781,0.022903788834810257,0.0,0.029707785695791245,0.8963371515274048,0.05483783036470413,0.019117258489131927,0.0
mbj_bandgap::test::001327::JVASP-30289,0.0,0.0003294483758509159,-0.00818461830759618,0.0003294483758509159,0.37803614139556885,False,1.0,True,0.0003294483758509159,0.0003294483758509159,1,0.9537148475646973,0.5,0.0,0.5383692979812622,0.4616307318210602,0.06612776964902878,0.6475351452827454,0.23214712738990784,0.05418989062309265,0.0,0.0632493793964386,0.6887056231498718,0.19590416550636292,0.052140843123197556,0.0
mbj_bandgap::test::001328::JVASP-15015,0.0,-0.0021225675009191036,-0.0032175760949405994,-0.0021225675009191036,0.40207353234291077,False,1.0,True,0.0021225675009191036,0.0021225675009191036,1,0.3382072150707245,0.6000000238418579,0.0,0.5192016363143921,0.48079830408096313,0.496005117893219,0.25635451078414917,0.21214039623737335,0.035499997437000275,0.0,0.4357956051826477,0.29708272218704224,0.2312043160200119,0.03591737896203995,0.0
mbj_bandgap::test::001329::JVASP-25111,0.0,0.23823650181293488,0.15717845628552166,0.23823650181293488,0.4241051971912384,False,1.0,True,0.23823650181293488,0.23823650181293488,1,0.9371394515037537,0.6000000238418579,0.0,0.5402370691299438,0.45976296067237854,0.03425218537449837,0.8048475980758667,0.14486965537071228,0.016030538827180862,0.0,0.03517503663897514,0.8037204742431641,0.14527778327465057,0.015826640650629997,0.0
mbj_bandgap::test::001330::JVASP-8679,6.52,5.9613871574401855,6.138348702576534,6.138348702576534,0.5881114602088928,True,1.0,True,0.558612842559814,0.38165129742346515,2,1.0,0.6000000238418579,0.0,0.39997342228889465,0.6000266075134277,0.03301152586936951,0.8213214874267578,0.13338804244995117,0.012278972193598747,0.0,0.04459394887089729,0.8236039280891418,0.12038753926753998,0.011414570733904839,0.0
mbj_bandgap::test::001331::JVASP-62986,0.0,-0.004170940723270178,-0.010322448489842363,-0.004170940723270178,0.3739522397518158,False,1.0,True,0.004170940723270178,0.004170940723270178,1,0.8375160694122314,0.5,0.0,0.5383435487747192,0.4616564214229584,0.29750075936317444,0.515518069267273,0.156046524643898,0.030934583395719528,0.0,0.30450278520584106,0.5141652822494507,0.1559223234653473,0.025409679859876633,0.0
mbj_bandgap::test::001332::JVASP-38275,1.034,1.3246519565582275,1.1290058646860621,1.1290058646860621,0.5700016617774963,True,1.0,True,0.2906519565582275,0.09500586468606209,2,0.9841437339782715,0.6000000238418579,0.0,0.442915678024292,0.557084321975708,0.12827526032924652,0.8404003381729126,0.029929187148809433,0.0013952183071523905,0.0,0.1256217509508133,0.8415557742118835,0.031569674611091614,0.00125277996994555,0.0
mbj_bandgap::test::001333::JVASP-74092,0.0,-0.0008167489431798458,-0.005734072358269016,-0.0008167489431798458,0.37365660071372986,False,1.0,True,0.0008167489431798458,0.0008167489431798458,1,0.8313632607460022,0.699999988079071,0.0,0.5074179768562317,0.4925820231437683,0.42922234535217285,0.19869956374168396,0.3668104410171509,0.005267659667879343,0.0,0.4353397488594055,0.2081952542066574,0.3512522280216217,0.005212797783315182,0.0
mbj_bandgap::test::001334::JVASP-28409,1.229,1.1734462976455688,1.4623273027883614,1.4623273027883614,0.6451528072357178,True,1.0,True,0.055553702354431245,0.23332730278836133,2,1.0,0.6000000238418579,0.0,0.4493311941623688,0.5506688356399536,0.0477297268807888,0.9038223028182983,0.04052898287773132,0.007918952032923698,0.0,0.05478205531835556,0.8902533650398254,0.05030045658349991,0.00466409744694829,0.0
mbj_bandgap::test::001335::JVASP-170,7.72,7.24271297454834,7.262044567492644,7.262044567492644,0.5574018955230713,True,1.0,True,0.4772870254516599,0.4579554325073554,2,0.21490320563316345,0.6000000238418579,0.0,0.399976521730423,0.6000234484672546,0.035236187279224396,0.8575161695480347,0.09890986233949661,0.00833769328892231,0.0,0.043436016887426376,0.8568632006645203,0.08999444544315338,0.009706336073577404,0.0
mbj_bandgap::test::001336::JVASP-70106,0.0,0.0003561512567102909,-0.0557232195874446,0.0003561512567102909,0.3795347213745117,False,1.0,True,0.0003561512567102909,0.0003561512567102909,1,0.9919566512107849,0.6000000238418579,0.0,0.5438119769096375,0.45618802309036255,0.18299101293087006,0.642074704170227,0.13573652505874634,0.03919769823551178,0.0,0.2344655692577362,0.607724666595459,0.13353672623634338,0.024273056536912918,0.0
mbj_bandgap::test::001337::JVASP-22716,8.502,8.650408744812012,8.510524342738574,8.510524342738574,0.5224215388298035,True,1.0,True,0.14840874481201105,0.008524342738573054,2,0.7475717067718506,0.6000000238418579,0.0,0.3999175429344177,0.6000823974609375,0.029267121106386185,0.8464657068252563,0.09856843203306198,0.025698745623230934,0.0,0.032679881900548935,0.8425503969192505,0.09740476310253143,0.02736498974263668,0.0
mbj_bandgap::test::001338::JVASP-74434,0.0,0.0002659098245203495,0.0001811281025942968,0.0002659098245203495,0.41739416122436523,False,1.0,True,0.0002659098245203495,0.0002659098245203495,1,0.033994171768426895,0.6000000238418579,0.0,0.5142551064491272,0.4857448935508728,0.4216126799583435,0.2534422278404236,0.30972906947135925,0.015216052532196045,0.0,0.37459954619407654,0.2769467830657959,0.33353471755981445,0.014918972738087177,0.0
mbj_bandgap::test::001339::JVASP-4633,4.176,2.9551265239715576,2.825035989681333,2.825035989681333,0.5787917375564575,True,1.0,True,1.2208734760284425,1.350964010318667,2,0.9788744449615479,0.6000000238418579,0.0,0.4030289649963379,0.5969710946083069,0.02489226683974266,0.935293972492218,0.027858486399054527,0.011955315247178078,0.0,0.02828540839254856,0.9319038391113281,0.02873283065855503,0.011077887378633022,0.0
mbj_bandgap::test::001340::JVASP-40592,0.0,-0.00025896867737174034,-0.003813152941781239,-0.00025896867737174034,0.38257262110710144,False,1.0,True,0.00025896867737174034,0.00025896867737174034,1,0.787024736404419,0.6000000238418579,0.0,0.533096432685852,0.46690359711647034,0.47959738969802856,0.3776989281177521,0.12267426401376724,0.020029466599225998,0.0,0.49238547682762146,0.36640554666519165,0.12674984335899353,0.014459083788096905,0.0
mbj_bandgap::test::001341::JVASP-107083,0.0,0.0002791420556604862,-0.01346065922477353,0.0002791420556604862,0.41464972496032715,False,1.0,True,0.0002791420556604862,0.0002791420556604862,1,0.8670147657394409,0.6000000238418579,0.0,0.5765857696533203,0.4234141707420349,0.09388847649097443,0.849949836730957,0.029256779700517654,0.02690494991838932,0.0,0.09635518491268158,0.8562408685684204,0.022030239924788475,0.025373827666044235,0.0
mbj_bandgap::test::001342::JVASP-103355,2.08,2.562220573425293,1.2261486953234766,1.2261486953234766,0.781688928604126,True,1.0,True,0.4822205734252929,0.8538513046765235,2,1.0,0.6000000238418579,0.0,0.43451958894729614,0.5654804110527039,0.02152501419186592,0.8830893635749817,0.033082135021686554,0.06230354309082031,0.0,0.017362426966428757,0.9184626340866089,0.0321202278137207,0.03205456584692001,0.0
mbj_bandgap::test::001343::JVASP-42830,0.0,-6.978352030273527e-05,-0.021968497038657952,-6.978352030273527e-05,0.4225374758243561,False,1.0,True,6.978352030273527e-05,6.978352030273527e-05,1,0.8753181099891663,0.800000011920929,0.0,0.579967200756073,0.420032799243927,0.03437172621488571,0.7272194623947144,0.09713126718997955,0.1412775069475174,0.0,0.038486089557409286,0.7268548011779785,0.07654804736375809,0.15811105072498322,0.0
mbj_bandgap::test::001344::JVASP-29638,3.016,3.389313220977783,3.3015414905185496,3.3015414905185496,0.5556566119194031,True,1.0,True,0.3733132209777832,0.2855414905185496,2,0.9460490345954895,0.6000000238418579,0.0,0.41861575841903687,0.5813843011856079,0.016969040036201477,0.9099254608154297,0.06566376239061356,0.007441749330610037,0.0,0.016118120402097702,0.912686824798584,0.062097132205963135,0.009097944013774395,0.0
mbj_bandgap::test::001345::JVASP-65511,0.0,0.0002564922906458378,-0.0071564909753177195,0.0002564922906458378,0.3634568154811859,False,1.0,True,0.0002564922906458378,0.0002564922906458378,1,0.8254979848861694,0.5,0.0,0.5378168821334839,0.4621831774711609,0.3172323703765869,0.1812889277935028,0.48517411947250366,0.01630459725856781,0.0,0.27842605113983154,0.17393392324447632,0.5360023975372314,0.01163762342184782,0.0
mbj_bandgap::test::001346::JVASP-11679,0.0,-0.001956032123416662,-0.025785034570238063,-0.001956032123416662,0.4110788404941559,False,1.0,True,0.001956032123416662,0.001956032123416662,1,0.8271602988243103,0.5,0.0,0.5626161694526672,0.4373839497566223,0.0109663475304842,0.8597275018692017,0.10439890623092651,0.024907225742936134,0.0,0.00711928540840745,0.9026657938957214,0.06955279409885406,0.020662009716033936,0.0
mbj_bandgap::test::001347::JVASP-102251,3.199,2.2937726974487305,1.987121287535518,1.987121287535518,0.5909425020217896,True,1.0,True,0.9052273025512694,1.2118787124644819,2,1.0,0.6000000238418579,0.0,0.44143977761268616,0.5585602521896362,0.013987822458148003,0.9294193983078003,0.03692179173231125,0.01967092975974083,0.0,0.01135559193789959,0.9278820753097534,0.040443673729896545,0.020318713039159775,0.0
mbj_bandgap::test::001348::JVASP-79535,0.0,-0.003326700534671545,-0.008051611737008347,-0.003326700534671545,0.34847700595855713,False,1.0,True,0.003326700534671545,0.003326700534671545,1,0.8893560767173767,0.5,0.0,0.5250014066696167,0.4749986231327057,0.42112264037132263,0.2082711160182953,0.33985430002212524,0.030751949176192284,0.0,0.4196157455444336,0.2056768238544464,0.338692307472229,0.036015111953020096,0.0
mbj_bandgap::test::001349::JVASP-109940,0.0,3.118674794677645e-05,-0.0021529887484214028,3.118674794677645e-05,0.37582799792289734,False,1.0,True,3.118674794677645e-05,3.118674794677645e-05,1,0.7369900345802307,0.5,0.0,0.5251082181930542,0.4748918116092682,0.36529386043548584,0.5172780752182007,0.09830044209957123,0.01912761852145195,0.0,0.34824874997138977,0.5318156480789185,0.10374812036752701,0.016187483444809914,0.0
mbj_bandgap::test::001350::JVASP-54744,1.042,1.7766751050949097,1.0053624113961557,1.0053624113961557,0.7022274732589722,True,1.0,True,0.7346751050949096,0.03663758860384436,2,1.0,0.6000000238418579,0.0,0.45202675461769104,0.5479732155799866,0.004744645208120346,0.9407199621200562,0.033193930983543396,0.02134147845208645,0.0,0.002054642653092742,0.9433180689811707,0.03308090940117836,0.021546384319663048,0.0
mbj_bandgap::test::001351::JVASP-59552,7.358,8.104905128479004,7.640520266792332,7.640520266792332,0.565934956073761,True,1.0,True,0.7469051284790043,0.2825202667923321,2,1.0,0.6000000238418579,0.0,0.3994452953338623,0.6005547046661377,0.05051209777593613,0.7845467329025269,0.13046123087406158,0.03447989374399185,0.0,0.05665434151887894,0.781627357006073,0.12675224244594574,0.0349661186337471,0.0
mbj_bandgap::test::001352::JVASP-3066,0.567,0.9824450016021729,0.7494697220413045,0.7494697220413045,0.534644603729248,True,1.0,True,0.4154450016021729,0.18246972204130452,1,1.0,0.6000000238418579,0.0,0.5665830373764038,0.43341702222824097,0.3381006121635437,0.6321936845779419,0.023078802973031998,0.0066269440576434135,0.0,0.31575876474380493,0.6584782600402832,0.020183399319648743,0.005579567980021238,0.0
mbj_bandgap::test::001353::JVASP-2050,2.277,2.149179697036743,2.496395018136016,2.496395018136016,0.6913013458251953,True,1.0,True,0.12782030296325697,0.2193950181360158,2,1.0,0.6000000238418579,0.0,0.44774213433265686,0.5522578358650208,0.08837498724460602,0.7640953660011292,0.12394027411937714,0.023589398711919785,0.0,0.07002709805965424,0.7971819043159485,0.11229144036769867,0.02049958147108555,0.0
mbj_bandgap::test::001354::JVASP-74012,0.0,-0.0006250604055821896,-0.008434140661409639,-0.0006250604055821896,0.3660810589790344,False,1.0,True,0.0006250604055821896,0.0006250604055821896,1,0.8516170978546143,0.5,0.0,0.5210462808609009,0.47895365953445435,0.48031750321388245,0.30308279395103455,0.19139507412910461,0.025204697623848915,0.0,0.47951602935791016,0.30366215109825134,0.1905643343925476,0.0262574702501297,0.0
mbj_bandgap::test::001355::JVASP-37401,0.0,-0.001540945377200842,-0.004967188334678907,-0.001540945377200842,0.38139915466308594,False,1.0,True,0.001540945377200842,0.001540945377200842,1,0.7862749099731445,0.699999988079071,0.0,0.5114029049873352,0.48859721422195435,0.4355621337890625,0.2143353670835495,0.30829134583473206,0.04181111603975296,0.0,0.44765153527259827,0.21723143756389618,0.29346904158592224,0.04164794832468033,0.0
mbj_bandgap::test::001356::JVASP-107362,0.0,0.00065965810790658,-0.0008872951376104777,0.00065965810790658,0.38500842452049255,False,1.0,True,0.00065965810790658,0.00065965810790658,1,0.7194545865058899,0.6000000238418579,0.0,0.5224109888076782,0.477588951587677,0.5042495131492615,0.33369481563568115,0.14101730287075043,0.021038364619016647,0.0,0.5112171769142151,0.3329628109931946,0.132252499461174,0.02356748841702938,0.0
mbj_bandgap::test::001357::JVASP-107981,1.822,0.25207453966140747,1.5088716049993698,1.5088716049993698,0.9000633358955383,True,1.0,True,1.5699254603385926,0.3131283950006303,2,1.0,0.6000000238418579,0.0,0.43176865577697754,0.5682312846183777,0.06003395467996597,0.8265398740768433,0.09587663412094116,0.017549442127346992,0.0,0.08165890723466873,0.8068364262580872,0.09334605187177658,0.01815873384475708,0.0
mbj_bandgap::test::001358::JVASP-3708,4.838,4.707743167877197,4.699400262859875,4.699400262859875,0.5723171234130859,True,1.0,True,0.1302568321228028,0.13859973714012508,2,0.15262021124362946,0.6000000238418579,0.0,0.400906503200531,0.5990934371948242,0.050458990037441254,0.8071213960647583,0.12232740968465805,0.020092211663722992,0.0,0.05596081539988518,0.8119397163391113,0.11954814195632935,0.012551273219287395,0.0
mbj_bandgap::test::001359::JVASP-47611,0.0,-0.0025128587149083614,-0.06827760858886411,-0.0025128587149083614,0.423994243144989,False,1.0,True,0.0025128587149083614,0.0025128587149083614,1,0.9684739708900452,0.699999988079071,0.0,0.5926039218902588,0.407396137714386,0.02812420204281807,0.8369973301887512,0.07158021628856659,0.063298299908638,0.0,0.0294699277728796,0.8463907241821289,0.06325507164001465,0.060884226113557816,0.0
mbj_bandgap::test::001360::JVASP-41044,0.0,-0.00036709150299429893,-0.0016025408739686942,-0.00036709150299429893,0.41523951292037964,False,1.0,True,0.00036709150299429893,0.00036709150299429893,1,0.5478464961051941,0.800000011920929,0.0,0.5398303270339966,0.4601697325706482,0.36056622862815857,0.4697001576423645,0.13192738592624664,0.037806183099746704,0.0,0.36746999621391296,0.4765346944332123,0.12472565472126007,0.03126963973045349,0.0
mbj_bandgap::test::001361::JVASP-105519,0.0,-0.00014762718637939543,-0.0016332337953496312,-0.00014762718637939543,0.408025860786438,False,1.0,True,0.00014762718637939543,0.00014762718637939543,1,0.38366660475730896,0.6000000238418579,0.0,0.5271846055984497,0.4728153347969055,0.515889048576355,0.2889612317085266,0.16367927193641663,0.03147033601999283,0.0,0.503181517124176,0.30876660346984863,0.16559307277202606,0.022458763793110847,0.0
mbj_bandgap::test::001362::JVASP-36689,1.643,1.8994367122650146,1.6709703871658323,1.6709703871658323,0.572552502155304,True,1.0,True,0.25643671226501463,0.027970387165832333,2,1.0,0.5,0.0,0.45204639434814453,0.5479536056518555,0.024683048948645592,0.940228283405304,0.022642411291599274,0.012446248903870583,0.0,0.028869207948446274,0.9396122694015503,0.02183181792497635,0.009686711244285107,0.0
mbj_bandgap::test::001363::JVASP-3906,4.445,4.406977653503418,4.347038668027391,4.347038668027391,0.5414965748786926,True,1.0,True,0.038022346496582315,0.09796133197260914,2,1.0,0.6000000238418579,0.0,0.4008979797363281,0.5991020798683167,0.01829659752547741,0.8588102459907532,0.1169983372092247,0.005894867703318596,0.0,0.01983492821455002,0.872191309928894,0.10106144100427628,0.0069123259745538235,0.0
mbj_bandgap::test::001364::JVASP-9955,0.0,0.006774379406124353,-0.01040997534220398,0.006774379406124353,0.40746307373046875,False,1.0,True,0.006774379406124353,0.006774379406124353,1,0.9895385503768921,0.6000000238418579,0.0,0.5832714438438416,0.41672858595848083,0.030202385038137436,0.8332113027572632,0.08654337376356125,0.050042927265167236,0.0,0.026870286092162132,0.8372936248779297,0.08301843702793121,0.05281759425997734,0.0
mbj_bandgap::test::001365::JVASP-64784,0.0,0.013655497692525387,-0.002133054690426084,0.013655497692525387,0.35958436131477356,False,1.0,True,0.013655497692525387,0.013655497692525387,1,0.9922645092010498,0.6000000238418579,0.0,0.531043529510498,0.46895647048950195,0.38863036036491394,0.38204723596572876,0.16945350170135498,0.05986889451742172,0.0,0.44059333205223083,0.339000403881073,0.167612224817276,0.052794020622968674,0.0
mbj_bandgap::test::001366::JVASP-56652,4.298,4.1853928565979,4.299818168246825,4.299818168246825,0.5688749551773071,True,1.0,True,0.11260714340209965,0.0018181682468245697,2,0.9828072190284729,0.6000000238418579,0.0,0.4012124538421631,0.5987875461578369,0.01761576347053051,0.8381023406982422,0.10009052604436874,0.04419129341840744,0.0,0.018139373511075974,0.8513767123222351,0.09527479112148285,0.03520907461643219,0.0
mbj_bandgap::test::001367::JVASP-25320,0.0,-0.0013448460958898067,-0.0031003918563583532,-0.0013448460958898067,0.3781930208206177,False,1.0,True,0.0013448460958898067,0.0013448460958898067,1,0.59818434715271,0.5,0.0,0.5084370970726013,0.4915629029273987,0.5703226923942566,0.3060365319252014,0.06704194843769073,0.056598830968141556,0.0,0.5569926500320435,0.3261798918247223,0.04142265394330025,0.07540486752986908,0.0
mbj_bandgap::test::001368::JVASP-36857,0.0,0.001157237682491541,-0.03046194775765314,0.001157237682491541,0.4102594256401062,False,1.0,True,0.001157237682491541,0.001157237682491541,1,0.9921465516090393,0.6000000238418579,0.0,0.5775058269500732,0.42249417304992676,0.035302020609378815,0.8593481183052063,0.05386184900999069,0.051487963646650314,0.0,0.032585952430963516,0.8554039001464844,0.047485098242759705,0.06452502310276031,0.0
mbj_bandgap::test::001369::JVASP-36466,0.26,1.3613481521606445,1.1878885429596306,1.1878885429596306,0.5757877826690674,True,1.0,True,1.1013481521606445,0.9278885429596306,2,0.76800137758255,0.6000000238418579,0.0,0.47012224793434143,0.529877781867981,0.07904968410730362,0.880439281463623,0.03438880667090416,0.00612226314842701,0.0,0.08302270621061325,0.8786633610725403,0.03514988347887993,0.0031640552915632725,0.0
mbj_bandgap::test::001370::JVASP-39215,0.0,0.00035221735015511513,-0.004495525862716154,0.00035221735015511513,0.37133651971817017,False,1.0,True,0.00035221735015511513,0.00035221735015511513,1,0.8189561367034912,0.5,0.0,0.5165707468986511,0.4834292531013489,0.44848665595054626,0.24626322090625763,0.28200265765190125,0.023247387260198593,0.0,0.48116931319236755,0.23628480732440948,0.26221591234207153,0.020330023020505905,0.0
mbj_bandgap::test::001371::JVASP-36314,0.0,0.00023002784291747957,-0.013469489484799313,0.00023002784291747957,0.40273040533065796,False,1.0,True,0.00023002784291747957,0.00023002784291747957,1,0.8193831443786621,0.5,0.0,0.6074004173278809,0.39259958267211914,0.11368653923273087,0.7611976265907288,0.0908295214176178,0.034286316484212875,0.0,0.10269755125045776,0.7936716079711914,0.0719984918832779,0.031632374972105026,0.0
mbj_bandgap::test::001372::JVASP-69364,0.0,-0.0014467700384557247,-0.08551749428462559,-0.0014467700384557247,0.3753383755683899,False,1.0,True,0.0014467700384557247,0.0014467700384557247,1,1.0,0.5,0.0,0.5799804925918579,0.4200194776058197,0.3282867670059204,0.4610167443752289,0.18379810452461243,0.026898305863142014,0.0,0.383074551820755,0.4111160635948181,0.18330346047878265,0.02250589057803154,0.0
mbj_bandgap::test::001373::JVASP-8211,1.158,1.531366229057312,1.5301281859447247,1.5301281859447247,0.6092522740364075,True,1.0,True,0.3733662290573121,0.37212818594472474,2,0.03442448377609253,0.6000000238418579,0.0,0.42844638228416443,0.5715535879135132,0.08377601951360703,0.8635643720626831,0.04409255459904671,0.00856699701398611,0.0,0.07222836464643478,0.8754671812057495,0.04258950427174568,0.00971492100507021,0.0
mbj_bandgap::test::001374::JVASP-19863,0.0,1.6524005332030356e-05,0.0009835915257569105,1.6524005332030356e-05,0.41357243061065674,False,1.0,True,1.6524005332030356e-05,1.6524005332030356e-05,1,0.4111422002315521,0.5,0.0,0.5065417885780334,0.49345821142196655,0.7391036748886108,0.1337563544511795,0.08398111909627914,0.04315889626741409,0.0,0.7496482133865356,0.15232762694358826,0.07038359344005585,0.02764054574072361,0.0
mbj_bandgap::test::001375::JVASP-15924,0.0,0.007111741695553064,-0.2169567779865281,0.007111741695553064,0.43683916330337524,False,1.0,True,0.007111741695553064,0.007111741695553064,1,1.0,0.800000011920929,0.0,0.6189521551132202,0.3810478150844574,0.14627356827259064,0.372359961271286,0.46524086594581604,0.016125623136758804,0.0,0.16905467212200165,0.2777177393436432,0.5378376245498657,0.015389934182167053,0.0
mbj_bandgap::test::001376::JVASP-40306,1.425,1.3829652070999146,1.3885601606487312,1.3885601606487312,0.5858240127563477,True,1.0,True,0.042034792900085494,0.03643983935126882,2,0.13415874540805817,0.6000000238418579,0.0,0.4180256724357605,0.5819743275642395,0.16135813295841217,0.7920450568199158,0.0454038567841053,0.0011929699685424566,0.0,0.16690006852149963,0.7878654599189758,0.044301051646471024,0.0009333781781606376,0.0
mbj_bandgap::test::001377::JVASP-14774,0.0,0.0055787102319300175,0.004794714406533696,0.0055787102319300175,0.3847014307975769,False,1.0,True,0.0055787102319300175,0.0055787102319300175,1,0.4802161455154419,0.5,0.0,0.5230444073677063,0.4769555926322937,0.45131444931030273,0.27743005752563477,0.2595972418785095,0.011658301576972008,0.0,0.48835501074790955,0.31769877672195435,0.18567006289958954,0.008276144042611122,0.0
mbj_bandgap::test::001378::JVASP-11300,4.722,4.715379238128662,4.835598446088707,4.835598446088707,0.5752519965171814,True,1.0,True,0.00662076187133831,0.11359844608870695,2,0.9242552518844604,0.6000000238418579,0.0,0.40006083250045776,0.5999391078948975,0.02187073603272438,0.8913276791572571,0.07469084113836288,0.012110752053558826,0.0,0.025385618209838867,0.889748752117157,0.07110229134559631,0.013763276860117912,0.0
mbj_bandgap::test::001379::JVASP-1390,4.958,4.634283065795898,4.795646189977292,4.795646189977292,0.5916364192962646,True,1.0,True,0.32371693420410175,0.162353810022708,2,1.0,0.6000000238418579,0.0,0.4000198245048523,0.5999802350997925,0.017571287229657173,0.9092122316360474,0.06127222254872322,0.011944418773055077,0.0,0.016335178166627884,0.9180841445922852,0.05748458951711655,0.008096026256680489,0.0
mbj_bandgap::test::001380::JVASP-106027,0.0,-0.0010009272955358028,-0.0051191215271074505,-0.0010009272955358028,0.41716983914375305,False,1.0,True,0.0010009272955358028,0.0010009272955358028,1,0.5284467935562134,0.800000011920929,0.0,0.5328690409660339,0.46713095903396606,0.3750670850276947,0.4686819016933441,0.12508822977542877,0.031162727624177933,0.0,0.3712092339992523,0.4892521798610687,0.10818976163864136,0.03134886920452118,0.0
mbj_bandgap::test::001381::JVASP-7974,1.426,1.3320238590240479,1.2584999946071647,1.2584999946071647,0.5542579889297485,True,1.0,True,0.09397614097595208,0.16750000539283527,2,0.6199447512626648,0.6000000238418579,0.0,0.4820132851600647,0.5179866552352905,0.1793869435787201,0.7853558659553528,0.025849174708127975,0.009408021345734596,0.0,0.15538854897022247,0.8096916079521179,0.025366464629769325,0.009553292766213417,0.0
mbj_bandgap::test::001382::JVASP-11596,0.0,-0.0002164109464501962,-0.040800071049767885,-0.0002164109464501962,0.38823801279067993,False,1.0,True,0.0002164109464501962,0.0002164109464501962,1,0.9897099137306213,0.5,0.0,0.5541828274726868,0.44581717252731323,0.01993645541369915,0.8401831388473511,0.11620563268661499,0.02367480844259262,0.0,0.023218577727675438,0.8457522392272949,0.09738902002573013,0.03364012390375137,0.0
mbj_bandgap::test::001383::JVASP-32742,1.761,2.1340837478637695,2.008785948329872,2.008785948329872,0.5771316885948181,True,1.0,True,0.37308374786376963,0.2477859483298721,2,0.9209240078926086,0.6000000238418579,0.0,0.4512665271759033,0.5487334728240967,0.007547336630523205,0.9690772294998169,0.014410195872187614,0.00896531529724598,0.0,0.005745697766542435,0.9676408767700195,0.01975533738732338,0.006858094595372677,0.0
mbj_bandgap::test::001384::JVASP-74330,0.753,0.009950949810445309,-0.01892488436507158,0.009950949810445309,0.384305477142334,False,1.0,True,0.7430490501895547,0.7430490501895547,1,1.0,0.699999988079071,0.0,0.5604220628738403,0.4395778775215149,0.1740860641002655,0.6179032325744629,0.16500476002693176,0.043005965650081635,0.0,0.21591436862945557,0.609576940536499,0.14654187858104706,0.0279668178409338,0.0
mbj_bandgap::test::001385::JVASP-92233,0.0,-0.0011781915090978146,-0.05677173824279913,-0.0011781915090978146,0.3795017600059509,False,1.0,True,0.0011781915090978146,0.0011781915090978146,1,0.9806138873100281,0.5,0.0,0.5430681705474854,0.4569318890571594,0.03578358143568039,0.6838319301605225,0.19391381740570068,0.08647063374519348,0.0,0.040680982172489166,0.7003376483917236,0.16963903605937958,0.08934228122234344,0.0
mbj_bandgap::test::001386::JVASP-14258,6.876,7.920348644256592,7.888199835942413,7.888199835942413,0.5091865062713623,True,1.0,True,1.0443486442565915,1.012199835942413,2,0.5610550045967102,0.6000000238418579,0.0,0.3999713063240051,0.6000286936759949,0.048307858407497406,0.7359064221382141,0.20366370677947998,0.012122023850679398,0.0,0.05754033476114273,0.7513850927352905,0.17763368785381317,0.01344087440520525,0.0
mbj_bandgap::test::001387::JVASP-90840,0.0,0.0018690363503992558,-0.005652619613832788,0.0018690363503992558,0.3986159861087799,False,1.0,True,0.0018690363503992558,0.0018690363503992558,1,0.8296392560005188,0.699999988079071,0.0,0.5550608038902283,0.44493919610977173,0.15222468972206116,0.6855457425117493,0.14572973549365997,0.016499880701303482,0.0,0.1565665453672409,0.726563036441803,0.10339506715536118,0.013475388288497925,0.0
mbj_bandgap::test::001388::JVASP-7789,4.254,1.7927930355072021,2.1953855841823655,2.1953855841823655,0.7289866209030151,True,1.0,True,2.4612069644927974,2.058614415817634,2,1.0,0.6000000238418579,0.0,0.4518474042415619,0.5481525659561157,0.03543257340788841,0.8256589770317078,0.13033455610275269,0.008573957718908787,0.0,0.038908179849386215,0.8334313631057739,0.1203853040933609,0.007275148294866085,0.0
mbj_bandgap::test::001389::JVASP-837,0.0,-0.0004830821417272091,-0.002353327870140265,-0.0004830821417272091,0.39797312021255493,False,1.0,True,0.0004830821417272091,0.0004830821417272091,1,0.4769478142261505,0.5,0.0,0.5357763767242432,0.46422362327575684,0.2038409411907196,0.5473476648330688,0.21897172927856445,0.029839668422937393,0.0,0.19515088200569153,0.5669180154800415,0.2113385945558548,0.026592563837766647,0.0
mbj_bandgap::test::001390::JVASP-37406,1.494,1.4159214496612549,1.403277686938068,1.403277686938068,0.5784226655960083,True,1.0,True,0.07807855033874511,0.0907223130619319,2,0.35729697346687317,0.6000000238418579,0.0,0.43818211555480957,0.5618178248405457,0.04598173499107361,0.9083335995674133,0.026137005537748337,0.019547684118151665,0.0,0.04819527640938759,0.8969588279724121,0.027997368946671486,0.026848524808883667,0.0
mbj_bandgap::test::001391::JVASP-42124,0.0,0.0005559460259974003,-0.007098663485299838,0.0005559460259974003,0.375868558883667,False,1.0,True,0.0005559460259974003,0.0005559460259974003,1,0.9012390375137329,0.6000000238418579,0.0,0.5291218161582947,0.4708782136440277,0.4368787705898285,0.4408373236656189,0.0881735235452652,0.03411035239696503,0.0,0.39442700147628784,0.4987160265445709,0.08663778007030487,0.02021918259561062,0.0
mbj_bandgap::test::001392::JVASP-80116,0.0,-8.468468149658293e-05,-0.02119583988309077,-8.468468149658293e-05,0.378089964389801,False,1.0,True,8.468468149658293e-05,8.468468149658293e-05,1,0.9625493884086609,0.6000000238418579,0.0,0.5098706483840942,0.49012941122055054,0.07120533287525177,0.6032593846321106,0.2750312387943268,0.05050401762127876,0.0,0.08039972931146622,0.6622294783592224,0.20875325798988342,0.04861747846007347,0.0
mbj_bandgap::test::001393::JVASP-64996,0.0,0.0010866657830774784,-0.012743779702282531,0.0010866657830774784,0.37174883484840393,False,1.0,True,0.0010866657830774784,0.0010866657830774784,1,0.9830062389373779,0.699999988079071,0.0,0.513996422290802,0.486003577709198,0.5228478908538818,0.2325301468372345,0.23027518391609192,0.014346713200211525,0.0,0.5507482290267944,0.21236124634742737,0.2265850305557251,0.010305493138730526,0.0
mbj_bandgap::test::001394::JVASP-71171,0.0,0.0015195147134363651,0.0005638413565205669,0.0015195147134363651,0.4013727009296417,False,1.0,True,0.0015195147134363651,0.0015195147134363651,1,0.27027904987335205,0.5,0.0,0.5104235410690308,0.48957642912864685,0.6249306201934814,0.16756445169448853,0.1996869593858719,0.007817955687642097,0.0,0.6100486516952515,0.2055317610502243,0.17663320899009705,0.0077863773331046104,0.0
mbj_bandgap::test::001395::JVASP-19846,0.0,-0.00047640642151236534,-0.005900229005087377,-0.00047640642151236534,0.3533606231212616,False,1.0,True,0.00047640642151236534,0.00047640642151236534,1,0.8954810500144958,0.5,0.0,0.5095120072364807,0.49048805236816406,0.3768882155418396,0.3449942469596863,0.18771006166934967,0.09040750563144684,0.0,0.3764997720718384,0.3531566262245178,0.17748236656188965,0.09286125004291534,0.0
mbj_bandgap::test::001396::JVASP-58349,8.097,8.101227760314941,8.125730189741569,8.125730189741569,0.5217524766921997,True,1.0,True,0.004227760314941875,0.02873018974156949,2,0.506219744682312,0.6000000238418579,0.0,0.39922013878822327,0.6007798910140991,0.03816788271069527,0.7836085557937622,0.12338103353977203,0.05484247952699661,0.0,0.03877689689397812,0.7871856093406677,0.11151298135519028,0.06252451241016388,0.0
mbj_bandgap::test::001397::JVASP-18076,0.0,-0.0006776317022740841,-0.0046915423885616645,-0.0006776317022740841,0.3803408741950989,False,1.0,True,0.0006776317022740841,0.0006776317022740841,1,0.7629504799842834,0.6000000238418579,0.0,0.5269945859909058,0.4730054438114166,0.4373411238193512,0.38284793496131897,0.16230244934558868,0.017508510500192642,0.0,0.37265002727508545,0.4186731278896332,0.1914573609828949,0.0172194205224514,0.0
mbj_bandgap::test::001398::JVASP-53584,2.775,2.852327823638916,2.9616947082150578,2.9616947082150578,0.5907381772994995,True,1.0,True,0.0773278236389161,0.18669470821505785,2,0.8749356269836426,0.6000000238418579,0.0,0.4258757531642914,0.5741242170333862,0.05673046037554741,0.8938006162643433,0.029628101736307144,0.01984081044793129,0.0,0.06337900459766388,0.8889728784561157,0.027787115424871445,0.01986108161509037,0.0
mbj_bandgap::test::001399::JVASP-29843,7.299,7.317337989807129,7.289209461555603,7.289209461555603,0.5451738238334656,True,1.0,True,0.01833798980712853,0.009790538444397257,2,0.3452026844024658,0.6000000238418579,0.0,0.3974197506904602,0.6025802493095398,0.0327022410929203,0.8342044949531555,0.06200902536511421,0.07108432054519653,0.0,0.034955427050590515,0.8453224897384644,0.07380098849534988,0.04592107981443405,0.0
mbj_bandgap::test::001400::JVASP-14306,0.0,-0.0013090833090245724,-0.029012374733031487,-0.0013090833090245724,0.37767043709754944,False,1.0,True,0.0013090833090245724,0.0013090833090245724,2,0.9425501823425293,0.5,0.0,0.49802762269973755,0.5019723773002625,0.21417060494422913,0.6522712111473083,0.12730610370635986,0.006252077408134937,0.0,0.18432553112506866,0.6875385642051697,0.12342789024114609,0.004708017222583294,0.0
mbj_bandgap::test::001401::JVASP-20586,0.49,0.4141266942024231,-0.030100729857706288,-0.030100729857706288,0.5117738842964172,True,1.0,True,0.0758733057975769,0.5201007298577063,1,1.0,0.5,0.0,0.5199868679046631,0.4800131320953369,0.06800425052642822,0.8412960171699524,0.07034020125865936,0.020359482616186142,0.0,0.07159312814474106,0.8681427240371704,0.04395993426442146,0.016304168850183487,0.0
mbj_bandgap::test::001402::JVASP-40012,0.0,-0.00039188703522086143,-0.00059899640010046,-0.00039188703522086143,0.42147523164749146,False,1.0,True,0.00039188703522086143,0.00039188703522086143,1,0.09637679904699326,0.6000000238418579,0.0,0.527161717414856,0.47283831238746643,0.486670583486557,0.3227279484272003,0.18013881146907806,0.010462627746164799,0.0,0.5013226270675659,0.34060055017471313,0.15042951703071594,0.007647312246263027,0.0
mbj_bandgap::test::001403::JVASP-65602,2.982,0.28551727533340454,0.10892386923977052,0.28551727533340454,0.4445967674255371,False,1.0,True,2.6964827246665957,2.6964827246665957,1,1.0,0.5,0.0,0.5925843119621277,0.4074156880378723,0.21581479907035828,0.7438628077507019,0.03619962930679321,0.004122758749872446,0.0,0.27604761719703674,0.6850950121879578,0.034354593604803085,0.0045028128661215305,0.0
mbj_bandgap::test::001404::JVASP-100777,0.0,0.0006033913232386112,-0.0011526173366493975,0.0006033913232386112,0.3921792507171631,False,1.0,True,0.0006033913232386112,0.0006033913232386112,1,0.5452888011932373,0.5,0.0,0.5073574781417847,0.4926425516605377,0.6114794015884399,0.14412109553813934,0.21991387009620667,0.024485671892762184,0.0,0.6148453950881958,0.14908041059970856,0.21402473747730255,0.02204938232898712,0.0
mbj_bandgap::test::001405::JVASP-70998,0.0,0.0039383904077112675,-0.026352907912037194,0.0039383904077112675,0.3694152235984802,False,1.0,True,0.0039383904077112675,0.0039383904077112675,1,1.0,0.6000000238418579,0.0,0.5504618883132935,0.44953808188438416,0.13506032526493073,0.6081863045692444,0.20065872371196747,0.056094665080308914,0.0,0.1656073033809662,0.5951539278030396,0.19576624035835266,0.04347256198525429,0.0
mbj_bandgap::test::001406::JVASP-16601,0.0,-0.0007578595541417599,-0.0028195386893031136,-0.0007578595541417599,0.4033529460430145,False,1.0,True,0.0007578595541417599,0.0007578595541417599,1,0.6618537306785583,0.800000011920929,0.0,0.525202214717865,0.4747978150844574,0.29973116517066956,0.497813880443573,0.17118513584136963,0.03126984462141991,0.0,0.3024531602859497,0.5404242873191833,0.13157768547534943,0.02554488182067871,0.0
mbj_bandgap::test::001407::JVASP-74825,0.302,0.0022665993310511112,0.0009654591691314662,0.0022665993310511112,0.38961899280548096,False,1.0,True,0.2997334006689489,0.2997334006689489,1,0.5050171613693237,0.6000000238418579,0.0,0.5112435221672058,0.4887564778327942,0.46977800130844116,0.24434244632720947,0.2648542523384094,0.021025318652391434,0.0,0.44476932287216187,0.27609461545944214,0.2601228356361389,0.01901319809257984,0.0
mbj_bandgap::test::001408::JVASP-19912,0.0,0.0009703175164759159,-0.0014337486051575255,0.0009703175164759159,0.3825596868991852,False,1.0,True,0.0009703175164759159,0.0009703175164759159,1,0.7478123903274536,0.6000000238418579,0.0,0.5258883833885193,0.4741116166114807,0.3302718698978424,0.5044828653335571,0.15295544266700745,0.012289825826883316,0.0,0.3403052091598511,0.5173514485359192,0.13406720757484436,0.008276148699223995,0.0
mbj_bandgap::test::001409::JVASP-1705,2.783,2.78706955909729,2.8026508212908388,2.8026508212908388,0.5882328152656555,True,1.0,True,0.004069559097290121,0.019650821290838838,2,0.28235581517219543,0.6000000238418579,0.0,0.4390791356563568,0.5609208941459656,0.04321720451116562,0.8715438842773438,0.06547489017248154,0.019764011725783348,0.0,0.05017983168363571,0.8752086758613586,0.05456385761499405,0.020047735422849655,0.0
mbj_bandgap::test::001410::JVASP-53451,0.0,-0.0035794242285192013,-0.09755482819659327,-0.0035794242285192013,0.43410196900367737,False,1.0,True,0.0035794242285192013,0.0035794242285192013,1,1.0,0.699999988079071,0.0,0.588528573513031,0.411471426486969,0.009769164025783539,0.889309287071228,0.057125288993120193,0.04379621893167496,0.0,0.007491178810596466,0.8973554372787476,0.05261974409222603,0.04253356158733368,0.0
mbj_bandgap::test::001411::JVASP-37180,0.0,-0.001501129474490881,-0.028341345435664224,-0.001501129474490881,0.38153699040412903,False,1.0,True,0.001501129474490881,0.001501129474490881,1,0.9617964029312134,0.6000000238418579,0.0,0.541907012462616,0.4580930173397064,0.10450731217861176,0.5603641271591187,0.3039208650588989,0.03120763972401619,0.0,0.08112677931785583,0.5639218091964722,0.3298352360725403,0.02511615678668022,0.0
mbj_bandgap::test::001412::JVASP-19919,0.0,-0.0006195767782628536,-0.046296929252990934,-0.0006195767782628536,0.39475589990615845,False,1.0,True,0.0006195767782628536,0.0006195767782628536,1,0.9701550006866455,0.699999988079071,0.0,0.5674086809158325,0.4325912594795227,0.11606617271900177,0.6913833618164062,0.16290147602558136,0.029648980125784874,0.0,0.12285373359918594,0.7230771780014038,0.13250744342803955,0.021561624482274055,0.0
mbj_bandgap::test::001413::JVASP-9751,1.139,1.4459874629974365,1.2892400255988001,1.2892400255988001,0.5484316945075989,True,1.0,True,0.3069874629974365,0.15024002559880012,2,1.0,0.6000000238418579,0.0,0.4531671106815338,0.5468329191207886,0.022686129435896873,0.8320983648300171,0.11717243492603302,0.02804306149482727,0.0,0.01897464320063591,0.8559810519218445,0.09014137089252472,0.03490298613905907,0.0
mbj_bandgap::test::001414::JVASP-19810,0.0,-0.00040392717346549034,-0.06043072823854918,-0.00040392717346549034,0.4169113039970398,False,1.0,True,0.00040392717346549034,0.00040392717346549034,1,1.0,0.6000000238418579,0.0,0.5992454290390015,0.40075454115867615,0.09150153398513794,0.7720366716384888,0.10389690101146698,0.0325649157166481,0.0,0.08027461171150208,0.8170202970504761,0.07630868256092072,0.026396403089165688,0.0
mbj_bandgap::test::001415::JVASP-2316,2.375,2.7322280406951904,2.45117564781238,2.45117564781238,0.5869337916374207,True,1.0,True,0.35722804069519043,0.07617564781237984,2,1.0,0.6000000238418579,0.0,0.40855440497398376,0.5914456248283386,0.028448963537812233,0.8741394281387329,0.08004273474216461,0.01736890897154808,0.0,0.026238802820444107,0.8940672874450684,0.06674668192863464,0.012947231531143188,0.0
mbj_bandgap::test::001416::JVASP-4858,2.009,2.2424871921539307,2.422388649547657,2.422388649547657,0.6145666837692261,True,1.0,True,0.23348719215393077,0.4133886495476573,2,1.0,0.5,0.0,0.45003801584243774,0.5499619841575623,0.03955366462469101,0.8721534013748169,0.030438002198934555,0.05785495042800903,0.0,0.04722784459590912,0.8587015867233276,0.035598669201135635,0.058471906930208206,0.0
mbj_bandgap::test::001417::JVASP-71780,0.0,-0.001255915965884924,-0.0038057257391312938,-0.001255915965884924,0.37960246205329895,False,1.0,True,0.001255915965884924,0.001255915965884924,1,0.7036516070365906,0.6000000238418579,0.0,0.5089287757873535,0.49107128381729126,0.5195620059967041,0.26679855585098267,0.19191475212574005,0.021724659949541092,0.0,0.5102924108505249,0.26804834604263306,0.20176604390144348,0.019893178716301918,0.0
mbj_bandgap::test::001418::JVASP-65741,0.0,0.004339410457760096,-0.03571985171898136,0.004339410457760096,0.35981497168540955,False,1.0,True,0.004339410457760096,0.004339410457760096,1,0.9538834691047668,0.6000000238418579,0.0,0.5628823041915894,0.43711772561073303,0.3165295720100403,0.2825372815132141,0.3694245517253876,0.031508635729551315,0.0,0.31370699405670166,0.27632805705070496,0.3833284080028534,0.026636486873030663,0.0
mbj_bandgap::test::001419::JVASP-58135,0.0,0.006978584919124842,-0.041427119090481954,0.006978584919124842,0.4236724078655243,False,1.0,True,0.006978584919124842,0.006978584919124842,1,0.9820598363876343,0.699999988079071,0.0,0.5481343269348145,0.45186561346054077,0.010258367285132408,0.9447841644287109,0.01907419040799141,0.02588323876261711,0.0,0.006342837121337652,0.9486724138259888,0.0241289921104908,0.020855743438005447,0.0
mbj_bandgap::test::001420::JVASP-5179,0.0,-0.0013292296789586544,-0.028406586346563102,-0.0013292296789586544,0.36611053347587585,False,1.0,True,0.0013292296789586544,0.0013292296789586544,1,0.9596250057220459,0.6000000238418579,0.0,0.5199745893478394,0.48002544045448303,0.35740548372268677,0.32288917899131775,0.305110365152359,0.01459498144686222,0.0,0.39051443338394165,0.2911340594291687,0.30631235241889954,0.012039108201861382,0.0
mbj_bandgap::test::001421::JVASP-105191,0.0,-0.0014751418493688107,-0.007284748193270918,-0.0014751418493688107,0.37379154562950134,False,1.0,True,0.0014751418493688107,0.0014751418493688107,1,0.6856809854507446,0.5,0.0,0.52224200963974,0.47775799036026,0.4075324535369873,0.30744948983192444,0.2536749243736267,0.03134310990571976,0.0,0.4106413722038269,0.28860241174697876,0.27643120288848877,0.02432503178715706,0.0
mbj_bandgap::test::001422::JVASP-65071,0.0,-0.005231545772403479,-0.09106519099854579,-0.005231545772403479,0.37284618616104126,False,1.0,True,0.005231545772403479,0.005231545772403479,1,0.9907539486885071,0.5,0.0,0.560491681098938,0.4395083487033844,0.18535658717155457,0.6740068197250366,0.12789425253868103,0.012742404825985432,0.0,0.26647958159446716,0.6062394976615906,0.11777709424495697,0.009503812529146671,0.0
mbj_bandgap::test::001423::JVASP-101161,1.106,1.098305344581604,0.7948330821043041,0.7948330821043041,0.5755399465560913,True,1.0,True,0.00769465541839609,0.31116691789569595,2,1.0,0.6000000238418579,0.0,0.47970038652420044,0.5202996134757996,0.02035757713019848,0.9465351104736328,0.022250313311815262,0.010856974869966507,0.0,0.014903409406542778,0.9518381357192993,0.020468290895223618,0.012790223583579063,0.0
mbj_bandgap::test::001424::JVASP-109746,1.273,1.487107515335083,1.796488326451583,1.796488326451583,0.6917985677719116,True,1.0,True,0.2141075153350831,0.523488326451583,2,1.0,0.6000000238418579,0.0,0.45151835680007935,0.5484815835952759,0.010336676612496376,0.9539654850959778,0.0312334056943655,0.004464429337531328,0.0,0.006240072660148144,0.962763786315918,0.02580922283232212,0.005186909809708595,0.0
mbj_bandgap::test::001425::JVASP-15708,0.0,0.0038201347924768925,-0.09150535181538984,0.0038201347924768925,0.39952215552330017,False,1.0,True,0.0038201347924768925,0.0038201347924768925,1,1.0,0.6000000238418579,0.0,0.5704041123390198,0.42959585785865784,0.14732198417186737,0.6757086515426636,0.15412238240242004,0.022846970707178116,0.0,0.17607665061950684,0.63816899061203,0.16854973137378693,0.017204608768224716,0.0
mbj_bandgap::test::001426::JVASP-37533,0.0,-0.0004898770712316036,-0.0029449004131676614,-0.0004898770712316036,0.37007954716682434,False,1.0,True,0.0004898770712316036,0.0004898770712316036,1,0.779140830039978,0.6000000238418579,0.0,0.5102906823158264,0.48970937728881836,0.4247613549232483,0.2366901934146881,0.3059990704059601,0.0325494110584259,0.0,0.4185587465763092,0.24131274223327637,0.3163738250732422,0.023754656314849854,0.0
mbj_bandgap::test::001427::JVASP-18805,0.0,0.04163713753223419,0.028671673908833583,0.04163713753223419,0.4123203158378601,False,1.0,True,0.04163713753223419,0.04163713753223419,1,0.9765663743019104,0.6000000238418579,0.0,0.644527792930603,0.355472207069397,0.06189358979463577,0.81596440076828,0.08543424308300018,0.0367077998816967,0.0,0.06503507494926453,0.845440685749054,0.06136394664645195,0.02816024422645569,0.0
mbj_bandgap::test::001428::JVASP-29467,3.208,3.4521548748016357,3.6300539215160876,3.6300539215160876,0.6258596181869507,True,1.0,True,0.24415487480163556,0.42205392151608745,2,1.0,0.6000000238418579,0.0,0.4118331968784332,0.5881668329238892,0.006633679382503033,0.9506816864013672,0.03238411992788315,0.010300541296601295,0.0,0.005164148285984993,0.953940749168396,0.03003004752099514,0.01086505874991417,0.0
mbj_bandgap::test::001429::JVASP-18575,0.0,0.02723522298038006,-0.2874467273501485,-0.2874467273501485,0.47834739089012146,True,1.0,True,0.02723522298038006,0.2874467273501485,1,1.0,0.5,0.0,0.5895729064941406,0.41042718291282654,0.010002887807786465,0.8865792155265808,0.07068729400634766,0.03273061290383339,0.0,0.009459993802011013,0.9079310297966003,0.06428492814302444,0.018323997035622597,0.0
mbj_bandgap::test::001430::JVASP-70651,0.0,0.0024398104287683964,-0.007236621401103172,0.0024398104287683964,0.3873932361602783,False,1.0,True,0.0024398104287683964,0.0024398104287683964,1,0.7584101557731628,0.6000000238418579,0.0,0.5349005460739136,0.4650994837284088,0.6000915169715881,0.31775009632110596,0.06943067163228989,0.012727704830467701,0.0,0.5884559154510498,0.3301164209842682,0.06859007477760315,0.012837630696594715,0.0
mbj_bandgap::test::001431::JVASP-23208,2.937,3.046562433242798,2.977548549038879,2.977548549038879,0.5468310117721558,True,1.0,True,0.10956243324279802,0.040548549038879056,2,0.7689855694770813,0.6000000238418579,0.0,0.41973620653152466,0.5802637338638306,0.01403656043112278,0.8357078433036804,0.12246634066104889,0.027789300307631493,0.0,0.011520659551024437,0.8413347005844116,0.12574437260627747,0.021400269120931625,0.0
mbj_bandgap::test::001432::JVASP-70618,0.0,-0.0007490380667150021,-0.0020250680798318045,-0.0007490380667150021,0.38733991980552673,False,1.0,True,0.0007490380667150021,0.0007490380667150021,1,0.5234347581863403,0.6000000238418579,0.0,0.5058413743972778,0.49415868520736694,0.5638750791549683,0.2137381136417389,0.21193230152130127,0.01045454852283001,0.0,0.5210984945297241,0.24786119163036346,0.22386622428894043,0.007173997815698385,0.0
mbj_bandgap::test::001433::JVASP-47737,4.758,4.723756790161133,4.720370223502974,4.720370223502974,0.5905373096466064,True,1.0,True,0.034243209838867195,0.0376297764970257,2,0.03046116977930069,0.6000000238418579,0.0,0.40005379915237427,0.5999462008476257,0.01360885240137577,0.9118150472640991,0.06034298986196518,0.014233052730560303,0.0,0.01283251028507948,0.9254599809646606,0.051517706364393234,0.010189871303737164,0.0
mbj_bandgap::test::001434::JVASP-74581,0.0,-0.0014906390570104122,-0.017331028696784333,-0.0014906390570104122,0.3549225628376007,False,1.0,True,0.0014906390570104122,0.0014906390570104122,1,0.9468648433685303,0.6000000238418579,0.0,0.5176953077316284,0.48230472207069397,0.3654119670391083,0.24947567284107208,0.33426839113235474,0.05084395408630371,0.0,0.3944242596626282,0.24296769499778748,0.31154951453208923,0.05105850100517273,0.0
mbj_bandgap::test::001435::JVASP-15003,0.0,-0.0022578700445592403,-0.0032488629173512695,-0.0022578700445592403,0.36151328682899475,False,1.0,True,0.0022578700445592403,0.0022578700445592403,1,0.7357622981071472,0.5,0.0,0.5148234963417053,0.4851765036582947,0.3711816668510437,0.386353999376297,0.21405096352100372,0.028413448482751846,0.0,0.40690645575523376,0.42094486951828003,0.15254518389701843,0.01960347220301628,0.0
mbj_bandgap::test::001436::JVASP-29282,6.212,7.327316761016846,7.703246182058341,7.703246182058341,0.6914561986923218,True,1.0,True,1.115316761016846,1.4912461820583411,2,0.9945958256721497,0.6000000238418579,0.0,0.39962297677993774,0.6003769636154175,0.03260016068816185,0.903019905090332,0.029629770666360855,0.03475012630224228,0.0,0.03209739178419113,0.9163991212844849,0.031131789088249207,0.020371712744235992,0.0
mbj_bandgap::test::001437::JVASP-50117,5.657,6.203690052032471,5.804655023646158,5.804655023646158,0.5774195194244385,True,1.0,True,0.5466900520324707,0.14765502364615823,2,1.0,0.6000000238418579,0.0,0.400005578994751,0.599994421005249,0.023442961275577545,0.8653550148010254,0.07054919749498367,0.040652766823768616,0.0,0.021316472440958023,0.8707894086837769,0.06331953406333923,0.0445745550096035,0.0
mbj_bandgap::test::001438::JVASP-25078,0.0,-0.00031225522980093956,-0.007107615399629697,-0.00031225522980093956,0.3697330057621002,False,1.0,True,0.00031225522980093956,0.00031225522980093956,1,0.924463152885437,0.699999988079071,0.0,0.5135727524757385,0.4864272475242615,0.37678295373916626,0.2575647830963135,0.3374989926815033,0.028153199702501297,0.0,0.36142218112945557,0.2621930241584778,0.35212191939353943,0.024262871593236923,0.0
mbj_bandgap::test::001439::JVASP-79942,0.0,-0.00017742950876709074,3.874711119820073e-05,-0.00017742950876709074,0.41295310854911804,False,1.0,True,0.00017742950876709074,0.00017742950876709074,1,0.21269622445106506,0.5,0.0,0.5214693546295166,0.4785306453704834,0.5623894929885864,0.213144451379776,0.19541272521018982,0.029053274542093277,0.0,0.5538891553878784,0.21954426169395447,0.20096290111541748,0.025603648275136948,0.0
mbj_bandgap::test::001440::JVASP-35442,0.0,-0.0032583936117589474,-0.00558550720422879,-0.0032583936117589474,0.3886007070541382,False,1.0,True,0.0032583936117589474,0.0032583936117589474,1,0.5158815383911133,0.699999988079071,0.0,0.5205380320549011,0.4794619679450989,0.19604292511940002,0.5813919305801392,0.15876099467277527,0.06380416452884674,0.0,0.19527491927146912,0.6498924493789673,0.09741350263357162,0.05741912126541138,0.0
mbj_bandgap::test::001441::JVASP-110458,0.0,-0.0024397834204137325,0.00014906344376652836,-0.0024397834204137325,0.40023669600486755,False,1.0,True,0.0024397834204137325,0.0024397834204137325,1,0.5725863575935364,0.699999988079071,0.0,0.5098682641983032,0.4901317059993744,0.5354525446891785,0.2521393895149231,0.18329539895057678,0.0291126761585474,0.0,0.5193555355072021,0.2722323536872864,0.18542128801345825,0.022990837693214417,0.0
mbj_bandgap::test::001442::JVASP-5410,0.0,0.121595099568367,0.16637112777703192,0.16637112777703192,0.46369388699531555,True,1.0,True,0.121595099568367,0.16637112777703192,1,0.7772943377494812,0.699999988079071,0.0,0.5916925668716431,0.40830740332603455,0.12127216905355453,0.8025396466255188,0.05758540704846382,0.018602872267365456,0.0,0.11098501831293106,0.8191860318183899,0.05268837884068489,0.017140628769993782,0.0
mbj_bandgap::test::001443::JVASP-64931,0.0,-0.0015068515203893185,-0.001530948540238075,-0.0015068515203893185,0.4264619052410126,False,1.0,True,0.0015068515203893185,0.0015068515203893185,1,0.010909645818173885,0.699999988079071,0.0,0.5001147985458374,0.499885231256485,0.5303843021392822,0.22897234559059143,0.2183610498905182,0.022282306104898453,0.0,0.4609692096710205,0.2701011896133423,0.2516600787639618,0.017269447445869446,0.0
mbj_bandgap::test::001444::JVASP-40787,0.0,0.007025434169918299,-0.00919482024563798,0.007025434169918299,0.3586410582065582,False,1.0,True,0.007025434169918299,0.007025434169918299,1,1.0,0.5,0.0,0.5566310286521912,0.44336891174316406,0.4269689619541168,0.4047055244445801,0.13243548572063446,0.03589005395770073,0.0,0.4547993540763855,0.40195900201797485,0.1124536544084549,0.030787939205765724,0.0
mbj_bandgap::test::001445::JVASP-5464,1.798,1.8016095161437988,1.853155954043133,1.853155954043133,0.596449077129364,True,1.0,True,0.0036095161437987855,0.055155954043133004,2,0.49396926164627075,0.6000000238418579,0.0,0.44645899534225464,0.5535410642623901,0.011731637641787529,0.9036762118339539,0.07057274878025055,0.01401934027671814,0.0,0.010336799547076225,0.9026575088500977,0.06979746371507645,0.017208315432071686,0.0
mbj_bandgap::test::001446::JVASP-91239,5.512,5.64695930480957,5.50200403143475,5.50200403143475,0.5489367246627808,True,1.0,True,0.13495930480957075,0.009995968565249314,2,0.8830496072769165,0.6000000238418579,0.0,0.40006446838378906,0.5999355316162109,0.01540358830243349,0.9193736910820007,0.036915987730026245,0.028306657448410988,0.0,0.014587752521038055,0.9253889322280884,0.03736228495836258,0.022661013528704643,0.0
mbj_bandgap::test::001447::JVASP-99531,5.117,4.206115245819092,3.31387067435234,3.31387067435234,0.7169785499572754,True,1.0,True,0.9108847541809082,1.8031293256476602,2,1.0,0.6000000238418579,0.0,0.40309739112854004,0.59690260887146,0.02517293021082878,0.8899310231208801,0.05836069583892822,0.026535343378782272,0.0,0.02132621593773365,0.8888692855834961,0.06657525897026062,0.023229200392961502,0.0
mbj_bandgap::test::001448::JVASP-74322,0.0,0.0006159082986414433,-0.004510398171029562,0.0006159082986414433,0.37272730469703674,False,1.0,True,0.0006159082986414433,0.0006159082986414433,1,0.8489081859588623,0.699999988079071,0.0,0.5208761096000671,0.47912389039993286,0.4251480996608734,0.33753424882888794,0.21913465857505798,0.01818300411105156,0.0,0.4165547788143158,0.3422161638736725,0.2199532687664032,0.02127583883702755,0.0
mbj_bandgap::test::001449::JVASP-109655,0.0,-0.0008635981939733028,-0.03424243900589119,-0.0008635981939733028,0.3903253972530365,False,1.0,True,0.0008635981939733028,0.0008635981939733028,1,1.0,0.6000000238418579,0.0,0.5768419504165649,0.42315801978111267,0.12476252019405365,0.712293267250061,0.14230649173259735,0.020637687295675278,0.0,0.1410234570503235,0.7077648043632507,0.13400810956954956,0.01720360852777958,0.0
mbj_bandgap::test::001450::JVASP-101751,0.0,-0.003778980579227209,-0.01609770126350829,-0.003778980579227209,0.3627806603908539,False,1.0,True,0.003778980579227209,0.003778980579227209,1,0.9917542338371277,0.5,0.0,0.5415962934494019,0.45840373635292053,0.27536338567733765,0.6275325417518616,0.08519921451807022,0.011904905550181866,0.0,0.2890079617500305,0.6137322187423706,0.08816033601760864,0.009099511429667473,0.0
mbj_bandgap::test::001451::JVASP-85134,2.544,2.4389231204986572,2.7530997880869177,2.7530997880869177,0.6848080158233643,True,1.0,True,0.10507687950134281,0.20909978808691765,2,1.0,0.6000000238418579,0.0,0.4372897744178772,0.5627102255821228,0.0201102327555418,0.9226730465888977,0.022338930517435074,0.03487776964902878,0.0,0.021297214552760124,0.9187068939208984,0.01822737418115139,0.04176844656467438,0.0
mbj_bandgap::test::001452::JVASP-65537,0.0,0.0009195343591272831,-0.018200976435728065,0.0009195343591272831,0.3477095663547516,False,1.0,True,0.0009195343591272831,0.0009195343591272831,1,0.9820101261138916,0.5,0.0,0.5218971967697144,0.47810283303260803,0.3809739947319031,0.3213280141353607,0.24402646720409393,0.05367156118154526,0.0,0.38556981086730957,0.2946992516517639,0.2679714560508728,0.05175948888063431,0.0
mbj_bandgap::test::001453::JVASP-15938,0.0,-0.0014870627783238888,-0.001761119489822982,-0.0014870627783238888,0.3871469497680664,False,1.0,True,0.0014870627783238888,0.0014870627783238888,1,0.35977670550346375,0.5,0.0,0.5146757364273071,0.4853242337703705,0.3993855118751526,0.3919150233268738,0.17819972336292267,0.030499715358018875,0.0,0.44369927048683167,0.41858482360839844,0.11491446197032928,0.022801462560892105,0.0
mbj_bandgap::test::001454::JVASP-1333,3.289,3.3831701278686523,3.304670863871187,3.304670863871187,0.5600758194923401,True,1.0,True,0.0941701278686522,0.015670863871186658,2,0.8534030914306641,0.6000000238418579,0.0,0.40450429916381836,0.5954957008361816,0.012801405973732471,0.9409451484680176,0.033259935677051544,0.01299342792481184,0.0,0.010588611476123333,0.9460347890853882,0.03246692568063736,0.010909690521657467,0.0
mbj_bandgap::test::001455::JVASP-365,0.52,0.9736263751983643,0.960477277669167,0.960477277669167,0.5430142879486084,True,1.0,True,0.45362637519836424,0.440477277669167,1,0.15979328751564026,0.6000000238418579,0.0,0.5344080328941345,0.46559199690818787,0.08738730847835541,0.864730954170227,0.029957612976431847,0.01792420819401741,0.0,0.10404188930988312,0.8433960676193237,0.03131891414523125,0.021243076771497726,0.0
mbj_bandgap::test::001456::JVASP-106568,0.0,-0.0028818114660680294,-0.10487286680555012,-0.0028818114660680294,0.3844553530216217,False,1.0,True,0.0028818114660680294,0.0028818114660680294,1,1.0,0.5,0.0,0.5741702318191528,0.42582982778549194,0.2165633887052536,0.6469478607177734,0.11627767980098724,0.020211083814501762,0.0,0.2227400243282318,0.647585391998291,0.11455471813678741,0.015119820833206177,0.0
mbj_bandgap::test::001457::JVASP-29437,2.57,2.472867965698242,2.645336975909017,2.645336975909017,0.6151508092880249,True,1.0,True,0.09713203430175765,0.07533697590901722,2,0.991572916507721,0.6000000238418579,0.0,0.4365002512931824,0.5634998083114624,0.01776336506009102,0.9095473289489746,0.04702283442020416,0.02566654048860073,0.0,0.015867101028561592,0.9189597964286804,0.045323558151721954,0.01984955370426178,0.0
mbj_bandgap::test::001458::JVASP-18396,0.0,0.023686600849032402,-0.0499175856228762,0.023686600849032402,0.43262964487075806,False,1.0,True,0.023686600849032402,0.023686600849032402,1,1.0,0.699999988079071,0.0,0.5885390043258667,0.41146111488342285,0.02559695579111576,0.8100208044052124,0.12125231325626373,0.04312991723418236,0.0,0.021890539675951004,0.8304478526115417,0.1110212430357933,0.03664032369852066,0.0
mbj_bandgap::test::001459::JVASP-29655,0.0,0.024002505466341972,-0.024138176570903957,0.024002505466341972,0.4161969721317291,False,1.0,True,0.024002505466341972,0.024002505466341972,1,1.0,0.6000000238418579,0.0,0.6034196615219116,0.3965803384780884,0.020892169326543808,0.8505313992500305,0.10940039157867432,0.019176045432686806,0.0,0.023098763078451157,0.8407878875732422,0.11734805256128311,0.018765287473797798,0.0
mbj_bandgap::test::001460::JVASP-8105,0.461,0.2915286421775818,0.2984870432445871,0.2984870432445871,0.4836082458496094,True,1.0,True,0.16947135782241823,0.16251295675541294,1,0.20803403854370117,0.699999988079071,0.0,0.5758103132247925,0.42418965697288513,0.21288836002349854,0.6994882822036743,0.06404639780521393,0.023576874285936356,0.0,0.20591981709003448,0.7116445302963257,0.06057833507657051,0.02185734175145626,0.0
mbj_bandgap::test::001461::JVASP-46779,0.0,0.0027160183526575565,-0.11069721732221738,0.0027160183526575565,0.41895005106925964,False,1.0,True,0.0027160183526575565,0.0027160183526575565,1,0.9309797883033752,0.5,0.0,0.5486942529678345,0.4513057768344879,0.01581166684627533,0.8906093835830688,0.05287862941622734,0.040700338780879974,0.0,0.005940142087638378,0.8958809971809387,0.045081429183483124,0.05309741944074631,0.0
mbj_bandgap::test::001462::JVASP-8695,3.243,2.4063782691955566,3.692828263893253,3.692828263893253,0.9411191344261169,True,1.0,True,0.8366217308044432,0.44982826389325314,2,1.0,0.6000000238418579,0.0,0.42479103803634644,0.5752090215682983,0.07392390072345734,0.8909090757369995,0.02483963780105114,0.010327322408556938,0.0,0.09211666136980057,0.872050940990448,0.027268344536423683,0.008564058691263199,0.0
mbj_bandgap::test::001463::JVASP-14832,0.0,0.0006305710412561893,-0.004787477953291264,0.0006305710412561893,0.36813995242118835,False,1.0,True,0.0006305710412561893,0.0006305710412561893,1,0.9676606059074402,0.800000011920929,0.0,0.5143259763717651,0.4856739938259125,0.2934269309043884,0.532647430896759,0.1673215925693512,0.006604000926017761,0.0,0.3013969957828522,0.5453912019729614,0.14729328453540802,0.005918512120842934,0.0
mbj_bandgap::test::001464::JVASP-42170,0.0,0.0003219381906092167,-0.08590213047912736,0.0003219381906092167,0.43039941787719727,False,1.0,True,0.0003219381906092167,0.0003219381906092167,1,1.0,0.699999988079071,0.0,0.595809280872345,0.4041907787322998,0.026338612660765648,0.8083189129829407,0.0906902402639389,0.07465225458145142,0.0,0.027206450700759888,0.8086971044540405,0.09024204313755035,0.07385441660881042,0.0
mbj_bandgap::test::001465::JVASP-38224,0.0,4.046823501586914,1.5244264689747085,1.5244264689747085,0.9017375111579895,True,1.0,True,4.046823501586914,1.5244264689747085,2,1.0,0.6000000238418579,0.0,0.43352341651916504,0.5664765238761902,0.20131699740886688,0.7004221081733704,0.08928169310092926,0.008979151956737041,0.0,0.18137730658054352,0.7068461775779724,0.10323647409677505,0.008540095761418343,0.0
mbj_bandgap::test::001466::JVASP-61272,1.147,1.3928637504577637,1.4334734946171743,1.4334734946171743,0.5818476676940918,True,1.0,True,0.24586375045776365,0.2864734946171743,2,0.6044599413871765,0.6000000238418579,0.0,0.4519442021846771,0.5480557680130005,0.023370983079075813,0.946692168712616,0.013762596063315868,0.01617424562573433,0.0,0.02474469318985939,0.9487543106079102,0.014768363907933235,0.011732684448361397,0.0
mbj_bandgap::test::001467::JVASP-34125,1.054,0.9810431599617004,1.1122435063176537,1.1122435063176537,0.5442626476287842,True,1.0,True,0.07295684003829961,0.058243506317653626,2,1.0,0.6000000238418579,0.0,0.4449869692325592,0.5550130605697632,0.07279741764068604,0.8968603014945984,0.018719438463449478,0.011622888967394829,0.0,0.08793603628873825,0.8765643239021301,0.02478683367371559,0.0107127595692873,0.0
mbj_bandgap::test::001468::JVASP-107052,0.0,0.0010442272759974003,-0.007648263946945888,0.0010442272759974003,0.37454402446746826,False,1.0,True,0.0010442272759974003,0.0010442272759974003,1,0.9167760014533997,0.6000000238418579,0.0,0.5343011617660522,0.46569880843162537,0.3335968255996704,0.5508346557617188,0.10188452899456024,0.01368403434753418,0.0,0.30182337760925293,0.5798541903495789,0.10636340081691742,0.011959023773670197,0.0
mbj_bandgap::test::001469::JVASP-41125,0.0,-9.582829079590738e-06,-0.0005015691789507004,-9.582829079590738e-06,0.41990286111831665,False,1.0,True,9.582829079590738e-06,9.582829079590738e-06,1,0.145164355635643,0.5,0.0,0.5048562288284302,0.49514374136924744,0.6453438997268677,0.20284298062324524,0.12190847098827362,0.029904643073678017,0.0,0.6439691185951233,0.21364517509937286,0.11205389350652695,0.030331838876008987,0.0
mbj_bandgap::test::001470::JVASP-43504,0.0,0.09525890648365021,0.13394371229406005,0.13394371229406005,0.4569426476955414,True,1.0,True,0.09525890648365021,0.13394371229406005,1,0.517993152141571,0.6000000238418579,0.0,0.5764909982681274,0.42350897192955017,0.01190492045134306,0.8972294926643372,0.06670843064785004,0.02415711246430874,0.0,0.01184042077511549,0.9068310856819153,0.060892194509506226,0.020436415448784828,0.0
mbj_bandgap::test::001471::JVASP-15704,0.0,-0.0006535514257848263,-0.007454103446592563,-0.0006535514257848263,0.37460747361183167,False,1.0,True,0.0006535514257848263,0.0006535514257848263,1,0.846427857875824,0.6000000238418579,0.0,0.5071030855178833,0.4928969442844391,0.23859234154224396,0.5339873433113098,0.2171604186296463,0.010259948670864105,0.0,0.20290248095989227,0.537984311580658,0.24994997680187225,0.009163214825093746,0.0
mbj_bandgap::test::001472::JVASP-36193,1.513,0.00423176446929574,-0.008441282278638962,0.00423176446929574,0.38152700662612915,False,1.0,True,1.5087682355307042,1.5087682355307042,1,0.9014082551002502,0.6000000238418579,0.0,0.5565503239631653,0.4434496760368347,0.35352587699890137,0.5042470693588257,0.1113147959113121,0.030912330374121666,0.0,0.38487133383750916,0.49196186661720276,0.09528182446956635,0.027884969487786293,0.0
mbj_bandgap::test::001473::JVASP-3999,1.868,2.2256555557250977,2.2231621533156103,2.2231621533156103,0.6058728098869324,True,1.0,True,0.35765555572509755,0.3551621533156102,2,0.039821505546569824,0.6000000238418579,0.0,0.43367379903793335,0.5663262009620667,0.17104145884513855,0.8087248802185059,0.01875307969748974,0.0014806152321398258,0.0,0.17964616417884827,0.8001124262809753,0.018765952438116074,0.0014753652503713965,0.0
mbj_bandgap::test::001474::JVASP-1109,1.474,1.209610939025879,1.3986193107356908,1.3986193107356908,0.6013903021812439,True,1.0,True,0.26438906097412107,0.07538068926430919,2,1.0,0.6000000238418579,0.0,0.4580722451210022,0.5419277548789978,0.13072408735752106,0.848371148109436,0.011423508636653423,0.009481316432356834,0.0,0.12616072595119476,0.8536828756332397,0.010016901418566704,0.01013943925499916,0.0
mbj_bandgap::test::001475::JVASP-11695,4.178,3.842088460922241,3.1962285680350604,3.1962285680350604,0.6453714966773987,True,1.0,True,0.3359115390777587,0.9817714319649395,2,1.0,0.6000000238418579,0.0,0.48258113861083984,0.5174188613891602,0.03415141627192497,0.7824181914329529,0.16270014643669128,0.020730290561914444,0.0,0.030611807480454445,0.7992123961448669,0.14785544574260712,0.022320326417684555,0.0
mbj_bandgap::test::001476::JVASP-8172,0.398,0.8369790315628052,0.7887502574872124,0.7887502574872124,0.46289440989494324,True,1.0,True,0.43897903156280516,0.39075025748721237,1,0.9539197087287903,0.5,0.0,0.5328611135482788,0.4671388566493988,0.32942742109298706,0.6005848050117493,0.060826171189546585,0.009161587804555893,0.0,0.3127821087837219,0.6132701635360718,0.06296435743570328,0.010983395390212536,0.0
mbj_bandgap::test::001477::JVASP-66424,0.0,0.001599742565304041,-0.004236198263523105,0.001599742565304041,0.3506491780281067,False,1.0,True,0.001599742565304041,0.001599742565304041,1,0.9370043277740479,0.6000000238418579,0.0,0.5270689129829407,0.4729310870170593,0.3803577423095703,0.270690381526947,0.26128894090652466,0.0876629501581192,0.0,0.39775243401527405,0.26148784160614014,0.24709060788154602,0.0936691015958786,0.0
mbj_bandgap::test::001478::JVASP-65777,0.0,-0.00015394527872558683,-0.0067969446100551115,-0.00015394527872558683,0.365621954202652,False,1.0,True,0.00015394527872558683,0.00015394527872558683,1,0.9002377986907959,0.6000000238418579,0.0,0.5156949758529663,0.4843049645423889,0.3794260323047638,0.456596702337265,0.1380174458026886,0.025959808379411697,0.0,0.4130563735961914,0.4298047423362732,0.13618971407413483,0.020949240773916245,0.0
mbj_bandgap::test::001479::JVASP-57796,11.01,11.009027481079102,10.894621685556546,10.894621685556546,0.48220914602279663,True,1.0,True,0.0009725189208982243,0.11537831444345414,2,0.805537760257721,0.6000000238418579,0.0,0.39868491888046265,0.6013150811195374,0.05709680914878845,0.7775334119796753,0.14016717672348022,0.025202538818120956,0.0,0.06624819338321686,0.7772262096405029,0.1301906853914261,0.02633492276072502,0.0
mbj_bandgap::test::001480::JVASP-37082,0.0,-0.0007272227667272091,-0.0030889680621818184,-0.0007272227667272091,0.38344600796699524,False,1.0,True,0.0007272227667272091,0.0007272227667272091,1,0.7379878759384155,0.5,0.0,0.5280348658561707,0.47196513414382935,0.5580111742019653,0.23861506581306458,0.17924745380878448,0.024126341566443443,0.0,0.5814103484153748,0.23827636241912842,0.16092172265052795,0.019391493871808052,0.0
mbj_bandgap::test::001481::JVASP-4606,2.046,1.9434654712677002,2.4112043541071158,2.4112043541071158,0.755634069442749,True,1.0,True,0.10253452873229962,0.36520435410711594,2,1.0,0.6000000238418579,0.0,0.436029851436615,0.5639702081680298,0.033728815615177155,0.9149753451347351,0.019094271585345268,0.03220159560441971,0.0,0.04259919375181198,0.907136082649231,0.02008487842977047,0.030179882422089577,0.0
mbj_bandgap::test::001482::JVASP-44617,0.0,0.011703564785420895,-0.03952681818374668,0.011703564785420895,0.4156183898448944,False,1.0,True,0.011703564785420895,0.011703564785420895,1,0.9983494281768799,0.6000000238418579,0.0,0.5950329899787903,0.4049670696258545,0.027098607271909714,0.8553214073181152,0.05887176841497421,0.058708202093839645,0.0,0.020554307848215103,0.8543574213981628,0.05445321276783943,0.07063506543636322,0.0
mbj_bandgap::test::001483::JVASP-37883,0.0,5.11380672454834,2.2639915626150384,2.2639915626150384,0.9167378544807434,True,1.0,True,5.11380672454834,2.2639915626150384,2,1.0,0.6000000238418579,0.0,0.4031451344490051,0.5968548655509949,0.06978054344654083,0.5836067795753479,0.322579950094223,0.024032682180404663,0.0,0.10262773931026459,0.5040332078933716,0.37628474831581116,0.017054427415132523,0.0
mbj_bandgap::test::001484::JVASP-3138,2.217,1.6800408363342285,2.0730250156213565,2.0730250156213565,0.7152645587921143,True,1.0,True,0.5369591636657716,0.14397498437864353,2,1.0,0.6000000238418579,0.0,0.4514145255088806,0.5485854148864746,0.05241461843252182,0.8835830688476562,0.04455072432756424,0.019451558589935303,0.0,0.06301738321781158,0.8741310238838196,0.038542069494724274,0.024309491738677025,0.0
mbj_bandgap::test::001485::JVASP-7843,0.511,-0.002057479228824377,0.18042354400245536,0.18042354400245536,0.4746719300746918,True,1.0,True,0.5130574792288244,0.33057645599754465,1,1.0,0.6000000238418579,0.0,0.5087575316429138,0.4912424683570862,0.05070134252309799,0.8695500493049622,0.03327760845422745,0.04647088423371315,0.0,0.045491110533475876,0.8777787089347839,0.027285579591989517,0.0494445376098156,0.0
mbj_bandgap::test::001486::JVASP-52594,7.358,7.827799320220947,7.723301395446361,7.723301395446361,0.5532124638557434,True,1.0,True,0.4697993202209476,0.36530139544636153,2,0.6546137928962708,0.6000000238418579,0.0,0.39988967776298523,0.6001103520393372,0.01672201231122017,0.8159726858139038,0.12554170191287994,0.041763558983802795,0.0,0.01580704003572464,0.8315193057060242,0.12226128578186035,0.03041229210793972,0.0
mbj_bandgap::test::001487::JVASP-86325,2.166,2.162217855453491,2.0519880941816027,2.0519880941816027,0.5444729924201965,True,1.0,True,0.0037821445465087145,0.11401190581839726,2,0.9758962392807007,0.6000000238418579,0.0,0.4485188126564026,0.5514811277389526,0.012442201375961304,0.8639082908630371,0.08228528499603271,0.0413641631603241,0.0,0.008911145851016045,0.8633219003677368,0.0825834721326828,0.045183517038822174,0.0
mbj_bandgap::test::001488::JVASP-49913,5.865,5.596126556396484,5.833964107022821,5.833964107022821,0.614976167678833,True,1.0,True,0.26887344360351584,0.031035892977179458,2,1.0,0.6000000238418579,0.0,0.4000275135040283,0.5999724268913269,0.027087155729532242,0.8369928598403931,0.11872678995132446,0.01719328574836254,0.0,0.028432538732886314,0.8586465120315552,0.0963674783706665,0.016553515568375587,0.0
mbj_bandgap::test::001489::JVASP-2280,0.929,0.8766834139823914,1.0282643972557663,1.0282643972557663,0.54987633228302,True,1.0,True,0.05231658601760869,0.0992643972557663,2,1.0,0.6000000238418579,0.0,0.47790756821632385,0.5220925211906433,0.04859470576047897,0.9010518789291382,0.041660893708467484,0.008692549541592598,0.0,0.04503759369254112,0.8992387056350708,0.04732571542263031,0.008398013189435005,0.0
mbj_bandgap::test::001490::JVASP-107648,0.0,0.0018987194634974003,-0.0016069057834337875,0.0018987194634974003,0.3785485625267029,False,1.0,True,0.0018987194634974003,0.0018987194634974003,1,0.6164863705635071,0.5,0.0,0.5283888578414917,0.4716111719608307,0.4878135621547699,0.3734598457813263,0.13350000977516174,0.005226623732596636,0.0,0.47923412919044495,0.38942018151283264,0.12679708003997803,0.004548587836325169,0.0
mbj_bandgap::test::001491::JVASP-3516,5.844,5.750082492828369,5.802664865381845,5.802664865381845,0.5655717849731445,True,1.0,True,0.09391750717163116,0.04133513461815497,2,0.4123285114765167,0.6000000238418579,0.0,0.40002089738845825,0.599979043006897,0.02167005091905594,0.7726970314979553,0.19936709105968475,0.0062658293172717094,0.0,0.03180839121341705,0.7900241017341614,0.17117270827293396,0.006994839757680893,0.0
mbj_bandgap::test::001492::JVASP-26752,2.15,2.3113813400268555,2.4453687004169162,2.4453687004169162,0.6075623631477356,True,1.0,True,0.16138134002685556,0.2953687004169163,2,0.9672098159790039,0.6000000238418579,0.0,0.45046091079711914,0.5495390295982361,0.0280440840870142,0.9218527674674988,0.022696681320667267,0.027406444773077965,0.0,0.030908364802598953,0.918696403503418,0.01890077069401741,0.03149453550577164,0.0
mbj_bandgap::test::001493::JVASP-3003,1.421,1.4881583452224731,1.6383459005076688,1.6383459005076688,0.6216927170753479,True,1.0,True,0.0671583452224731,0.21734590050766878,2,0.9605740904808044,0.6000000238418579,0.0,0.449869304895401,0.5501306653022766,0.09759146720170975,0.8804275393486023,0.02081708237528801,0.0011638500727713108,0.0,0.08360816538333893,0.8929656147956848,0.022162754088640213,0.0012635048478841782,0.0
mbj_bandgap::test::001494::JVASP-25349,0.0,-0.005429075565189123,-0.004679099262402442,-0.005429075565189123,0.42187389731407166,False,1.0,True,0.005429075565189123,0.005429075565189123,2,0.15108619630336761,0.6000000238418579,0.0,0.4983469843864441,0.5016530156135559,0.5745260119438171,0.29821231961250305,0.06760033220052719,0.0596613809466362,0.0,0.5265898704528809,0.33577588200569153,0.049176283180713654,0.08845794945955276,0.0
mbj_bandgap::test::001495::JVASP-110830,0.0,-0.0011898740194737911,-0.010952481308585171,-0.0011898740194737911,0.37012356519699097,False,1.0,True,0.0011898740194737911,0.0011898740194737911,1,0.9767588973045349,0.6000000238418579,0.0,0.5615308284759521,0.43846917152404785,0.1650381088256836,0.6601133942604065,0.14660659432411194,0.028241897001862526,0.0,0.18603964149951935,0.6536333560943604,0.13638998568058014,0.023937013000249863,0.0
mbj_bandgap::test::001496::JVASP-10253,2.684,3.0089845657348633,2.883261523264021,2.883261523264021,0.575923502445221,True,1.0,True,0.3249845657348631,0.1992615232640209,2,0.8584462404251099,0.6000000238418579,0.0,0.40928784012794495,0.5907121300697327,0.007417306303977966,0.9345815777778625,0.018821872770786285,0.03917931392788887,0.0,0.0056100343354046345,0.9385362863540649,0.01932174153625965,0.03653199225664139,0.0
mbj_bandgap::test::001497::JVASP-14503,0.0,-0.0004142983816564083,-0.01697164580043149,-0.0004142983816564083,0.3810146450996399,False,1.0,True,0.0004142983816564083,0.0004142983816564083,1,0.8979045152664185,0.6000000238418579,0.0,0.5650869607925415,0.43491309881210327,0.19290849566459656,0.4609278738498688,0.2754260301589966,0.07073769718408585,0.0,0.19958342611789703,0.4554925560951233,0.29040446877479553,0.05451961234211922,0.0
mbj_bandgap::test::001498::JVASP-14853,0.0,-0.0053673251532018185,-0.008273840518403297,-0.0053673251532018185,0.38144823908805847,False,1.0,True,0.0053673251532018185,0.0053673251532018185,1,0.671841561794281,0.6000000238418579,0.0,0.5334428548812866,0.466557115316391,0.4893070161342621,0.36131423711776733,0.13811980187892914,0.011258983984589577,0.0,0.44117680191993713,0.4074421525001526,0.14076966047286987,0.010611431673169136,0.0
mbj_bandgap::test::001499::JVASP-105916,0.0,2.5560195446014404,0.4052320309848524,0.4052320309848523,0.8714688420295715,True,1.0,True,2.5560195446014404,0.4052320309848523,2,1.0,0.6000000238418579,0.0,0.46885862946510315,0.5311414003372192,0.023864606395363808,0.7889589667320251,0.17144954204559326,0.015726890414953232,0.0,0.01672099344432354,0.778128981590271,0.1869601011276245,0.01818990334868431,0.0
mbj_bandgap::test::001500::JVASP-11406,2.135,2.115814447402954,2.133341426067422,2.133341426067422,0.5935046076774597,True,1.0,True,0.019185552597045685,0.0016585739325778448,2,0.28321439027786255,0.6000000238418579,0.0,0.4486533999443054,0.5513466000556946,0.035035666078329086,0.8875694274902344,0.05142230913043022,0.025972634553909302,0.0,0.04144164174795151,0.8942521810531616,0.03726325184106827,0.02704288624227047,0.0
mbj_bandgap::test::001501::JVASP-29666,0.648,-0.0052408440969884396,-0.037724614647818865,-0.0052408440969884396,0.4135991632938385,False,1.0,True,0.6532408440969885,0.6532408440969885,1,1.0,0.6000000238418579,0.0,0.599007785320282,0.400992214679718,0.024262145161628723,0.8781970739364624,0.07338501513004303,0.024155767634510994,0.0,0.026590770110487938,0.876151442527771,0.0747324675321579,0.022525250911712646,0.0
mbj_bandgap::test::001502::JVASP-38739,0.0,-0.00036697229370474815,-0.0026022753928792498,-0.00036697229370474815,0.4036191701889038,False,1.0,True,0.00036697229370474815,0.00036697229370474815,1,0.5385552048683167,0.6000000238418579,0.0,0.5249360203742981,0.47506389021873474,0.5898230671882629,0.2955434024333954,0.10507184267044067,0.009561710059642792,0.0,0.6010230779647827,0.3003937304019928,0.08880136907100677,0.009781835600733757,0.0
mbj_bandgap::test::001503::JVASP-85834,0.0,-0.0004156096838414669,-0.001575281172197318,-0.0004156096838414669,0.4309596121311188,False,1.0,True,0.0004156096838414669,0.0004156096838414669,1,0.239732027053833,0.800000011920929,0.0,0.5197861194610596,0.4802139401435852,0.4706295430660248,0.350198358297348,0.12878192961215973,0.050390101969242096,0.0,0.48239678144454956,0.3611249625682831,0.11076384782791138,0.0457143671810627,0.0
mbj_bandgap::test::001504::JVASP-110577,0.0,5.257572174072266,2.399155553331138,2.399155553331138,0.9158056378364563,True,1.0,True,5.257572174072266,2.399155553331138,2,1.0,0.6000000238418579,0.0,0.40408244729042053,0.5959175229072571,0.1691281497478485,0.5649208426475525,0.2563014328479767,0.009649557992815971,0.0,0.23346439003944397,0.49432888627052307,0.26355040073394775,0.008656364865601063,0.0
mbj_bandgap::test::001505::JVASP-105254,0.0,-0.0020941956900060177,-0.030540601772921082,-0.0020941956900060177,0.36119675636291504,False,1.0,True,0.0020941956900060177,0.0020941956900060177,1,0.9549905061721802,0.5,0.0,0.5322211980819702,0.4677788317203522,0.4743139147758484,0.33801037073135376,0.1694742739200592,0.018201470375061035,0.0,0.5031763315200806,0.32314378023147583,0.1597951352596283,0.013884777203202248,0.0
mbj_bandgap::test::001506::JVASP-79609,0.0,-0.005615161266177893,-0.015162420338521287,-0.005615161266177893,0.36142870783805847,False,1.0,True,0.005615161266177893,0.005615161266177893,1,1.0,0.6000000238418579,0.0,0.5918835401535034,0.4081164002418518,0.33790862560272217,0.5465381145477295,0.11142344772815704,0.004129805602133274,0.0,0.39531415700912476,0.5015898942947388,0.09930498898029327,0.0037909778766334057,0.0
mbj_bandgap::test::001507::JVASP-117471,0.0,0.006304814014583826,-0.03190728349146401,0.006304814014583826,0.37360069155693054,False,1.0,True,0.006304814014583826,0.006304814014583826,1,1.0,0.6000000238418579,0.0,0.5790047645568848,0.42099523544311523,0.23502059280872345,0.5677658915519714,0.1756538599729538,0.021559596061706543,0.0,0.22763851284980774,0.5784176588058472,0.17314107716083527,0.020802699029445648,0.0
mbj_bandgap::test::001508::JVASP-13821,0.0,3.0245392322540283,2.6375190518105867,2.6375190518105867,0.612987220287323,True,1.0,True,3.0245392322540283,2.6375190518105867,2,1.0,0.6000000238418579,0.0,0.4179809093475342,0.582019031047821,0.024820666760206223,0.9366018176078796,0.017692765220999718,0.020884744822978973,0.0,0.021582331508398056,0.9352810978889465,0.01791824959218502,0.025218363851308823,0.0
mbj_bandgap::test::001509::JVASP-71896,0.0,-0.00029401620849967003,-0.0029003978900131733,-0.00029401620849967003,0.37624025344848633,False,1.0,True,0.00029401620849967003,0.00029401620849967003,1,0.7841775417327881,0.6000000238418579,0.0,0.5167472958564758,0.48325270414352417,0.4870653748512268,0.285186231136322,0.1693265736103058,0.05842186138033867,0.0,0.4705568253993988,0.2930402457714081,0.17436762154102325,0.06203529238700867,0.0
mbj_bandgap::test::001510::JVASP-71768,0.0,0.0009880797006189823,0.00037641711941687194,0.0009880797006189823,0.4064572751522064,False,1.0,True,0.0009880797006189823,0.0009880797006189823,1,0.2212284952402115,0.6000000238418579,0.0,0.5100903511047363,0.48990964889526367,0.4420066773891449,0.2663060426712036,0.27265650033950806,0.01903073862195015,0.0,0.4547269344329834,0.28259897232055664,0.24781708419322968,0.014857021160423756,0.0
mbj_bandgap::test::001511::JVASP-114887,4.374,4.494863033294678,4.509185383404895,4.509185383404895,0.5997757911682129,True,1.0,True,0.12086303329467807,0.13518538340489528,2,0.14900466799736023,0.6000000238418579,0.0,0.4000537395477295,0.5999462604522705,0.02222268283367157,0.9423425793647766,0.018466908484697342,0.01696779578924179,0.0,0.016095172613859177,0.9552549123764038,0.01876434125006199,0.009885476902127266,0.0
mbj_bandgap::test::001512::JVASP-34241,6.252,6.634418487548828,7.053870666618674,7.053870666618674,0.7036858201026917,True,1.0,True,0.38241848754882835,0.8018706666186741,2,1.0,0.6000000238418579,0.0,0.39979344606399536,0.6002065539360046,0.013735835440456867,0.87263423204422,0.04352658987045288,0.07010334730148315,0.0,0.0108937444165349,0.8833703994750977,0.04125500097870827,0.06448084115982056,0.0
mbj_bandgap::test::001513::JVASP-120244,5.754,6.00826358795166,5.666389010536802,5.666389010536802,0.572886049747467,True,1.0,True,0.2542635879516606,0.08761098946319734,2,1.0,0.6000000238418579,0.0,0.3999848961830139,0.6000151634216309,0.0434996597468853,0.8396747708320618,0.0655156672000885,0.05130990594625473,0.0,0.04278770461678505,0.8513820767402649,0.05921443551778793,0.04661581292748451,0.0
mbj_bandgap::test::001514::JVASP-12822,3.983,3.9993109703063965,4.038429701166793,4.038429701166793,0.594786524772644,True,1.0,True,0.01631097030639639,0.0554297011667928,2,0.4019191265106201,0.6000000238418579,0.0,0.4009782373905182,0.5990217924118042,0.03515251725912094,0.919686496257782,0.028420139104127884,0.016740787774324417,0.0,0.033941302448511124,0.9293143153190613,0.022765841335058212,0.013978518545627594,0.0
mbj_bandgap::test::001515::JVASP-37602,0.0,0.0008031860925257206,-0.02171598352956756,0.0008031860925257206,0.37654614448547363,False,1.0,True,0.0008031860925257206,0.0008031860925257206,1,0.9330868721008301,0.6000000238418579,0.0,0.5429593920707703,0.45704060792922974,0.43958407640457153,0.37668079137802124,0.15590539574623108,0.027829701080918312,0.0,0.4857850968837738,0.3546927869319916,0.1354280412197113,0.024094108492136,0.0
mbj_bandgap::test::001516::JVASP-36413,0.748,1.6652872562408447,0.7241295702196064,0.7241295702196064,0.6782199740409851,True,1.0,True,0.9172872562408447,0.023870429780393554,2,1.0,0.5,0.0,0.4926658570766449,0.5073341131210327,0.3058152198791504,0.6453739404678345,0.04022044688463211,0.008590414188802242,0.0,0.4023195207118988,0.5549406409263611,0.036797959357500076,0.005941916257143021,0.0
mbj_bandgap::test::001517::JVASP-106629,0.0,0.0009825960732996464,-0.0017153332142017864,0.0009825960732996464,0.3789140582084656,False,1.0,True,0.0009825960732996464,0.0009825960732996464,1,0.7266018986701965,0.6000000238418579,0.0,0.5229607224464417,0.47703927755355835,0.362745076417923,0.4175358712673187,0.20543798804283142,0.014281009323894978,0.0,0.3231591582298279,0.4379728436470032,0.22925515472888947,0.009612861089408398,0.0
mbj_bandgap::test::001518::JVASP-113006,2.55,1.8259367942810059,2.3661095380454666,2.3661095380454666,0.7782048583030701,True,1.0,True,0.724063205718994,0.18389046195453318,2,1.0,0.6000000238418579,0.0,0.4495467245578766,0.5504533052444458,0.0053392075933516026,0.9413202404975891,0.02423156425356865,0.029108945280313492,0.0,0.003934190142899752,0.9446067810058594,0.02595464512705803,0.025504469871520996,0.0
mbj_bandgap::test::001519::JVASP-50829,5.443,5.226405620574951,5.3527641897501015,5.3527641897501015,0.571711003780365,True,1.0,True,0.21659437942504844,0.09023581024989813,2,0.8677331209182739,0.6000000238418579,0.0,0.3999871611595154,0.6000128388404846,0.02059592679142952,0.8329645991325378,0.11388492584228516,0.03255448490381241,0.0,0.022100035101175308,0.8475093841552734,0.10648198425769806,0.02390860952436924,0.0
mbj_bandgap::test::001520::JVASP-116247,0.543,1.1241297721862793,0.6550691924927952,0.6550691924927952,0.5883195400238037,True,1.0,True,0.5811297721862793,0.11206919249279512,2,1.0,0.6000000238418579,0.0,0.48866668343544006,0.5113333463668823,0.25412142276763916,0.7066099047660828,0.029158318415284157,0.010110416449606419,0.0,0.22211655974388123,0.7447737455368042,0.02461462840437889,0.008495045825839043,0.0
mbj_bandgap::test::001521::JVASP-78684,0.0,-0.00031225522980093956,-0.004432657808011609,-0.00031225522980093956,0.38891690969467163,False,1.0,True,0.00031225522980093956,0.00031225522980093956,1,0.6419943571090698,0.6000000238418579,0.0,0.5235278010368347,0.4764721989631653,0.4551084041595459,0.2992042601108551,0.23020167648792267,0.01548564713448286,0.0,0.4667608141899109,0.28418803215026855,0.23493102192878723,0.014120129868388176,0.0
mbj_bandgap::test::001522::JVASP-14556,0.0,-9.702038369141519e-06,-0.0015790124095339975,-9.702038369141519e-06,0.42214351892471313,False,1.0,True,9.702038369141519e-06,9.702038369141519e-06,1,0.36093422770500183,0.6000000238418579,0.0,0.5081263780593872,0.4918736517429352,0.751085638999939,0.18271298706531525,0.041332051157951355,0.02486933209002018,0.0,0.7307561635971069,0.20614507794380188,0.03940296918153763,0.023695776239037514,0.0
mbj_bandgap::test::001523::JVASP-106530,0.0,-0.0003724559210240841,6.978050390877843e-05,-0.0003724559210240841,0.43881547451019287,False,1.0,True,0.0003724559210240841,0.0003724559210240841,1,0.20335513353347778,0.699999988079071,0.0,0.512930154800415,0.48706984519958496,0.65980464220047,0.18205329775810242,0.14131562411785126,0.016826432198286057,0.0,0.6722708344459534,0.18672969937324524,0.12838327884674072,0.012616229243576527,0.0
mbj_bandgap::test::001524::JVASP-2454,4.622,4.519290447235107,4.568877419886052,4.568877419886052,0.5450642108917236,True,1.0,True,0.10270955276489246,0.053122580113948104,2,0.7402947545051575,0.6000000238418579,0.0,0.4002540707588196,0.5997459292411804,0.019209029152989388,0.8365296125411987,0.0916040912270546,0.05265731364488602,0.0,0.019746091216802597,0.8379980325698853,0.08555067330598831,0.056705158203840256,0.0
mbj_bandgap::test::001525::JVASP-34078,0.866,0.8698818683624268,1.0301676088705671,1.0301676088705671,0.5473227500915527,True,1.0,True,0.003881868362426766,0.16416760887056714,2,1.0,0.6000000238418579,0.0,0.4437519907951355,0.5562480092048645,0.06339628994464874,0.9046481251716614,0.018617426976561546,0.013338157907128334,0.0,0.07683567702770233,0.8846765756607056,0.024413015693426132,0.014074834063649178,0.0
mbj_bandgap::test::001526::JVASP-22588,4.463,5.137183666229248,4.590744665170848,4.590744665170848,0.6271311044692993,True,1.0,True,0.674183666229248,0.12774466517084804,2,1.0,0.6000000238418579,0.0,0.40008801221847534,0.5999119877815247,0.012334967032074928,0.8728270530700684,0.10089850425720215,0.013939477503299713,0.0,0.007023268844932318,0.8618217706680298,0.1185438260436058,0.012611158192157745,0.0
mbj_bandgap::test::001527::JVASP-65415,0.0,0.00045938650146126747,-0.017055958327203503,0.00045938650146126747,0.36545833945274353,False,1.0,True,0.00045938650146126747,0.00045938650146126747,1,0.8982397317886353,0.6000000238418579,0.0,0.5200773477554321,0.4799225926399231,0.37157192826271057,0.4566271901130676,0.151228666305542,0.02057226002216339,0.0,0.38856106996536255,0.43800050020217896,0.15124955773353577,0.02218884602189064,0.0
mbj_bandgap::test::001528::JVASP-86029,3.896,3.9848616123199463,4.461309526605669,4.461309526605669,0.7321980595588684,True,1.0,True,0.08886161231994638,0.5653095266056694,2,1.0,0.6000000238418579,0.0,0.40083593130111694,0.5991640686988831,0.040602218359708786,0.8942224383354187,0.04639485478401184,0.01878049410879612,0.0,0.0473904050886631,0.8862924575805664,0.04597712308168411,0.02034001797437668,0.0
mbj_bandgap::test::001529::JVASP-40009,0.0,-0.0011476739309728146,-0.001586958830782792,-0.0011476739309728146,0.4008881747722626,False,1.0,True,0.0011476739309728146,0.0011476739309728146,1,0.3252624273300171,0.6000000238418579,0.0,0.5287438035011292,0.4712562561035156,0.49051231145858765,0.3590882420539856,0.14245525002479553,0.00794417317956686,0.0,0.4754697382450104,0.41077089309692383,0.10762294381856918,0.006136422045528889,0.0
mbj_bandgap::test::001530::JVASP-10196,6.58,6.771245002746582,6.6855529011324295,6.6855529011324295,0.5372791886329651,True,1.0,True,0.19124500274658196,0.10555290113242943,2,0.7093435525894165,0.6000000238418579,0.0,0.39999762177467346,0.6000024080276489,0.02875606156885624,0.8914361000061035,0.06405670940876007,0.015751108527183533,0.0,0.023947808891534805,0.9024268984794617,0.06274349987506866,0.010881795547902584,0.0
mbj_bandgap::test::001531::JVASP-107002,0.0,0.0005267397500574589,-0.0028683168677507754,0.0005267397500574589,0.3753099739551544,False,1.0,True,0.0005267397500574589,0.0005267397500574589,1,0.7827594876289368,0.5,0.0,0.5238078832626343,0.47619208693504333,0.2542714774608612,0.5029802322387695,0.20616929233074188,0.03657899051904678,0.0,0.29108914732933044,0.5028559565544128,0.1667022705078125,0.03935258835554123,0.0
mbj_bandgap::test::001532::JVASP-36587,3.435,3.349196195602417,3.1443010396920004,3.1443010396920004,0.557432234287262,True,1.0,True,0.08580380439758306,0.2906989603079997,2,1.0,0.6000000238418579,0.0,0.4337437152862549,0.5662562847137451,0.030926033854484558,0.8093463182449341,0.11706209182739258,0.04266561195254326,0.0,0.024156926199793816,0.8240726590156555,0.10969243943691254,0.04207795113325119,0.0
mbj_bandgap::test::001533::JVASP-7942,0.0,-0.000353978481143713,0.0006449454840587344,-0.000353978481143713,0.3889574408531189,False,1.0,True,0.000353978481143713,0.000353978481143713,1,0.41781508922576904,0.5,0.0,0.5160418152809143,0.4839581847190857,0.5014601349830627,0.25204700231552124,0.2028961181640625,0.04359681159257889,0.0,0.4540988504886627,0.2822803854942322,0.21514229476451874,0.04847850650548935,0.0
mbj_bandgap::test::001534::JVASP-68915,0.0,0.0001948611024999991,-0.003082987274550986,0.0001948611024999991,0.37044093012809753,False,1.0,True,0.0001948611024999991,0.0001948611024999991,1,0.8062283396720886,0.6000000238418579,0.0,0.5138256549835205,0.4861742854118347,0.51384437084198,0.2609153985977173,0.21420614421367645,0.011034177616238594,0.0,0.5237939357757568,0.25089773535728455,0.217307448387146,0.008000885136425495,0.0
mbj_bandgap::test::001535::JVASP-13425,2.427,2.520324945449829,2.4769573316996567,2.4769573316996567,0.5700349807739258,True,1.0,True,0.09332494544982906,0.04995733169965666,2,0.7378726601600647,0.6000000238418579,0.0,0.4366823732852936,0.563317596912384,0.00725252041593194,0.948735237121582,0.03197077661752701,0.012041443027555943,0.0,0.005254988092929125,0.9509808421134949,0.03377355635166168,0.009990573860704899,0.0
mbj_bandgap::test::001536::JVASP-29841,7.336,7.336274147033691,7.3327305281045785,7.3327305281045785,0.5621327757835388,True,1.0,True,0.0002741470336911078,0.003269471895421816,2,0.043480124324560165,0.6000000238418579,0.0,0.39851656556129456,0.6014833450317383,0.03438665717840195,0.8415569067001343,0.060302652418613434,0.06375382095575333,0.0,0.03647394850850105,0.8524152636528015,0.07337401807308197,0.03773682191967964,0.0
mbj_bandgap::test::001537::JVASP-56453,3.271,3.3399221897125244,3.6739233518671712,3.6739233518671712,0.6870182156562805,True,1.0,True,0.0689221897125245,0.4029233518671713,2,1.0,0.6000000238418579,0.0,0.4021975100040436,0.5978025197982788,0.02144206315279007,0.8710163831710815,0.09073449671268463,0.01680702343583107,0.0,0.023761434480547905,0.8779901266098022,0.08462419360876083,0.013624300248920918,0.0
mbj_bandgap::test::001538::JVASP-63995,0.0,-0.00024669012054800987,-0.00486615474228993,-0.00024669012054800987,0.35465750098228455,False,1.0,True,0.00024669012054800987,0.00024669012054800987,1,0.8703600168228149,0.5,0.0,0.5298147797584534,0.47018522024154663,0.4403061866760254,0.21104946732521057,0.2641400694847107,0.08450426161289215,0.0,0.44406548142433167,0.2192101925611496,0.26113879680633545,0.07558558136224747,0.0
mbj_bandgap::test::001539::JVASP-10152,2.606,2.2704343795776367,2.509532042270874,2.509532042270874,0.6629943251609802,True,1.0,True,0.33556562042236315,0.09646795772912586,2,1.0,0.6000000238418579,0.0,0.41607898473739624,0.5839210748672485,0.021335896104574203,0.9547843933105469,0.020212434232234955,0.003667284268885851,0.0,0.02033180743455887,0.9589223861694336,0.01736246794462204,0.0033833396155387163,0.0
mbj_bandgap::test::001540::JVASP-44547,4.684,5.372635841369629,5.2504717667165455,5.2504717667165455,0.5473940968513489,True,1.0,True,0.6886358413696287,0.5664717667165453,2,0.9645808339118958,0.6000000238418579,0.0,0.4000170826911926,0.5999829173088074,0.018215367570519447,0.9352176785469055,0.026675308123230934,0.019891653209924698,0.0,0.015031206421554089,0.9365774989128113,0.031947556883096695,0.01644374430179596,0.0
mbj_bandgap::test::001541::JVASP-109052,0.0,0.0012889639474451542,-0.0029800382236452984,0.0012889639474451542,0.38868412375450134,False,1.0,True,0.0012889639474451542,0.0012889639474451542,1,0.7894366383552551,0.699999988079071,0.0,0.5200761556625366,0.47992387413978577,0.44431740045547485,0.32604363560676575,0.19804862141609192,0.03159039467573166,0.0,0.47625747323036194,0.31408411264419556,0.18000300228595734,0.029655445367097855,0.0
mbj_bandgap::test::001542::JVASP-62634,0.0,0.00048751989379525185,-0.002309370512575293,0.00048751989379525185,0.3882759213447571,False,1.0,True,0.00048751989379525185,0.00048751989379525185,1,0.6675200462341309,0.699999988079071,0.0,0.5348625779151917,0.46513742208480835,0.3293897807598114,0.5087544322013855,0.12656989693641663,0.03528589755296707,0.0,0.3054060935974121,0.5425044298171997,0.11518578231334686,0.03690370172262192,0.0
mbj_bandgap::test::001543::JVASP-52248,0.0,0.0625208169221878,0.035419520511081305,0.0625208169221878,0.40837961435317993,False,1.0,True,0.0625208169221878,0.0625208169221878,1,1.0,0.5,0.0,0.5430512428283691,0.45694875717163086,0.021957984194159508,0.9228425025939941,0.030929258093237877,0.024270303547382355,0.0,0.014489198103547096,0.9312289357185364,0.03187037259340286,0.022411543875932693,0.0
mbj_bandgap::test::001544::JVASP-26395,1.198,1.4021564722061157,1.4104916116565367,1.4104916116565367,0.5911754369735718,True,1.0,True,0.20415647220611577,0.21249161165653674,2,0.1427852213382721,0.6000000238418579,0.0,0.451132208108902,0.5488677620887756,0.03053048811852932,0.9127237200737,0.050594281405210495,0.0061514778062701225,0.0,0.0392274409532547,0.904656708240509,0.05114717409014702,0.004968686029314995,0.0
mbj_bandgap::test::001545::JVASP-35016,0.0,0.0025711790658533573,-0.00033141410899748534,0.0025711790658533573,0.40060538053512573,False,1.0,True,0.0025711790658533573,0.0025711790658533573,1,0.8267284631729126,0.699999988079071,0.0,0.5549373626708984,0.44506263732910156,0.238804891705513,0.6103936433792114,0.103886678814888,0.046914808452129364,0.0,0.2686193883419037,0.5965791344642639,0.08930276334285736,0.045498691499233246,0.0
mbj_bandgap::test::001546::JVASP-1561,5.212,5.235037803649902,5.333448296537805,5.333448296537805,0.5626776814460754,True,1.0,True,0.0230378036499026,0.12144829653780498,2,0.8202322125434875,0.6000000238418579,0.0,0.3998224139213562,0.6001775860786438,0.022704582661390305,0.8715154528617859,0.04856855422258377,0.057211387902498245,0.0,0.022443000227212906,0.857568621635437,0.0501449815928936,0.06984339654445648,0.0
mbj_bandgap::test::001547::JVASP-117975,0.0,-0.010846183635294437,-0.13071047841810882,-0.010846183635294437,0.40649092197418213,False,1.0,True,0.010846183635294437,0.010846183635294437,1,0.9747333526611328,0.6000000238418579,0.0,0.5203259587287903,0.47967401146888733,0.14513306319713593,0.8140427470207214,0.020217088982462883,0.020607050508260727,0.0,0.15855984389781952,0.801963210105896,0.01707785576581955,0.02239903062582016,0.0
mbj_bandgap::test::001548::JVASP-16718,0.0,0.0008794800378382206,-0.003687324466459829,0.0008794800378382206,0.3759831488132477,False,1.0,True,0.0008794800378382206,0.0008794800378382206,1,0.9025868773460388,0.699999988079071,0.0,0.5240591764450073,0.47594088315963745,0.3375348448753357,0.4713198244571686,0.16170750558376312,0.029437771067023277,0.0,0.3296601474285126,0.4977901875972748,0.14666403830051422,0.025885602459311485,0.0
mbj_bandgap::test::001549::JVASP-3882,2.947,2.703256607055664,3.4734014493767034,3.4734014493767034,0.8492130637168884,True,1.0,True,0.243743392944336,0.5264014493767033,2,1.0,0.6000000238418579,0.0,0.4133651852607727,0.5866348147392273,0.006156851537525654,0.9500882029533386,0.030917879194021225,0.012837034650146961,0.0,0.005299930926412344,0.9501605033874512,0.03467043116688728,0.00986910704523325,0.0
mbj_bandgap::test::001550::JVASP-113637,0.0,1.7528492212295532,1.3258887911685457,1.3258887911685457,0.6271293759346008,True,1.0,True,1.7528492212295532,1.3258887911685457,1,1.0,0.6000000238418579,0.0,0.5149262547492981,0.4850737452507019,0.029196640476584435,0.9116334915161133,0.04861364886164665,0.010556228458881378,0.0,0.03268301859498024,0.9081436991691589,0.0487309955060482,0.010442186146974564,0.0
mbj_bandgap::test::001551::JVASP-23047,0.0,0.0011422173120081425,-0.033733654730024765,0.0011422173120081425,0.4105076789855957,False,1.0,True,0.0011422173120081425,0.0011422173120081425,1,1.0,0.6000000238418579,0.0,0.5625725984573364,0.43742746114730835,0.009081847965717316,0.9277135133743286,0.048642877489328384,0.014561700634658337,0.0,0.006756199058145285,0.9426029324531555,0.040798842906951904,0.009842108003795147,0.0
mbj_bandgap::test::001552::JVASP-100727,0.0,0.0003588930703699589,-0.021481292963296907,0.0003588930703699589,0.3632828891277313,False,1.0,True,0.0003588930703699589,0.0003588930703699589,1,0.921718180179596,0.6000000238418579,0.0,0.5289644002914429,0.4710356295108795,0.38326793909072876,0.35445210337638855,0.2418835461139679,0.02039645053446293,0.0,0.37760940194129944,0.36142832040786743,0.24567432701587677,0.01528795063495636,0.0
mbj_bandgap::test::001553::JVASP-35193,6.064,6.122613430023193,6.221703420232628,6.221703420232628,0.5578183531761169,True,1.0,True,0.0586134300231933,0.15770342023262796,2,0.9933328032493591,0.6000000238418579,0.0,0.40000858902931213,0.5999914407730103,0.02299971505999565,0.8853136301040649,0.04840134084224701,0.04328545182943344,0.0,0.020629435777664185,0.8966232538223267,0.050289083272218704,0.03245828300714493,0.0
mbj_bandgap::test::001554::JVASP-59268,3.094,3.1461336612701416,3.3561796099652845,3.3561796099652845,0.6218050718307495,True,1.0,True,0.05213366127014174,0.26217960996528467,2,1.0,0.6000000238418579,0.0,0.4083169102668762,0.5916830897331238,0.01642768085002899,0.8909180760383606,0.03968532383441925,0.05296895653009415,0.0,0.01617293991148472,0.9011734127998352,0.03936183452606201,0.043291907757520676,0.0
mbj_bandgap::test::001555::JVASP-62003,0.0,-0.0011864169500768185,-0.003445742871876889,-0.0011864169500768185,0.38175779581069946,False,1.0,True,0.0011864169500768185,0.0011864169500768185,1,0.5728599429130554,0.5,0.0,0.5185925364494324,0.48140740394592285,0.26652437448501587,0.37626978754997253,0.32171371579170227,0.03549216687679291,0.0,0.24166662991046906,0.37508484721183777,0.35308974981307983,0.030158769339323044,0.0
mbj_bandgap::test::001556::JVASP-15275,0.0,0.01306541170924902,-0.02030814184939942,0.01306541170924902,0.40743353962898254,False,1.0,True,0.01306541170924902,0.01306541170924902,1,1.0,0.6000000238418579,0.0,0.5579459071159363,0.4420540928840637,0.05661755055189133,0.890609622001648,0.03794289380311966,0.014829847030341625,0.0,0.04623774066567421,0.9038605690002441,0.035456471145153046,0.014445175416767597,0.0
mbj_bandgap::test::001557::JVASP-4630,1.256,1.1990673542022705,2.06193959403309,2.06193959403309,0.8629519939422607,True,1.0,True,0.0569326457977295,0.80593959403309,2,1.0,0.5,0.0,0.45752382278442383,0.5424761772155762,0.006618460174649954,0.9629837870597839,0.018500346690416336,0.011897372081875801,0.0,0.004902111366391182,0.9641145467758179,0.020980002358555794,0.010003234259784222,0.0
mbj_bandgap::test::001558::JVASP-62546,3.572,3.820498466491699,4.114806362770555,4.114806362770555,0.6777559518814087,True,1.0,True,0.24849846649169915,0.5428063627705546,2,1.0,0.6000000238418579,0.0,0.4015413224697113,0.5984586477279663,0.021004587411880493,0.949321448802948,0.012332193553447723,0.01734178327023983,0.0,0.024017777293920517,0.9496485590934753,0.012682879343628883,0.013650752604007721,0.0
mbj_bandgap::test::001559::JVASP-41484,0.0,-0.0003601773642003536,-0.001656969871746683,-0.0003601773642003536,0.4093115031719208,False,1.0,True,0.0003601773642003536,0.0003601773642003536,1,0.4275815784931183,0.6000000238418579,0.0,0.5219084620475769,0.4780915379524231,0.5448079705238342,0.26574191451072693,0.17117150127887726,0.01827864535152912,0.0,0.5679541826248169,0.2583318054676056,0.15776216983795166,0.015951786190271378,0.0
mbj_bandgap::test::001560::JVASP-79188,0.0,-0.0012963279150426388,-0.012797165923496511,-0.0012963279150426388,0.3701983094215393,False,1.0,True,0.0012963279150426388,0.0012963279150426388,1,0.8427196145057678,0.6000000238418579,0.0,0.5331882238388062,0.46681174635887146,0.36230379343032837,0.4050731658935547,0.19953283667564392,0.033090271055698395,0.0,0.40401849150657654,0.3776736855506897,0.18845751881599426,0.02985030971467495,0.0
mbj_bandgap::test::001561::JVASP-15896,0.0,-0.0018736585043370724,-0.008985432625113777,-0.0018736585043370724,0.38190677762031555,False,1.0,True,0.0018736585043370724,0.0018736585043370724,1,0.6542284488677979,0.5,0.0,0.5221735835075378,0.47782641649246216,0.4955896735191345,0.23037318885326385,0.22323596477508545,0.0508011169731617,0.0,0.5087335705757141,0.2464713156223297,0.20290294289588928,0.04189225286245346,0.0
mbj_bandgap::test::001562::JVASP-17167,0.0,-0.0008094771765172482,-0.05490642500724645,-0.0008094771765172482,0.3905182480812073,False,1.0,True,0.0008094771765172482,0.0008094771765172482,1,0.935699462890625,0.5,0.0,0.5578736662864685,0.4421262741088867,0.1558723896741867,0.7322885394096375,0.09219519793987274,0.019643843173980713,0.0,0.1891358345746994,0.721023678779602,0.07031218707561493,0.019528275355696678,0.0
mbj_bandgap::test::001563::JVASP-11374,2.678,2.8707997798919678,2.9028795789207202,2.9028795789207202,0.5891746282577515,True,1.0,True,0.19279977989196784,0.2248795789207203,2,0.2923617959022522,0.6000000238418579,0.0,0.4314023554325104,0.5685976147651672,0.02543707750737667,0.8967229723930359,0.05522800609469414,0.02261192537844181,0.0,0.023806901648640633,0.9021091461181641,0.05497981980443001,0.019104115664958954,0.0
mbj_bandgap::test::001564::JVASP-41953,0.0,0.0009694830514490604,0.0006847479862190254,0.0009694830514490604,0.4366723299026489,False,1.0,True,0.0009694830514490604,0.0009694830514490604,1,0.09642422199249268,0.699999988079071,0.0,0.5245024561882019,0.4754975438117981,0.5191187858581543,0.36925503611564636,0.10340163856744766,0.008224576711654663,0.0,0.5202742218971252,0.3908874988555908,0.0818139836192131,0.007024330087006092,0.0
mbj_bandgap::test::001565::JVASP-34069,0.0,-0.04476039111614227,-0.11295454513952488,-0.04476039111614227,0.40168529748916626,False,1.0,True,0.04476039111614227,0.04476039111614227,1,0.991371214389801,0.5,0.0,0.5549770593643188,0.44502291083335876,0.0718802958726883,0.8938080072402954,0.022578980773687363,0.011732678860425949,0.0,0.0799744501709938,0.8897137641906738,0.02140454575419426,0.008907278999686241,0.0
mbj_bandgap::test::001566::JVASP-29048,0.128,0.07354696094989777,0.006722516909058296,0.07354696094989777,0.4137170612812042,False,1.0,True,0.05445303905010224,0.05445303905010224,1,1.0,0.6000000238418579,0.0,0.5956714749336243,0.40432849526405334,0.10632884502410889,0.8193966150283813,0.04588935524225235,0.02838524617254734,0.0,0.11844751983880997,0.8080610036849976,0.054683320224285126,0.018808064982295036,0.0
mbj_bandgap::test::001567::JVASP-9123,5.504,5.482565879821777,5.481177603033371,5.481177603033371,0.5689912438392639,True,1.0,True,0.021434120178222216,0.022822396966628133,2,0.02970314770936966,0.6000000238418579,0.0,0.4000224471092224,0.5999775528907776,0.0258396677672863,0.8817659616470337,0.07845159620046616,0.013942724093794823,0.0,0.02454153262078762,0.8885822296142578,0.07338201254606247,0.013494223356246948,0.0
mbj_bandgap::test::001568::JVASP-8435,0.0,-0.0009991391561925411,-0.018265232558146004,-0.0009991391561925411,0.38544926047325134,False,1.0,True,0.0009991391561925411,0.0009991391561925411,1,0.8324868679046631,0.6000000238418579,0.0,0.5420219302177429,0.4579780101776123,0.28419655561447144,0.5081537365913391,0.16841593384742737,0.03923380747437477,0.0,0.26244017481803894,0.5396989583969116,0.16068479418754578,0.03717601299285889,0.0
mbj_bandgap::test::001569::JVASP-41001,0.0,-0.00027112802490592003,-0.004349309353812547,-0.00027112802490592003,0.3725834786891937,False,1.0,True,0.00027112802490592003,0.00027112802490592003,1,0.7638570666313171,0.5,0.0,0.5248014330863953,0.4751985967159271,0.4254893362522125,0.37983283400535583,0.16169893741607666,0.032978881150484085,0.0,0.43369945883750916,0.38235706090927124,0.15475305914878845,0.02919040620326996,0.0
mbj_bandgap::test::001570::JVASP-64541,0.0,-0.0010958178900182247,-0.007553963054464608,-0.0010958178900182247,0.3721993863582611,False,1.0,True,0.0010958178900182247,0.0010958178900182247,1,0.8536338806152344,0.6000000238418579,0.0,0.5386097431182861,0.46139025688171387,0.3823569715023041,0.392791211605072,0.211355522274971,0.01349630393087864,0.0,0.4120427966117859,0.3580261170864105,0.21723170578479767,0.012699304148554802,0.0
mbj_bandgap::test::001571::JVASP-74449,0.0,0.0034850374795496464,0.002928474183333618,0.0034850374795496464,0.4105049669742584,False,1.0,True,0.0034850374795496464,0.0034850374795496464,1,0.3313440978527069,0.699999988079071,0.0,0.5208207964897156,0.4791792035102844,0.469576895236969,0.3756803870201111,0.1256580948829651,0.02908460423350334,0.0,0.4755135476589203,0.37006914615631104,0.12972120940685272,0.024696089327335358,0.0
mbj_bandgap::test::001572::JVASP-36637,3.439,3.091346263885498,2.8764357106324416,2.8764357106324416,0.5540538430213928,True,1.0,True,0.347653736114502,0.5625642893675584,2,1.0,0.6000000238418579,0.0,0.441018670797348,0.5589812994003296,0.03118324652314186,0.7745321989059448,0.13213412463665009,0.06215042620897293,0.0,0.025917083024978638,0.7703136205673218,0.13473480939865112,0.06903446465730667,0.0
mbj_bandgap::test::001573::JVASP-4486,5.44,5.432798385620117,5.402026271179566,5.402026271179566,0.5664467215538025,True,1.0,True,0.007201614379883203,0.03797372882043426,2,0.2380928248167038,0.6000000238418579,0.0,0.4000096917152405,0.5999903082847595,0.016583550721406937,0.8986977338790894,0.06146295741200447,0.023255638778209686,0.0,0.012710006907582283,0.9061087369918823,0.05738179758191109,0.02379949390888214,0.0
mbj_bandgap::test::001574::JVASP-90025,0.0,0.0008586184121668339,0.001489770784577149,0.0008586184121668339,0.4128863513469696,False,1.0,True,0.0008586184121668339,0.0008586184121668339,1,0.21618512272834778,0.5,0.0,0.5134130716323853,0.48658695816993713,0.6007859706878662,0.1519637405872345,0.2318643033504486,0.01538594625890255,0.0,0.5787097811698914,0.15910980105400085,0.24960725009441376,0.012573197484016418,0.0
mbj_bandgap::test::001575::JVASP-37235,0.0,-0.0008916123770177364,-0.0032531698884255,-0.0008916123770177364,0.3791549503803253,False,1.0,True,0.0008916123770177364,0.0008916123770177364,1,0.681860625743866,0.6000000238418579,0.0,0.5083171725273132,0.49168282747268677,0.4636734127998352,0.1881910115480423,0.3272876441478729,0.020847905427217484,0.0,0.45905765891075134,0.18442770838737488,0.3416462540626526,0.014868317171931267,0.0
mbj_bandgap::test::001576::JVASP-69350,0.0,0.0016206041909754276,-0.09745530642294524,0.0016206041909754276,0.3808925449848175,False,1.0,True,0.0016206041909754276,0.0016206041909754276,1,1.0,0.6000000238418579,0.0,0.5576443076133728,0.4423556327819824,0.3255786597728729,0.4519902169704437,0.20250913500785828,0.01992199756205082,0.0,0.36056625843048096,0.40822702646255493,0.217972069978714,0.013234679587185383,0.0
mbj_bandgap::test::001577::JVASP-57797,8.893,9.10629653930664,9.539762735453653,9.539762735453653,0.6999324560165405,True,1.0,True,0.21329653930663994,0.6467627354536525,2,1.0,0.6000000238418579,0.0,0.39908361434936523,0.6009164452552795,0.03169342502951622,0.8729943037033081,0.056939173489809036,0.038373030722141266,0.0,0.024640977382659912,0.8896442651748657,0.05094696953892708,0.03476787731051445,0.0
mbj_bandgap::test::001578::JVASP-17302,0.0,0.0062015787698328495,-0.04623316300114981,0.0062015787698328495,0.4239727556705475,False,1.0,True,0.0062015787698328495,0.0062015787698328495,1,0.911453366279602,0.6000000238418579,0.0,0.5711390376091003,0.42886096239089966,0.009107683785259724,0.9023938179016113,0.054544366896152496,0.033954210579395294,0.0,0.007316181901842356,0.9236968755722046,0.04253644496202469,0.026450488716363907,0.0
mbj_bandgap::test::001579::JVASP-8755,0.0,0.037142589688301086,-0.0016471903139422261,0.037142589688301086,0.39467519521713257,False,1.0,True,0.037142589688301086,0.037142589688301086,1,0.9745464324951172,0.5,0.0,0.5783825516700745,0.42161744832992554,0.17853780090808868,0.7655546069145203,0.04027300700545311,0.015634501352906227,0.0,0.19291265308856964,0.746335506439209,0.04093395918607712,0.019817816093564034,0.0
mbj_bandgap::test::001580::JVASP-118629,4.621,3.6811089515686035,4.044469089404024,4.044469089404024,0.6999436616897583,True,1.0,True,0.9398910484313969,0.5765309105959764,2,1.0,0.6000000238418579,0.0,0.4002423882484436,0.5997576117515564,0.04745294898748398,0.907048225402832,0.038640156388282776,0.006858677603304386,0.0,0.05227837711572647,0.9035826921463013,0.03932580351829529,0.004813170060515404,0.0
mbj_bandgap::test::001581::JVASP-81505,0.625,0.7753010988235474,0.5671924106615535,0.5671924106615535,0.515840470790863,True,1.0,True,0.15030109882354736,0.05780758933844654,1,1.0,0.6000000238418579,0.0,0.5428768396377563,0.45712313055992126,0.014968429692089558,0.9372729063034058,0.04458996281027794,0.0031686562579125166,0.0,0.012096856720745564,0.9428563117980957,0.041661590337753296,0.0033853172790259123,0.0
mbj_bandgap::test::001582::JVASP-75650,0.0,-0.0009934171102941036,-0.008769128744306687,-0.0009934171102941036,0.3556446433067322,False,1.0,True,0.0009934171102941036,0.0009934171102941036,1,0.9066193699836731,0.5,0.0,0.5248414278030396,0.47515860199928284,0.4899071156978607,0.2898268699645996,0.18746550381183624,0.032800525426864624,0.0,0.5090490579605103,0.28714466094970703,0.17411339282989502,0.029692839831113815,0.0
mbj_bandgap::test::001583::JVASP-26393,1.54,2.246730327606201,2.1101900911138083,2.1101900911138083,0.5829502940177917,True,1.0,True,0.7067303276062011,0.5701900911138083,2,0.8228448033332825,0.6000000238418579,0.0,0.44920340180397034,0.550796627998352,0.00827348418533802,0.9082314372062683,0.06838186085224152,0.015113243833184242,0.0,0.008947791531682014,0.9098075032234192,0.06858539581298828,0.012659338302910328,0.0
mbj_bandgap::test::001584::JVASP-37608,0.0,-0.0012717708013951778,-0.0031907745056737103,-0.0012717708013951778,0.3686317503452301,False,1.0,True,0.0012717708013951778,0.0012717708013951778,1,0.68638676404953,0.5,0.0,0.5167458653450012,0.48325419425964355,0.38469403982162476,0.4194113612174988,0.14095164835453033,0.054942965507507324,0.0,0.4094313979148865,0.41993969678878784,0.11951489746570587,0.0511140413582325,0.0
mbj_bandgap::test::001585::JVASP-1543,5.476,5.293478965759277,5.344437422981376,5.344437422981376,0.5458557605743408,True,1.0,True,0.18252103424072263,0.13156257701862373,2,0.7221510410308838,0.6000000238418579,0.0,0.40000566840171814,0.5999943614006042,0.023509163409471512,0.8380155563354492,0.09386590868234634,0.04460938274860382,0.0,0.02433324232697487,0.8320710062980652,0.09586817771196365,0.047727588564157486,0.0
mbj_bandgap::test::001586::JVASP-49915,0.0,0.009301736019551754,-0.007446163973082687,0.009301736019551754,0.4127539396286011,False,1.0,True,0.009301736019551754,0.009301736019551754,1,0.9355716109275818,0.699999988079071,0.0,0.5887897610664368,0.41121023893356323,0.0401700995862484,0.8224223852157593,0.10809614509344101,0.02931138314306736,0.0,0.034709203988313675,0.8288739323616028,0.09907592833042145,0.0373409278690815,0.0
mbj_bandgap::test::001587::JVASP-16332,0.0,-0.00031225522980093956,-0.007107601639815586,-0.00031225522980093956,0.3697330057621002,False,1.0,True,0.00031225522980093956,0.00031225522980093956,1,0.9244629740715027,0.699999988079071,0.0,0.5135727524757385,0.48642730712890625,0.3767830431461334,0.2575647830963135,0.3374989628791809,0.028153207153081894,0.0,0.36142224073410034,0.2621930241584778,0.35212188959121704,0.02426288090646267,0.0
mbj_bandgap::test::001588::JVASP-39076,0.0,-0.003369258251041174,-0.027533894859605446,-0.003369258251041174,0.3816242516040802,False,1.0,True,0.003369258251041174,0.003369258251041174,1,0.8870941400527954,0.6000000238418579,0.0,0.5201188325881958,0.4798811972141266,0.15586259961128235,0.6286898851394653,0.1791420876979828,0.03630543500185013,0.0,0.15610700845718384,0.6432458162307739,0.163811594247818,0.03683549910783768,0.0
mbj_bandgap::test::001589::JVASP-18387,1.704,0.6026836037635803,0.3243230149075781,0.3243230149075781,0.5191362500190735,True,1.0,True,1.1013163962364196,1.3796769850924218,1,1.0,0.699999988079071,0.0,0.5462374687194824,0.4537625312805176,0.06356481462717056,0.8245493769645691,0.06221729516983032,0.049668483436107635,0.0,0.06701170653104782,0.8472755551338196,0.06443748623132706,0.021275214850902557,0.0
mbj_bandgap::test::001590::JVASP-67543,0.0,0.0013089911080896854,-0.010617074312141362,0.0013089911080896854,0.36933189630508423,False,1.0,True,0.0013089911080896854,0.0013089911080896854,1,0.9230872988700867,0.6000000238418579,0.0,0.5339974164962769,0.4660026431083679,0.41590452194213867,0.4301071763038635,0.13593730330467224,0.018051039427518845,0.0,0.4392051696777344,0.41861122846603394,0.12489748001098633,0.01728615164756775,0.0
mbj_bandgap::test::001591::JVASP-9234,1.992,2.098625421524048,2.3139769475662795,2.3139769475662795,0.6387007236480713,True,1.0,True,0.10662542152404786,0.3219769475662795,2,0.9813588261604309,0.6000000238418579,0.0,0.449408620595932,0.5505913496017456,0.022443922236561775,0.9099712371826172,0.036180030554533005,0.03140491992235184,0.0,0.015115288086235523,0.9214597940444946,0.033626776188611984,0.02979821339249611,0.0
mbj_bandgap::test::001592::JVASP-2952,1.428,1.3934820890426636,1.4001161497494632,1.4001161497494632,0.5945352911949158,True,1.0,True,0.03451791095733636,0.027883850250536746,2,0.05185859277844429,0.6000000238418579,0.0,0.454542338848114,0.545457661151886,0.020260203629732132,0.950724720954895,0.022424157708883286,0.006590911652892828,0.0,0.020346177741885185,0.9519197344779968,0.02036961168050766,0.007364471442997456,0.0
mbj_bandgap::test::001593::JVASP-15294,0.0,-0.003702686633914709,-0.025088829112674228,-0.003702686633914709,0.4085748791694641,False,1.0,True,0.003702686633914709,0.003702686633914709,1,0.9522265791893005,0.800000011920929,0.0,0.5892751812934875,0.4107248783111572,0.04013494402170181,0.7200214862823486,0.15629872679710388,0.08354485780000687,0.0,0.039394449442625046,0.7398322820663452,0.10817525535821915,0.11259801685810089,0.0
mbj_bandgap::test::001594::JVASP-5344,3.716,3.5203652381896973,3.965377506017287,3.965377506017287,0.7486124038696289,True,1.0,True,0.19563476181030293,0.2493775060172867,2,1.0,0.6000000238418579,0.0,0.40151435136795044,0.5984856486320496,0.00770983099937439,0.9087859392166138,0.07343573123216629,0.01006853673607111,0.0,0.007655568420886993,0.9242697954177856,0.05891718715429306,0.009157421067357063,0.0
mbj_bandgap::test::001595::JVASP-9122,5.518,5.736337661743164,5.671382554739729,5.671382554739729,0.5572174787521362,True,1.0,True,0.21833766174316427,0.1533825547397294,2,0.6686528921127319,0.6000000238418579,0.0,0.39999017119407654,0.6000098586082458,0.05973130464553833,0.9165610074996948,0.013272481970489025,0.010435139760375023,0.0,0.055436354130506516,0.9231456518173218,0.009651845321059227,0.011766141280531883,0.0
mbj_bandgap::test::001596::JVASP-29037,0.0,0.031223488971590996,-0.05469599694561833,0.031223488971590996,0.4038148820400238,False,1.0,True,0.031223488971590996,0.031223488971590996,1,1.0,0.5,0.0,0.5886451601982117,0.41135483980178833,0.07564347982406616,0.8644648790359497,0.03743751347064972,0.022454245015978813,0.0,0.08705302327871323,0.8507224321365356,0.04308377951383591,0.019140781834721565,0.0
mbj_bandgap::test::001597::JVASP-16351,0.0,0.0010065571404993534,-0.0050605934886126525,0.0010065571404993534,0.38226714730262756,False,1.0,True,0.0010065571404993534,0.0010065571404993534,1,0.9115002751350403,0.6000000238418579,0.0,0.5297927856445312,0.47020721435546875,0.3648943305015564,0.5422744750976562,0.06751082837581635,0.025320377200841904,0.0,0.3742521107196808,0.5469955205917358,0.05261583253741264,0.02613646350800991,0.0
mbj_bandgap::test::001598::JVASP-29806,3.309,3.0917553901672363,3.1999074547607345,3.1999074547607345,0.6034227013587952,True,1.0,True,0.21724460983276384,0.1090925452392657,2,0.8994914889335632,0.6000000238418579,0.0,0.42017894983291626,0.5798211097717285,0.00441040750592947,0.9729346036911011,0.015150388702750206,0.007504590786993504,0.0,0.0030343167018145323,0.972846508026123,0.016628019511699677,0.007491200231015682,0.0
mbj_bandgap::test::001599::JVASP-25518,2.554,2.6480424404144287,2.6222565411721437,2.6222565411721437,0.5958498120307922,True,1.0,True,0.09404244041442889,0.06825654117214386,2,0.3093918263912201,0.6000000238418579,0.0,0.43237119913101196,0.567628800868988,0.013438185676932335,0.9574043154716492,0.01789124310016632,0.011266211979091167,0.0,0.011971560306847095,0.9569488763809204,0.016964098438620567,0.014115365222096443,0.0
mbj_bandgap::test::001600::JVASP-15911,0.0,0.006113363895565271,-0.003729822721353715,0.006113363895565271,0.38004836440086365,False,1.0,True,0.006113363895565271,0.006113363895565271,1,0.9437201619148254,0.5,0.0,0.5549420118331909,0.44505804777145386,0.297249972820282,0.6125528812408447,0.07074061781167984,0.019456539303064346,0.0,0.2812446057796478,0.6314390301704407,0.06984873116016388,0.017467590048909187,0.0
mbj_bandgap::test::001601::JVASP-20477,0.0,-0.0004984601400792599,-0.05662417453301731,-0.0004984601400792599,0.3872498571872711,False,1.0,True,0.0004984601400792599,0.0004984601400792599,1,1.0,0.5,0.0,0.5730187892913818,0.42698121070861816,0.11901544034481049,0.8078237771987915,0.06303121149539948,0.010129591450095177,0.0,0.14251631498336792,0.7935616374015808,0.05606113746762276,0.007860822603106499,0.0
mbj_bandgap::test::001602::JVASP-41570,0.0,-0.0006251796148717403,-0.0015691857484724458,-0.0006251796148717403,0.4011131227016449,False,1.0,True,0.0006251796148717403,0.0006251796148717403,1,0.4811055064201355,0.6000000238418579,0.0,0.5183995366096497,0.48160046339035034,0.5692318081855774,0.23665519058704376,0.16031107306480408,0.03380189836025238,0.0,0.5760024785995483,0.24275600910186768,0.14857544004917145,0.032666049897670746,0.0
mbj_bandgap::test::001603::JVASP-3408,1.349,1.009661316871643,1.1594419791674657,1.1594419791674657,0.5806635618209839,True,1.0,True,0.3393386831283569,0.18955802083253426,2,0.9301713109016418,0.6000000238418579,0.0,0.43457508087158203,0.565424919128418,0.05736556649208069,0.9009138941764832,0.03571472689509392,0.006005831528455019,0.0,0.06053508073091507,0.8942849040031433,0.03848028928041458,0.006699695251882076,0.0
mbj_bandgap::test::001604::JVASP-105722,0.0,0.0008451477624475956,-0.00535190110661612,0.0008451477624475956,0.36053764820098877,False,1.0,True,0.0008451477624475956,0.0008451477624475956,1,0.9252501726150513,0.6000000238418579,0.0,0.519749641418457,0.48025035858154297,0.41942277550697327,0.321174681186676,0.21610474586486816,0.04329782724380493,0.0,0.4324840009212494,0.3101399540901184,0.22601835429668427,0.031357698142528534,0.0
mbj_bandgap::test::001605::JVASP-40334,0.0,-0.00043182214722037315,-0.0074664818803806595,-0.00043182214722037315,0.3888915181159973,False,1.0,True,0.00043182214722037315,0.00043182214722037315,1,0.8349519968032837,0.6000000238418579,0.0,0.5365939140319824,0.4634060859680176,0.5494855046272278,0.3362743556499481,0.0824047103524208,0.03183533623814583,0.0,0.56027752161026,0.3500722646713257,0.06102650612592697,0.0286236759275198,0.0
mbj_bandgap::test::001606::JVASP-17379,0.0,-0.0065526231192052364,-0.04327605052574115,-0.0065526231192052364,0.4004858136177063,False,1.0,True,0.0065526231192052364,0.0065526231192052364,1,0.9828119874000549,0.6000000238418579,0.0,0.5926818251609802,0.407318115234375,0.10638954490423203,0.7660024762153625,0.08333329111337662,0.04427467659115791,0.0,0.10985849052667618,0.771165132522583,0.07694203406572342,0.04203431308269501,0.0
mbj_bandgap::test::001607::JVASP-65066,0.0,0.006180478725582361,-0.01011622211789669,0.006180478725582361,0.3515264689922333,False,1.0,True,0.006180478725582361,0.006180478725582361,1,0.9767931699752808,0.5,0.0,0.5990188121795654,0.40098118782043457,0.3489235043525696,0.35091835260391235,0.21282467246055603,0.08733347803354263,0.0,0.3882168233394623,0.33591562509536743,0.19988933205604553,0.07597819715738297,0.0
mbj_bandgap::test::001608::JVASP-20075,0.0,-0.0007615550421178341,-0.001250781416951874,-0.0007615550421178341,0.39916834235191345,False,1.0,True,0.0007615550421178341,0.0007615550421178341,1,0.3428686559200287,0.5,0.0,0.533635675907135,0.4663642942905426,0.55473393201828,0.31247931718826294,0.10799296200275421,0.024793747812509537,0.0,0.5319306254386902,0.36155107617378235,0.0901973694562912,0.016320914030075073,0.0
mbj_bandgap::test::001609::JVASP-16838,0.0,-0.0007235272787511349,-0.0076014317567064445,-0.0007235272787511349,0.37216681241989136,False,1.0,True,0.0007235272787511349,0.0007235272787511349,1,0.899657130241394,0.6000000238418579,0.0,0.5311055183410645,0.46889448165893555,0.11738055944442749,0.48901382088661194,0.35944074392318726,0.03416486829519272,0.0,0.13887810707092285,0.4572364389896393,0.3782128393650055,0.025672663003206253,0.0
mbj_bandgap::test::001610::JVASP-7905,0.0,0.0006550089456140995,-0.008851890383093553,0.0006550089456140995,0.3846607804298401,False,1.0,True,0.0006550089456140995,0.0006550089456140995,1,0.7045676112174988,0.6000000238418579,0.0,0.5260618329048157,0.4739382266998291,0.38119587302207947,0.18173548579216003,0.4013904929161072,0.03567812219262123,0.0,0.36566245555877686,0.18457582592964172,0.42059868574142456,0.029163086786866188,0.0
mbj_bandgap::test::001611::JVASP-36733,4.198,7.596069812774658,5.195660013269145,5.195660013269145,0.8854326009750366,True,1.0,True,3.398069812774658,0.9976600132691447,2,1.0,0.6000000238418579,0.0,0.4000110626220703,0.5999889373779297,0.02809387445449829,0.902448832988739,0.05783241242170334,0.011624784208834171,0.0,0.032037802040576935,0.893975555896759,0.06420927494764328,0.009777424857020378,0.0
mbj_bandgap::test::001612::JVASP-56805,0.017,-0.006480024661868811,-0.07782017839688479,-0.006480024661868811,0.36261460185050964,False,1.0,True,0.023480024661868812,0.023480024661868812,1,0.9953914284706116,0.5,0.0,0.5809468030929565,0.41905325651168823,0.27388110756874084,0.25997623801231384,0.40945497155189514,0.05668763443827629,0.0,0.2910981774330139,0.23903152346611023,0.41218727827072144,0.05768297240138054,0.0
mbj_bandgap::test::001613::JVASP-121219,0.0,0.0014336840249598026,-0.1682511475068298,0.0014336840249598026,0.4206888675689697,False,1.0,True,0.0014336840249598026,0.0014336840249598026,1,1.0,0.6000000238418579,0.0,0.5526745915412903,0.4473254680633545,0.03010604903101921,0.765426516532898,0.18757310509681702,0.016894282773137093,0.0,0.028173336759209633,0.7374373078346252,0.21830911934375763,0.016080299392342567,0.0
mbj_bandgap::test::001614::JVASP-56323,4.944,4.857570171356201,5.259151752968348,5.259151752968348,0.7124361395835876,True,1.0,True,0.08642982864379878,0.3151517529683483,2,1.0,0.6000000238418579,0.0,0.4000996947288513,0.5999003648757935,0.031963638961315155,0.913404107093811,0.0402323454618454,0.014399928040802479,0.0,0.035335998982191086,0.9168046712875366,0.040207639336586,0.0076516419649124146,0.0
mbj_bandgap::test::001615::JVASP-92217,1.584,1.479569435119629,1.5314611178169582,1.5314611178169582,0.6037411689758301,True,1.0,True,0.10443056488037117,0.052538882183041924,2,0.4568233788013458,0.6000000238418579,0.0,0.45946961641311646,0.5405303835868835,0.016720041632652283,0.9550329446792603,0.018977338448166847,0.009269705042243004,0.0,0.012851215898990631,0.9589838981628418,0.018296081572771072,0.009868777357041836,0.0
mbj_bandgap::test::001616::JVASP-13886,0.0,0.00046725431457161903,-0.013084777702810958,0.00046725431457161903,0.3969104290008545,False,1.0,True,0.00046725431457161903,0.00046725431457161903,1,0.9642350077629089,0.800000011920929,0.0,0.5615315437316895,0.43846845626831055,0.08732131123542786,0.5034626722335815,0.34082379937171936,0.06839223951101303,0.0,0.10399576276540756,0.5326414704322815,0.3023633360862732,0.06099945306777954,0.0
mbj_bandgap::test::001617::JVASP-54957,6.57,7.371668338775635,6.979160040283136,6.979160040283136,0.5675966739654541,True,1.0,True,0.8016683387756345,0.4091600402831359,2,0.9906692504882812,0.6000000238418579,0.0,0.3999955952167511,0.6000043749809265,0.048609115183353424,0.8436233401298523,0.1021290048956871,0.005638544447720051,0.0,0.061941929161548615,0.8365357518196106,0.09493828564882278,0.006584001239389181,0.0
mbj_bandgap::test::001618::JVASP-849,0.0,0.0006246105767786503,-0.004792101530234083,0.0006246105767786503,0.36815011501312256,False,1.0,True,0.0006246105767786503,0.0006246105767786503,1,0.9675604701042175,0.800000011920929,0.0,0.5143507719039917,0.4856491982936859,0.2934718132019043,0.5325852036476135,0.16734102368354797,0.006601980421692133,0.0,0.3014290928840637,0.5453502535820007,0.14730440080165863,0.005916222929954529,0.0
mbj_bandgap::test::001619::JVASP-101643,0.95,1.1165860891342163,0.9340814996316142,0.9340814996316142,0.5372908711433411,True,1.0,True,0.16658608913421635,0.015918500368385713,2,1.0,0.6000000238418579,0.0,0.45356982946395874,0.5464301705360413,0.1455940306186676,0.8045667409896851,0.04849209636449814,0.0013471022248268127,0.0,0.10622268915176392,0.844192385673523,0.04857747629284859,0.0010073374724015594,0.0
mbj_bandgap::test::001620::JVASP-113519,0.0,-0.000665710773319006,-0.01730803682585331,-0.000665710773319006,0.35613298416137695,False,1.0,True,0.000665710773319006,0.000665710773319006,1,0.98624587059021,0.5,0.0,0.5385690927505493,0.46143093705177307,0.35062938928604126,0.41325849294662476,0.229477196931839,0.006634933408349752,0.0,0.3651093542575836,0.3952021896839142,0.2345230132341385,0.00516545819118619,0.0
mbj_bandgap::test::001621::JVASP-18424,0.0,0.8842915892601013,0.6120252387789764,0.6120252387789764,0.5204457640647888,True,1.0,True,0.8842915892601013,0.6120252387789764,1,1.0,0.6000000238418579,0.0,0.5494242310523987,0.4505757689476013,0.16037721931934357,0.6154038906097412,0.17944642901420593,0.044772498309612274,0.0,0.20401103794574738,0.5962290167808533,0.1555003523826599,0.04425955191254616,0.0
mbj_bandgap::test::001622::JVASP-39927,0.0,-0.0012082322500646114,-0.002943057722907727,-0.0012082322500646114,0.39620721340179443,False,1.0,True,0.0012082322500646114,0.0012082322500646114,1,0.4932403564453125,0.6000000238418579,0.0,0.5417711138725281,0.4582289159297943,0.48003965616226196,0.41205447912216187,0.08786503970623016,0.020040754228830338,0.0,0.44510918855667114,0.4723206162452698,0.0645434707403183,0.01802670955657959,0.0
mbj_bandgap::test::001623::JVASP-67776,0.0,-0.00029127439484000206,-0.006566054874600535,-0.00029127439484000206,0.3717995882034302,False,1.0,True,0.00029127439484000206,0.00029127439484000206,1,0.7477045059204102,0.6000000238418579,0.0,0.5231009721755981,0.47689905762672424,0.44873157143592834,0.3313184678554535,0.19740700721740723,0.022542888298630714,0.0,0.413898766040802,0.3459777235984802,0.22425560653209686,0.01586788333952427,0.0
mbj_bandgap::test::001624::JVASP-36472,1.206,0.9011720418930054,0.7618291722828917,0.7618291722828917,0.5227304100990295,True,1.0,True,0.3048279581069946,0.44417082771710825,2,0.9379611611366272,0.6000000238418579,0.0,0.4385998249053955,0.5614001750946045,0.13366511464118958,0.8357521295547485,0.028334463015198708,0.0022482823114842176,0.0,0.14912426471710205,0.8232231140136719,0.026074716821312904,0.0015779456589370966,0.0
mbj_bandgap::test::001625::JVASP-4846,0.0,-0.00014095146616455168,-0.018779017598557268,-0.00014095146616455168,0.35159987211227417,False,1.0,True,0.00014095146616455168,0.00014095146616455168,1,1.0,0.5,0.0,0.5550408363342285,0.4449591636657715,0.22471551597118378,0.5489619374275208,0.21357198059558868,0.012750576250255108,0.0,0.25286415219306946,0.5232381224632263,0.2147483080625534,0.009149391204118729,0.0
mbj_bandgap::test::001626::JVASP-52966,0.0,0.0002407566789770499,-0.021743569149253062,0.0002407566789770499,0.3723796010017395,False,1.0,True,0.0002407566789770499,0.0002407566789770499,1,0.921068012714386,0.5,0.0,0.5262970924377441,0.473702996969223,0.1603773832321167,0.7161310315132141,0.08801233768463135,0.03547924384474754,0.0,0.1791229248046875,0.711486279964447,0.07930312305688858,0.03008764423429966,0.0
mbj_bandgap::test::001627::JVASP-78795,1.86,1.2060586214065552,2.4714940013322133,2.4714940013322133,0.9318035244941711,True,1.0,True,0.6539413785934449,0.6114940013322132,2,1.0,0.6000000238418579,0.0,0.42738398909568787,0.5726159811019897,0.04023037850856781,0.890869140625,0.05717065930366516,0.011729821562767029,0.0,0.04808425158262253,0.8691183924674988,0.07285811007022858,0.009939303621649742,0.0
mbj_bandgap::test::001628::JVASP-12943,1.988,2.4629366397857666,2.5953641159744807,2.5953641159744807,0.6182880997657776,True,1.0,True,0.4749366397857666,0.6073641159744807,2,0.8648589849472046,0.6000000238418579,0.0,0.43398332595825195,0.5660167932510376,0.007714328821748495,0.9688981175422668,0.01800786703824997,0.005379636771976948,0.0,0.005872934591025114,0.963746190071106,0.022006746381521225,0.008374209515750408,0.0
mbj_bandgap::test::001629::JVASP-64855,0.0,-0.00016336281260009855,-0.0017400625682840287,-0.00016336281260009855,0.3914160430431366,False,1.0,True,0.00016336281260009855,0.00016336281260009855,1,0.6775500178337097,0.699999988079071,0.0,0.5212348103523254,0.47876518964767456,0.5766467452049255,0.1542300283908844,0.22019155323505402,0.04893160238862038,0.0,0.5921172499656677,0.15967288613319397,0.20509254932403564,0.043117303401231766,0.0
mbj_bandgap::test::001630::JVASP-107428,9.166,11.79281234741211,11.404959661255274,11.404959661255274,0.5080653429031372,True,1.0,True,2.626812347412109,2.238959661255274,2,1.0,0.6000000238418579,0.0,0.39903420209884644,0.6009657979011536,0.05948729068040848,0.7346532940864563,0.1905249059200287,0.01533451396971941,0.0,0.06977640837430954,0.7362003326416016,0.17766548693180084,0.016357777640223503,0.0
mbj_bandgap::test::001631::JVASP-31301,1.888,1.8844802379608154,1.4005287073659554,1.4005287073659554,0.6397619247436523,True,1.0,True,0.003519762039184471,0.48747129263404454,2,1.0,0.6000000238418579,0.0,0.4500589966773987,0.5499410033226013,0.010295952670276165,0.932564914226532,0.044393740594387054,0.012745326384902,0.0,0.007159946020692587,0.941451907157898,0.03996659070253372,0.01142157707363367,0.0
mbj_bandgap::test::001632::JVASP-13351,2.748,2.864992380142212,2.901311629512194,2.901311629512194,0.5861280560493469,True,1.0,True,0.1169923801422117,0.1533116295121939,2,0.4221322536468506,0.6000000238418579,0.0,0.42578989267349243,0.5742101669311523,0.06361883878707886,0.8778392672538757,0.0390319749712944,0.01950991526246071,0.0,0.07269072532653809,0.8712708353996277,0.038199350237846375,0.01783910021185875,0.0
mbj_bandgap::test::001633::JVASP-69726,0.67,1.2043153047561646,0.516494732689779,0.516494732689779,0.6522480249404907,True,1.0,True,0.5343153047561645,0.15350526731022107,1,1.0,0.6000000238418579,0.0,0.529879629611969,0.470120370388031,0.1607472449541092,0.8101127743721008,0.024509990587830544,0.004630029201507568,0.0,0.12052051723003387,0.8518304824829102,0.024094361811876297,0.0035545811988413334,0.0
mbj_bandgap::test::001634::JVASP-36066,0.0,4.060428182128817e-05,-0.001205224153927742,4.060428182128817e-05,0.3789883255958557,False,1.0,True,4.060428182128817e-05,4.060428182128817e-05,1,0.45678818225860596,0.5,0.0,0.5222336649894714,0.47776633501052856,0.34524694085121155,0.2606531083583832,0.3711090087890625,0.022990889847278595,0.0,0.3494778275489807,0.25847524404525757,0.37169817090034485,0.020348748192191124,0.0
mbj_bandgap::test::001635::JVASP-85330,3.532,2.48616623878479,2.3076163511794876,2.3076163511794876,0.5852961540222168,True,1.0,True,1.04583376121521,1.2243836488205124,2,0.9867105484008789,0.6000000238418579,0.0,0.41752123832702637,0.5824787616729736,0.009794674813747406,0.9719787836074829,0.009356051683425903,0.008870543912053108,0.0,0.007338467054069042,0.9715055227279663,0.010794054716825485,0.0103619284927845,0.0
mbj_bandgap::test::001636::JVASP-13762,1.285,1.487092137336731,1.6087427822757507,1.6087427822757507,0.6050289869308472,True,1.0,True,0.20209213733673104,0.3237427822757508,2,0.8963910341262817,0.6000000238418579,0.0,0.4567808508872986,0.5432191491127014,0.044924430549144745,0.9222768545150757,0.02360585518181324,0.009192835539579391,0.0,0.04488799721002579,0.9197738766670227,0.023326195776462555,0.012011857703328133,0.0
mbj_bandgap::test::001637::JVASP-9410,3.511,3.6154510974884033,3.4833696565514423,3.4833696565514423,0.5652368068695068,True,1.0,True,0.1044510974884032,0.02763034344855786,2,0.9254311919212341,0.6000000238418579,0.0,0.40664607286453247,0.5933539867401123,0.02626705728471279,0.8919981122016907,0.06534285843372345,0.016391882672905922,0.0,0.018452811986207962,0.8887686729431152,0.07369232177734375,0.019086260348558426,0.0
mbj_bandgap::test::001638::JVASP-42070,0.0,8.983771840576082e-05,-0.0034674271714426165,8.983771840576082e-05,0.38203275203704834,False,1.0,True,8.983771840576082e-05,8.983771840576082e-05,1,0.7633885741233826,0.5,0.0,0.5372204780578613,0.4627794623374939,0.3657497763633728,0.5106769800186157,0.07972808927297592,0.04384515434503555,0.0,0.3688814640045166,0.525037944316864,0.07622384279966354,0.02985677495598793,0.0
mbj_bandgap::test::001639::JVASP-51124,0.0,-0.004775212612003088,-0.010025320317588871,-0.004775212612003088,0.3487948179244995,False,1.0,True,0.004775212612003088,0.004775212612003088,1,0.9280428290367126,0.5,0.0,0.5275499820709229,0.4724500775337219,0.3997207283973694,0.46130046248435974,0.11950037628412247,0.019478481262922287,0.0,0.39296507835388184,0.4762023389339447,0.11490742117166519,0.015925124287605286,0.0
mbj_bandgap::test::001640::JVASP-31802,4.264,4.359372615814209,1.7421629041942803,1.7421629041942803,0.905849814414978,True,1.0,True,0.09537261581420875,2.52183709580572,2,1.0,0.6000000238418579,0.0,0.4428194463253021,0.5571805238723755,0.03767687827348709,0.7440958023071289,0.12956979870796204,0.08865748345851898,0.0,0.04352704435586929,0.7639954686164856,0.12238696962594986,0.07009057700634003,0.0
mbj_bandgap::test::001641::JVASP-17319,0.025,1.52143394947052,0.6565683007797383,0.6565683007797383,0.6821175813674927,True,1.0,True,1.49643394947052,0.6315683007797382,2,1.0,0.5,0.0,0.4683208465576172,0.5316791534423828,0.2631567120552063,0.6932770609855652,0.04012586548924446,0.0034403945319354534,0.0,0.2583931088447571,0.7036539316177368,0.035271547734737396,0.002681469079107046,0.0
mbj_bandgap::test::001642::JVASP-78588,0.0,0.03961701691150665,0.02020588251703399,0.03961701691150665,0.4085162580013275,False,1.0,True,0.03961701691150665,0.03961701691150665,1,0.6810083985328674,0.6000000238418579,0.0,0.5329245924949646,0.4670754075050354,0.25159865617752075,0.668703019618988,0.0762908011674881,0.0034075235016644,0.0,0.2625367045402527,0.6678860187530518,0.06702356040477753,0.002553753787651658,0.0
mbj_bandgap::test::001643::JVASP-106194,2.322,2.323446035385132,2.199759406636906,2.199759406636906,0.5751886963844299,True,1.0,True,0.001446035385131772,0.1222405933630939,2,0.8445748090744019,0.6000000238418579,0.0,0.44545045495033264,0.554549515247345,0.042252544313669205,0.9071508646011353,0.02699119783937931,0.02360539324581623,0.0,0.050363730639219284,0.8953083753585815,0.030532825738191605,0.023795055225491524,0.0
mbj_bandgap::test::001644::JVASP-41912,0.0,0.0001624361757421866,-0.0022296688653512973,0.0001624361757421866,0.37035873532295227,False,1.0,True,0.0001624361757421866,0.0001624361757421866,1,0.8264860510826111,0.5,0.0,0.5264841914176941,0.47351568937301636,0.5532461404800415,0.33197954297065735,0.09369856119155884,0.021075746044516563,0.0,0.5505577325820923,0.3559778332710266,0.07633857429027557,0.01712583191692829,0.0
mbj_bandgap::test::001645::JVASP-4828,7.054,7.058063507080078,7.129677090054097,7.129677090054097,0.5549425482749939,True,1.0,True,0.004063507080077855,0.0756770900540964,2,0.659439742565155,0.6000000238418579,0.0,0.3999825119972229,0.6000174880027771,0.03396126255393028,0.8916556239128113,0.05094544216990471,0.023437658324837685,0.0,0.029666561633348465,0.8992880582809448,0.04927722364664078,0.021768201142549515,0.0
mbj_bandgap::test::001646::JVASP-38440,0.0,0.0002848641015589237,-0.0034446298175394353,0.0002848641015589237,0.39444178342819214,False,1.0,True,0.0002848641015589237,0.0002848641015589237,1,0.7002939581871033,0.699999988079071,0.0,0.5256491899490356,0.47435083985328674,0.5498622059822083,0.246638685464859,0.17813633382320404,0.02536279894411564,0.0,0.5520011186599731,0.2532605826854706,0.17777441442012787,0.016963932663202286,0.0
mbj_bandgap::test::001647::JVASP-117650,0.0,0.8140483498573303,0.5719436119430099,0.5719436119430099,0.532921314239502,True,1.0,True,0.8140483498573303,0.5719436119430099,1,1.0,0.699999988079071,0.0,0.5642374753952026,0.4357624650001526,0.30561766028404236,0.5479283332824707,0.13845202326774597,0.008001944050192833,0.0,0.32304054498672485,0.5236876010894775,0.14683261513710022,0.006439231336116791,0.0
mbj_bandgap::test::001648::JVASP-74622,0.0,0.00016160171071533114,-0.0022320251352077047,0.00016160171071533114,0.3703500032424927,False,1.0,True,0.00016160171071533114,0.00016160171071533114,1,0.8265683054924011,0.5,0.0,0.5264937877655029,0.47350627183914185,0.5531955361366272,0.3320976197719574,0.09363110363483429,0.021075764670968056,0.0,0.550484299659729,0.35609596967697144,0.07629086077213287,0.01712879166007042,0.0
mbj_bandgap::test::001649::JVASP-57132,4.272,4.375946044921875,4.403418461096149,4.403418461096149,0.5424856543540955,True,1.0,True,0.10394604492187476,0.13141846109614885,2,0.536378800868988,0.6000000238418579,0.0,0.40234237909317017,0.5976576209068298,0.025796785950660706,0.779044508934021,0.17922019958496094,0.015938442200422287,0.0,0.02939654514193535,0.7962764501571655,0.16175776720046997,0.012569218873977661,0.0
mbj_bandgap::test::001650::JVASP-40613,0.0,-0.0008178218267858028,-0.003447304357440828,-0.0008178218267858028,0.3815641403198242,False,1.0,True,0.0008178218267858028,0.0008178218267858028,1,0.8112294673919678,0.6000000238418579,0.0,0.5237292647361755,0.47627073526382446,0.5021603107452393,0.29414236545562744,0.16736282408237457,0.036334481090307236,0.0,0.5236269235610962,0.3027854263782501,0.1409837007522583,0.03260399028658867,0.0
mbj_bandgap::test::001651::JVASP-102281,0.0,-0.00010673840006347746,-0.05079294802624827,-0.00010673840006347746,0.3697124123573303,False,1.0,True,0.00010673840006347746,0.00010673840006347746,1,0.9858400225639343,0.6000000238418579,0.0,0.5375896692276001,0.4624103009700775,0.33806324005126953,0.5708528757095337,0.06450996547937393,0.026573872193694115,0.0,0.3343714475631714,0.5827036499977112,0.05738778039813042,0.025537122040987015,0.0
mbj_bandgap::test::001652::JVASP-49288,4.269,4.417726039886475,4.353078874284558,4.353078874284558,0.568867027759552,True,1.0,True,0.14872603988647448,0.08407887428455751,2,0.5099754929542542,0.6000000238418579,0.0,0.4000536799430847,0.5999463200569153,0.011363042518496513,0.9467347264289856,0.024656515568494797,0.017245735973119736,0.0,0.008624155074357986,0.9481857419013977,0.028352823108434677,0.0148372333496809,0.0
mbj_bandgap::test::001653::JVASP-110673,1.707,1.625075101852417,2.025790765824682,2.025790765824682,0.723551332950592,True,1.0,True,0.08192489814758308,0.318790765824682,2,1.0,0.6000000238418579,0.0,0.44807925820350647,0.5519207715988159,0.04751644283533096,0.90406733751297,0.038517024368047714,0.009899231605231762,0.0,0.06062297150492668,0.8951867818832397,0.03412776440382004,0.010062417015433311,0.0
mbj_bandgap::test::001654::JVASP-23491,0.0,0.9662482142448425,0.3673107423360372,0.3673107423360372,0.6175439357757568,True,1.0,True,0.9662482142448425,0.3673107423360372,1,1.0,0.6000000238418579,0.0,0.5775595903396606,0.42244037985801697,0.024605074897408485,0.8344024419784546,0.07781009376049042,0.06318244338035583,0.0,0.02596159838140011,0.8306169509887695,0.07677672058343887,0.06664472818374634,0.0
mbj_bandgap::test::001655::JVASP-30490,0.0,-0.01030020508915186,-0.1434462245740197,-0.01030020508915186,0.42402663826942444,False,1.0,True,0.01030020508915186,0.01030020508915186,1,1.0,0.699999988079071,0.0,0.5605829954147339,0.4394170343875885,0.0812516063451767,0.8107765316963196,0.10029558092355728,0.007676323410123587,0.0,0.0729009360074997,0.8234350085258484,0.09457723796367645,0.00908682867884636,0.0
mbj_bandgap::test::001656::JVASP-102306,0.0,0.011619760654866695,-0.05373818037161695,0.011619760654866695,0.41220781207084656,False,1.0,True,0.011619760654866695,0.011619760654866695,1,1.0,0.6000000238418579,0.0,0.5762639045715332,0.423736035823822,0.05111723393201828,0.8802436590194702,0.05171297863125801,0.01692606322467327,0.0,0.05601395294070244,0.8851660490036011,0.04769369587302208,0.011126292869448662,0.0
mbj_bandgap::test::001657::JVASP-14591,0.0,0.00014574687520507723,-0.015063151265598918,0.00014574687520507723,0.4099182188510895,False,1.0,True,0.00014574687520507723,0.00014574687520507723,1,0.9063087701797485,0.699999988079071,0.0,0.5870938301086426,0.41290611028671265,0.11489571630954742,0.8013933300971985,0.055635321885347366,0.028075646609067917,0.0,0.13404588401317596,0.7836645841598511,0.0509747676551342,0.03131483867764473,0.0
mbj_bandgap::test::001658::JVASP-9380,2.551,2.027632713317871,2.6305296010932695,2.6305296010932695,0.8024731874465942,True,1.0,True,0.5233672866821291,0.07952960109326934,2,1.0,0.6000000238418579,0.0,0.43581247329711914,0.5641875267028809,0.03259672224521637,0.9403281211853027,0.02010330930352211,0.006971719674766064,0.0,0.032631270587444305,0.9427553415298462,0.018771033734083176,0.005842387676239014,0.0
mbj_bandgap::test::001659::JVASP-35987,0.0,0.06594677269458771,0.06336821780311278,0.06594677269458771,0.43295159935951233,False,1.0,True,0.06594677269458771,0.06594677269458771,1,0.32154563069343567,0.800000011920929,0.0,0.5047339797019958,0.49526605010032654,0.5856925249099731,0.24797534942626953,0.14121627807617188,0.025115812197327614,0.0,0.6019605994224548,0.24143068492412567,0.13399243354797363,0.02261626347899437,0.0
mbj_bandgap::test::001660::JVASP-8219,0.149,-0.01291422639042139,-0.038119249525208065,-0.01291422639042139,0.404451847076416,False,1.0,True,0.16191422639042138,0.16191422639042138,1,0.9244253635406494,0.6000000238418579,0.0,0.557076632976532,0.44292330741882324,0.1485966145992279,0.8148199915885925,0.03176135569810867,0.004822037182748318,0.0,0.13641931116580963,0.8346373438835144,0.02529725432395935,0.0036460484843701124,0.0
mbj_bandgap::test::001661::JVASP-17925,0.0,-0.004581616725772619,-0.017983223412783154,-0.004581616725772619,0.36794209480285645,False,1.0,True,0.004581616725772619,0.004581616725772619,1,0.9649954438209534,0.699999988079071,0.0,0.509468674659729,0.4905312657356262,0.28534895181655884,0.44028544425964355,0.19010022282600403,0.08426539599895477,0.0,0.2916165888309479,0.43385180830955505,0.19223633408546448,0.08229528367519379,0.0
mbj_bandgap::test::001662::JVASP-40782,0.0,1.4488205909729004,0.41285117973473684,0.41285117973473673,0.7500027418136597,True,1.0,True,1.4488205909729004,0.41285117973473673,2,1.0,0.800000011920929,0.0,0.46843400597572327,0.5315660238265991,0.07921930402517319,0.7998743653297424,0.11042183637619019,0.01048445887863636,0.0,0.08470197021961212,0.8121339678764343,0.09398203343153,0.009181979112327099,0.0
mbj_bandgap::test::001663::JVASP-97659,3.092,0.49390560388565063,2.7532990264972126,2.7532990264972126,0.9893002510070801,True,1.0,True,2.5980943961143494,0.3387009735027875,2,1.0,0.6000000238418579,0.0,0.4305272698402405,0.5694727301597595,0.019688088446855545,0.948636531829834,0.017038453370332718,0.014636889100074768,0.0,0.014483744278550148,0.9509569406509399,0.01952213980257511,0.01503723580390215,0.0
mbj_bandgap::test::001664::JVASP-25790,3.248,2.8969926834106445,3.1390349644392233,3.1390349644392233,0.6584363579750061,True,1.0,True,0.3510073165893557,0.10896503556077697,2,1.0,0.6000000238418579,0.0,0.40346550941467285,0.5965344905853271,0.046159736812114716,0.9216572642326355,0.022863594815135002,0.00931931845843792,0.0,0.049741365015506744,0.9200188517570496,0.021695157513022423,0.00854464154690504,0.0
mbj_bandgap::test::001665::JVASP-103383,0.0,-0.006491111125797033,-0.006530837642607956,-0.006491111125797033,0.4411521553993225,False,1.0,True,0.006491111125797033,0.006491111125797033,1,0.04470101743936539,0.6000000238418579,0.0,0.5489776134490967,0.4510223865509033,0.12619151175022125,0.5968914031982422,0.25024986267089844,0.026667233556509018,0.0,0.1263279765844345,0.6814646124839783,0.16810113191604614,0.02410626970231533,0.0
mbj_bandgap::test::001666::JVASP-66045,0.0,0.00038762250915169716,-0.00812045864656381,0.00038762250915169716,0.3410012125968933,False,1.0,True,0.00038762250915169716,0.00038762250915169716,1,0.8969790935516357,0.5,0.0,0.5517479181289673,0.4482521414756775,0.39055055379867554,0.2718994915485382,0.27974289655685425,0.05780700966715813,0.0,0.39375466108322144,0.28877079486846924,0.26176387071609497,0.055710650980472565,0.0
mbj_bandgap::test::001667::JVASP-20578,0.0,-0.001962707843631506,-0.004874213872775401,-0.001962707843631506,0.3730045258998871,False,1.0,True,0.001962707843631506,0.001962707843631506,1,0.9657482504844666,0.699999988079071,0.0,0.5274755954742432,0.47252440452575684,0.43090787529945374,0.3493584990501404,0.1785655915737152,0.041168052703142166,0.0,0.4398821294307709,0.3625440001487732,0.1647718995809555,0.032801996916532516,0.0
mbj_bandgap::test::001668::JVASP-79550,5.179,4.817501544952393,4.74201152788691,4.74201152788691,0.5669394135475159,True,1.0,True,0.3614984550476077,0.43698847211309033,2,0.5432648658752441,0.6000000238418579,0.0,0.4001019597053528,0.5998980402946472,0.03696555644273758,0.8826173543930054,0.07259136438369751,0.007825626991689205,0.0,0.045231275260448456,0.8867450952529907,0.059520475566387177,0.00850330013781786,0.0
mbj_bandgap::test::001669::JVASP-101090,0.0,-0.0010767444036900997,-0.0038734463370048377,-0.0010767444036900997,0.3897170126438141,False,1.0,True,0.0010767444036900997,0.0010767444036900997,1,0.6715775728225708,0.699999988079071,0.0,0.5313775539398193,0.4686223864555359,0.20420439541339874,0.46517401933670044,0.3144223690032959,0.016199201345443726,0.0,0.2083703726530075,0.47988104820251465,0.3002434968948364,0.01150504034012556,0.0
mbj_bandgap::test::001670::JVASP-1768,1.204,1.154176950454712,1.196436503028456,1.196436503028456,0.558599591255188,True,1.0,True,0.049823049545288045,0.007563496971543904,2,0.5603132843971252,0.6000000238418579,0.0,0.4390513300895691,0.5609486699104309,0.05710804462432861,0.8433513641357422,0.04190777987241745,0.05763285234570503,0.0,0.06102139502763748,0.8328942060470581,0.034529637545347214,0.07155467569828033,0.0
mbj_bandgap::test::001671::JVASP-110820,0.0,-0.0002892478369176388,0.0008213207043726633,-0.0002892478369176388,0.381706178188324,False,1.0,True,0.0002892478369176388,0.0002892478369176388,1,0.6380620002746582,0.5,0.0,0.5427769422531128,0.457223117351532,0.572979748249054,0.28227922320365906,0.13135340809822083,0.013387592509388924,0.0,0.5405096411705017,0.3052850663661957,0.13986817002296448,0.014337116852402687,0.0
mbj_bandgap::test::001672::JVASP-41744,1.047,0.12725909054279327,0.04198034138511839,0.12725909054279327,0.4133615791797638,False,1.0,True,0.9197409094572067,0.9197409094572067,1,1.0,0.5,0.0,0.5629006624221802,0.43709930777549744,0.17004020512104034,0.7699711322784424,0.025598620995879173,0.03439005836844444,0.0,0.18228726089000702,0.761183500289917,0.02117101661860943,0.03535816818475723,0.0
mbj_bandgap::test::001673::JVASP-110822,0.0,0.0026669041253626347,-0.023631493667289293,0.0026669041253626347,0.35593941807746887,False,1.0,True,0.0026669041253626347,0.0026669041253626347,1,1.0,0.5,0.0,0.5339546799659729,0.4660453796386719,0.3113422095775604,0.5489718317985535,0.12012605369091034,0.01955990307033062,0.0,0.33099207282066345,0.5396294593811035,0.10853137075901031,0.020847072824835777,0.0
mbj_bandgap::test::001674::JVASP-99806,0.0,-0.0003946288488805294,-0.008752137430341778,-0.0003946288488805294,0.3709535598754883,False,1.0,True,0.0003946288488805294,0.0003946288488805294,1,0.7938814759254456,0.6000000238418579,0.0,0.5152348279953003,0.4847651422023773,0.38752785325050354,0.2937334179878235,0.2752000689506531,0.04353867471218109,0.0,0.360879123210907,0.2853280007839203,0.3169715404510498,0.03682136535644531,0.0
mbj_bandgap::test::001675::JVASP-16808,0.0,-0.0028241141699254513,-0.017999214120859565,-0.0028241141699254513,0.3686904311180115,False,1.0,True,0.0028241141699254513,0.0028241141699254513,1,0.9452413320541382,0.5,0.0,0.5407814383506775,0.4592185914516449,0.38288697600364685,0.46027058362960815,0.13211674988269806,0.02472565695643425,0.0,0.3942016661167145,0.4443143904209137,0.1361882984638214,0.025295626372098923,0.0
mbj_bandgap::test::001676::JVASP-5809,2.852,2.7007977962493896,2.7867682541815673,2.7867682541815673,0.6096572279930115,True,1.0,True,0.15120220375061022,0.06523174581843261,2,0.7178640365600586,0.6000000238418579,0.0,0.4062688946723938,0.5937310457229614,0.028741633519530296,0.9190629720687866,0.0340002104640007,0.018195047974586487,0.0,0.03483223915100098,0.912555992603302,0.03697684034705162,0.015634970739483833,0.0
mbj_bandgap::test::001677::JVASP-57777,10.159,9.256624221801758,9.264442336707415,9.264442336707415,0.5255624055862427,True,1.0,True,0.9023757781982429,0.894557663292586,2,0.16289472579956055,0.6000000238418579,0.0,0.3996276259422302,0.6003723740577698,0.05054481700062752,0.729954719543457,0.20501597225666046,0.014484450221061707,0.0,0.06397712230682373,0.7428674101829529,0.1784735471010208,0.014681984670460224,0.0
mbj_bandgap::test::001678::JVASP-22718,8.369,8.418769836425781,8.39225611652838,8.39225611652838,0.5373303294181824,True,1.0,True,0.04976983642578148,0.023256116528379778,2,0.24051719903945923,0.6000000238418579,0.0,0.39992883801460266,0.600071132183075,0.02760308049619198,0.8444856405258179,0.10569925606250763,0.02221198007464409,0.0,0.031086642295122147,0.8436969518661499,0.10115237534046173,0.02406400814652443,0.0
mbj_bandgap::test::001679::JVASP-9102,5.215,5.03226900100708,5.1109299642243595,5.1109299642243595,0.5558212995529175,True,1.0,True,0.18273099899291978,0.10407003577564033,2,0.7903661727905273,0.6000000238418579,0.0,0.4000372290611267,0.5999627709388733,0.0222628153860569,0.8744591474533081,0.09207921475172043,0.011198800057172775,0.0,0.022901294752955437,0.8766978979110718,0.08759762346744537,0.012803172692656517,0.0
mbj_bandgap::test::001680::JVASP-111254,0.0,0.0068081156350672245,-0.012991798181726511,0.0068081156350672245,0.36692553758621216,False,1.0,True,0.0068081156350672245,0.0068081156350672245,1,0.9649901390075684,0.5,0.0,0.5369254946708679,0.4630745053291321,0.21285834908485413,0.5953463315963745,0.1742759346961975,0.017519384622573853,0.0,0.24886944890022278,0.5793529152870178,0.15758492052555084,0.014192710630595684,0.0
mbj_bandgap::test::001681::JVASP-54737,7.591,7.590818405151367,7.605416353733347,7.605416353733347,0.561125636100769,True,1.0,True,0.00018159484863300435,0.014416353733346376,2,0.1547030359506607,0.6000000238418579,0.0,0.39792975783348083,0.6020702123641968,0.03308612480759621,0.8368517160415649,0.06028115749359131,0.06978105008602142,0.0,0.0352165624499321,0.8518372774124146,0.06511037796735764,0.0478358156979084,0.0
mbj_bandgap::test::001682::JVASP-110951,1.418,1.1985195875167847,1.0941789615825839,1.0941789615825839,0.5487969517707825,True,1.0,True,0.21948041248321526,0.32382103841741605,2,0.8987671136856079,0.6000000238418579,0.0,0.4727605879306793,0.5272394418716431,0.015427157282829285,0.9453021883964539,0.035270027816295624,0.004000666551291943,0.0,0.011485696770250797,0.9412645101547241,0.04289841651916504,0.004351404029875994,0.0
mbj_bandgap::test::001683::JVASP-66676,0.0,0.028257442638278008,0.015763208393713236,0.028257442638278008,0.36187562346458435,False,1.0,True,0.028257442638278008,0.028257442638278008,1,0.9836424589157104,0.6000000238418579,0.0,0.5285307168960571,0.4714692533016205,0.32105594873428345,0.46216320991516113,0.1886785328388214,0.02810235321521759,0.0,0.33542683720588684,0.4507980942726135,0.18928194046020508,0.024493111297488213,0.0
mbj_bandgap::test::001684::JVASP-67166,0.0,0.0013100639916956425,-0.013342142444499005,0.0013100639916956425,0.3587874174118042,False,1.0,True,0.0013100639916956425,0.0013100639916956425,1,0.9594484567642212,0.6000000238418579,0.0,0.5205296277999878,0.479470431804657,0.3508271276950836,0.34415310621261597,0.2788134217262268,0.02620643749833107,0.0,0.3564332127571106,0.3429092764854431,0.2796577215194702,0.020999789237976074,0.0
mbj_bandgap::test::001685::JVASP-7918,0.0,0.0015584961511194706,0.00037344756535624414,0.0015584961511194706,0.39926594495773315,False,1.0,True,0.0015584961511194706,0.0015584961511194706,1,0.3849236071109772,0.5,0.0,0.5165603756904602,0.48343968391418457,0.5580360889434814,0.2408997267484665,0.17895904183387756,0.022105129435658455,0.0,0.5635327100753784,0.23776742815971375,0.18164809048175812,0.01705176942050457,0.0
mbj_bandgap::test::001686::JVASP-19699,0.0,-0.0006229146383702755,-0.004303221311318661,-0.0006229146383702755,0.37175053358078003,False,1.0,True,0.0006229146383702755,0.0006229146383702755,1,0.8708546757698059,0.6000000238418579,0.0,0.5529096126556396,0.44709038734436035,0.25335755944252014,0.5154255032539368,0.21161341667175293,0.01960354670882225,0.0,0.2578849494457245,0.5224176645278931,0.20070044696331024,0.018996845930814743,0.0
mbj_bandgap::test::001687::JVASP-17900,0.0,0.05951996147632599,0.02294164375663619,0.05951996147632599,0.40864259004592896,False,1.0,True,0.05951996147632599,0.05951996147632599,1,0.9907375574111938,0.6000000238418579,0.0,0.5550280809402466,0.4449719488620758,0.01521619874984026,0.8638971447944641,0.07004532217979431,0.050841379910707474,0.0,0.014678885228931904,0.8796574473381042,0.0640588104724884,0.04160488769412041,0.0
mbj_bandgap::test::001688::JVASP-75490,0.0,0.06649906933307648,0.01969507501633838,0.06649906933307648,0.37094393372535706,False,1.0,True,0.06649906933307648,0.06649906933307648,1,1.0,0.5,0.0,0.5632094740867615,0.4367905557155609,0.41092801094055176,0.35653403401374817,0.21629586815834045,0.016242096200585365,0.0,0.46348628401756287,0.325411856174469,0.19533634185791016,0.015765542164444923,0.0
mbj_bandgap::test::001689::JVASP-40196,2.563,1.9202927350997925,2.098805954375406,2.098805954375406,0.631626546382904,True,1.0,True,0.6427072649002077,0.4641940456245943,2,1.0,0.6000000238418579,0.0,0.445089191198349,0.5549107789993286,0.017854226753115654,0.9399701356887817,0.03787868469953537,0.0042970189824700356,0.0,0.01894337311387062,0.939236044883728,0.03678833693265915,0.0050322990864515305,0.0
mbj_bandgap::test::001690::JVASP-3243,1.332,1.6333613395690918,1.625220780383085,1.625220780383085,0.5978999733924866,True,1.0,True,0.3013613395690917,0.29322078038308486,2,0.14576786756515503,0.6000000238418579,0.0,0.44945770502090454,0.5505422353744507,0.022551793605089188,0.9379131197929382,0.03626496344804764,0.0032700360752642155,0.0,0.02823057770729065,0.9324615597724915,0.036399271339178085,0.0029086414724588394,0.0
mbj_bandgap::test::001691::JVASP-65542,0.0,0.004328681621700525,-0.037245466843122396,0.004328681621700525,0.36114633083343506,False,1.0,True,0.004328681621700525,0.004328681621700525,1,0.954876720905304,0.6000000238418579,0.0,0.5632174015045166,0.4367825984954834,0.3059367537498474,0.26586616039276123,0.3908502459526062,0.037346821278333664,0.0,0.2983325123786926,0.2605362832546234,0.40902939438819885,0.03210170194506645,0.0
mbj_bandgap::test::001692::JVASP-802,0.0,-0.00010828812082763761,-0.0013293798259133905,-0.00010828812082763761,0.3882327675819397,False,1.0,True,0.00010828812082763761,0.00010828812082763761,1,0.6259202361106873,0.6000000238418579,0.0,0.5142062306404114,0.4857938289642334,0.576419472694397,0.29973918199539185,0.083832286298275,0.04000895470380783,0.0,0.5431519150733948,0.32580024003982544,0.07428719103336334,0.05676068738102913,0.0
mbj_bandgap::test::001693::JVASP-54,1.337,1.2733128070831299,1.3740220445712956,1.3740220445712956,0.5645164251327515,True,1.0,True,0.06368719291687008,0.037022044571295654,2,0.9822642207145691,0.6000000238418579,0.0,0.43174052238464355,0.5682595372200012,0.09739730507135391,0.8406616449356079,0.042222194373607635,0.019718807190656662,0.0,0.11221130937337875,0.8285854458808899,0.042111802846193314,0.017091531306505203,0.0
mbj_bandgap::test::001694::JVASP-35106,4.479,4.221643924713135,4.90476773821119,4.90476773821119,0.8250138759613037,True,1.0,True,0.2573560752868653,0.4257677382111895,2,1.0,0.6000000238418579,0.0,0.40012288093566895,0.5998771786689758,0.021259473636746407,0.9187465906143188,0.030796602368354797,0.02919732592999935,0.0,0.01779869571328163,0.9275444746017456,0.034553162753582,0.020103730261325836,0.0
mbj_bandgap::test::001695::JVASP-69078,0.0,0.003451539669185877,-0.07570143549909318,0.003451539669185877,0.36841052770614624,False,1.0,True,0.003451539669185877,0.003451539669185877,1,0.9892346858978271,0.5,0.0,0.5436831116676331,0.4563169479370117,0.3327156901359558,0.489309698343277,0.11880426108837128,0.05917038396000862,0.0,0.40421581268310547,0.4450584053993225,0.10377713292837143,0.0469486229121685,0.0
mbj_bandgap::test::001696::JVASP-108703,0.0,0.0008891359902918339,-0.002008514337023248,0.0008891359902918339,0.3723180890083313,False,1.0,True,0.0008891359902918339,0.0008891359902918339,1,0.9682536125183105,0.6000000238418579,0.0,0.5448488593101501,0.4551510810852051,0.2941652536392212,0.5521603226661682,0.09441986680030823,0.05925457552075386,0.0,0.3001686632633209,0.5404067635536194,0.09341748058795929,0.0660070925951004,0.0
mbj_bandgap::test::001697::JVASP-29555,0.0,0.001507593784481287,-0.03401849375339676,0.001507593784481287,0.40627846121788025,False,1.0,True,0.001507593784481287,0.001507593784481287,1,1.0,0.5,0.0,0.5921612977981567,0.4078386723995209,0.02068837359547615,0.8820921778678894,0.07645286619663239,0.020766563713550568,0.0,0.022100811824202538,0.878809928894043,0.0792807787656784,0.019808461889624596,0.0
mbj_bandgap::test::001698::JVASP-35728,0.0,-0.0018675788305699825,-0.005310639567244047,-0.0018675788305699825,0.36923128366470337,False,1.0,True,0.0018675788305699825,0.0018675788305699825,1,0.7488647699356079,0.5,0.0,0.5245970487594604,0.47540292143821716,0.3881290555000305,0.3653917610645294,0.2122996598482132,0.03417948633432388,0.0,0.3608795404434204,0.39263612031936646,0.21692101657390594,0.029563337564468384,0.0
mbj_bandgap::test::001699::JVASP-48117,0.0,-0.003999517764896154,-0.049959839265743565,-0.003999517764896154,0.4301993250846863,False,1.0,True,0.003999517764896154,0.003999517764896154,1,0.9466584920883179,0.800000011920929,0.0,0.5973026156425476,0.4026974141597748,0.02026434615254402,0.8278251886367798,0.06864570826292038,0.0832647904753685,0.0,0.02022753655910492,0.824382483959198,0.06510506570339203,0.09028488397598267,0.0
mbj_bandgap::test::001700::JVASP-5416,3.261,2.5872929096221924,2.827413190051945,2.827413190051945,0.6615106463432312,True,1.0,True,0.6737070903778077,0.4335868099480553,2,1.0,0.6000000238418579,0.0,0.4101200997829437,0.5898799300193787,0.019134778529405594,0.9518756866455078,0.02135905995965004,0.007630467414855957,0.0,0.02363556995987892,0.9442022442817688,0.022114302963018417,0.010047895833849907,0.0
mbj_bandgap::test::001701::JVASP-120144,2.051,1.7722973823547363,1.5714914181808104,1.5714914181808104,0.58552086353302,True,1.0,True,0.27870261764526383,0.47950858181918976,2,0.8237366080284119,0.6000000238418579,0.0,0.44683876633644104,0.5531612634658813,0.12845902144908905,0.82371586561203,0.04181038588285446,0.006014726590365171,0.0,0.11893942207098007,0.8322993516921997,0.0437750481069088,0.004986151121556759,0.0
mbj_bandgap::test::001702::JVASP-14117,8.925,8.879006385803223,8.947611620245647,8.947611620245647,0.531600296497345,True,1.0,True,0.045993614196778054,0.022611620245646336,2,0.9000018835067749,0.6000000238418579,0.0,0.39919543266296387,0.6008046269416809,0.053172193467617035,0.8751071691513062,0.033950403332710266,0.03777020797133446,0.0,0.051130495965480804,0.8817442059516907,0.04202548414468765,0.025099894031882286,0.0
mbj_bandgap::test::001703::JVASP-38245,0.0,-0.0004696114920079708,-0.00936933565179665,-0.0004696114920079708,0.3675307333469391,False,1.0,True,0.0004696114920079708,0.0004696114920079708,1,0.9900695085525513,0.5,0.0,0.5969312787055969,0.4030686914920807,0.18088355660438538,0.6881766319274902,0.12153880298137665,0.009400998242199421,0.0,0.1965036392211914,0.6655048131942749,0.12948919832706451,0.008502385579049587,0.0
mbj_bandgap::test::001704::JVASP-110922,0.0,0.004947497043758631,-0.005655642048546694,0.004947497043758631,0.3927145004272461,False,1.0,True,0.004947497043758631,0.004947497043758631,1,0.9188346862792969,0.6000000238418579,0.0,0.557955265045166,0.442044734954834,0.2717335820198059,0.6442258954048157,0.05702744796872139,0.027013015002012253,0.0,0.2620812952518463,0.6608577966690063,0.05237458273768425,0.024686291813850403,0.0
mbj_bandgap::test::001705::JVASP-64062,0.0,-0.0007418855093419552,-0.010536484561332026,-0.0007418855093419552,0.35922595858573914,False,1.0,True,0.0007418855093419552,0.0007418855093419552,1,0.9195385575294495,0.6000000238418579,0.0,0.5343667268753052,0.4656333923339844,0.4061819612979889,0.2557990849018097,0.2768351137638092,0.061183832585811615,0.0,0.4190270006656647,0.24443912506103516,0.26957967877388,0.06695420295000076,0.0
mbj_bandgap::test::001706::JVASP-20580,0.0,0.013473822735249996,-0.01940583104308393,0.013473822735249996,0.40513870120048523,False,1.0,True,0.013473822735249996,0.013473822735249996,1,0.869446337223053,0.5,0.0,0.545096755027771,0.4549032747745514,0.06437869369983673,0.8584941029548645,0.038555070757865906,0.03857215493917465,0.0,0.06514635682106018,0.8608623743057251,0.03741993010044098,0.03657136112451553,0.0
mbj_bandgap::test::001707::JVASP-53954,7.722,5.957594394683838,7.269992928712805,7.269992928712805,0.9466278553009033,True,1.0,True,1.7644056053161625,0.45200707128719575,2,1.0,0.6000000238418579,0.0,0.3986061215400696,0.6013938784599304,0.04479062557220459,0.8943977355957031,0.03601343184709549,0.024798229336738586,0.0,0.04512404277920723,0.8982928395271301,0.04053375497460365,0.01604936644434929,0.0
mbj_bandgap::test::001708::JVASP-28403,0.97,1.0552409887313843,1.076578765837548,1.076578765837548,0.540669858455658,True,1.0,True,0.0852409887313843,0.1065787658375481,2,0.38042712211608887,0.6000000238418579,0.0,0.4479040503501892,0.5520960092544556,0.05926604941487312,0.8632264137268066,0.056883931159973145,0.020623553544282913,0.0,0.06367214024066925,0.8384571075439453,0.07510483264923096,0.02276589348912239,0.0
mbj_bandgap::test::001709::JVASP-15905,14.498,14.60549259185791,11.923848327005143,11.923848327005143,0.8639724850654602,True,1.0,True,0.10749259185791082,2.574151672994857,2,1.0,0.6000000238418579,0.0,0.3970549702644348,0.6029451489448547,0.2363358438014984,0.5297302603721619,0.20204320549964905,0.03189070150256157,0.0,0.26416221261024475,0.497728168964386,0.21093198657035828,0.027177631855010986,0.0
mbj_bandgap::test::001710::JVASP-9271,0.0,0.03277559578418732,-0.03457536691760379,0.03277559578418732,0.42099112272262573,False,1.0,True,0.03277559578418732,0.03277559578418732,1,1.0,0.6000000238418579,0.0,0.5534229874610901,0.4465770721435547,0.026604732498526573,0.9018316268920898,0.046443577855825424,0.025120068341493607,0.0,0.021310776472091675,0.9010633230209351,0.045469947159290314,0.032155923545360565,0.0
mbj_bandgap::test::001711::JVASP-68043,0.0,-0.001327322330325842,-0.006974120913324988,-0.001327322330325842,0.36947867274284363,False,1.0,True,0.001327322330325842,0.001327322330325842,1,0.876603901386261,0.5,0.0,0.5114219784736633,0.48857808113098145,0.5595420598983765,0.29092228412628174,0.11135663092136383,0.03817903622984886,0.0,0.6004028916358948,0.2706363797187805,0.10058774054050446,0.028372962027788162,0.0
mbj_bandgap::test::001712::JVASP-3717,3.731,4.915921211242676,3.339961398297299,3.339961398297299,0.8252602219581604,True,1.0,True,1.184921211242676,0.391038601702701,2,1.0,0.6000000238418579,0.0,0.4000079035758972,0.5999920964241028,0.035454344004392624,0.8971134424209595,0.02395959384739399,0.04347262158989906,0.0,0.02407289668917656,0.9398449063301086,0.02335849404335022,0.012723766267299652,0.0
mbj_bandgap::test::001713::JVASP-21210,8.382,8.554494857788086,8.43474237134825,8.43474237134825,0.5466172099113464,True,1.0,True,0.17249485778808626,0.05274237134825022,2,0.5899773836135864,0.6000000238418579,0.0,0.39986294507980347,0.6001370549201965,0.028202220797538757,0.8278898000717163,0.12516307830810547,0.01874488964676857,0.0,0.02800048515200615,0.8415044546127319,0.11165622621774673,0.018838802352547646,0.0
mbj_bandgap::test::001714::JVASP-46043,5.608,5.514070510864258,5.570953428586131,5.570953428586131,0.5599765181541443,True,1.0,True,0.09392948913574184,0.03704657141386836,2,0.6711143851280212,0.6000000238418579,0.0,0.4000469744205475,0.5999529957771301,0.017247745767235756,0.8544718623161316,0.10190211236476898,0.02637822926044464,0.0,0.012939086183905602,0.860792338848114,0.09790868312120438,0.02835986018180847,0.0
mbj_bandgap::test::001715::JVASP-18033,0.0,-0.001845525112003088,-0.025997318539848192,-0.001845525112003088,0.3709852397441864,False,1.0,True,0.001845525112003088,0.001845525112003088,1,0.9350393414497375,0.6000000238418579,0.0,0.5238251090049744,0.47617483139038086,0.46458855271339417,0.44338259100914,0.08328050374984741,0.008748320862650871,0.0,0.4739418625831604,0.43776243925094604,0.07968658953905106,0.008609098382294178,0.0
mbj_bandgap::test::001716::JVASP-9147,5.664,5.608258247375488,5.477480726659782,5.477480726659782,0.5271605849266052,True,1.0,True,0.05574175262451142,0.18651927334021767,2,1.0,0.6000000238418579,0.0,0.4000127911567688,0.5999871492385864,0.02748245932161808,0.8257607221603394,0.0808841735124588,0.0658726841211319,0.0,0.026948655024170876,0.8490571975708008,0.06401820480823517,0.05997592210769653,0.0
mbj_bandgap::test::001717::JVASP-840,2.438,2.3488712310791016,0.21836976009439377,0.21836976009439368,0.8842270374298096,True,1.0,True,0.0891287689208986,2.2196302399056065,2,1.0,0.699999988079071,0.0,0.3688546121120453,0.6311454176902771,0.01578487828373909,0.8906978368759155,0.08488941937685013,0.008627871051430702,0.0,0.016887521371245384,0.8881818652153015,0.0869462639093399,0.007984301075339317,0.0
mbj_bandgap::test::001718::JVASP-51408,0.0,-0.012315438129007816,-0.02300743792317701,-0.012315438129007816,0.37454649806022644,False,1.0,True,0.012315438129007816,0.012315438129007816,1,0.9888582229614258,0.5,0.0,0.57892906665802,0.4210709035396576,0.028380531817674637,0.6295599937438965,0.2517178952693939,0.09034156799316406,0.0,0.030593952164053917,0.6220842599868774,0.252043217420578,0.09527859836816788,0.0
mbj_bandgap::test::001719::JVASP-65224,0.0,0.0004510418511927128,-0.016371089825328266,0.0004510418511927128,0.35267606377601624,False,1.0,True,0.0004510418511927128,0.0004510418511927128,1,0.9868218302726746,0.5,0.0,0.5449679493904114,0.4550320506095886,0.403113454580307,0.4488295018672943,0.12496569007635117,0.023091357201337814,0.0,0.4455793797969818,0.4275379776954651,0.1085091382265091,0.0183735191822052,0.0
mbj_bandgap::test::001720::JVASP-18855,0.0,0.006754113826900721,-0.002705087559532382,0.006754113826900721,0.363116055727005,False,1.0,True,0.006754113826900721,0.006754113826900721,1,0.7044864892959595,0.5,0.0,0.5133638978004456,0.48663610219955444,0.4862959384918213,0.3290833830833435,0.15002478659152985,0.034595903009176254,0.0,0.49271315336227417,0.3617062568664551,0.11772875487804413,0.02785181626677513,0.0
mbj_bandgap::test::001721::JVASP-22515,0.041,-0.0035270913504064083,-0.033151641655796184,-0.0035270913504064083,0.3908299207687378,False,1.0,True,0.04452709135040641,0.04452709135040641,1,0.9112752079963684,0.6000000238418579,0.0,0.5926581621170044,0.4073418974876404,0.3814260959625244,0.47749263048171997,0.11814773082733154,0.02293355017900467,0.0,0.43437767028808594,0.44307607412338257,0.10307546705007553,0.01947076991200447,0.0
mbj_bandgap::test::001722::JVASP-102947,0.206,1.1035892963409424,0.9780502461035908,0.9780502461035908,0.5179733037948608,True,1.0,True,0.8975892963409424,0.7720502461035909,2,1.0,0.6000000238418579,0.0,0.47764116525650024,0.5223588347434998,0.061052173376083374,0.902387797832489,0.029547136276960373,0.00701286131516099,0.0,0.06630964577198029,0.8978349566459656,0.027495771646499634,0.008359611965715885,0.0
mbj_bandgap::test::001723::JVASP-64622,0.0,-0.0005075200460851192,-0.010245295030996627,-0.0005075200460851192,0.34879541397094727,False,1.0,True,0.0005075200460851192,0.0005075200460851192,1,0.8940476179122925,0.5,0.0,0.5274338722229004,0.47256606817245483,0.4153689444065094,0.2564326226711273,0.22147150337696075,0.10672694444656372,0.0,0.43032488226890564,0.25668713450431824,0.207749605178833,0.10523837804794312,0.0
mbj_bandgap::test::001724::JVASP-49842,2.166,2.1625266075134277,2.3355314832648078,2.3355314832648078,0.6141588091850281,True,1.0,True,0.003473392486572191,0.16953148326480783,2,0.8885831236839294,0.6000000238418579,0.0,0.42825499176979065,0.5717449188232422,0.013878175988793373,0.9090672731399536,0.05180846527218819,0.02524612471461296,0.0,0.009840219281613827,0.9016616940498352,0.05898352712392807,0.029514485970139503,0.0
mbj_bandgap::test::001725::JVASP-40150,0.836,1.15101957321167,0.462606544433808,0.462606544433808,0.6588907241821289,True,1.0,True,0.31501957321166996,0.37339345556619197,1,1.0,0.6000000238418579,0.0,0.5898724794387817,0.41012755036354065,0.040693506598472595,0.9320344924926758,0.022351844236254692,0.004920200444757938,0.0,0.040612753480672836,0.9331085085868835,0.019255172461271286,0.0070234909653663635,0.0
mbj_bandgap::test::001726::JVASP-19635,0.0,-0.0011121495626866817,-0.006908089816901941,-0.0011121495626866817,0.38491925597190857,False,1.0,True,0.0011121495626866817,0.0011121495626866817,1,0.8099601864814758,0.699999988079071,0.0,0.5155827403068542,0.48441728949546814,0.5383763909339905,0.2792467474937439,0.15480691194534302,0.027569998055696487,0.0,0.5232927799224854,0.29167214035987854,0.1620444804430008,0.022990601137280464,0.0
mbj_bandgap::test::001727::JVASP-53119,1.282,2.1904518604278564,1.7395815192531674,1.7395815192531674,0.6331358551979065,True,1.0,True,0.9084518604278564,0.45758151925316737,2,1.0,0.6000000238418579,0.0,0.4437115788459778,0.5562884211540222,0.019869960844516754,0.8870419263839722,0.09048019349575043,0.002607801230624318,0.0,0.020374517887830734,0.883542537689209,0.09397275745868683,0.0021102200262248516,0.0
mbj_bandgap::test::001728::JVASP-111058,0.0,0.0007335678674280643,-0.028805354331184873,0.0007335678674280643,0.3794705867767334,False,1.0,True,0.0007335678674280643,0.0007335678674280643,1,0.9915034770965576,0.6000000238418579,0.0,0.5700863599777222,0.42991358041763306,0.2797253727912903,0.5690616369247437,0.11763100326061249,0.033581871539354324,0.0,0.29704803228378296,0.557471752166748,0.11909270286560059,0.026387494057416916,0.0
mbj_bandgap::test::001729::JVASP-101556,0.0,1.402061025146395e-05,-0.0054639246137916375,1.402061025146395e-05,0.3584468364715576,False,1.0,True,1.402061025146395e-05,1.402061025146395e-05,1,0.8378677368164062,0.5,0.0,0.5106706023216248,0.48932933807373047,0.30316025018692017,0.3072216808795929,0.33328524231910706,0.05633286386728287,0.0,0.3390386700630188,0.3040246069431305,0.30749964714050293,0.04943706840276718,0.0
mbj_bandgap::test::001730::JVASP-102433,1.548,1.310049295425415,1.5680380881090814,1.5680380881090814,0.6392101049423218,True,1.0,True,0.237950704574585,0.020038088109081365,2,1.0,0.5,0.0,0.45435404777526855,0.5456460118293762,0.059151120483875275,0.9055142402648926,0.025411460548639297,0.009923121891915798,0.0,0.05988817289471626,0.8988699913024902,0.02460341528058052,0.016638536006212234,0.0
mbj_bandgap::test::001731::JVASP-53347,2.469,2.7681000232696533,2.332660552723287,2.332660552723287,0.6283471584320068,True,1.0,True,0.29910002326965346,0.136339447276713,2,1.0,0.6000000238418579,0.0,0.43265098333358765,0.5673490166664124,0.03435793146491051,0.9401354789733887,0.019973821938037872,0.0055327280424535275,0.0,0.0329749658703804,0.939246654510498,0.020617365837097168,0.007160990033298731,0.0
mbj_bandgap::test::001732::JVASP-118479,0.0,3.384901285171509,0.8179680170802,0.8179680170802,0.9120046496391296,True,1.0,True,3.384901285171509,0.8179680170802,2,1.0,0.6000000238418579,0.0,0.4208504557609558,0.579149603843689,0.011616168543696404,0.8648198843002319,0.11251584440469742,0.01104807760566473,0.0,0.0057377140037715435,0.867588222026825,0.11586131900548935,0.010812746360898018,0.0
mbj_bandgap::test::001733::JVASP-8329,1.828,1.8691012859344482,1.9790331592227457,1.9790331592227457,0.6170335412025452,True,1.0,True,0.04110128593444817,0.15103315922274563,2,0.6590118408203125,0.6000000238418579,0.0,0.44660863280296326,0.5533913373947144,0.024863092228770256,0.9489731788635254,0.01673853024840355,0.009425152093172073,0.0,0.02357577346265316,0.9518543481826782,0.016880827024579048,0.007689055986702442,0.0
mbj_bandgap::test::001734::JVASP-31155,3.09,2.568969488143921,2.6443187617180257,2.6443187617180257,0.5908173322677612,True,1.0,True,0.521030511856079,0.44568123828197415,2,0.6479588150978088,0.6000000238418579,0.0,0.4378717839717865,0.5621281862258911,0.008567116223275661,0.9106940031051636,0.0670393854379654,0.013699525967240334,0.0,0.0072234622202813625,0.9080523252487183,0.06833399832248688,0.016390085220336914,0.0
mbj_bandgap::test::001735::JVASP-85149,5.432,5.451716899871826,5.463573630566077,5.463573630566077,0.554636538028717,True,1.0,True,0.019716899871825788,0.03157363056607654,2,0.231292724609375,0.6000000238418579,0.0,0.40009599924087524,0.5999040007591248,0.020801404491066933,0.7905720472335815,0.1766536384820938,0.011972862295806408,0.0,0.02054707333445549,0.815595269203186,0.15141458809375763,0.01244308240711689,0.0
mbj_bandgap::test::001736::JVASP-48892,0.0,-0.007781313266605139,0.2636749531279964,0.2636749531279964,0.5236051678657532,True,1.0,True,0.007781313266605139,0.2636749531279964,1,1.0,0.5,0.0,0.5009097456932068,0.4990902841091156,0.01875854656100273,0.9320672154426575,0.027650529518723488,0.021523719653487206,0.0,0.01113153900951147,0.9420405626296997,0.028367480263113976,0.018460458144545555,0.0
mbj_bandgap::test::001737::JVASP-22891,10.401,10.024060249328613,10.01697596492948,10.01697596492948,0.5137328505516052,True,1.0,True,0.3769397506713865,0.3840240350705191,2,0.1519237905740738,0.6000000238418579,0.0,0.39837533235549927,0.601624608039856,0.05926758795976639,0.7135833501815796,0.2099665105342865,0.017182525247335434,0.0,0.07053174078464508,0.7197102308273315,0.19049227237701416,0.019265778362751007,0.0
mbj_bandgap::test::001738::JVASP-115434,0.0,0.005762411747127771,-0.13682862941282667,0.005762411747127771,0.39527416229248047,False,1.0,True,0.005762411747127771,0.005762411747127771,1,1.0,0.5,0.0,0.5553436279296875,0.4446563720703125,0.3443233370780945,0.5947887301445007,0.05338599160313606,0.007501901593059301,0.0,0.36434847116470337,0.5841504335403442,0.045789934694767,0.005711045581847429,0.0
mbj_bandgap::test::001739::JVASP-37468,0.0,0.024672700092196465,0.002536698265693338,0.024672700092196465,0.35867759585380554,False,1.0,True,0.024672700092196465,0.024672700092196465,1,0.995030403137207,0.5,0.0,0.5564756393432617,0.4435243606567383,0.2671862244606018,0.5212427377700806,0.1885128766298294,0.023058097809553146,0.0,0.2755693793296814,0.5256850719451904,0.17821404337882996,0.02053152769804001,0.0
mbj_bandgap::test::001740::JVASP-9089,1.052,1.5704623460769653,0.5060477924423185,0.5060477924423186,0.7399395704269409,True,1.0,True,0.5184623460769653,0.5459522075576815,2,1.0,0.6000000238418579,0.0,0.4444318413734436,0.5555681586265564,0.13930663466453552,0.8380343317985535,0.012372510507702827,0.010286539793014526,0.0,0.1435130536556244,0.8363654017448425,0.010479016229510307,0.009642448276281357,0.0
mbj_bandgap::test::001741::JVASP-843,0.0,0.19860120117664337,0.2002195687185715,0.2002195687185715,0.46732911467552185,True,1.0,True,0.19860120117664337,0.2002195687185715,1,0.0781107023358345,0.6000000238418579,0.0,0.5101194977760315,0.4898804724216461,0.05269759148359299,0.8821403384208679,0.023294398561120033,0.04186760261654854,0.0,0.04235878959298134,0.8962192535400391,0.01954479143023491,0.04187717288732529,0.0
mbj_bandgap::test::001742::JVASP-64887,0.0,-0.0012696250341832638,-0.002543761209561457,-0.0012696250341832638,0.36206111311912537,False,1.0,True,0.0012696250341832638,0.0012696250341832638,1,0.658945620059967,0.5,0.0,0.5051897764205933,0.49481016397476196,0.4500059485435486,0.23204949498176575,0.2872107923030853,0.030733749270439148,0.0,0.43110495805740356,0.24161601066589355,0.3017336428165436,0.02554541826248169,0.0
mbj_bandgap::test::001743::JVASP-25171,3.319,4.528811931610107,4.392696947835541,4.392696947835541,0.5485685467720032,True,1.0,True,1.2098119316101075,1.0736969478355407,2,0.9111407995223999,0.6000000238418579,0.0,0.4000776708126068,0.5999222993850708,0.11314000934362411,0.8368909955024719,0.019769133999943733,0.030199816450476646,0.0,0.08924240618944168,0.8529976010322571,0.020088084042072296,0.03767189383506775,0.0
mbj_bandgap::test::001744::JVASP-67736,0.0,-0.0006587966345250607,-0.007493319229800499,-0.0006587966345250607,0.36722370982170105,False,1.0,True,0.0006587966345250607,0.0006587966345250607,1,0.807296097278595,0.5,0.0,0.5141614675521851,0.48583847284317017,0.5055625438690186,0.20805975794792175,0.23506446182727814,0.05131323263049126,0.0,0.5155152082443237,0.22170591354370117,0.21665115654468536,0.04612775892019272,0.0
mbj_bandgap::test::001745::JVASP-52225,2.311,2.237647771835327,2.8353536665367676,2.8353536665367676,0.7933435440063477,True,1.0,True,0.0733522281646728,0.5243536665367676,2,1.0,0.6000000238418579,0.0,0.448605477809906,0.551394522190094,0.00677220756188035,0.9463174939155579,0.0203391183167696,0.026571139693260193,0.0,0.0045643458142876625,0.9436615109443665,0.02357329986989498,0.028200825676321983,0.0
mbj_bandgap::test::001746::JVASP-4918,4.114,4.0463457107543945,4.6825223066509,4.6825223066509,0.7953121066093445,True,1.0,True,0.06765428924560535,0.5685223066509,2,1.0,0.6000000238418579,0.0,0.40012797713279724,0.5998719930648804,0.050468314439058304,0.9225274324417114,0.022140145301818848,0.004864179529249668,0.0,0.06141435354948044,0.9099751710891724,0.02236294560134411,0.006247535347938538,0.0
mbj_bandgap::test::001747::JVASP-41446,0.0,-0.0017600520513951778,-0.0027064930745741345,-0.0017600520513951778,0.3954281210899353,False,1.0,True,0.0017600520513951778,0.0017600520513951778,1,0.36843737959861755,0.5,0.0,0.5323383212089539,0.46766167879104614,0.5364483594894409,0.32537218928337097,0.12686417996883392,0.011315185576677322,0.0,0.5531399846076965,0.3563152253627777,0.08196010440587997,0.008584707044064999,0.0
mbj_bandgap::test::001748::JVASP-10108,2.993,3.4590678215026855,3.2235708893061874,3.2235708893061874,0.5676327347755432,True,1.0,True,0.46606782150268566,0.23057088930618752,2,0.940213680267334,0.6000000238418579,0.0,0.4032341539859772,0.5967658758163452,0.022431429475545883,0.8879087567329407,0.05011874437332153,0.03954104706645012,0.0,0.020104173570871353,0.8899685144424438,0.04912347346544266,0.04080378636717796,0.0
mbj_bandgap::test::001749::JVASP-64796,0.0,0.0007879273034632206,-0.0008050610778704614,0.0007879273034632206,0.39291471242904663,False,1.0,True,0.0007879273034632206,0.0007879273034632206,1,0.7288622856140137,0.699999988079071,0.0,0.5193707346916199,0.4806292653083801,0.6103991866111755,0.16769687831401825,0.1911087930202484,0.030795171856880188,0.0,0.6350089907646179,0.16713714599609375,0.17349597811698914,0.024357864633202553,0.0
mbj_bandgap::test::001750::JVASP-43580,0.0,-0.011617348529398441,-0.17323486219276474,-0.011617348529398441,0.43760398030281067,False,1.0,True,0.011617348529398441,0.011617348529398441,1,1.0,0.6000000238418579,0.0,0.5494153499603271,0.4505845904350281,0.02070823684334755,0.8921316862106323,0.049578387290239334,0.03758164867758751,0.0,0.02187349833548069,0.8964252471923828,0.048040393739938736,0.0336608812212944,0.0
mbj_bandgap::test::001751::JVASP-38255,0.0,-0.005544350948184729,-0.09545943501054914,-0.005544350948184729,0.3737444579601288,False,1.0,True,0.005544350948184729,0.005544350948184729,1,1.0,0.6000000238418579,0.0,0.5622604489326477,0.43773967027664185,0.23337793350219727,0.4908364713191986,0.25019675493240356,0.025588814169168472,0.0,0.24690663814544678,0.46821603178977966,0.2585524618625641,0.026324883103370667,0.0
mbj_bandgap::test::001752::JVASP-35066,0.0,0.0003230110742151737,-0.0268141243979217,0.0003230110742151737,0.37828734517097473,False,1.0,True,0.0003230110742151737,0.0003230110742151737,1,0.9839724898338318,0.6000000238418579,0.0,0.5389743447303772,0.4610256254673004,0.13346974551677704,0.6991339325904846,0.153236523270607,0.014159810729324818,0.0,0.14036959409713745,0.6896524429321289,0.1570054292678833,0.012972576543688774,0.0
mbj_bandgap::test::001753::JVASP-51552,4.137,4.497811794281006,4.636713004828974,4.636713004828974,0.602922797203064,True,1.0,True,0.3608117942810063,0.4997130048289744,2,0.7796021103858948,0.6000000238418579,0.0,0.4000672698020935,0.5999327898025513,0.056280624121427536,0.9195318222045898,0.01707322522997856,0.0071143195964396,0.0,0.06482720375061035,0.9124701619148254,0.014387780800461769,0.008314868435263634,0.0
mbj_bandgap::test::001754::JVASP-16213,0.0,0.004050685558468103,0.0036440558670145728,0.004050685558468103,0.40091368556022644,False,1.0,True,0.004050685558468103,0.004050685558468103,1,0.40047863125801086,0.5,0.0,0.512698233127594,0.487301766872406,0.2449788600206375,0.231134295463562,0.518032431602478,0.0058543989434838295,0.0,0.22048568725585938,0.20263168215751648,0.5727980732917786,0.004084540531039238,0.0
mbj_bandgap::test::001755::JVASP-12064,0.0,0.21792860329151154,0.2152904210363369,0.21792860329151154,0.4087708294391632,False,1.0,True,0.21792860329151154,0.21792860329151154,1,0.6322236061096191,0.5,0.0,0.5560150742530823,0.4439849257469177,0.043252721428871155,0.431657075881958,0.3802416920661926,0.1448485106229782,0.0,0.042943380773067474,0.4818575978279114,0.325121134519577,0.15007787942886353,0.0
mbj_bandgap::test::001756::JVASP-110002,0.0,0.10495920479297638,-0.12569199389888913,0.10495920479297638,0.44273611903190613,False,1.0,True,0.10495920479297638,0.10495920479297638,1,1.0,0.5,0.0,0.582497239112854,0.4175027906894684,0.11363235861063004,0.8241163492202759,0.052506156265735626,0.0097451601177454,0.0,0.10652697086334229,0.821453869342804,0.06210441514849663,0.00991478655487299,0.0
mbj_bandgap::test::001757::JVASP-69735,0.0,0.0016927258111536503,-0.0020887853517193244,0.0016927258111536503,0.36838817596435547,False,1.0,True,0.0016927258111536503,0.0016927258111536503,1,0.7584326863288879,0.6000000238418579,0.0,0.504928469657898,0.4950715899467468,0.5378352403640747,0.22904126346111298,0.20458874106407166,0.02853473648428917,0.0,0.4890612065792084,0.25614672899246216,0.22365295886993408,0.03113909624516964,0.0
mbj_bandgap::test::001758::JVASP-3030,1.749,1.9851648807525635,2.018080976710837,2.018080976710837,0.5796467065811157,True,1.0,True,0.23616488075256337,0.26908097671083686,2,0.5469897985458374,0.6000000238418579,0.0,0.4510754942893982,0.548924446105957,0.11991006135940552,0.8518233299255371,0.02526448294520378,0.0030021630227565765,0.0,0.13141512870788574,0.8397508859634399,0.02633962593972683,0.0024943409953266382,0.0
mbj_bandgap::test::001759::JVASP-65521,0.0,0.0023188129998743534,-0.04112698070040792,0.0023188129998743534,0.36737310886383057,False,1.0,True,0.0023188129998743534,0.0023188129998743534,1,1.0,0.6000000238418579,0.0,0.5428637266159058,0.45713624358177185,0.3776828646659851,0.4071900248527527,0.17084169387817383,0.04428534582257271,0.0,0.4221305847167969,0.37512871623039246,0.15452100336551666,0.048219695687294006,0.0
mbj_bandgap::test::001760::JVASP-34894,6.352,5.7708001136779785,6.109280143253745,6.109280143253745,0.6787363290786743,True,1.0,True,0.5811998863220218,0.2427198567462554,2,1.0,0.6000000238418579,0.0,0.4000342786312103,0.5999656915664673,0.008472679182887077,0.9320743680000305,0.019058769568800926,0.04039423167705536,0.0,0.0066993944346904755,0.9380552172660828,0.0194462351500988,0.03579912334680557,0.0
mbj_bandgap::test::001761::JVASP-38030,2.889,3.16231107711792,3.2758631369975943,3.2758631369975943,0.5847473740577698,True,1.0,True,0.27331107711792013,0.38686313699759456,2,1.0,0.6000000238418579,0.0,0.4137939512729645,0.5862060785293579,0.02705121971666813,0.9145268201828003,0.051165662705898285,0.007256275974214077,0.0,0.034441299736499786,0.9020430445671082,0.05571430176496506,0.0078013078309595585,0.0
mbj_bandgap::test::001762::JVASP-12708,4.609,4.28957462310791,5.012554523181608,5.012554523181608,0.8251303434371948,True,1.0,True,0.31942537689208983,0.403554523181608,2,1.0,0.6000000238418579,0.0,0.40025418996810913,0.5997458100318909,0.02304096333682537,0.9096909761428833,0.042339302599430084,0.02492877095937729,0.0,0.023039892315864563,0.9101208448410034,0.04587028920650482,0.020968880504369736,0.0
mbj_bandgap::test::001763::JVASP-106376,1.149,1.1669607162475586,1.0773737795618605,1.0773737795618605,0.5341770052909851,True,1.0,True,0.017960716247558572,0.07162622043813949,2,0.9714796543121338,0.6000000238418579,0.0,0.43754392862319946,0.5624560117721558,0.03449722006917,0.9085756540298462,0.038194071501493454,0.01873311772942543,0.0,0.04126714915037155,0.8971139192581177,0.03530142083764076,0.02631758153438568,0.0
mbj_bandgap::test::001764::JVASP-109192,0.0,0.0008772150613367558,-0.0067256936246726795,0.0008772150613367558,0.3810620903968811,False,1.0,True,0.0008772150613367558,0.0008772150613367558,1,0.9694231152534485,0.5,0.0,0.549225926399231,0.4507741332054138,0.07881868630647659,0.7933796048164368,0.07741501182317734,0.05038674548268318,0.0,0.08864779770374298,0.7867411375045776,0.07472242414951324,0.04988859221339226,0.0
mbj_bandgap::test::001765::JVASP-111321,0.0,0.004179312381893396,-0.01435181545729496,0.004179312381893396,0.38119277358055115,False,1.0,True,0.004179312381893396,0.004179312381893396,1,0.8797464966773987,0.5,0.0,0.5290815234184265,0.4709184169769287,0.22076430916786194,0.6450759768486023,0.060849349945783615,0.07331041991710663,0.0,0.22033098340034485,0.6822132468223572,0.0387645922601223,0.05869113653898239,0.0
mbj_bandgap::test::001766::JVASP-20583,0.001,0.001417113933712244,-0.00026435555950625743,0.001417113933712244,0.38120728731155396,False,1.0,True,0.000417113933712244,0.000417113933712244,1,0.6038078665733337,0.5,0.0,0.5226238965988159,0.47737616300582886,0.4172428250312805,0.40224727988243103,0.14386264979839325,0.03664722293615341,0.0,0.43342500925064087,0.38647904992103577,0.1480472981929779,0.032048702239990234,0.0
mbj_bandgap::test::001767::JVASP-33121,2.857,2.3441147804260254,2.649520447641142,2.649520447641142,0.6808642148971558,True,1.0,True,0.5128852195739748,0.2074795523588584,2,1.0,0.6000000238418579,0.0,0.4489772319793701,0.5510228276252747,0.009589598514139652,0.9155362248420715,0.014068352058529854,0.060805827379226685,0.0,0.008644722402095795,0.9181988835334778,0.0185047909617424,0.05465158820152283,0.0
mbj_bandgap::test::001768::JVASP-39044,0.0,-0.00037531694397330284,-0.004766366141822487,-0.00037531694397330284,0.40118229389190674,False,1.0,True,0.00037531694397330284,0.00037531694397330284,1,0.6884154081344604,0.800000011920929,0.0,0.5183152556419373,0.48168474435806274,0.5030292272567749,0.31274691224098206,0.15305088460445404,0.03117303177714348,0.0,0.4945140779018402,0.32432952523231506,0.15552309155464172,0.025633301585912704,0.0
mbj_bandgap::test::001769::JVASP-86786,0.0,-0.0018740161322057247,-0.0045975309589696865,-0.0018740161322057247,0.3750195801258087,False,1.0,True,0.0018740161322057247,0.0018740161322057247,1,0.8733723759651184,0.6000000238418579,0.0,0.5271517038345337,0.4728483259677887,0.3662700057029724,0.4995709955692291,0.10831739008426666,0.025841593742370605,0.0,0.3252165615558624,0.5341542363166809,0.12008247524499893,0.020546773448586464,0.0
mbj_bandgap::test::001770::JVASP-36468,0.849,0.738916277885437,0.7100201794103723,0.738916277885437,0.4470513164997101,False,1.0,True,0.11008372211456297,0.11008372211456297,2,0.7915453910827637,0.5,0.0,0.4607359766960144,0.5392639636993408,0.3196028172969818,0.4027797281742096,0.2654128074645996,0.01220464427024126,0.0,0.32128065824508667,0.36736243963241577,0.3015243411064148,0.009832561947405338,0.0
mbj_bandgap::test::001771::JVASP-114728,5.3,5.109999656677246,5.048579766945609,5.048579766945609,0.5402252674102783,True,1.0,True,0.19000034332275373,0.25142023305439043,2,0.6589290499687195,0.6000000238418579,0.0,0.40003329515457153,0.5999666452407837,0.020401904359459877,0.894504725933075,0.0665515810251236,0.018541816622018814,0.0,0.02112537994980812,0.8942893147468567,0.06892193108797073,0.015663359314203262,0.0
mbj_bandgap::test::001772::JVASP-105340,0.0,0.8963791131973267,0.5319924663277573,0.5319924663277573,0.5349555015563965,True,1.0,True,0.8963791131973267,0.5319924663277573,2,1.0,0.6000000238418579,0.0,0.4742800295352936,0.5257200002670288,0.3390818238258362,0.5835230946540833,0.07462237775325775,0.0027727780397981405,0.0,0.331278532743454,0.5828527808189392,0.08390862494707108,0.001960016554221511,0.0
mbj_bandgap::test::001773::JVASP-16816,0.0,-0.007831261493265629,0.0035019764706173627,-0.007831261493265629,0.3785742223262787,False,1.0,True,0.007831261493265629,0.007831261493265629,1,0.8365668058395386,0.6000000238418579,0.0,0.5371700525283813,0.46282991766929626,0.3891579508781433,0.35180121660232544,0.22232408821582794,0.036716777831315994,0.0,0.39826342463493347,0.34592413902282715,0.21657662093639374,0.039235834032297134,0.0
mbj_bandgap::test::001774::JVASP-29355,0.0,-0.003583477344363928,-0.022558058989333763,-0.003583477344363928,0.37808918952941895,False,1.0,True,0.003583477344363928,0.003583477344363928,1,0.960803747177124,0.699999988079071,0.0,0.5372143983840942,0.46278563141822815,0.19186756014823914,0.5597928166389465,0.20893943309783936,0.03940017521381378,0.0,0.18907490372657776,0.5678055286407471,0.215403750538826,0.027715811505913734,0.0
mbj_bandgap::test::001775::JVASP-40398,4.274,4.484187126159668,4.036442340438731,4.036442340438731,0.6192126274108887,True,1.0,True,0.21018712615966795,0.2375576595612694,2,1.0,0.6000000238418579,0.0,0.4009106755256653,0.5990893244743347,0.02160465531051159,0.848737359046936,0.10582032054662704,0.023837659507989883,0.0,0.01615382730960846,0.8504105806350708,0.11376683413982391,0.019668765366077423,0.0
mbj_bandgap::test::001776::JVASP-40138,3.063,2.7165377140045166,2.8780486360754765,2.8780486360754765,0.6242255568504333,True,1.0,True,0.34646228599548357,0.18495136392452372,2,1.0,0.6000000238418579,0.0,0.42553916573524475,0.5744608640670776,0.01711062528192997,0.9528427124023438,0.027135545387864113,0.0029111478943377733,0.0,0.016462888568639755,0.9535214304924011,0.025963153690099716,0.004052458796650171,0.0
mbj_bandgap::test::001777::JVASP-65409,0.0,0.003210021648555994,-0.0004859640804639076,0.003210021648555994,0.3589961528778076,False,1.0,True,0.003210021648555994,0.003210021648555994,1,0.7884456515312195,0.5,0.0,0.5186491012573242,0.4813508987426758,0.4502665400505066,0.21833625435829163,0.316416472196579,0.014980727806687355,0.0,0.4527968466281891,0.22593817114830017,0.30985862016677856,0.011406309902668,0.0
mbj_bandgap::test::001778::JVASP-12894,1.466,1.4533668756484985,1.5935112915976526,1.5935112915976526,0.621234118938446,True,1.0,True,0.012633124351501435,0.12751129159765262,2,0.5948647260665894,0.6000000238418579,0.0,0.41522416472435,0.5847758054733276,0.17596140503883362,0.7922820448875427,0.01526136975735426,0.016495225951075554,0.0,0.21813654899597168,0.7494037747383118,0.014066209085285664,0.01839352771639824,0.0
mbj_bandgap::test::001779::JVASP-55537,4.384,4.3757734298706055,4.358115859800971,4.358115859800971,0.5800620913505554,True,1.0,True,0.008226570129394872,0.025884140199029737,2,0.16290496289730072,0.6000000238418579,0.0,0.4000813066959381,0.5999187231063843,0.011053046211600304,0.9321426153182983,0.023268871009349823,0.0335354283452034,0.0,0.00803690031170845,0.9315029382705688,0.027240047231316566,0.03322020545601845,0.0
mbj_bandgap::test::001780::JVASP-109810,0.0,-0.00018994648416992277,-0.029139543568769844,-0.00018994648416992277,0.3946622312068939,False,1.0,True,0.00018994648416992277,0.00018994648416992277,1,0.9623247981071472,0.6000000238418579,0.0,0.553701639175415,0.44629842042922974,0.0822429209947586,0.7421383857727051,0.11964484304189682,0.0559738352894783,0.0,0.08307980000972748,0.7554596662521362,0.10495799779891968,0.056502580642700195,0.0
mbj_bandgap::test::001781::JVASP-19031,5.272,5.421581745147705,5.15086284614955,5.15086284614955,0.5717736482620239,True,1.0,True,0.14958174514770484,0.12113715385045065,2,1.0,0.6000000238418579,0.0,0.40001124143600464,0.5999886393547058,0.01776963286101818,0.9228394627571106,0.027696192264556885,0.03169478476047516,0.0,0.01378555130213499,0.9236568212509155,0.03287290781736374,0.029684672132134438,0.0
mbj_bandgap::test::001782::JVASP-11031,0.0,-0.00022117931803222746,-0.04454313958204068,-0.00022117931803222746,0.40413787961006165,False,1.0,True,0.00022117931803222746,0.00022117931803222746,1,0.9780199527740479,0.5,0.0,0.5680083632469177,0.43199166655540466,0.029525095596909523,0.8191283941268921,0.12690813839435577,0.024438384920358658,0.0,0.030383829027414322,0.8333252668380737,0.10717809200286865,0.029112856835126877,0.0
mbj_bandgap::test::001783::JVASP-92163,0.0,-0.0024425252340734005,-0.008142257611704928,-0.0024425252340734005,0.35171613097190857,False,1.0,True,0.0024425252340734005,0.0024425252340734005,1,0.973871648311615,0.5,0.0,0.5268493294715881,0.47315067052841187,0.3102044463157654,0.532386302947998,0.13602668046951294,0.021382536739110947,0.0,0.33344197273254395,0.5226028561592102,0.1249830350279808,0.01897217333316803,0.0
mbj_bandgap::test::001784::JVASP-99614,0.0,-0.00030581792816519737,-0.0004989810569477893,-0.00030581792816519737,0.42549484968185425,False,1.0,True,0.00030581792816519737,0.00030581792816519737,1,0.06826544553041458,0.6000000238418579,0.0,0.5083133578300476,0.4916866421699524,0.2057001292705536,0.27857691049575806,0.49464720487594604,0.021075712516903877,0.0,0.22114825248718262,0.27535566687583923,0.4880238175392151,0.015472253784537315,0.0
mbj_bandgap::test::001785::JVASP-22604,0.0,0.1259755641222,0.4747444998973145,0.4747444998973145,0.5782917141914368,True,1.0,True,0.1259755641222,0.4747444998973145,1,1.0,0.5,0.0,0.5535025000572205,0.44649744033813477,0.024083930999040604,0.9371965527534485,0.028154009953141212,0.010565556585788727,0.0,0.015678897500038147,0.9411661028862,0.033368803560733795,0.009786194190382957,0.0
mbj_bandgap::test::001786::JVASP-71330,0.0,-0.004786775913089514,-0.009337068182964004,-0.004786775913089514,0.3799651861190796,False,1.0,True,0.004786775913089514,0.004786775913089514,1,0.7002819180488586,0.6000000238418579,0.0,0.5182124376296997,0.4817875921726227,0.4972197115421295,0.2874167561531067,0.16684670746326447,0.04851681739091873,0.0,0.49499744176864624,0.28645649552345276,0.15998703241348267,0.058558978140354156,0.0
mbj_bandgap::test::001787::JVASP-65570,0.0,-0.002606199588626623,-0.019363039784318616,-0.002606199588626623,0.3574197590351105,False,1.0,True,0.002606199588626623,0.002606199588626623,1,0.970299243927002,0.5,0.0,0.5762947797775269,0.42370519042015076,0.18928048014640808,0.40281787514686584,0.38515302538871765,0.022748608142137527,0.0,0.19351714849472046,0.3715361952781677,0.4158971905708313,0.019049489870667458,0.0
mbj_bandgap::test::001788::JVASP-71422,0.0,0.00017686049977783114,-0.016142965602942993,0.00017686049977783114,0.35643643140792847,False,1.0,True,0.00017686049977783114,0.00017686049977783114,1,0.9498122930526733,0.5,0.0,0.5540503859519958,0.4459495544433594,0.3607860207557678,0.26452672481536865,0.3559069037437439,0.018780317157506943,0.0,0.3172904849052429,0.26426732540130615,0.4003770351409912,0.018065180629491806,0.0
mbj_bandgap::test::001789::JVASP-11286,0.939,0.818183183670044,1.0683403821818345,1.0683403821818345,0.5932814478874207,True,1.0,True,0.120816816329956,0.12934038218183452,2,1.0,0.6000000238418579,0.0,0.4722747206687927,0.5277252793312073,0.051796309649944305,0.8984524011611938,0.02738868072628975,0.02236264757812023,0.0,0.0645432323217392,0.8755577206611633,0.027822677046060562,0.03207641839981079,0.0
mbj_bandgap::test::001790::JVASP-59720,0.0,0.0018965736962854862,0.00045647270648769834,0.0018965736962854862,0.37691617012023926,False,1.0,True,0.0018965736962854862,0.0018965736962854862,1,0.8191887140274048,0.699999988079071,0.0,0.517802357673645,0.4821976125240326,0.40526336431503296,0.32705405354499817,0.21138541400432587,0.05629713088274002,0.0,0.4457782804965973,0.3110223114490509,0.19213202595710754,0.05106736347079277,0.0
mbj_bandgap::test::001791::JVASP-85272,3.709,2.4443249702453613,4.228197810724765,4.228197810724765,0.9800918102264404,True,1.0,True,1.2646750297546387,0.5191978107247652,2,1.0,0.6000000238418579,0.0,0.40397825837135315,0.5960217714309692,0.046867385506629944,0.9122933149337769,0.01952969841659069,0.02130952477455139,0.0,0.031962696462869644,0.9329361915588379,0.01839316636323929,0.016707975417375565,0.0
mbj_bandgap::test::001792::JVASP-68802,0.0,0.01055855955928564,-0.17522125905736213,0.01055855955928564,0.41969776153564453,False,1.0,True,0.01055855955928564,0.01055855955928564,1,1.0,0.6000000238418579,0.0,0.563909113407135,0.436090886592865,0.19440193474292755,0.5701134204864502,0.22348125278949738,0.012003397569060326,0.0,0.2016819417476654,0.5611873865127563,0.22835814952850342,0.008772565983235836,0.0
mbj_bandgap::test::001793::JVASP-39343,0.0,0.028490496799349785,0.001164362656164064,0.028490496799349785,0.4031687378883362,False,1.0,True,0.028490496799349785,0.028490496799349785,1,1.0,0.6000000238418579,0.0,0.5762898921966553,0.4237101674079895,0.11154536157846451,0.7868130207061768,0.0806829184293747,0.02095872350037098,0.0,0.13452541828155518,0.7821725606918335,0.06226933002471924,0.021032653748989105,0.0
mbj_bandgap::test::001794::JVASP-51470,0.0,0.0007731453515589237,-0.0015275611350966001,0.0007731453515589237,0.3906462490558624,False,1.0,True,0.0007731453515589237,0.0007731453515589237,1,0.7110729813575745,0.699999988079071,0.0,0.5129578113555908,0.4870421290397644,0.5479075312614441,0.34905004501342773,0.07362440973520279,0.029417943209409714,0.0,0.5695928931236267,0.33441898226737976,0.07381012290716171,0.022177964448928833,0.0
mbj_bandgap::test::001795::JVASP-12553,6.997,6.975442409515381,7.126350895322884,7.126350895322884,0.5780137777328491,True,1.0,True,0.021557590484619027,0.1293508953228839,2,0.9514114260673523,0.6000000238418579,0.0,0.39898884296417236,0.6010111570358276,0.0587565079331398,0.8951177597045898,0.02758122980594635,0.018544433638453484,0.0,0.07341192662715912,0.8782685399055481,0.03207395598292351,0.016245534643530846,0.0
mbj_bandgap::test::001796::JVASP-43523,0.0,0.0002958313561975956,-0.03387887765852726,0.0002958313561975956,0.4179058372974396,False,1.0,True,0.0002958313561975956,0.0002958313561975956,1,0.9519878029823303,0.699999988079071,0.0,0.5946890711784363,0.40531086921691895,0.02869606576859951,0.7144450545310974,0.17631796002388,0.08054089546203613,0.0,0.024395208805799484,0.7530682682991028,0.14656193554401398,0.07597468048334122,0.0
mbj_bandgap::test::001797::JVASP-101027,0.0,0.0013552443124353886,-0.0026502375479820596,0.0013552443124353886,0.3769797086715698,False,1.0,True,0.0013552443124353886,0.0013552443124353886,1,0.9295008182525635,0.699999988079071,0.0,0.5162337422370911,0.48376625776290894,0.489872545003891,0.2730433940887451,0.19094042479991913,0.04614356905221939,0.0,0.5024849772453308,0.2756214439868927,0.18524211645126343,0.03665141016244888,0.0
mbj_bandgap::test::001798::JVASP-7933,0.0,-0.002418802585452795,-0.02315245691363397,-0.002418802585452795,0.38737645745277405,False,1.0,True,0.002418802585452795,0.002418802585452795,1,0.9436017870903015,0.699999988079071,0.0,0.531010627746582,0.46898943185806274,0.20680221915245056,0.6211994886398315,0.15499691665172577,0.017001386731863022,0.0,0.20889464020729065,0.6215304732322693,0.15261143445968628,0.016963396221399307,0.0
mbj_bandgap::test::001799::JVASP-35632,1.991,3.1972768306732178,0.523812456618883,0.5238124566188831,0.9192491173744202,True,1.0,True,1.2062768306732177,1.467187543381117,2,1.0,0.6000000238418579,0.0,0.40878233313560486,0.5912176370620728,0.04973316937685013,0.8740442395210266,0.06926405429840088,0.006958480924367905,0.0,0.044524870812892914,0.8831073045730591,0.06375779211521149,0.00861013401299715,0.0
mbj_bandgap::test::001800::JVASP-41693,0.0,-0.00011877853830810636,-0.0031829830161383744,-0.00011877853830810636,0.38562408089637756,False,1.0,True,0.00011877853830810636,0.00011877853830810636,1,0.6541439294815063,0.6000000238418579,0.0,0.5196254253387451,0.4803745150566101,0.29123634099960327,0.3137746751308441,0.3801443576812744,0.01484458427876234,0.0,0.30092066526412964,0.30584293603897095,0.3794938623905182,0.013742598704993725,0.0
mbj_bandgap::test::001801::JVASP-101041,0.0,0.0010091797448694706,0.0013560696971283148,0.0010091797448694706,0.4262544810771942,False,1.0,True,0.0010091797448694706,0.0010091797448694706,1,0.14788682758808136,0.5,0.0,0.5161312818527222,0.48386868834495544,0.7065418362617493,0.2148410975933075,0.0724729374051094,0.006144150160253048,0.0,0.6894425749778748,0.22949187457561493,0.07543934881687164,0.005626240279525518,0.0
mbj_bandgap::test::001802::JVASP-103351,3.731,1.9464142322540283,1.7872259608069474,1.7872259608069474,0.5528168678283691,True,1.0,True,1.7845857677459716,1.9437740391930525,2,1.0,0.6000000238418579,0.0,0.44790807366371155,0.5520919561386108,0.013947838917374611,0.8768075704574585,0.0861501693725586,0.02309432625770569,0.0,0.011530323885381222,0.9010136723518372,0.06686434894800186,0.02059163525700569,0.0
mbj_bandgap::test::001803::JVASP-86248,0.764,1.005380392074585,1.1259390171421004,1.1259390171421004,0.5482146739959717,True,1.0,True,0.24138039207458495,0.3619390171421004,2,1.0,0.6000000238418579,0.0,0.4686633050441742,0.5313366651535034,0.02078782021999359,0.9149535298347473,0.04928464815020561,0.01497405581176281,0.0,0.024786343798041344,0.9039880037307739,0.05704549700021744,0.014180153608322144,0.0
mbj_bandgap::test::001804::JVASP-20319,0.0,-0.001388357486575842,-0.004781665336499974,-0.001388357486575842,0.37384912371635437,False,1.0,True,0.001388357486575842,0.001388357486575842,1,0.6875933408737183,0.5,0.0,0.5327534675598145,0.46724653244018555,0.44921451807022095,0.4355245530605316,0.09825052320957184,0.017010418698191643,0.0,0.47160443663597107,0.41936564445495605,0.09588676691055298,0.013143154792487621,0.0
mbj_bandgap::test::001805::JVASP-55018,0.0,-0.002151296939700842,-0.001704243107578507,-0.002151296939700842,0.41871756315231323,False,1.0,True,0.002151296939700842,0.002151296939700842,1,0.2042798101902008,0.6000000238418579,0.0,0.5432392358779907,0.45676079392433167,0.43002718687057495,0.4413588047027588,0.0992937684059143,0.02932015433907509,0.0,0.41374436020851135,0.4838489890098572,0.07361630350351334,0.028790313750505447,0.0
mbj_bandgap::test::001806::JVASP-111006,0.0,0.1525072604417801,0.056790253142736336,0.1525072604417801,0.41446012258529663,False,1.0,True,0.1525072604417801,0.1525072604417801,1,0.9781588912010193,0.6000000238418579,0.0,0.5383194088935852,0.46168065071105957,0.24283596873283386,0.6940779089927673,0.05495277792215347,0.008133314549922943,0.0,0.2756880819797516,0.6735169887542725,0.04417481645941734,0.006620069500058889,0.0
mbj_bandgap::test::001807::JVASP-36972,3.381,2.58208966255188,3.031705163744901,3.031705163744901,0.7463423609733582,True,1.0,True,0.7989103374481199,0.34929483625509894,2,1.0,0.6000000238418579,0.0,0.40790265798568726,0.592097282409668,0.012361784465610981,0.93791264295578,0.04434516280889511,0.005380385555326939,0.0,0.014050041325390339,0.9400177001953125,0.04052847623825073,0.005403760354965925,0.0
mbj_bandgap::test::001808::JVASP-53303,0.0,-0.0003266795538365841,-0.004429411810545836,-0.0003266795538365841,0.3981812000274658,False,1.0,True,0.0003266795538365841,0.0003266795538365841,1,0.7820571660995483,0.6000000238418579,0.0,0.5294595956802368,0.47054043412208557,0.16750232875347137,0.7238476276397705,0.06268779933452606,0.045962266623973846,0.0,0.14935360848903656,0.7592070698738098,0.06278865784406662,0.028650593012571335,0.0
mbj_bandgap::test::001809::JVASP-3714,6.937,6.955692768096924,6.970034039458911,6.970034039458911,0.5594362616539001,True,1.0,True,0.01869276809692355,0.03303403945891059,2,0.26828497648239136,0.6000000238418579,0.0,0.3999710977077484,0.6000288724899292,0.03889834135770798,0.8701306581497192,0.06480365246534348,0.026167284697294235,0.0,0.03871818259358406,0.8692243695259094,0.07253657281398773,0.01952088065445423,0.0
mbj_bandgap::test::001810::JVASP-78449,0.0,-0.001979039516299963,-0.009355141962163116,-0.001979039516299963,0.4049278795719147,False,1.0,True,0.001979039516299963,0.001979039516299963,1,0.8050104379653931,0.699999988079071,0.0,0.5455103516578674,0.45448964834213257,0.1057235598564148,0.6738561391830444,0.1475619375705719,0.07285832613706589,0.0,0.11066834628582001,0.6814432144165039,0.13091151416301727,0.0769769623875618,0.0
mbj_bandgap::test::001811::JVASP-38820,0.0,-0.0005660518072545528,-0.0028538516074930074,-0.0005660518072545528,0.36116552352905273,False,1.0,True,0.0005660518072545528,0.0005660518072545528,1,0.7469888925552368,0.5,0.0,0.5212071537971497,0.47879284620285034,0.3715374171733856,0.4230136275291443,0.18953631818294525,0.015912631526589394,0.0,0.3673815131187439,0.4820498526096344,0.13861271739006042,0.01195591501891613,0.0
mbj_bandgap::test::001812::JVASP-1312,1.914,1.8607779741287231,2.205234389327803,2.205234389327803,0.7098151445388794,True,1.0,True,0.05322202587127678,0.2912343893278029,2,0.9664114117622375,0.6000000238418579,0.0,0.44879308342933655,0.5512069463729858,0.010408048518002033,0.9600475430488586,0.017378656193614006,0.012165701016783714,0.0,0.008958900347352028,0.9565103650093079,0.02202368900179863,0.012507152743637562,0.0
mbj_bandgap::test::001813::JVASP-30566,0.816,0.8127191066741943,1.2919202651251016,1.2919202651251016,0.7065578699111938,True,1.0,True,0.0032808933258056117,0.47592026512510166,2,1.0,0.6000000238418579,0.0,0.46140581369400024,0.5385942459106445,0.013486167415976524,0.9406711459159851,0.02996978722512722,0.01587282307446003,0.0,0.008955374360084534,0.9438289403915405,0.028440916910767555,0.018774723634123802,0.0
mbj_bandgap::test::001814::JVASP-65765,0.0,-8.873779734130949e-05,-0.09541553337269411,-8.873779734130949e-05,0.4007168114185333,False,1.0,True,8.873779734130949e-05,8.873779734130949e-05,1,1.0,0.699999988079071,0.0,0.5604047179222107,0.4395952820777893,0.40508317947387695,0.5037640929222107,0.06385622918605804,0.027296502143144608,0.0,0.4511741101741791,0.4808220863342285,0.03882058709859848,0.029183242470026016,0.0
